{
"type": "FeatureCollection",
"name": "Allikulam_Park_fmb_Map",
"crs": { "type": "name", "properties": { "name": "urn:ogc:def:crs:OGC:1.3:CRS84" } },
"features": [
{"type":"Feature","properties":{"Land_id":"340","dist_name":"Thoothukkudi","taluk_name":"Thoothukudi","vil_name":"Umarikottai","unit_id":1,"block_id":1,"survey_no":168,"sub_div":null,"KIDE":"168"},"geometry":{"type":"MultiPolygon","coordinates":[[[[78.000776260224967,8.807022725400202],[78.001661495182844,8.807530295117758],[78.001841212639917,8.807633999291875],[78.002326253140694,8.8079991888923],[78.002652829564624,8.808141364212373],[78.002653694310155,8.807551001525027],[78.002637644146944,8.806909912771484],[78.001771473860529,8.806860050187238],[78.000996879635565,8.806809886297534],[78.00069030704384,8.806794091716405],[78.000776260224967,8.807022725400202]]]]}},
{"type":"Feature","properties":{"Land_id":"341","dist_name":"Thoothukkudi","taluk_name":"Thoothukudi","vil_name":"Umarikottai","unit_id":1,"block_id":1,"survey_no":169,"sub_div":"1","KIDE":"169/1"},"geometry":{"type":"MultiPolygon","coordinates":[[[[78.000996879635565,8.806809886297534],[78.001771473860529,8.806860050187238],[78.001766818575447,8.80648747598547],[78.00100855660105,8.806500716234829],[78.000996879635565,8.806809886297534]]]]}},
{"type":"Feature","properties":{"Land_id":"342","dist_name":"Thoothukkudi","taluk_name":"Thoothukudi","vil_name":"Umarikottai","unit_id":1,"block_id":1,"survey_no":170,"sub_div":"1","KIDE":"170/1"},"geometry":{"type":"MultiPolygon","coordinates":[[[[78.001766818575447,8.80648747598547],[78.001771473860529,8.806860050187238],[78.002201806698807,8.806884823038187],[78.002217676102347,8.806472914703773],[78.002172876285414,8.806457520557089],[78.001766818575447,8.80648747598547]]]]}},
{"type":"Feature","properties":{"Land_id":"343","dist_name":"Thoothukkudi","taluk_name":"Thoothukudi","vil_name":"Umarikottai","unit_id":1,"block_id":1,"survey_no":170,"sub_div":"2","KIDE":"170/2"},"geometry":{"type":"MultiPolygon","coordinates":[[[[78.002637644146944,8.806909912771484],[78.002533418108897,8.805894987097414],[78.002170954359173,8.805951402252838],[78.002172876285414,8.806457520557089],[78.002217676102347,8.806472914703773],[78.002201806698807,8.806884823038187],[78.002637644146944,8.806909912771484]]]]}},
{"type":"Feature","properties":{"Land_id":"344","dist_name":"Thoothukkudi","taluk_name":"Thoothukudi","vil_name":"Umarikottai","unit_id":1,"block_id":1,"survey_no":171,"sub_div":"1","KIDE":"171/1"},"geometry":{"type":"MultiPolygon","coordinates":[[[[78.004005530230003,8.807523916073434],[78.003937717901621,8.807121676760161],[78.004083585771099,8.807097257718279],[78.00404458216822,8.806450019308507],[78.003931057090284,8.805581231414312],[78.003234010991491,8.805737711147486],[78.003333584828667,8.806556605891876],[78.002618783536377,8.806726253119276],[78.002637644146944,8.806909912771484],[78.002652829564624,8.808141364212373],[78.003077884012953,8.808359298931578],[78.003748555412912,8.808565665282989],[78.004177057892605,8.8085413589318],[78.004005530230003,8.807523916073434]]]]}},
{"type":"Feature","properties":{"Land_id":"345","dist_name":"Thoothukkudi","taluk_name":"Thoothukudi","vil_name":"Umarikottai","unit_id":1,"block_id":9,"survey_no":206,"sub_div":"3","KIDE":"206/3"},"geometry":{"type":"MultiPolygon","coordinates":[[[[78.000514934178526,8.805912098885484],[78.000547799400508,8.806786748847394],[78.00068666364389,8.806793903391853],[78.000996879635565,8.806809886297534],[78.000991069286115,8.806125653024974],[78.00097418768928,8.806076079859233],[78.000913900683415,8.80589904579287],[78.000514934178526,8.805912098885484]]]]}},
{"type":"Feature","properties":{"Land_id":"346","dist_name":"Thoothukkudi","taluk_name":"Thoothukudi","vil_name":"Umarikottai","unit_id":1,"block_id":1,"survey_no":169,"sub_div":"2","KIDE":"169/2"},"geometry":{"type":"MultiPolygon","coordinates":[[[[78.00100855660105,8.806500716234829],[78.001766818575447,8.80648747598547],[78.002172876285414,8.806457520557089],[78.002170954359173,8.805951402252838],[78.001022890375538,8.806121202056961],[78.00100855660105,8.806500716234829]]]]}},
{"type":"Feature","properties":{"Land_id":"347","dist_name":"Thoothukkudi","taluk_name":"Thoothukudi","vil_name":"Umarikottai","unit_id":1,"block_id":3,"survey_no":177,"sub_div":"1","KIDE":"177/1"},"geometry":{"type":"MultiPolygon","coordinates":[[[[78.001520462809523,8.805846945848623],[78.000913900683415,8.80589904579287],[78.000973609217425,8.806074381164406],[78.001022890375538,8.806121202056961],[78.00156771028162,8.806039610431537],[78.001520462809523,8.805846945848623]]]]}},
{"type":"Feature","properties":{"Land_id":"348","dist_name":"Thoothukkudi","taluk_name":"Thoothukudi","vil_name":"Umarikottai","unit_id":1,"block_id":1,"survey_no":171,"sub_div":"2","KIDE":"171/2"},"geometry":{"type":"MultiPolygon","coordinates":[[[[78.002533418108897,8.805894987097414],[78.002618783536377,8.806726253119276],[78.003333584828667,8.806556605891876],[78.003234010991491,8.805737711147486],[78.002533418108897,8.805894987097414]]]]}},
{"type":"Feature","properties":{"Land_id":"349","dist_name":"Thoothukkudi","taluk_name":"Thoothukudi","vil_name":"Umarikottai","unit_id":1,"block_id":3,"survey_no":177,"sub_div":"2","KIDE":"177/2"},"geometry":{"type":"MultiPolygon","coordinates":[[[[78.002036842380591,8.805196414268943],[78.000830709903909,8.805363708121074],[78.000909975786115,8.805873788842627],[78.000913900683415,8.80589904579287],[78.001520462809523,8.805846945848623],[78.00156771028162,8.806039610431537],[78.002146482320811,8.805952934172279],[78.002533418108897,8.805894987097414],[78.00256581788399,8.805887713678667],[78.002397715209199,8.805056476663985],[78.00206255595532,8.805192847726252],[78.002036842380591,8.805196414268943]]]]}},
{"type":"Feature","properties":{"Land_id":"350","dist_name":"Thoothukkudi","taluk_name":"Thoothukudi","vil_name":"Umarikottai","unit_id":1,"block_id":1,"survey_no":172,"sub_div":"2","KIDE":"172/2"},"geometry":{"type":"MultiPolygon","coordinates":[[[[78.005387520466925,8.807417162983016],[78.004007131725473,8.807529341975574],[78.004177057892605,8.8085413589318],[78.004302670448169,8.808571798342449],[78.004293935043222,8.808076118162163],[78.005948730677019,8.808084026816072],[78.005980797184989,8.80797114255984],[78.005989850741088,8.807483913326003],[78.005387520466925,8.807417162983016]]]]}},
{"type":"Feature","properties":{"Land_id":"351","dist_name":"Thoothukkudi","taluk_name":"Thoothukudi","vil_name":"Umarikottai","unit_id":1,"block_id":2,"survey_no":173,"sub_div":null,"KIDE":"173"},"geometry":{"type":"MultiPolygon","coordinates":[[[[78.004007131725473,8.807529341975574],[78.005387520466925,8.807417162983016],[78.005397880262308,8.806328587938772],[78.00539769172228,8.806319750589129],[78.005068855934354,8.80633735261884],[78.00404458216822,8.806450019308507],[78.004083585771099,8.807097257718279],[78.003937717901621,8.807121676760161],[78.004007131725473,8.807529341975574]]]]}},
{"type":"Feature","properties":{"Land_id":"352","dist_name":"Thoothukkudi","taluk_name":"Thoothukudi","vil_name":"Umarikottai","unit_id":1,"block_id":2,"survey_no":174,"sub_div":"1","KIDE":"174/1"},"geometry":{"type":"MultiPolygon","coordinates":[[[[78.005377789618422,8.805420749245616],[78.005240329518642,8.804591411745944],[78.004979430434091,8.803850743487068],[78.004678523335073,8.802996496192579],[78.00302077444131,8.803344671791503],[78.003150140971485,8.804152904934082],[78.003544806971959,8.804156281866595],[78.003677410857989,8.804691905918592],[78.003721567934889,8.804691286605072],[78.004505688490582,8.804520259260844],[78.004582130734875,8.80500719479762],[78.00442601809894,8.805009281407731],[78.004454112874754,8.805191297729085],[78.003867788548092,8.80524388020927],[78.003921341177531,8.805538200133169],[78.004043712734202,8.80644358665487],[78.005397495568559,8.806310531250926],[78.00539311958444,8.806104857470654],[78.005377789618422,8.805420749245616]]]]}},
{"type":"Feature","properties":{"Land_id":"353","dist_name":"Thoothukkudi","taluk_name":"Thoothukudi","vil_name":"Umarikottai","unit_id":1,"block_id":3,"survey_no":177,"sub_div":"4A","KIDE":"177/4A"},"geometry":{"type":"MultiPolygon","coordinates":[[[[78.003836666144593,8.805126263132284],[78.003141471126355,8.805314258963383],[78.003222450168195,8.805740306434293],[78.003931057090284,8.805581231414312],[78.003895941182577,8.805350274003006],[78.003836666144593,8.805126263132284]]]]}},
{"type":"Feature","properties":{"Land_id":"354","dist_name":"Thoothukkudi","taluk_name":"Thoothukudi","vil_name":"Umarikottai","unit_id":1,"block_id":1,"survey_no":172,"sub_div":"1","KIDE":"172/1"},"geometry":{"type":"MultiPolygon","coordinates":[[[[78.004302670448169,8.808571798342449],[78.00571308319725,8.808913580520697],[78.005948730677019,8.808084026816072],[78.004293935043222,8.808076118162163],[78.004302670448169,8.808571798342449]]]]}},
{"type":"Feature","properties":{"Land_id":"355","dist_name":"Thoothukkudi","taluk_name":"Thoothukudi","vil_name":"Umarikottai","unit_id":1,"block_id":2,"survey_no":174,"sub_div":"2","KIDE":"174/2"},"geometry":{"type":"MultiPolygon","coordinates":[[[[78.003867788548092,8.80524388020927],[78.004454112874754,8.805191297729085],[78.00442601809894,8.805009281407731],[78.004582130734875,8.80500719479762],[78.004505688490582,8.804520259260844],[78.003721567934889,8.804691286605072],[78.003867788548092,8.80524388020927]]]]}},
{"type":"Feature","properties":{"Land_id":"356","dist_name":"Thoothukkudi","taluk_name":"Thoothukudi","vil_name":"Umarikottai","unit_id":1,"block_id":2,"survey_no":175,"sub_div":"2","KIDE":"175/2"},"geometry":{"type":"MultiPolygon","coordinates":[[[[78.002328704664905,8.803469220794133],[78.002454362297925,8.804327321162486],[78.002759244751672,8.804255462148886],[78.003154332829951,8.804174896472537],[78.00299707583855,8.803349886945535],[78.00278229003014,8.803362646195319],[78.002328704664905,8.803469220794133]]]]}},
{"type":"Feature","properties":{"Land_id":"357","dist_name":"Thoothukkudi","taluk_name":"Thoothukudi","vil_name":"Umarikottai","unit_id":1,"block_id":2,"survey_no":176,"sub_div":null,"KIDE":"176"},"geometry":{"type":"MultiPolygon","coordinates":[[[[78.002638496945025,8.804996978353472],[78.002936031020766,8.804916452568088],[78.00367906187671,8.804698574843359],[78.003544062018506,8.804153272792],[78.003154332829951,8.804174896472537],[78.002759244751672,8.804255462148886],[78.002812320729504,8.804643758331451],[78.002591003566238,8.804710952227365],[78.002638496945025,8.804996978353472]]]]}},
{"type":"Feature","properties":{"Land_id":"358","dist_name":"Thoothukkudi","taluk_name":"Thoothukudi","vil_name":"Umarikottai","unit_id":1,"block_id":3,"survey_no":177,"sub_div":"4B","KIDE":"177/4B"},"geometry":{"type":"MultiPolygon","coordinates":[[[[78.003673851401132,8.804699764456226],[78.003056503850587,8.80487614616206],[78.003141471126355,8.805314258963383],[78.003836666144593,8.805126263132284],[78.003720299710309,8.804686493759682],[78.003673851401132,8.804699764456226]]]]}},
{"type":"Feature","properties":{"Land_id":"359","dist_name":"Thoothukkudi","taluk_name":"Thoothukudi","vil_name":"Umarikottai","unit_id":1,"block_id":4,"survey_no":181,"sub_div":"1","KIDE":"181/1"},"geometry":{"type":"MultiPolygon","coordinates":[[[[78.002718743178562,8.802941048094086],[78.00278229003014,8.803362646195319],[78.00299707583855,8.803349886945535],[78.004673086409241,8.802981061265349],[78.004632038416844,8.802666928974881],[78.002718743178562,8.802941048094086]]]]}},
{"type":"Feature","properties":{"Land_id":"360","dist_name":"Thoothukkudi","taluk_name":"Thoothukudi","vil_name":"Umarikottai","unit_id":1,"block_id":3,"survey_no":177,"sub_div":"3","KIDE":"177/3"},"geometry":{"type":"MultiPolygon","coordinates":[[[[78.003056503850587,8.80487614616206],[78.002545289741704,8.805022204596227],[78.002397715209199,8.805056476663985],[78.00256581788399,8.805887713678667],[78.003222450168195,8.805740306434293],[78.003141471126355,8.805314258963383],[78.003056503850587,8.80487614616206]]]]}},
{"type":"Feature","properties":{"Land_id":"361","dist_name":"Thoothukkudi","taluk_name":"Thoothukudi","vil_name":"Umarikottai","unit_id":1,"block_id":3,"survey_no":178,"sub_div":"1","KIDE":"178/1"},"geometry":{"type":"MultiPolygon","coordinates":[[[[78.001399223678277,8.804697924517564],[78.000729457259979,8.804763540230693],[78.000830709903909,8.805363708121074],[78.001533316227238,8.805266254714724],[78.001467588188703,8.804583734867213],[78.001374756780066,8.80461331516409],[78.001399223678277,8.804697924517564]]]]}},
{"type":"Feature","properties":{"Land_id":"362","dist_name":"Thoothukkudi","taluk_name":"Thoothukudi","vil_name":"Umarikottai","unit_id":1,"block_id":3,"survey_no":178,"sub_div":"2","KIDE":"178/2"},"geometry":{"type":"MultiPolygon","coordinates":[[[[78.002759244751672,8.804255462148886],[78.001754947657716,8.804492169108066],[78.001467588188703,8.804583734867213],[78.001533316227238,8.805266254714724],[78.00206255595532,8.805192847726252],[78.00207295563753,8.805131897414821],[78.002638496945025,8.804996978353472],[78.002591003566238,8.804710952227365],[78.002812320729504,8.804643758331451],[78.002759244751672,8.804255462148886]]]]}},
{"type":"Feature","properties":{"Land_id":"363","dist_name":"Thoothukkudi","taluk_name":"Thoothukudi","vil_name":"Umarikottai","unit_id":1,"block_id":9,"survey_no":205,"sub_div":null,"KIDE":"205"},"geometry":{"type":"MultiPolygon","coordinates":[[[[77.999787376730822,8.805935902574841],[78.000913900683415,8.80589904579287],[78.000830709903909,8.805363708121074],[78.000729457259979,8.804763540230693],[78.000662341145784,8.804405661908127],[78.000335749392278,8.804423389420641],[77.999880109520404,8.804484795135672],[77.999419477178634,8.804546872477111],[77.999399330194976,8.804647943102603],[77.999387116605291,8.804709214564811],[77.99932686932452,8.804719931839838],[77.999399095117852,8.805262598903905],[77.99956511401335,8.805537995675328],[77.999787376730822,8.805935902574841]]]]}},
{"type":"Feature","properties":{"Land_id":"364","dist_name":"Thoothukkudi","taluk_name":"Thoothukudi","vil_name":"Umarikottai","unit_id":1,"block_id":9,"survey_no":206,"sub_div":"1","KIDE":"206/1"},"geometry":{"type":"MultiPolygon","coordinates":[[[[77.999033940627527,8.806990097234792],[78.000100140292588,8.806771777345196],[78.000054452530122,8.805927164585309],[77.999787376730822,8.805935902574841],[77.998781950139005,8.806076239504973],[77.999033940627527,8.806990097234792]]]]}},
{"type":"Feature","properties":{"Land_id":"365","dist_name":"Thoothukkudi","taluk_name":"Thoothukudi","vil_name":"Umarikottai","unit_id":1,"block_id":9,"survey_no":206,"sub_div":"2","KIDE":"206/2"},"geometry":{"type":"MultiPolygon","coordinates":[[[[78.000514934178526,8.805912098885484],[78.000054452530122,8.805927164585309],[78.000100140292588,8.806771777345196],[78.000131717186946,8.806765311516781],[78.000547799400508,8.806786748847394],[78.000514934178526,8.805912098885484]]]]}},
{"type":"Feature","properties":{"Land_id":"366","dist_name":"Thoothukkudi","taluk_name":"Thoothukudi","vil_name":"Umarikottai","unit_id":1,"block_id":9,"survey_no":207,"sub_div":"1","KIDE":"207/1"},"geometry":{"type":"MultiPolygon","coordinates":[[[[77.999399095117852,8.805262598903905],[77.999350579562375,8.804898078241113],[77.998488213685391,8.805027616550928],[77.998477635877649,8.805036825241425],[77.998388918806853,8.805114059396844],[77.998389070767203,8.805262274521654],[77.998421832585024,8.805549350059437],[77.9985217486728,8.80573318466978],[77.998675677657474,8.80588116666004],[77.999357303917122,8.805843899279033],[77.99920787954926,8.80601334277463],[77.999787376730822,8.805935902574841],[77.999399095117852,8.805262598903905]]]]}},
{"type":"Feature","properties":{"Land_id":"367","dist_name":"Thoothukkudi","taluk_name":"Thoothukudi","vil_name":"Umarikottai","unit_id":1,"block_id":9,"survey_no":207,"sub_div":"2","KIDE":"207/2"},"geometry":{"type":"MultiPolygon","coordinates":[[[[77.998675677657474,8.80588116666004],[77.998781950139005,8.806076239504973],[77.99920787954926,8.80601334277463],[77.999357303917122,8.805843899279033],[77.998675677657474,8.80588116666004]]]]}},
{"type":"Feature","properties":{"Land_id":"368","dist_name":"Thoothukkudi","taluk_name":"Thoothukudi","vil_name":"Umarikottai","unit_id":1,"block_id":2,"survey_no":175,"sub_div":"1","KIDE":"175/1"},"geometry":{"type":"MultiPolygon","coordinates":[[[[78.001651654926107,8.803628300671525],[78.001754947657716,8.804492169108066],[78.002454362297925,8.804327321162486],[78.002328704664905,8.803469220794133],[78.002035972938117,8.803538001157728],[78.001651654926107,8.803628300671525]]]]}},
{"type":"Feature","properties":{"Land_id":"369","dist_name":"Thoothukkudi","taluk_name":"Thoothukudi","vil_name":"Umarikottai","unit_id":1,"block_id":3,"survey_no":179,"sub_div":"1A","KIDE":"179/1A"},"geometry":{"type":"MultiPolygon","coordinates":[[[[78.000335749392278,8.804423389420641],[78.000662341145784,8.804405661908127],[78.000729457259979,8.804763540230693],[78.001148756283001,8.804722462321054],[78.000998333873866,8.8037626764515],[78.000286330471027,8.803844589783859],[78.000335749392278,8.804423389420641]]]]}},
{"type":"Feature","properties":{"Land_id":"370","dist_name":"Thoothukkudi","taluk_name":"Thoothukudi","vil_name":"Umarikottai","unit_id":1,"block_id":3,"survey_no":179,"sub_div":"1B","KIDE":"179/1B"},"geometry":{"type":"MultiPolygon","coordinates":[[[[78.000998333873866,8.8037626764515],[78.001148756283001,8.804722462321054],[78.001399223678277,8.804697924517564],[78.001374756780066,8.80461331516409],[78.001754947657716,8.804492169108066],[78.001658061948717,8.803686513743477],[78.001176937972502,8.803742079793807],[78.000998333873866,8.8037626764515]]]]}},
{"type":"Feature","properties":{"Land_id":"371","dist_name":"Thoothukkudi","taluk_name":"Thoothukudi","vil_name":"Umarikottai","unit_id":1,"block_id":3,"survey_no":179,"sub_div":"2A","KIDE":"179/2A"},"geometry":{"type":"MultiPolygon","coordinates":[[[[78.000852039141137,8.80293858443653],[78.00021580786273,8.803018621530605],[78.000286330471027,8.803844589783859],[78.000998333873866,8.8037626764515],[78.001176937972502,8.803742079793807],[78.001138224384107,8.803329161335562],[78.001100655610927,8.80292461354038],[78.000852039141137,8.80293858443653]]]]}},
{"type":"Feature","properties":{"Land_id":"372","dist_name":"Thoothukkudi","taluk_name":"Thoothukudi","vil_name":"Umarikottai","unit_id":1,"block_id":3,"survey_no":179,"sub_div":"2B","KIDE":"179/2B"},"geometry":{"type":"MultiPolygon","coordinates":[[[[78.001138224384107,8.803329161335562],[78.001176937972502,8.803742079793807],[78.001658061948717,8.803686513743477],[78.001647776904605,8.803600988220058],[78.001606007872454,8.803253656862596],[78.001138224384107,8.803329161335562]]]]}},
{"type":"Feature","properties":{"Land_id":"373","dist_name":"Thoothukkudi","taluk_name":"Thoothukudi","vil_name":"Umarikottai","unit_id":1,"block_id":3,"survey_no":179,"sub_div":"2C","KIDE":"179/2C"},"geometry":{"type":"MultiPolygon","coordinates":[[[[78.001563311572312,8.802898614786576],[78.001100655610927,8.80292461354038],[78.001138224384107,8.803329161335562],[78.001606007872454,8.803253656862596],[78.001563311572312,8.802898614786576]]]]}},
{"type":"Feature","properties":{"Land_id":"374","dist_name":"Thoothukkudi","taluk_name":"Thoothukudi","vil_name":"Umarikottai","unit_id":1,"block_id":3,"survey_no":180,"sub_div":"1","KIDE":"180/1"},"geometry":{"type":"MultiPolygon","coordinates":[[[[78.002563592043828,8.801911706400839],[78.001581699951686,8.802053907245314],[78.001563311572312,8.802898614786576],[78.001651654926107,8.803628300671525],[78.002017784136697,8.803542274805784],[78.00278229003014,8.803362646195319],[78.002563592043828,8.801911706400839]]]]}},
{"type":"Feature","properties":{"Land_id":"375","dist_name":"Thoothukkudi","taluk_name":"Thoothukudi","vil_name":"Umarikottai","unit_id":1,"block_id":3,"survey_no":180,"sub_div":"2A","KIDE":"180/2A"},"geometry":{"type":"MultiPolygon","coordinates":[[[[78.001563311572312,8.802898614786576],[78.001581699951686,8.802053907245314],[78.001574145505259,8.801935665076924],[78.000786216868732,8.802023170870871],[78.000837893546375,8.802522847278631],[78.000852039141137,8.80293858443653],[78.001563311572312,8.802898614786576]]]]}},
{"type":"Feature","properties":{"Land_id":"376","dist_name":"Thoothukkudi","taluk_name":"Thoothukudi","vil_name":"Umarikottai","unit_id":1,"block_id":8,"survey_no":202,"sub_div":"2","KIDE":"202/2"},"geometry":{"type":"MultiPolygon","coordinates":[[[[78.000202653835004,8.803022730677142],[78.000852039141137,8.80293858443653],[78.000837893546375,8.802522847278631],[78.000722002714681,8.801402266058759],[78.000029812418759,8.801941881229018],[78.000056327516475,8.802107516571477],[78.000202653835004,8.803022730677142]]]]}},
{"type":"Feature","properties":{"Land_id":"377","dist_name":"Thoothukkudi","taluk_name":"Thoothukudi","vil_name":"Umarikottai","unit_id":1,"block_id":8,"survey_no":203,"sub_div":null,"KIDE":"203"},"geometry":{"type":"MultiPolygon","coordinates":[[[[78.00021580786273,8.803018621530605],[77.999764432461717,8.803079514655421],[77.999797686375814,8.803453606597893],[77.999880109520404,8.804484795135672],[78.000335749392278,8.804423389420641],[78.000272205510043,8.803701125890594],[78.00021580786273,8.803018621530605]]]]}},
{"type":"Feature","properties":{"Land_id":"378","dist_name":"Thoothukkudi","taluk_name":"Thoothukudi","vil_name":"Umarikottai","unit_id":1,"block_id":8,"survey_no":202,"sub_div":"1A","KIDE":"202/1A"},"geometry":{"type":"MultiPolygon","coordinates":[[[[77.999279268490938,8.803126930905812],[77.999764432461717,8.803079514655421],[78.000202653835004,8.803022730677142],[78.000056327516475,8.802107516571477],[77.999122441337178,8.80248744129895],[77.999279268490938,8.803126930905812]]]]}},
{"type":"Feature","properties":{"Land_id":"379","dist_name":"Thoothukkudi","taluk_name":"Thoothukudi","vil_name":"Umarikottai","unit_id":1,"block_id":8,"survey_no":204,"sub_div":null,"KIDE":"204"},"geometry":{"type":"MultiPolygon","coordinates":[[[[77.999764432461717,8.803079514655421],[77.999279268490938,8.803126930905812],[77.999419477178634,8.804546872477111],[77.999880109520404,8.804484795135672],[77.999797686375814,8.803453606597893],[77.999764432461717,8.803079514655421]]]]}},
{"type":"Feature","properties":{"Land_id":"380","dist_name":"Thoothukkudi","taluk_name":"Thoothukudi","vil_name":"Umarikottai","unit_id":1,"block_id":8,"survey_no":208,"sub_div":null,"KIDE":"208"},"geometry":{"type":"MultiPolygon","coordinates":[[[[77.998467186263568,8.80487565100788],[77.998954694116705,8.804789451028796],[77.99932686932452,8.804719931839838],[77.999387116605291,8.804709214564811],[77.999419477178634,8.804546872477111],[77.999279268490938,8.803126930905812],[77.999113616552449,8.802429475684166],[77.998007316393341,8.802710876245692],[77.998274367725969,8.803604602878004],[77.99845930096231,8.804818669315033],[77.998467186263568,8.80487565100788]]]]}},
{"type":"Feature","properties":{"Land_id":"381","dist_name":"Thoothukkudi","taluk_name":"Thoothukudi","vil_name":"Umarikottai","unit_id":1,"block_id":9,"survey_no":207,"sub_div":"3","KIDE":"207/3"},"geometry":{"type":"MultiPolygon","coordinates":[[[[77.99932686932452,8.804719931839838],[77.998467186263568,8.80487565100788],[77.998488213685391,8.805027616550928],[77.999350579562375,8.804898078241113],[77.99932686932452,8.804719931839838]]]]}},
{"type":"Feature","properties":{"Land_id":"382","dist_name":"Thoothukkudi","taluk_name":"Thoothukudi","vil_name":"Umarikottai","unit_id":1,"block_id":8,"survey_no":202,"sub_div":"1B","KIDE":"202/1B"},"geometry":{"type":"MultiPolygon","coordinates":[[[[78.000029812418759,8.801941881229018],[77.999887212524811,8.801047243806639],[77.998827991336881,8.801286770940377],[77.999112146340536,8.802445461685103],[77.999122441337178,8.80248744129895],[78.000056327516475,8.802107516571477],[78.000029812418759,8.801941881229018]]]]}},
{"type":"Feature","properties":{"Land_id":"383","dist_name":"Thoothukkudi","taluk_name":"Thoothukudi","vil_name":"Umarikottai","unit_id":1,"block_id":8,"survey_no":209,"sub_div":null,"KIDE":"209"},"geometry":{"type":"MultiPolygon","coordinates":[[[[77.998007316393341,8.802710876245692],[77.999113616552449,8.802429475684166],[77.998827991336881,8.801286770940377],[77.998104422828618,8.801453389788019],[77.997667540892706,8.801555950699399],[77.998007316393341,8.802710876245692]]]]}},
{"type":"Feature","properties":{"Land_id":"384","dist_name":"Thoothukkudi","taluk_name":"Thoothukudi","vil_name":"Umarikottai","unit_id":1,"block_id":3,"survey_no":180,"sub_div":"2B1","KIDE":"180/2B1"},"geometry":{"type":"MultiPolygon","coordinates":[[[[78.000722002714681,8.801402266058759],[78.000786216868732,8.802023170870871],[78.001574145505259,8.801935665076924],[78.00154014201901,8.801403442631921],[78.00149939865581,8.800765727656877],[78.00065027307005,8.80083831288805],[78.000722002714681,8.801402266058759]]]]}},
{"type":"Feature","properties":{"Land_id":"385","dist_name":"Thoothukkudi","taluk_name":"Thoothukudi","vil_name":"Umarikottai","unit_id":1,"block_id":3,"survey_no":180,"sub_div":"2B2","KIDE":"180/2B2"},"geometry":{"type":"MultiPolygon","coordinates":[[[[78.000937653335598,8.800060992396443],[78.000615857729528,8.80013483787441],[78.00065027307005,8.80083831288805],[78.00149939865581,8.800765727656877],[78.001469946802246,8.800304747350445],[78.001403489667666,8.800274085085091],[78.001357282181175,8.799964696200707],[78.000937653335598,8.800060992396443]]]]}},
{"type":"Feature","properties":{"Land_id":"386","dist_name":"Thoothukkudi","taluk_name":"Thoothukudi","vil_name":"Umarikottai","unit_id":1,"block_id":4,"survey_no":181,"sub_div":"2","KIDE":"181/2"},"geometry":{"type":"MultiPolygon","coordinates":[[[[78.002656093262871,8.802525400664823],[78.002718743178562,8.802941048094086],[78.004632038416844,8.802666928974881],[78.004618474493341,8.802563126910208],[78.004589059431567,8.802338019171978],[78.002656093262871,8.802525400664823]]]]}},
{"type":"Feature","properties":{"Land_id":"387","dist_name":"Thoothukkudi","taluk_name":"Thoothukudi","vil_name":"Umarikottai","unit_id":1,"block_id":4,"survey_no":181,"sub_div":"3","KIDE":"181/3"},"geometry":{"type":"MultiPolygon","coordinates":[[[[78.004510519669481,8.801736969670662],[78.002563592043828,8.801911706400839],[78.002656093262871,8.802525400664823],[78.004589059431567,8.802338019171978],[78.004533216785234,8.801910666276591],[78.004510519669481,8.801736969670662]]]]}},
{"type":"Feature","properties":{"Land_id":"388","dist_name":"Thoothukkudi","taluk_name":"Thoothukudi","vil_name":"Umarikottai","unit_id":1,"block_id":4,"survey_no":182,"sub_div":null,"KIDE":"182"},"geometry":{"type":"MultiPolygon","coordinates":[[[[78.002563592043828,8.801911706400839],[78.003252225198651,8.801854114181161],[78.004510519669481,8.801736969670662],[78.004427628511294,8.801240172159309],[78.003623994866459,8.801331626509086],[78.002966281087254,8.801390787361514],[78.00268259741587,8.80141630449123],[78.001544095313889,8.801412122990202],[78.001581699951686,8.802053907245314],[78.002563592043828,8.801911706400839]]]]}},
{"type":"Feature","properties":{"Land_id":"389","dist_name":"Thoothukkudi","taluk_name":"Thoothukudi","vil_name":"Umarikottai","unit_id":1,"block_id":4,"survey_no":184,"sub_div":"1","KIDE":"184/1"},"geometry":{"type":"MultiPolygon","coordinates":[[[[78.002421872980776,8.800083718817437],[78.001469946802246,8.800304747350445],[78.001510430507253,8.800909353804913],[78.002478669901393,8.800738819721026],[78.002421872980776,8.800083718817437]]]]}},
{"type":"Feature","properties":{"Land_id":"390","dist_name":"Thoothukkudi","taluk_name":"Thoothukudi","vil_name":"Umarikottai","unit_id":1,"block_id":4,"survey_no":184,"sub_div":"2","KIDE":"184/2"},"geometry":{"type":"MultiPolygon","coordinates":[[[[78.002478669901393,8.800738819721026],[78.001510430507253,8.800909353804913],[78.001544095313889,8.801412122990202],[78.00268259741587,8.80141630449123],[78.003623994866459,8.801331626509086],[78.00333402321246,8.799871925894688],[78.002421872980776,8.800083718817437],[78.002478669901393,8.800738819721026]]]]}},
{"type":"Feature","properties":{"Land_id":"391","dist_name":"Thoothukkudi","taluk_name":"Thoothukudi","vil_name":"Umarikottai","unit_id":1,"block_id":4,"survey_no":185,"sub_div":"1A","KIDE":"185/1A"},"geometry":{"type":"MultiPolygon","coordinates":[[[[78.001332812309784,8.799370857235534],[78.001357282181175,8.799964696200707],[78.001403489667666,8.800274085085091],[78.001469946802246,8.800304747350445],[78.001985059272556,8.800187958660564],[78.001752875505318,8.79924193881121],[78.001332812309784,8.799370857235534]]]]}},
{"type":"Feature","properties":{"Land_id":"392","dist_name":"Thoothukkudi","taluk_name":"Thoothukudi","vil_name":"Umarikottai","unit_id":1,"block_id":7,"survey_no":198,"sub_div":null,"KIDE":"198"},"geometry":{"type":"MultiPolygon","coordinates":[[[[78.000958627902236,8.800051480630778],[78.001357282181175,8.799964696200707],[78.001332812309784,8.799370857235534],[78.001981936764196,8.79917163934941],[78.001917155502611,8.79891245271183],[78.001913847069318,8.798899947531714],[78.001843203489642,8.798632918961211],[78.00173828049968,8.798212521202938],[78.001311887300147,8.798329573630465],[78.000485568018206,8.798556412796678],[78.000622259526736,8.799110526985867],[78.000753976113117,8.799693284247418],[78.00089650862401,8.799699927273924],[78.000958627902236,8.800051480630778]]]]}},
{"type":"Feature","properties":{"Land_id":"393","dist_name":"Thoothukkudi","taluk_name":"Thoothukudi","vil_name":"Umarikottai","unit_id":1,"block_id":7,"survey_no":200,"sub_div":null,"KIDE":"200"},"geometry":{"type":"MultiPolygon","coordinates":[[[[77.997743929507052,8.800852351960444],[77.998419989564439,8.800716855648741],[77.999393333459665,8.8004642546918],[78.000615857729528,8.80013483787441],[78.000958627902236,8.800051480630778],[78.00089650862401,8.799699927273924],[78.000753976113117,8.799693284247418],[78.000180759335109,8.799830389133572],[77.999974428531743,8.799879740377971],[77.999364096177231,8.800094507207129],[77.998558977532525,8.800308078582386],[77.997662362237918,8.800546429173966],[77.997743929507052,8.800852351960444]]]]}},
{"type":"Feature","properties":{"Land_id":"394","dist_name":"Thoothukkudi","taluk_name":"Thoothukudi","vil_name":"Umarikottai","unit_id":1,"block_id":7,"survey_no":201,"sub_div":"2","KIDE":"201/2"},"geometry":{"type":"MultiPolygon","coordinates":[[[[78.000615857729528,8.80013483787441],[77.999159233213419,8.800520918137504],[77.999263619841244,8.801189892032621],[77.999982614563123,8.801026456919097],[78.000652033186867,8.800874290977625],[78.000615857729528,8.80013483787441]]]]}},
{"type":"Feature","properties":{"Land_id":"395","dist_name":"Thoothukkudi","taluk_name":"Thoothukudi","vil_name":"Umarikottai","unit_id":1,"block_id":8,"survey_no":202,"sub_div":"3","KIDE":"202/3"},"geometry":{"type":"MultiPolygon","coordinates":[[[[78.000029812418759,8.801941881229018],[78.000722002714681,8.801402266058759],[78.000652033186867,8.800874290977625],[77.999952269328247,8.801032532177157],[77.999887212524811,8.801047243806639],[78.000029812418759,8.801941881229018]]]]}},
{"type":"Feature","properties":{"Land_id":"396","dist_name":"Thoothukkudi","taluk_name":"Thoothukudi","vil_name":"Umarikottai","unit_id":1,"block_id":4,"survey_no":183,"sub_div":null,"KIDE":"183"},"geometry":{"type":"MultiPolygon","coordinates":[[[[78.003623994866459,8.801331626509086],[78.004427628511294,8.801240172159309],[78.004088806799771,8.799696637259851],[78.003528327784664,8.799814988017523],[78.00333402321246,8.799871925894688],[78.003497101497999,8.80068981413174],[78.003623994866459,8.801331626509086]]]]}},
{"type":"Feature","properties":{"Land_id":"397","dist_name":"Thoothukkudi","taluk_name":"Thoothukudi","vil_name":"Umarikottai","unit_id":1,"block_id":4,"survey_no":185,"sub_div":"2B","KIDE":"185/2B"},"geometry":{"type":"MultiPolygon","coordinates":[[[[78.003528327784664,8.799814988017523],[78.003227068574645,8.798848303703533],[78.002556916376804,8.799022328727958],[78.002793946234931,8.799998818787623],[78.003307920946369,8.799870160371505],[78.003528327784664,8.799814988017523]]]]}},
{"type":"Feature","properties":{"Land_id":"398","dist_name":"Thoothukkudi","taluk_name":"Thoothukudi","vil_name":"Umarikottai","unit_id":1,"block_id":5,"survey_no":186,"sub_div":null,"KIDE":"186"},"geometry":{"type":"MultiPolygon","coordinates":[[[[78.003528327784664,8.799814988017523],[78.004088806799771,8.799696637259851],[78.003904127900242,8.798743612983104],[78.003264179183901,8.79886576448537],[78.003353379849869,8.799205159394598],[78.003528327784664,8.799814988017523]]]]}},
{"type":"Feature","properties":{"Land_id":"399","dist_name":"Thoothukkudi","taluk_name":"Thoothukudi","vil_name":"Umarikottai","unit_id":1,"block_id":4,"survey_no":185,"sub_div":"1B","KIDE":"185/1B"},"geometry":{"type":"MultiPolygon","coordinates":[[[[78.001752875505318,8.79924193881121],[78.001985059272556,8.800187958660564],[78.002550460190477,8.80005976834045],[78.002186898306221,8.799118414966246],[78.001981936764196,8.79917163934941],[78.001752875505318,8.79924193881121]]]]}},
{"type":"Feature","properties":{"Land_id":"400","dist_name":"Thoothukkudi","taluk_name":"Thoothukudi","vil_name":"Umarikottai","unit_id":1,"block_id":4,"survey_no":185,"sub_div":"2A","KIDE":"185/2A"},"geometry":{"type":"MultiPolygon","coordinates":[[[[78.002550460190477,8.80005976834045],[78.002793946234931,8.799998818787623],[78.002556916376804,8.799022328727958],[78.002186898306221,8.799118414966246],[78.002550460190477,8.80005976834045]]]]}},
{"type":"Feature","properties":{"Land_id":"401","dist_name":"Thoothukkudi","taluk_name":"Thoothukudi","vil_name":"Umarikottai","unit_id":1,"block_id":5,"survey_no":187,"sub_div":null,"KIDE":"187"},"geometry":{"type":"MultiPolygon","coordinates":[[[[78.001981936764196,8.79917163934941],[78.003227068574645,8.798848303703533],[78.003264179183901,8.79886576448537],[78.003904127900242,8.798743612983104],[78.003807953830872,8.798257536322385],[78.003635416191415,8.798280375773889],[78.00358507583428,8.798183081697418],[78.003302232785359,8.798247266503287],[78.00323124857583,8.79798842219669],[78.002763430828026,8.798205639310057],[78.002861804715778,8.798583526102453],[78.002289259352565,8.798826737503049],[78.001913847069318,8.798899947531714],[78.001917155502611,8.79891245271183],[78.001981936764196,8.79917163934941]]]]}},
{"type":"Feature","properties":{"Land_id":"402","dist_name":"Thoothukkudi","taluk_name":"Thoothukudi","vil_name":"Umarikottai","unit_id":1,"block_id":5,"survey_no":188,"sub_div":null,"KIDE":"188"},"geometry":{"type":"MultiPolygon","coordinates":[[[[78.001913847069318,8.798899947531714],[78.002289259352565,8.798826737503049],[78.002861804715778,8.798583526102453],[78.002763430828026,8.798205639310057],[78.001843203489642,8.798632918961211],[78.001913847069318,8.798899947531714]]]]}},
{"type":"Feature","properties":{"Land_id":"403","dist_name":"Thoothukkudi","taluk_name":"Thoothukudi","vil_name":"Umarikottai","unit_id":1,"block_id":5,"survey_no":189,"sub_div":null,"KIDE":"189"},"geometry":{"type":"MultiPolygon","coordinates":[[[[78.001843203489642,8.798632918961211],[78.002303742088657,8.798419081832359],[78.002763430828026,8.798205639310057],[78.00323124857583,8.79798842219669],[78.003083242910947,8.797414762918345],[78.003654466293924,8.797251787218626],[78.003306316908251,8.796332570108422],[78.003125746196517,8.79586964442584],[78.002760459772418,8.796111313090933],[78.002316832371392,8.796288079559789],[78.0020446507381,8.796385655388232],[78.001944490741664,8.796421561307701],[78.001984333971635,8.79660881874673],[78.002181805119108,8.79740304334557],[78.001498623845066,8.797614473188521],[78.00173828049968,8.798212521202938],[78.001843203489642,8.798632918961211]]]]}},
{"type":"Feature","properties":{"Land_id":"404","dist_name":"Thoothukkudi","taluk_name":"Thoothukudi","vil_name":"Umarikottai","unit_id":1,"block_id":5,"survey_no":190,"sub_div":null,"KIDE":"190"},"geometry":{"type":"MultiPolygon","coordinates":[[[[78.003807953830872,8.798257536322385],[78.004540192768303,8.797913177960694],[78.004390849023579,8.797346684377715],[78.004093447653148,8.797400392538133],[78.003982266948057,8.797160066795952],[78.003654466293924,8.797251787218626],[78.003083242910947,8.797414762918345],[78.00323124857583,8.79798842219669],[78.003302232785359,8.798247266503287],[78.00358507583428,8.798183081697418],[78.003635416191415,8.798280375773889],[78.003807953830872,8.798257536322385]]]]}},
{"type":"Feature","properties":{"Land_id":"405","dist_name":"Thoothukkudi","taluk_name":"Thoothukudi","vil_name":"Umarikottai","unit_id":1,"block_id":7,"survey_no":199,"sub_div":null,"KIDE":"199"},"geometry":{"type":"MultiPolygon","coordinates":[[[[77.998390609215903,8.799181957463205],[77.998578026299754,8.799935582673029],[77.999316777902749,8.799935439309872],[77.999364096177231,8.800094507207129],[77.999974428531743,8.799879740377971],[78.000753976113117,8.799693284247418],[78.000622259526736,8.799110526985867],[78.000485568018206,8.798556412796678],[77.999168471671183,8.798967117501499],[77.998771489208792,8.799132149496229],[77.998390609215903,8.799181957463205]]]]}},
{"type":"Feature","properties":{"Land_id":"406","dist_name":"Thoothukkudi","taluk_name":"Thoothukudi","vil_name":"Umarikottai","unit_id":1,"block_id":7,"survey_no":201,"sub_div":"1A","KIDE":"201/1A"},"geometry":{"type":"MultiPolygon","coordinates":[[[[77.997667540892706,8.801555950699399],[77.998104422828618,8.801453389788019],[77.998419989564439,8.800716855648741],[77.997759685763469,8.800850651239568],[77.997491007596082,8.800905092777079],[77.997667540892706,8.801555950699399]]]]}},
{"type":"Feature","properties":{"Land_id":"407","dist_name":"Thoothukkudi","taluk_name":"Thoothukudi","vil_name":"Umarikottai","unit_id":1,"block_id":7,"survey_no":201,"sub_div":"1B","KIDE":"201/1B"},"geometry":{"type":"MultiPolygon","coordinates":[[[[77.999159233213419,8.800520918137504],[77.998419989564439,8.800716855648741],[77.998104422828618,8.801453389788019],[77.998867115293891,8.801280021714716],[77.999263619841244,8.801189892032621],[77.999159233213419,8.800520918137504]]]]}},
{"type":"Feature","properties":{"Land_id":"408","dist_name":"Thoothukkudi","taluk_name":"Thoothukudi","vil_name":"Umarikottai","unit_id":1,"block_id":10,"survey_no":211,"sub_div":"4","KIDE":"211/4"},"geometry":{"type":"MultiPolygon","coordinates":[[[[77.998578026299754,8.799935582673029],[77.998390609215903,8.799181957463205],[77.997856770490472,8.799074512471803],[77.998312257353405,8.800369034567018],[77.999364096177231,8.800094507207129],[77.999316777902749,8.799935439309872],[77.998578026299754,8.799935582673029]]]]}},
{"type":"Feature","properties":{"Land_id":"409","dist_name":"Thoothukkudi","taluk_name":"Thoothukudi","vil_name":"Umarikottai","unit_id":1,"block_id":5,"survey_no":191,"sub_div":"1","KIDE":"191/1"},"geometry":{"type":"MultiPolygon","coordinates":[[[[78.004809429629759,8.797209930126842],[78.004518299343644,8.796271902102475],[78.003995208914176,8.79638615904523],[78.003988671957543,8.796489600318528],[78.003414002033523,8.796623182506845],[78.003654466293924,8.797251787218626],[78.003982266948057,8.797160066795952],[78.004093447653148,8.797400392538133],[78.004390849023579,8.797346684377715],[78.004809429629759,8.797209930126842]]]]}},
{"type":"Feature","properties":{"Land_id":"410","dist_name":"Thoothukkudi","taluk_name":"Thoothukudi","vil_name":"Umarikottai","unit_id":1,"block_id":5,"survey_no":191,"sub_div":"2","KIDE":"191/2"},"geometry":{"type":"MultiPolygon","coordinates":[[[[78.003995208914176,8.79638615904523],[78.003618343052779,8.795543749688301],[78.003125746196517,8.79586964442584],[78.003414002033523,8.796623182506845],[78.003988671957543,8.796489600318528],[78.003995208914176,8.79638615904523]]]]}},
{"type":"Feature","properties":{"Land_id":"411","dist_name":"Thoothukkudi","taluk_name":"Thoothukudi","vil_name":"Umarikottai","unit_id":1,"block_id":6,"survey_no":193,"sub_div":null,"KIDE":"193"},"geometry":{"type":"MultiPolygon","coordinates":[[[[78.002760459772418,8.796111313090933],[78.003125746196517,8.79586964442584],[78.003618343052779,8.795543749688301],[78.003578134896273,8.795444625206256],[78.003481251860606,8.795206022406353],[78.003388137356254,8.79519398518055],[78.003348390727382,8.794727654139134],[78.003216959474059,8.794393728930434],[78.00247051326059,8.794854573979769],[78.002643069671706,8.795537199737272],[78.002576215988825,8.79562190635623],[78.002760459772418,8.796111313090933]]]]}},
{"type":"Feature","properties":{"Land_id":"412","dist_name":"Thoothukkudi","taluk_name":"Thoothukudi","vil_name":"Umarikottai","unit_id":1,"block_id":6,"survey_no":194,"sub_div":null,"KIDE":"194"},"geometry":{"type":"MultiPolygon","coordinates":[[[[78.0020446507381,8.796385655388232],[78.002316832371392,8.796288079559789],[78.002760459772418,8.796111313090933],[78.002576215988825,8.79562190635623],[78.002643069671706,8.795537199737272],[78.00247051326059,8.794854573979769],[78.00135590209824,8.795300218843304],[78.001340755014667,8.795305934608189],[78.001604828930141,8.795608354019116],[78.001736141502164,8.795795915727592],[78.0020446507381,8.796385655388232]]]]}},
{"type":"Feature","properties":{"Land_id":"413","dist_name":"Thoothukkudi","taluk_name":"Thoothukudi","vil_name":"Umarikottai","unit_id":1,"block_id":6,"survey_no":195,"sub_div":"2","KIDE":"195/2"},"geometry":{"type":"MultiPolygon","coordinates":[[[[78.000764674474141,8.795523432730501],[78.001540812641764,8.796740248934384],[78.001984333971635,8.79660881874673],[78.001944490741664,8.796421561307701],[78.0020446507381,8.796385655388232],[78.001604828930141,8.795608354019116],[78.001340755014667,8.795305934608189],[78.000764674474141,8.795523432730501]]]]}},
{"type":"Feature","properties":{"Land_id":"414","dist_name":"Thoothukkudi","taluk_name":"Thoothukudi","vil_name":"Umarikottai","unit_id":1,"block_id":6,"survey_no":196,"sub_div":"1","KIDE":"196/1"},"geometry":{"type":"MultiPolygon","coordinates":[[[[77.998794228907244,8.797450226701057],[77.99877540616572,8.797514754038513],[77.999033681872234,8.798446305432739],[78.001516345725577,8.797608988649415],[78.002181805119108,8.79740304334557],[78.001985372246295,8.796612994664507],[78.00120542338837,8.796839635975189],[78.000818014714028,8.796940855244729],[78.000159022269145,8.797091497898949],[77.998794228907244,8.797450226701057]]]]}},
{"type":"Feature","properties":{"Land_id":"415","dist_name":"Thoothukkudi","taluk_name":"Thoothukudi","vil_name":"Umarikottai","unit_id":1,"block_id":7,"survey_no":197,"sub_div":null,"KIDE":"197"},"geometry":{"type":"MultiPolygon","coordinates":[[[[77.999168471671183,8.798967117501499],[78.000485568018206,8.798556412796678],[78.001311622554894,8.798329646307687],[78.00173828049968,8.798212521202938],[78.001498623845066,8.797614473188521],[78.000476887116662,8.797951312165299],[77.999852322642354,8.79816032007049],[77.999048888215839,8.798440993222737],[77.999023760071594,8.798449771531487],[77.999168471671183,8.798967117501499]]]]}},
{"type":"Feature","properties":{"Land_id":"416","dist_name":"Thoothukkudi","taluk_name":"Thoothukudi","vil_name":"Umarikottai","unit_id":1,"block_id":5,"survey_no":192,"sub_div":null,"KIDE":"192"},"geometry":{"type":"MultiPolygon","coordinates":[[[[78.004518299343644,8.796271902102475],[78.004413822894662,8.7959839796889],[78.004245457274862,8.795519987697521],[78.00393064588026,8.794733052825221],[78.003677311121692,8.794099791261926],[78.003222091946142,8.794390559820297],[78.003216959474059,8.794393728930434],[78.003348390727382,8.794727654139134],[78.003388137356254,8.79519398518055],[78.003481251860606,8.795206022406353],[78.003578134896273,8.795444625206256],[78.003618343052779,8.795543749688301],[78.003995208914176,8.79638615904523],[78.004518299343644,8.796271902102475]]]]}},
{"type":"Feature","properties":{"Land_id":"417","dist_name":"Thoothukkudi","taluk_name":"Thoothukudi","vil_name":"Umarikottai","unit_id":1,"block_id":6,"survey_no":195,"sub_div":"1","KIDE":"195/1"},"geometry":{"type":"MultiPolygon","coordinates":[[[[77.999975788332563,8.796225834547247],[78.000159022269145,8.797091497898949],[78.000810008546608,8.796942685417926],[78.001018535332662,8.796895017149843],[78.001540812641764,8.796740248934384],[78.000764674474141,8.795523432730501],[77.999297673827328,8.79607729605979],[77.999110257168098,8.796235858965872],[77.999254820231329,8.796353613746508],[77.999975788332563,8.796225834547247]]]]}},
{"type":"Feature","properties":{"Land_id":"418","dist_name":"Thoothukkudi","taluk_name":"Thoothukudi","vil_name":"Umarikottai","unit_id":1,"block_id":6,"survey_no":196,"sub_div":"2","KIDE":"196/2"},"geometry":{"type":"MultiPolygon","coordinates":[[[[77.999250066547361,8.796367116822365],[77.999077337158326,8.796812646536987],[77.998818995705676,8.797365322195674],[77.998794228907244,8.797450226701057],[78.000159022269145,8.797091497898949],[77.999975788332563,8.796225834547247],[77.999250066547361,8.796367116822365]]]]}},
{"type":"Feature","properties":{"Land_id":"419","dist_name":"Thoothukkudi","taluk_name":"Thoothukudi","vil_name":"Umarikottai","unit_id":1,"block_id":10,"survey_no":214,"sub_div":"9","KIDE":"214/9"},"geometry":{"type":"MultiPolygon","coordinates":[[[[77.999110257168098,8.796235858965872],[77.998397538542918,8.796638481317917],[77.998579336760031,8.796856565989764],[77.999126181038974,8.796719019773573],[77.999254820231329,8.796353613746508],[77.999110257168098,8.796235858965872]]]]}},
{"type":"Feature","properties":{"Land_id":"420","dist_name":"Thoothukkudi","taluk_name":"Thoothukudi","vil_name":"Umarikottai","unit_id":1,"block_id":10,"survey_no":212,"sub_div":null,"KIDE":"212"},"geometry":{"type":"MultiPolygon","coordinates":[[[[77.998390609215903,8.799181957463205],[77.998771489208792,8.799132149496229],[77.999168471671183,8.798967117501499],[77.999023760071594,8.798449771531487],[77.998929025862225,8.798499168735058],[77.998494046745833,8.798624351225614],[77.997421784642341,8.798931382758852],[77.997453840042738,8.799026988543682],[77.997856770490472,8.799074512471803],[77.998390609215903,8.799181957463205]]]]}},
{"type":"Feature","properties":{"Land_id":"421","dist_name":"Thoothukkudi","taluk_name":"Thoothukudi","vil_name":"Umarikottai","unit_id":1,"block_id":10,"survey_no":213,"sub_div":"4","KIDE":"213/4"},"geometry":{"type":"MultiPolygon","coordinates":[[[[77.99834201286663,8.797711659368014],[77.998537829850306,8.798611347462771],[77.998929025862225,8.798499168735058],[77.999023760071594,8.798449771531487],[77.998769734770391,8.797534196479415],[77.99834201286663,8.797711659368014]]]]}},
{"type":"Feature","properties":{"Land_id":"422","dist_name":"Thoothukkudi","taluk_name":"Thoothukudi","vil_name":"Umarikottai","unit_id":1,"block_id":10,"survey_no":214,"sub_div":"4","KIDE":"214/4"},"geometry":{"type":"MultiPolygon","coordinates":[[[[77.998098850703002,8.796719119972126],[77.998352937305583,8.797707126790947],[77.998769734770391,8.797534196479415],[77.998611146613882,8.796997443152865],[77.998579336760031,8.796856565989764],[77.998397538542918,8.796638481317917],[77.998098850703002,8.796719119972126]]]]}},
{"type":"Feature","properties":{"Land_id":"423","dist_name":"Thoothukkudi","taluk_name":"Thoothukudi","vil_name":"Umarikottai","unit_id":1,"block_id":10,"survey_no":214,"sub_div":"7","KIDE":"214/7"},"geometry":{"type":"MultiPolygon","coordinates":[[[[77.998611146613882,8.796997443152865],[77.998769734770391,8.797534196479415],[77.998857023798919,8.79723495587249],[77.999031119405288,8.796901239387775],[77.998611146613882,8.796997443152865]]]]}},
{"type":"Feature","properties":{"Land_id":"424","dist_name":"Thoothukkudi","taluk_name":"Thoothukudi","vil_name":"Umarikottai","unit_id":1,"block_id":10,"survey_no":214,"sub_div":"8","KIDE":"214/8"},"geometry":{"type":"MultiPolygon","coordinates":[[[[77.999126181038974,8.796719019773573],[77.998579336760031,8.796856565989764],[77.998611146613882,8.796997443152865],[77.999031119405288,8.796901239387775],[77.999067034899852,8.796832394499363],[77.999126181038974,8.796719019773573]]]]}},
{"type":"Feature","properties":{"Land_id":"425","dist_name":"Thoothukkudi","taluk_name":"Thoothukudi","vil_name":"Umarikottai","unit_id":1,"block_id":10,"survey_no":213,"sub_div":"1","KIDE":"213/1"},"geometry":{"type":"MultiPolygon","coordinates":[[[[77.996837940421869,8.798389016834946],[77.996365467945765,8.798618563197206],[77.995973812033725,8.798757535707734],[77.996068691001426,8.799060749507216],[77.996973711948314,8.79897422214979],[77.996837940421869,8.798389016834946]]]]}},
{"type":"Feature","properties":{"Land_id":"426","dist_name":"Thoothukkudi","taluk_name":"Thoothukudi","vil_name":"Umarikottai","unit_id":1,"block_id":10,"survey_no":213,"sub_div":"3","KIDE":"213/3"},"geometry":{"type":"MultiPolygon","coordinates":[[[[77.998264508979062,8.798689724508188],[77.998064776198078,8.797826685555808],[77.997589496578811,8.798023880259626],[77.998036451413199,8.798755121922285],[77.998264508979062,8.798689724508188]]]]}},
{"type":"Feature","properties":{"Land_id":"427","dist_name":"Thoothukkudi","taluk_name":"Thoothukudi","vil_name":"Umarikottai","unit_id":1,"block_id":10,"survey_no":213,"sub_div":"5","KIDE":"213/5"},"geometry":{"type":"MultiPolygon","coordinates":[[[[77.997529850181934,8.798900394061697],[77.998036451413199,8.798755121922285],[77.997589496578811,8.798023880259626],[77.997341360433424,8.798144434900159],[77.997529850181934,8.798900394061697]]]]}},
{"type":"Feature","properties":{"Land_id":"428","dist_name":"Thoothukkudi","taluk_name":"Thoothukudi","vil_name":"Umarikottai","unit_id":1,"block_id":10,"survey_no":214,"sub_div":"1","KIDE":"214/1"},"geometry":{"type":"MultiPolygon","coordinates":[[[[77.996032703687604,8.797407072833179],[77.996365467945765,8.798618563197206],[77.996905875866929,8.798350959968058],[77.996624448543869,8.797197378460954],[77.996032703687604,8.797407072833179]]]]}},
{"type":"Feature","properties":{"Land_id":"429","dist_name":"Thoothukkudi","taluk_name":"Thoothukudi","vil_name":"Umarikottai","unit_id":1,"block_id":10,"survey_no":214,"sub_div":"2","KIDE":"214/2"},"geometry":{"type":"MultiPolygon","coordinates":[[[[77.997589496578811,8.798023880259626],[77.997146985988209,8.797048663294813],[77.996842219019044,8.797120207966609],[77.996624448543869,8.797197378460954],[77.996905875866929,8.798350959968058],[77.997589496578811,8.798023880259626]]]]}},
{"type":"Feature","properties":{"Land_id":"430","dist_name":"Thoothukkudi","taluk_name":"Thoothukudi","vil_name":"Umarikottai","unit_id":1,"block_id":10,"survey_no":214,"sub_div":"3","KIDE":"214/3"},"geometry":{"type":"MultiPolygon","coordinates":[[[[77.997628946234045,8.796962870435546],[77.997859979368201,8.797911656273204],[77.99808197369083,8.797819550273017],[77.997628946234045,8.796962870435546]]]]}},
{"type":"Feature","properties":{"Land_id":"431","dist_name":"Thoothukkudi","taluk_name":"Thoothukudi","vil_name":"Umarikottai","unit_id":1,"block_id":10,"survey_no":214,"sub_div":"5","KIDE":"214/5"},"geometry":{"type":"MultiPolygon","coordinates":[[[[77.997146985988209,8.797048663294813],[77.997619575985709,8.79692438955291],[77.997574856433133,8.796860586034978],[77.996842219019044,8.797120207966609],[77.997146985988209,8.797048663294813]]]]}},
{"type":"Feature","properties":{"Land_id":"432","dist_name":"Thoothukkudi","taluk_name":"Thoothukudi","vil_name":"Umarikottai","unit_id":1,"block_id":10,"survey_no":214,"sub_div":"6","KIDE":"214/6"},"geometry":{"type":"MultiPolygon","coordinates":[[[[77.99808197369083,8.797819550273017],[77.998352937305583,8.797707126790947],[77.998098850703002,8.796719119972126],[77.997574856433133,8.796860586034978],[77.99808197369083,8.797819550273017]]]]}},
{"type":"Feature","properties":{"Land_id":"433","dist_name":"Thoothukkudi","taluk_name":"Thoothukudi","vil_name":"Umarikottai","unit_id":1,"block_id":10,"survey_no":214,"sub_div":"10","KIDE":"214/10"},"geometry":{"type":"MultiPolygon","coordinates":[[[[77.997589496578811,8.798023880259626],[77.997859979368201,8.797911656273204],[77.997619575985709,8.79692438955291],[77.997146985988209,8.797048663294813],[77.997589496578811,8.798023880259626]]]]}},
{"type":"Feature","properties":{"Land_id":"434","dist_name":"Thoothukkudi","taluk_name":"Thoothukudi","vil_name":"Umarikottai","unit_id":1,"block_id":10,"survey_no":215,"sub_div":null,"KIDE":"215"},"geometry":{"type":"MultiPolygon","coordinates":[[[[77.995731748246484,8.798829441736073],[77.995973812033725,8.798757535707734],[77.996365467945765,8.798618563197206],[77.996032703687604,8.797407072833179],[77.995523127791245,8.797552850448493],[77.995709521208198,8.798514244285137],[77.995731748246484,8.798829441736073]]]]}},
{"type":"Feature","properties":{"Land_id":"437","dist_name":"Thoothukkudi","taluk_name":"Thoothukudi","vil_name":"Umarikottai","unit_id":1,"block_id":10,"survey_no":211,"sub_div":"3","KIDE":"211/3"},"geometry":{"type":"MultiPolygon","coordinates":[[[[77.997274328665782,8.800639931415382],[77.997633859953623,8.800546094628784],[77.998312257353405,8.800369034567018],[77.997856770490472,8.799074512471803],[77.997453840042738,8.799026988543682],[77.997421784642341,8.798931382758852],[77.997079823403595,8.798964077032318],[77.997274328665782,8.800639931415382]]]]}},
{"type":"Feature","properties":{"Land_id":"439","dist_name":"Thoothukkudi","taluk_name":"Thoothukudi","vil_name":"Umarikottai","unit_id":1,"block_id":10,"survey_no":213,"sub_div":"2","KIDE":"213/2"},"geometry":{"type":"MultiPolygon","coordinates":[[[[77.996837940421869,8.798389016834946],[77.996973711948314,8.79897422214979],[77.997421784642341,8.798931382758852],[77.997529850181934,8.798900394061697],[77.997341360433424,8.798144434900159],[77.996837940421869,8.798389016834946]]]]}},
{"type":"Feature","properties":{"Land_id":"440","dist_name":"Thoothukkudi","taluk_name":"Thoothukudi","vil_name":"Umarikottai","unit_id":1,"block_id":10,"survey_no":213,"sub_div":"6","KIDE":"213/6"},"geometry":{"type":"MultiPolygon","coordinates":[[[[77.99834201286663,8.797711659368014],[77.998064776198078,8.797826685555808],[77.998264508979062,8.798689724508188],[77.998537829850306,8.798611347462771],[77.99834201286663,8.797711659368014]]]]}},
{"type":"Feature","properties":{"Land_id":"441","dist_name":"Thoothukkudi","taluk_name":"Thoothukudi","vil_name":"Ramasamypuram","unit_id":2,"block_id":1,"survey_no":81,"sub_div":null,"KIDE":"81"},"geometry":{"type":"MultiPolygon","coordinates":[[[[77.999255065081954,8.796163559677387],[77.999411227416786,8.796053821014333],[78.000637088848407,8.795589936262623],[78.001370219904956,8.795319355886333],[78.001424776834639,8.79529301449374],[78.001404575465514,8.795117186757356],[78.000742138813692,8.795284256870241],[77.999930080812817,8.795479067585099],[77.999554815919822,8.795508434874748],[77.99908579498684,8.795353911452972],[77.999255065081954,8.796163559677387]]]]}},
{"type":"Feature","properties":{"Land_id":"442","dist_name":"Thoothukkudi","taluk_name":"Thoothukudi","vil_name":"Ramasamypuram","unit_id":2,"block_id":6,"survey_no":114,"sub_div":"1","KIDE":"114/1"},"geometry":{"type":"MultiPolygon","coordinates":[[[[78.000548498383239,8.792887114970332],[78.000780519499784,8.793784959451761],[78.001513990810764,8.793161521380641],[78.001377234358557,8.792660669800082],[78.001166494767332,8.792660924820634],[78.000640563172126,8.792845357287684],[78.000548498383239,8.792887114970332]]]]}},
{"type":"Feature","properties":{"Land_id":"443","dist_name":"Thoothukkudi","taluk_name":"Thoothukudi","vil_name":"Ramasamypuram","unit_id":2,"block_id":7,"survey_no":117,"sub_div":"1","KIDE":"117/1"},"geometry":{"type":"MultiPolygon","coordinates":[[[[78.001230752140103,8.793964463491543],[78.001057165618988,8.794233841813098],[78.001385356252641,8.794717021848017],[78.001791589766384,8.794654971443176],[78.001570420613703,8.793799117481004],[78.001412395514762,8.793836341688957],[78.001230752140103,8.793964463491543]]]]}},
{"type":"Feature","properties":{"Land_id":"444","dist_name":"Thoothukkudi","taluk_name":"Thoothukudi","vil_name":"Ramasamypuram","unit_id":2,"block_id":1,"survey_no":83,"sub_div":null,"KIDE":"83"},"geometry":{"type":"MultiPolygon","coordinates":[[[[78.00001883652422,8.79490981619605],[78.000717162245252,8.794809012434367],[78.001258508450903,8.794735329662347],[78.001257255434311,8.794731857442853],[78.001057165618988,8.794233841813098],[78.000321024567398,8.794713085335811],[78.00001883652422,8.79490981619605]]]]}},
{"type":"Feature","properties":{"Land_id":"445","dist_name":"Thoothukkudi","taluk_name":"Thoothukudi","vil_name":"Ramasamypuram","unit_id":2,"block_id":1,"survey_no":84,"sub_div":"2","KIDE":"84/2"},"geometry":{"type":"MultiPolygon","coordinates":[[[[77.998093920948335,8.793507563857089],[77.998209286485334,8.793995135132043],[77.998634866324423,8.794231820412525],[77.998532377199595,8.793351854330163],[77.998093920948335,8.793507563857089]]]]}},
{"type":"Feature","properties":{"Land_id":"446","dist_name":"Thoothukkudi","taluk_name":"Thoothukudi","vil_name":"Ramasamypuram","unit_id":2,"block_id":1,"survey_no":84,"sub_div":"3","KIDE":"84/3"},"geometry":{"type":"MultiPolygon","coordinates":[[[[77.998532377199595,8.793351854330163],[77.998634866324423,8.794231820412525],[77.998917968440153,8.794669121872852],[77.999132451254155,8.794622618464107],[77.999064160209528,8.793908730695611],[77.998984087283063,8.793930310463539],[77.998702048031106,8.793291598911676],[77.998532377199595,8.793351854330163]]]]}},
{"type":"Feature","properties":{"Land_id":"447","dist_name":"Thoothukkudi","taluk_name":"Thoothukudi","vil_name":"Ramasamypuram","unit_id":2,"block_id":1,"survey_no":84,"sub_div":"4","KIDE":"84/4"},"geometry":{"type":"MultiPolygon","coordinates":[[[[77.999064160209528,8.793908730695611],[77.999132451254155,8.794622618464107],[77.999734288813855,8.794492130162897],[78.000038031951618,8.794286823385317],[77.999914374384261,8.793706902827692],[77.999608381557877,8.79380445040128],[77.999064160209528,8.793908730695611]]]]}},
{"type":"Feature","properties":{"Land_id":"448","dist_name":"Thoothukkudi","taluk_name":"Thoothukudi","vil_name":"Ramasamypuram","unit_id":2,"block_id":1,"survey_no":84,"sub_div":"6A","KIDE":"84/6A"},"geometry":{"type":"MultiPolygon","coordinates":[[[[77.999851955960935,8.79302307689723],[77.999483376633535,8.793123538102424],[77.999608381557877,8.79380445040128],[77.999914374384261,8.793706902827692],[78.000038031951618,8.794286823385317],[78.000171470692138,8.794196629157321],[77.999851955960935,8.79302307689723]]]]}},
{"type":"Feature","properties":{"Land_id":"449","dist_name":"Thoothukkudi","taluk_name":"Thoothukudi","vil_name":"Ramasamypuram","unit_id":2,"block_id":1,"survey_no":84,"sub_div":"6B","KIDE":"84/6B"},"geometry":{"type":"MultiPolygon","coordinates":[[[[77.999851955960935,8.79302307689723],[78.000171470692138,8.794196629157321],[78.000260430039646,8.794136499545475],[77.999955150722172,8.792994949790494],[77.999851955960935,8.79302307689723]]]]}},
{"type":"Feature","properties":{"Land_id":"450","dist_name":"Thoothukkudi","taluk_name":"Thoothukudi","vil_name":"Ramasamypuram","unit_id":2,"block_id":1,"survey_no":84,"sub_div":"6D","KIDE":"84/6D"},"geometry":{"type":"MultiPolygon","coordinates":[[[[78.000185221564678,8.792948132781891],[78.000453175056904,8.794006218879122],[78.000780519499784,8.793784959451761],[78.000548498383239,8.792887114970332],[78.000185221564678,8.792948132781891]]]]}},
{"type":"Feature","properties":{"Land_id":"451","dist_name":"Thoothukkudi","taluk_name":"Thoothukudi","vil_name":"Ramasamypuram","unit_id":2,"block_id":6,"survey_no":114,"sub_div":"2","KIDE":"114/2"},"geometry":{"type":"MultiPolygon","coordinates":[[[[78.000640563172126,8.792845357287684],[78.00035763555114,8.791995791948183],[77.999835241937078,8.792140691357774],[78.000033289174695,8.792973652114446],[78.000548498383239,8.792887114970332],[78.000640563172126,8.792845357287684]]]]}},
{"type":"Feature","properties":{"Land_id":"452","dist_name":"Thoothukkudi","taluk_name":"Thoothukudi","vil_name":"Ramasamypuram","unit_id":2,"block_id":1,"survey_no":84,"sub_div":"1","KIDE":"84/1"},"geometry":{"type":"MultiPolygon","coordinates":[[[[77.998093920948335,8.793507563857089],[77.997816758393142,8.79360599294831],[77.997863104349136,8.793802606707343],[77.998209286485334,8.793995135132043],[77.998093920948335,8.793507563857089]]]]}},
{"type":"Feature","properties":{"Land_id":"453","dist_name":"Thoothukkudi","taluk_name":"Thoothukudi","vil_name":"Ramasamypuram","unit_id":2,"block_id":1,"survey_no":84,"sub_div":"5","KIDE":"84/5"},"geometry":{"type":"MultiPolygon","coordinates":[[[[77.999450164446216,8.793061053421884],[77.998829171169589,8.793246453509601],[77.998702048031106,8.793291598911676],[77.998984087283063,8.793930310463539],[77.999064160209528,8.793908730695611],[77.999608381557877,8.79380445040128],[77.999483376633535,8.793123538102424],[77.999450164446216,8.793061053421884]]]]}},
{"type":"Feature","properties":{"Land_id":"454","dist_name":"Thoothukkudi","taluk_name":"Thoothukudi","vil_name":"Ramasamypuram","unit_id":2,"block_id":1,"survey_no":84,"sub_div":"6C","KIDE":"84/6C"},"geometry":{"type":"MultiPolygon","coordinates":[[[[78.000260430039646,8.794136499545475],[78.000453175056904,8.794006218879122],[78.000185221564678,8.792948132781891],[78.000033289174695,8.792973652114446],[77.999955150722172,8.792994949790494],[78.000260430039646,8.794136499545475]]]]}},
{"type":"Feature","properties":{"Land_id":"455","dist_name":"Thoothukkudi","taluk_name":"Thoothukudi","vil_name":"Ramasamypuram","unit_id":2,"block_id":1,"survey_no":88,"sub_div":"2","KIDE":"88/2"},"geometry":{"type":"MultiPolygon","coordinates":[[[[77.997816758393142,8.79360599294831],[77.997574685619227,8.792592504006679],[77.997500179729272,8.792247490644362],[77.997070656275042,8.792304179179071],[77.997113208256494,8.793659498629147],[77.997439248662644,8.79369762406168],[77.997816758393142,8.79360599294831]]]]}},
{"type":"Feature","properties":{"Land_id":"456","dist_name":"Thoothukkudi","taluk_name":"Thoothukudi","vil_name":"Ramasamypuram","unit_id":2,"block_id":1,"survey_no":88,"sub_div":"3","KIDE":"88/3"},"geometry":{"type":"MultiPolygon","coordinates":[[[[77.997952542046008,8.792616881337144],[77.997914043596225,8.792521644767142],[77.997574685619227,8.792592504006679],[77.997816758393142,8.79360599294831],[77.998829171169589,8.793246453509601],[77.998648384850327,8.792479960469556],[77.997952542046008,8.792616881337144]]]]}},
{"type":"Feature","properties":{"Land_id":"457","dist_name":"Thoothukkudi","taluk_name":"Thoothukudi","vil_name":"Ramasamypuram","unit_id":2,"block_id":2,"survey_no":89,"sub_div":"1","KIDE":"89/1"},"geometry":{"type":"MultiPolygon","coordinates":[[[[77.99914400442762,8.791999820760628],[77.998936390060706,8.791344011405977],[77.99876172164204,8.790688998255476],[77.997848764922267,8.790891390583571],[77.997937228149382,8.791045615679835],[77.99811545468657,8.791017444802991],[77.998193142137396,8.791240632506796],[77.998466307592508,8.791210235045142],[77.998867166813881,8.792429020450994],[77.998648384850327,8.792479960469556],[77.998829171169589,8.793246453509601],[77.999450164446216,8.793061053421884],[77.999223422715417,8.792242988850136],[77.99914400442762,8.791999820760628]]]]}},
{"type":"Feature","properties":{"Land_id":"458","dist_name":"Thoothukkudi","taluk_name":"Thoothukudi","vil_name":"Ramasamypuram","unit_id":2,"block_id":2,"survey_no":89,"sub_div":"2","KIDE":"89/2"},"geometry":{"type":"MultiPolygon","coordinates":[[[[78.000033289174695,8.792973652114446],[77.999835241937078,8.792140691357774],[77.999223422715417,8.792242988850136],[77.999450164446216,8.793061053421884],[77.999483376633535,8.793123538102424],[78.000033289174695,8.792973652114446]]]]}},
{"type":"Feature","properties":{"Land_id":"459","dist_name":"Thoothukkudi","taluk_name":"Thoothukudi","vil_name":"Ramasamypuram","unit_id":2,"block_id":1,"survey_no":88,"sub_div":"1","KIDE":"88/1"},"geometry":{"type":"MultiPolygon","coordinates":[[[[77.996958187767021,8.793745865314133],[77.997113208256494,8.793659498629147],[77.997070656275042,8.792304179179071],[77.997500179729272,8.792247490644362],[77.997386927175398,8.791712444681471],[77.996782964331516,8.791793606855377],[77.996958187767021,8.793745865314133]]]]}},
{"type":"Feature","properties":{"Land_id":"460","dist_name":"Thoothukkudi","taluk_name":"Thoothukudi","vil_name":"Ramasamypuram","unit_id":2,"block_id":1,"survey_no":88,"sub_div":"4","KIDE":"88/4"},"geometry":{"type":"MultiPolygon","coordinates":[[[[77.9976692908579,8.791150978377143],[77.997762993097169,8.79166190791741],[77.997386927175398,8.791712444681471],[77.997500179729272,8.792247490644362],[77.997574685619227,8.792592504006679],[77.997914043596225,8.792521644767142],[77.997952542046008,8.792616881337144],[77.998648384850327,8.792479960469556],[77.998867166813881,8.792429020450994],[77.998466307592508,8.791210235045142],[77.998193142137396,8.791240632506796],[77.99811545468657,8.791017444802991],[77.997937228149382,8.791045615679835],[77.9976692908579,8.791150978377143]]]]}},
{"type":"Feature","properties":{"Land_id":"461","dist_name":"Thoothukkudi","taluk_name":"Thoothukudi","vil_name":"Ramasamypuram","unit_id":2,"block_id":6,"survey_no":113,"sub_div":"1","KIDE":"113/1"},"geometry":{"type":"MultiPolygon","coordinates":[[[[78.000505363269795,8.791954815836231],[78.001059721373494,8.791818482912804],[78.000988897824655,8.79140836796512],[78.000409454579923,8.791542518471266],[78.000505363269795,8.791954815836231]]]]}},
{"type":"Feature","properties":{"Land_id":"462","dist_name":"Thoothukkudi","taluk_name":"Thoothukudi","vil_name":"Ramasamypuram","unit_id":2,"block_id":6,"survey_no":113,"sub_div":"3","KIDE":"113/3"},"geometry":{"type":"MultiPolygon","coordinates":[[[[78.000409454579923,8.791542518471266],[78.000988897824655,8.79140836796512],[78.000970680511671,8.791304286178649],[78.000744829513238,8.791052796910945],[78.000499651560972,8.791054509782413],[78.000313755051195,8.791131120259269],[78.000409454579923,8.791542518471266]]]]}},
{"type":"Feature","properties":{"Land_id":"463","dist_name":"Thoothukkudi","taluk_name":"Thoothukudi","vil_name":"Ramasamypuram","unit_id":2,"block_id":6,"survey_no":114,"sub_div":"3","KIDE":"114/3"},"geometry":{"type":"MultiPolygon","coordinates":[[[[78.000640563172126,8.792845357287684],[78.001166494767332,8.792660924820634],[78.001027766432955,8.791826341570292],[78.000505363269795,8.791954815836231],[78.00035763555114,8.791995791948183],[78.000640563172126,8.792845357287684]]]]}},
{"type":"Feature","properties":{"Land_id":"464","dist_name":"Thoothukkudi","taluk_name":"Thoothukudi","vil_name":"Ramasamypuram","unit_id":2,"block_id":2,"survey_no":89,"sub_div":"3","KIDE":"89/3"},"geometry":{"type":"MultiPolygon","coordinates":[[[[77.99914400442762,8.791999820760628],[77.999223422715417,8.792242988850136],[77.999835241937078,8.792140691357774],[78.000505363269795,8.791954815836231],[78.000449830441724,8.791716088368309],[77.99914400442762,8.791999820760628]]]]}},
{"type":"Feature","properties":{"Land_id":"465","dist_name":"Thoothukkudi","taluk_name":"Thoothukudi","vil_name":"Ramasamypuram","unit_id":2,"block_id":2,"survey_no":89,"sub_div":"4","KIDE":"89/4"},"geometry":{"type":"MultiPolygon","coordinates":[[[[77.99914400442762,8.791999820760628],[78.000449830441724,8.791716088368309],[78.000313755051195,8.791131120259269],[77.998936390060706,8.791344011405977],[77.99914400442762,8.791999820760628]]]]}},
{"type":"Feature","properties":{"Land_id":"466","dist_name":"Thoothukkudi","taluk_name":"Thoothukudi","vil_name":"Ramasamypuram","unit_id":2,"block_id":2,"survey_no":90,"sub_div":"1","KIDE":"90/1"},"geometry":{"type":"MultiPolygon","coordinates":[[[[77.998765789101114,8.790681448122932],[77.998936390060706,8.791344011405977],[77.999375626349703,8.791271171492737],[77.99940281404244,8.790598115771445],[77.998765789101114,8.790681448122932]]]]}},
{"type":"Feature","properties":{"Land_id":"467","dist_name":"Thoothukkudi","taluk_name":"Thoothukudi","vil_name":"Ramasamypuram","unit_id":2,"block_id":2,"survey_no":90,"sub_div":"2","KIDE":"90/2"},"geometry":{"type":"MultiPolygon","coordinates":[[[[77.99940281404244,8.790598115771445],[77.999375626349703,8.791271171492737],[78.000313755051195,8.791131120259269],[78.000499651560972,8.791054509782413],[78.000054261487904,8.790513549509074],[77.99940281404244,8.790598115771445]]]]}},
{"type":"Feature","properties":{"Land_id":"468","dist_name":"Thoothukkudi","taluk_name":"Thoothukudi","vil_name":"Ramasamypuram","unit_id":2,"block_id":2,"survey_no":91,"sub_div":"1","KIDE":"91/1"},"geometry":{"type":"MultiPolygon","coordinates":[[[[77.997848764922267,8.790891390583571],[77.99876172164204,8.790688998255476],[77.998602361284782,8.79004674319053],[77.997729160585621,8.790584978704985],[77.997848764922267,8.790891390583571]]]]}},
{"type":"Feature","properties":{"Land_id":"469","dist_name":"Thoothukkudi","taluk_name":"Thoothukudi","vil_name":"Ramasamypuram","unit_id":2,"block_id":6,"survey_no":113,"sub_div":"4","KIDE":"113/4"},"geometry":{"type":"MultiPolygon","coordinates":[[[[78.000499651560972,8.791054509782413],[78.000744829513238,8.791052796910945],[78.000787733621095,8.790960301160661],[78.000644665636287,8.790807295790556],[78.000243251299835,8.790264061994336],[78.000279007595921,8.790200217082798],[78.000136992670718,8.790088610507997],[77.999939531351458,8.790102625827846],[77.999849685340706,8.790016970325031],[77.999658491416142,8.790032856518501],[78.000499651560972,8.791054509782413]]]]}},
{"type":"Feature","properties":{"Land_id":"470","dist_name":"Thoothukkudi","taluk_name":"Thoothukudi","vil_name":"Ramasamypuram","unit_id":2,"block_id":2,"survey_no":90,"sub_div":"3","KIDE":"90/3"},"geometry":{"type":"MultiPolygon","coordinates":[[[[77.998765789101114,8.790681448122932],[77.99940281404244,8.790598115771445],[78.000054261487904,8.790513549509074],[77.999658491416142,8.790032856518501],[77.999388524085248,8.790017054366388],[77.999284684384804,8.790010976257838],[77.998833451759396,8.79006888173361],[77.998602361284782,8.79004674319053],[77.998765789101114,8.790681448122932]]]]}},
{"type":"Feature","properties":{"Land_id":"471","dist_name":"Thoothukkudi","taluk_name":"Thoothukudi","vil_name":"Ramasamypuram","unit_id":2,"block_id":2,"survey_no":91,"sub_div":"2","KIDE":"91/2"},"geometry":{"type":"MultiPolygon","coordinates":[[[[77.997537227257567,8.790259753898853],[77.997600838032099,8.790432611605585],[77.997729160585621,8.790584978704985],[77.998602361284782,8.79004674319053],[77.998064396548315,8.789999736625441],[77.997537227257567,8.790259753898853]]]]}},
{"type":"Feature","properties":{"Land_id":"472","dist_name":"Thoothukkudi","taluk_name":"Thoothukudi","vil_name":"Ramasamypuram","unit_id":2,"block_id":2,"survey_no":91,"sub_div":"3","KIDE":"91/3"},"geometry":{"type":"MultiPolygon","coordinates":[[[[77.997464574364344,8.789089793259318],[77.997654804242813,8.789480383111087],[77.997308351903911,8.789637801579456],[77.997537227257567,8.790259753898853],[77.998064396548315,8.789999736625441],[77.998602361284782,8.79004674319053],[77.998482770091016,8.789937663887603],[77.998246923626184,8.789583690644037],[77.997911928028927,8.789361224337238],[77.997783558253658,8.789164766476802],[77.997464574364344,8.789089793259318]]]]}},
{"type":"Feature","properties":{"Land_id":"473","dist_name":"Thoothukkudi","taluk_name":"Thoothukudi","vil_name":"Ramasamypuram","unit_id":2,"block_id":2,"survey_no":93,"sub_div":"1","KIDE":"93/1"},"geometry":{"type":"MultiPolygon","coordinates":[[[[77.997464574364344,8.789089793259318],[77.997783558253658,8.789164766476802],[77.997911928028927,8.789361224337238],[77.998246923626184,8.789583690644037],[77.998482770091016,8.789937663887603],[77.998602361284782,8.79004674319053],[77.998833451759396,8.79006888173361],[77.999284684384804,8.790010976257838],[77.999305498438105,8.790012194578718],[77.99924125425531,8.789836892032527],[77.999109299171963,8.789429798014091],[77.998486339734072,8.789606350019721],[77.998121753881307,8.788356738392979],[77.998013096536937,8.7883244781094],[77.99754652858617,8.788185954436766],[77.997209628546713,8.788148216982828],[77.997145108244069,8.788140989818494],[77.99737670108432,8.788892870105407],[77.99739318018473,8.788946370510395],[77.997464574364344,8.789089793259318]]]]}},
{"type":"Feature","properties":{"Land_id":"474","dist_name":"Thoothukkudi","taluk_name":"Thoothukudi","vil_name":"Ramasamypuram","unit_id":2,"block_id":2,"survey_no":93,"sub_div":"2","KIDE":"93/2"},"geometry":{"type":"MultiPolygon","coordinates":[[[[77.99924125425531,8.789836892032527],[77.999305498438105,8.790012194578718],[77.99941484897009,8.790018595255921],[77.999658491416142,8.790032856518501],[77.999849685340706,8.790016970325031],[77.999939531351458,8.790102625827846],[78.000136992670718,8.790088610507997],[78.000279007595921,8.790200217082798],[78.00067204672095,8.790050084320852],[78.000641825427607,8.78997757833849],[78.000560887150613,8.789783393754213],[78.000400608812768,8.789398858975854],[77.99924125425531,8.789836892032527]]]]}},
{"type":"Feature","properties":{"Land_id":"475","dist_name":"Thoothukkudi","taluk_name":"Thoothukudi","vil_name":"Ramasamypuram","unit_id":2,"block_id":5,"survey_no":109,"sub_div":"1","KIDE":"109/1"},"geometry":{"type":"MultiPolygon","coordinates":[[[[78.000569626653686,8.789804361296785],[78.00067204672095,8.790050084320852],[78.000835669545083,8.790313125209378],[78.001522593347389,8.790142493390462],[78.001256131253967,8.789540230875289],[78.001112432744861,8.789213761786664],[78.000710205066511,8.789312876439476],[78.000394349011017,8.789383840655143],[78.000569626653686,8.789804361296785]]]]}},
{"type":"Feature","properties":{"Land_id":"476","dist_name":"Thoothukkudi","taluk_name":"Thoothukudi","vil_name":"Ramasamypuram","unit_id":2,"block_id":5,"survey_no":109,"sub_div":"4","KIDE":"109/4"},"geometry":{"type":"MultiPolygon","coordinates":[[[[78.000111155145902,8.788704410785709],[78.000348776851553,8.789274505354596],[78.000394349011017,8.789383840655143],[78.000710205066511,8.789312876439476],[78.000587968107936,8.788876072694551],[78.000468023063846,8.788446046976638],[78.000085725146661,8.788532373025308],[78.000111155145902,8.788704410785709]]]]}},
{"type":"Feature","properties":{"Land_id":"477","dist_name":"Thoothukkudi","taluk_name":"Thoothukudi","vil_name":"Ramasamypuram","unit_id":2,"block_id":6,"survey_no":113,"sub_div":"5","KIDE":"113/5"},"geometry":{"type":"MultiPolygon","coordinates":[[[[78.000787733621095,8.790960301160661],[78.00098400140223,8.791108150971448],[78.001121626882892,8.791520773499752],[78.001809609105905,8.791241989824595],[78.000776373926186,8.790257371442731],[78.00067204672095,8.790050084320852],[78.000563677541152,8.790091479091087],[78.000279007595921,8.790200217082798],[78.000243251299835,8.790264061994336],[78.000644665636287,8.790807295790556],[78.000787733621095,8.790960301160661]]]]}},
{"type":"Feature","properties":{"Land_id":"478","dist_name":"Thoothukkudi","taluk_name":"Thoothukudi","vil_name":"Ramasamypuram","unit_id":2,"block_id":2,"survey_no":93,"sub_div":"3","KIDE":"93/3"},"geometry":{"type":"MultiPolygon","coordinates":[[[[77.999056517176641,8.789266960437836],[77.999109299171963,8.789429798014091],[77.99924125425531,8.789836892032527],[78.000400608812768,8.789398858975854],[78.000336497498665,8.789245045114976],[78.00018222210943,8.788874912423271],[77.999056517176641,8.789266960437836]]]]}},
{"type":"Feature","properties":{"Land_id":"479","dist_name":"Thoothukkudi","taluk_name":"Thoothukudi","vil_name":"Ramasamypuram","unit_id":2,"block_id":2,"survey_no":93,"sub_div":"4","KIDE":"93/4"},"geometry":{"type":"MultiPolygon","coordinates":[[[[77.999614570830914,8.788640971888023],[77.999164467494509,8.788583470958889],[77.998804972328017,8.788537545269339],[77.999056517176641,8.789266960437836],[78.00018222210943,8.788874912423271],[78.000111155145902,8.788704410785709],[77.999614570830914,8.788640971888023]]]]}},
{"type":"Feature","properties":{"Land_id":"480","dist_name":"Thoothukkudi","taluk_name":"Thoothukudi","vil_name":"Ramasamypuram","unit_id":2,"block_id":2,"survey_no":93,"sub_div":"5","KIDE":"93/5"},"geometry":{"type":"MultiPolygon","coordinates":[[[[77.998121753881307,8.788356738392979],[77.998486339734072,8.789606350019721],[77.999109299171963,8.789429798014091],[77.999056517176641,8.789266960437836],[77.998804972328017,8.788537545269339],[77.998674671829278,8.788520899314648],[77.99830590066982,8.788411411435581],[77.998121753881307,8.788356738392979]]]]}},
{"type":"Feature","properties":{"Land_id":"481","dist_name":"Thoothukkudi","taluk_name":"Thoothukudi","vil_name":"Ramasamypuram","unit_id":2,"block_id":3,"survey_no":94,"sub_div":"1A","KIDE":"94/1A"},"geometry":{"type":"MultiPolygon","coordinates":[[[[77.998096519486509,8.788133203046009],[77.998106718736182,8.788358850241575],[77.998342629964611,8.788426160722597],[77.998674671829278,8.788520899314648],[77.999180460703585,8.788585514099447],[77.999269758101889,8.788596921887295],[77.999219970836535,8.788201361698956],[77.998892373025441,8.788180091020028],[77.998096519486509,8.788133203046009]]]]}},
{"type":"Feature","properties":{"Land_id":"482","dist_name":"Thoothukkudi","taluk_name":"Thoothukudi","vil_name":"Ramasamypuram","unit_id":2,"block_id":3,"survey_no":94,"sub_div":"1B","KIDE":"94/1B"},"geometry":{"type":"MultiPolygon","coordinates":[[[[77.999219970836535,8.788201361698956],[77.999269758101889,8.788596921887295],[77.99961623222616,8.788641184132107],[78.000111155145902,8.788704410785709],[78.000085725146661,8.788532373025308],[78.000015508609209,8.788250770371464],[77.999219970836535,8.788201361698956]]]]}},
{"type":"Feature","properties":{"Land_id":"483","dist_name":"Thoothukkudi","taluk_name":"Thoothukudi","vil_name":"Ramasamypuram","unit_id":2,"block_id":3,"survey_no":95,"sub_div":"1","KIDE":"95/1"},"geometry":{"type":"MultiPolygon","coordinates":[[[[77.997240762134865,8.788151704374371],[77.99754652858617,8.788185954436766],[77.998015963437723,8.788330839734131],[77.998106718736182,8.788358850241575],[77.998080102302026,8.787769990873148],[77.997940891284443,8.787126760286073],[77.997052865830625,8.787244583965597],[77.99674414728608,8.787456878287331],[77.996924953156238,8.787929245721237],[77.996986302292939,8.788180630779372],[77.997145108244069,8.788140989818494],[77.997240762134865,8.788151704374371]]]]}},
{"type":"Feature","properties":{"Land_id":"484","dist_name":"Thoothukkudi","taluk_name":"Thoothukudi","vil_name":"Ramasamypuram","unit_id":2,"block_id":4,"survey_no":105,"sub_div":"1","KIDE":"105/1"},"geometry":{"type":"MultiPolygon","coordinates":[[[[77.998341707717699,8.78502387593419],[77.998545186813089,8.786390283455283],[77.998873108921146,8.786335773443222],[77.998783557693102,8.785059994903738],[77.998748128124646,8.784975650624553],[77.998341707717699,8.78502387593419]]]]}},
{"type":"Feature","properties":{"Land_id":"485","dist_name":"Thoothukkudi","taluk_name":"Thoothukudi","vil_name":"Ramasamypuram","unit_id":2,"block_id":4,"survey_no":105,"sub_div":"2","KIDE":"105/2"},"geometry":{"type":"MultiPolygon","coordinates":[[[[77.998873108921146,8.786335773443222],[77.999539754707499,8.786224957889891],[77.999586287680486,8.786207739562647],[77.999368101407569,8.784973112286451],[77.998783557693102,8.785059994903738],[77.998873108921146,8.786335773443222]]]]}},
{"type":"Feature","properties":{"Land_id":"486","dist_name":"Thoothukkudi","taluk_name":"Thoothukudi","vil_name":"Ramasamypuram","unit_id":2,"block_id":4,"survey_no":105,"sub_div":"3","KIDE":"105/3"},"geometry":{"type":"MultiPolygon","coordinates":[[[[77.999368101407569,8.784973112286451],[77.999586287680486,8.786207739562647],[77.999539754707499,8.786224957889891],[77.999560559075519,8.786426200252905],[78.000119787046302,8.786337462040814],[77.999804629751665,8.784908229670972],[77.999368101407569,8.784973112286451]]]]}},
{"type":"Feature","properties":{"Land_id":"487","dist_name":"Thoothukkudi","taluk_name":"Thoothukudi","vil_name":"Ramasamypuram","unit_id":2,"block_id":5,"survey_no":108,"sub_div":"1A","KIDE":"108/1A"},"geometry":{"type":"MultiPolygon","coordinates":[[[[77.999560559075519,8.786426200252905],[78.000085725146661,8.788532373025308],[78.000465024334133,8.78844672404243],[77.999944114591102,8.786365337720147],[77.999560559075519,8.786426200252905]]]]}},
{"type":"Feature","properties":{"Land_id":"488","dist_name":"Thoothukkudi","taluk_name":"Thoothukudi","vil_name":"Ramasamypuram","unit_id":2,"block_id":3,"survey_no":94,"sub_div":"4","KIDE":"94/4"},"geometry":{"type":"MultiPolygon","coordinates":[[[[77.998271592046578,8.787034398391169],[77.999639948126841,8.786744589173114],[77.999560559075519,8.786426200252905],[77.999539754707499,8.786224957889891],[77.998549564534812,8.786385959856826],[77.99823925296019,8.78643641559276],[77.998271592046578,8.787034398391169]]]]}},
{"type":"Feature","properties":{"Land_id":"489","dist_name":"Thoothukkudi","taluk_name":"Thoothukudi","vil_name":"Ramasamypuram","unit_id":2,"block_id":3,"survey_no":94,"sub_div":"2A","KIDE":"94/2A"},"geometry":{"type":"MultiPolygon","coordinates":[[[[77.998096519486509,8.788133203046009],[77.998892373025441,8.788180091020028],[77.998721816009734,8.787490379597198],[77.998033437013945,8.787554371871387],[77.998080102302026,8.787769990873148],[77.998096519486509,8.788133203046009]]]]}},
{"type":"Feature","properties":{"Land_id":"490","dist_name":"Thoothukkudi","taluk_name":"Thoothukudi","vil_name":"Ramasamypuram","unit_id":2,"block_id":3,"survey_no":94,"sub_div":"2B","KIDE":"94/2B"},"geometry":{"type":"MultiPolygon","coordinates":[[[[77.999219970836535,8.788201361698956],[78.000015508609209,8.788250770371464],[77.999800902633623,8.787390095458493],[77.998721816009734,8.787490379597198],[77.998892373025441,8.788180091020028],[77.999219970836535,8.788201361698956]]]]}},
{"type":"Feature","properties":{"Land_id":"491","dist_name":"Thoothukkudi","taluk_name":"Thoothukudi","vil_name":"Ramasamypuram","unit_id":2,"block_id":3,"survey_no":94,"sub_div":"3A","KIDE":"94/3A"},"geometry":{"type":"MultiPolygon","coordinates":[[[[77.998721816009734,8.787490379597198],[77.998643705317207,8.787326894978422],[77.998792249182969,8.787092659305262],[77.999710174868554,8.787026232751067],[77.999639948126841,8.786744589173114],[77.998271592046578,8.787034398391169],[77.997940891284443,8.787126760286073],[77.998033437013945,8.787554371871387],[77.998721816009734,8.787490379597198]]]]}},
{"type":"Feature","properties":{"Land_id":"492","dist_name":"Thoothukkudi","taluk_name":"Thoothukudi","vil_name":"Ramasamypuram","unit_id":2,"block_id":3,"survey_no":94,"sub_div":"3B","KIDE":"94/3B"},"geometry":{"type":"MultiPolygon","coordinates":[[[[77.998721816009734,8.787490379597198],[77.999800902633623,8.787390095458493],[77.999710174868554,8.787026232751067],[77.998792249182969,8.787092659305262],[77.998643705317207,8.787326894978422],[77.998721816009734,8.787490379597198]]]]}},
{"type":"Feature","properties":{"Land_id":"493","dist_name":"Thoothukkudi","taluk_name":"Thoothukudi","vil_name":"Ramasamypuram","unit_id":2,"block_id":3,"survey_no":95,"sub_div":"2","KIDE":"95/2"},"geometry":{"type":"MultiPolygon","coordinates":[[[[77.9982311319053,8.786281540841461],[77.997420543211604,8.786378564428484],[77.996604658484884,8.786348626317643],[77.99674414728608,8.787456878287331],[77.997052865830625,8.787244583965597],[77.997940891284443,8.787126760286073],[77.998271592046578,8.787034398391169],[77.998242012965363,8.786484008948495],[77.9982311319053,8.786281540841461]]]]}},
{"type":"Feature","properties":{"Land_id":"494","dist_name":"Thoothukkudi","taluk_name":"Thoothukudi","vil_name":"Ramasamypuram","unit_id":2,"block_id":4,"survey_no":105,"sub_div":"4A","KIDE":"105/4A"},"geometry":{"type":"MultiPolygon","coordinates":[[[[78.000033841330918,8.784874161214798],[77.999804629751665,8.784908229670972],[78.000119787046302,8.786337462040814],[78.000357659836681,8.786299716421452],[78.000033841330918,8.784874161214798]]]]}},
{"type":"Feature","properties":{"Land_id":"495","dist_name":"Thoothukkudi","taluk_name":"Thoothukudi","vil_name":"Ramasamypuram","unit_id":2,"block_id":4,"survey_no":105,"sub_div":"4B","KIDE":"105/4B"},"geometry":{"type":"MultiPolygon","coordinates":[[[[78.000033841330918,8.784874161214798],[78.000357659836681,8.786299716421452],[78.000586979029123,8.786263328085749],[78.000285974507094,8.784836685847758],[78.000033841330918,8.784874161214798]]]]}},
{"type":"Feature","properties":{"Land_id":"496","dist_name":"Thoothukkudi","taluk_name":"Thoothukudi","vil_name":"Ramasamypuram","unit_id":2,"block_id":4,"survey_no":106,"sub_div":"1","KIDE":"106/1"},"geometry":{"type":"MultiPolygon","coordinates":[[[[78.000285974507094,8.784836685847758],[78.000586979029123,8.786263328085749],[78.000634863871682,8.786425093048559],[78.001128684590284,8.786300798984168],[78.001533744899817,8.786256961058909],[78.001333894653385,8.784684190989431],[78.000551197265295,8.784784269800562],[78.000285974507094,8.784836685847758]]]]}},
{"type":"Feature","properties":{"Land_id":"497","dist_name":"Thoothukkudi","taluk_name":"Thoothukudi","vil_name":"Ramasamypuram","unit_id":2,"block_id":5,"survey_no":108,"sub_div":"1B","KIDE":"108/1B"},"geometry":{"type":"MultiPolygon","coordinates":[[[[78.000715534028117,8.788390156822675],[78.000377980685215,8.786507103525629],[78.000327065295238,8.786304571158784],[77.999944114591102,8.786365337720147],[78.000465024334133,8.78844672404243],[78.000715534028117,8.788390156822675]]]]}},
{"type":"Feature","properties":{"Land_id":"498","dist_name":"Thoothukkudi","taluk_name":"Thoothukudi","vil_name":"Ramasamypuram","unit_id":2,"block_id":5,"survey_no":108,"sub_div":"2B","KIDE":"108/2B"},"geometry":{"type":"MultiPolygon","coordinates":[[[[78.000377980685215,8.786507103525629],[78.000634863871682,8.786425093048559],[78.000586979029123,8.786263328085749],[78.000327065295238,8.786304571158784],[78.000377980685215,8.786507103525629]]]]}},
{"type":"Feature","properties":{"Land_id":"499","dist_name":"Thoothukkudi","taluk_name":"Thoothukudi","vil_name":"Ramasamypuram","unit_id":2,"block_id":4,"survey_no":106,"sub_div":"2","KIDE":"106/2"},"geometry":{"type":"MultiPolygon","coordinates":[[[[78.001533744899817,8.786256961058909],[78.001989257228274,8.786207662929865],[78.001863081466482,8.785430306200201],[78.001737435295368,8.784668077601699],[78.001333894653385,8.784684190989431],[78.001533744899817,8.786256961058909]]]]}},
{"type":"Feature","properties":{"Land_id":"500","dist_name":"Thoothukkudi","taluk_name":"Thoothukudi","vil_name":"Ramasamypuram","unit_id":2,"block_id":4,"survey_no":106,"sub_div":"3A","KIDE":"106/3A"},"geometry":{"type":"MultiPolygon","coordinates":[[[[78.001863081466482,8.785430306200201],[78.001989257228274,8.786207662929865],[78.002455383605124,8.786157216088274],[78.002379663833835,8.785378726049156],[78.001863081466482,8.785430306200201]]]]}},
{"type":"Feature","properties":{"Land_id":"501","dist_name":"Thoothukkudi","taluk_name":"Thoothukudi","vil_name":"Ramasamypuram","unit_id":2,"block_id":4,"survey_no":106,"sub_div":"3B","KIDE":"106/3B"},"geometry":{"type":"MultiPolygon","coordinates":[[[[78.001737435295368,8.784668077601699],[78.001863081466482,8.785430306200201],[78.002379663833835,8.785378726049156],[78.002327382459342,8.785049554728889],[78.002169357787608,8.78465083092599],[78.001737435295368,8.784668077601699]]]]}},
{"type":"Feature","properties":{"Land_id":"502","dist_name":"Thoothukkudi","taluk_name":"Thoothukudi","vil_name":"Ramasamypuram","unit_id":2,"block_id":4,"survey_no":106,"sub_div":"4","KIDE":"106/4"},"geometry":{"type":"MultiPolygon","coordinates":[[[[78.002455383605124,8.786157216088274],[78.002967464511258,8.786111308786797],[78.002782669483992,8.784964466291596],[78.002327382459342,8.785049554728889],[78.002379663833835,8.785378726049156],[78.002455383605124,8.786157216088274]]]]}},
{"type":"Feature","properties":{"Land_id":"503","dist_name":"Thoothukkudi","taluk_name":"Thoothukudi","vil_name":"Ramasamypuram","unit_id":2,"block_id":4,"survey_no":106,"sub_div":"5","KIDE":"106/5"},"geometry":{"type":"MultiPolygon","coordinates":[[[[78.002967464511258,8.786111308786797],[78.003400476015699,8.786072489941104],[78.003176338980097,8.784890893533271],[78.002782669483992,8.784964466291596],[78.002967464511258,8.786111308786797]]]]}},
{"type":"Feature","properties":{"Land_id":"504","dist_name":"Thoothukkudi","taluk_name":"Thoothukudi","vil_name":"Ramasamypuram","unit_id":2,"block_id":4,"survey_no":107,"sub_div":null,"KIDE":"107"},"geometry":{"type":"MultiPolygon","coordinates":[[[[78.001569439407987,8.787865051612307],[78.002531448785859,8.787699689910655],[78.003771491448347,8.787441396798595],[78.003500797426383,8.786063828955783],[78.003400476015699,8.786072489941104],[78.002455383605124,8.786157216088274],[78.001128684590284,8.786300798984168],[78.001569439407987,8.787865051612307]]]]}},
{"type":"Feature","properties":{"Land_id":"505","dist_name":"Thoothukkudi","taluk_name":"Thoothukudi","vil_name":"Ramasamypuram","unit_id":2,"block_id":5,"survey_no":108,"sub_div":"2A","KIDE":"108/2A"},"geometry":{"type":"MultiPolygon","coordinates":[[[[78.000715534028117,8.788390156822675],[78.001063048200464,8.788311685278172],[78.000634863871682,8.786425093048559],[78.000377980685215,8.786507103525629],[78.000715534028117,8.788390156822675]]]]}},
{"type":"Feature","properties":{"Land_id":"506","dist_name":"Thoothukkudi","taluk_name":"Thoothukudi","vil_name":"Ramasamypuram","unit_id":2,"block_id":5,"survey_no":108,"sub_div":"3","KIDE":"108/3"},"geometry":{"type":"MultiPolygon","coordinates":[[[[78.000634863871682,8.786425093048559],[78.001063048200464,8.788311685278172],[78.001255270125498,8.78826827999417],[78.001051722272592,8.787516058154331],[78.000748390386093,8.786396518565228],[78.000634863871682,8.786425093048559]]]]}},
{"type":"Feature","properties":{"Land_id":"507","dist_name":"Thoothukkudi","taluk_name":"Thoothukudi","vil_name":"Ramasamypuram","unit_id":2,"block_id":5,"survey_no":108,"sub_div":"4B","KIDE":"108/4B"},"geometry":{"type":"MultiPolygon","coordinates":[[[[78.000748390386093,8.786396518565228],[78.001051722272592,8.787516058154331],[78.001245552306429,8.78747103896983],[78.0009303853642,8.786350710654228],[78.000748390386093,8.786396518565228]]]]}},
{"type":"Feature","properties":{"Land_id":"508","dist_name":"Thoothukkudi","taluk_name":"Thoothukudi","vil_name":"Ramasamypuram","unit_id":2,"block_id":5,"survey_no":108,"sub_div":"5","KIDE":"108/5"},"geometry":{"type":"MultiPolygon","coordinates":[[[[78.001569439407987,8.787865051612307],[78.001128684590284,8.786300798984168],[78.0009303853642,8.786350710654228],[78.001245552306429,8.78747103896983],[78.001456391149958,8.788222865220682],[78.001635801036031,8.788182352999943],[78.001569439407987,8.787865051612307]]]]}},
{"type":"Feature","properties":{"Land_id":"509","dist_name":"Thoothukkudi","taluk_name":"Thoothukudi","vil_name":"Ramasamypuram","unit_id":2,"block_id":9,"survey_no":129,"sub_div":"1","KIDE":"129/1"},"geometry":{"type":"MultiPolygon","coordinates":[[[[78.003941787531588,8.784759658698862],[78.003176338980097,8.784890893533271],[78.003400476015699,8.786072489941104],[78.003937023021749,8.786026168878374],[78.004249349852245,8.78718829058027],[78.004517384186698,8.787127509709247],[78.004394194848999,8.786621340195822],[78.003941787531588,8.784759658698862]]]]}},
{"type":"Feature","properties":{"Land_id":"510","dist_name":"Thoothukkudi","taluk_name":"Thoothukudi","vil_name":"Ramasamypuram","unit_id":2,"block_id":5,"survey_no":110,"sub_div":"5","KIDE":"110/5"},"geometry":{"type":"MultiPolygon","coordinates":[[[[78.001684594063221,8.788457522444171],[78.002475322242077,8.788295051106175],[78.002573651050483,8.788677530558312],[78.003371900865659,8.788509799411917],[78.002531448785859,8.787699689910655],[78.001569439407987,8.787865051612307],[78.001640292476225,8.788229590728813],[78.001684594063221,8.788457522444171]]]]}},
{"type":"Feature","properties":{"Land_id":"511","dist_name":"Thoothukkudi","taluk_name":"Thoothukudi","vil_name":"Ramasamypuram","unit_id":2,"block_id":5,"survey_no":110,"sub_div":"6","KIDE":"110/6"},"geometry":{"type":"MultiPolygon","coordinates":[[[[78.003371900865659,8.788509799411917],[78.00405997413209,8.788360370088235],[78.003771491448347,8.787441396798595],[78.002531448785859,8.787699689910655],[78.003371900865659,8.788509799411917]]]]}},
{"type":"Feature","properties":{"Land_id":"512","dist_name":"Thoothukkudi","taluk_name":"Thoothukudi","vil_name":"Ramasamypuram","unit_id":2,"block_id":8,"survey_no":127,"sub_div":"2B","KIDE":"127/2B"},"geometry":{"type":"MultiPolygon","coordinates":[[[[78.004249349852245,8.78718829058027],[78.003937023021749,8.786026168878374],[78.003500797426383,8.786063828955783],[78.003771491448347,8.787441396798595],[78.003866164886105,8.787742979584634],[78.004402871882476,8.787611001006033],[78.004249349852245,8.78718829058027]]]]}},
{"type":"Feature","properties":{"Land_id":"513","dist_name":"Thoothukkudi","taluk_name":"Thoothukudi","vil_name":"Ramasamypuram","unit_id":2,"block_id":5,"survey_no":108,"sub_div":"4A","KIDE":"108/4A"},"geometry":{"type":"MultiPolygon","coordinates":[[[[78.001051722272592,8.787516058154331],[78.001255270125498,8.78826827999417],[78.001456391149958,8.788222865220682],[78.001245552306429,8.78747103896983],[78.001051722272592,8.787516058154331]]]]}},
{"type":"Feature","properties":{"Land_id":"514","dist_name":"Thoothukkudi","taluk_name":"Thoothukudi","vil_name":"Ramasamypuram","unit_id":2,"block_id":5,"survey_no":109,"sub_div":"6","KIDE":"109/6"},"geometry":{"type":"MultiPolygon","coordinates":[[[[78.001635801036031,8.788182352999943],[78.00084530664661,8.788360853206374],[78.000975764940762,8.78877831199045],[78.001030978764135,8.788954233738503],[78.001748109263389,8.788784308221075],[78.001635801036031,8.788182352999943]]]]}},
{"type":"Feature","properties":{"Land_id":"515","dist_name":"Thoothukkudi","taluk_name":"Thoothukudi","vil_name":"Ramasamypuram","unit_id":2,"block_id":5,"survey_no":109,"sub_div":"2","KIDE":"109/2"},"geometry":{"type":"MultiPolygon","coordinates":[[[[78.001256131253967,8.789540230875289],[78.001522593347389,8.790142493390462],[78.00213914689347,8.789989341537703],[78.001850937971398,8.789038169268075],[78.001256131253967,8.789540230875289]]]]}},
{"type":"Feature","properties":{"Land_id":"516","dist_name":"Thoothukkudi","taluk_name":"Thoothukudi","vil_name":"Ramasamypuram","unit_id":2,"block_id":5,"survey_no":109,"sub_div":"3","KIDE":"109/3"},"geometry":{"type":"MultiPolygon","coordinates":[[[[78.001030978764135,8.788954233738503],[78.001112432744861,8.789213761786664],[78.001256131253967,8.789540230875289],[78.001850937971398,8.789038169268075],[78.001748109263389,8.788784308221075],[78.001030978764135,8.788954233738503]]]]}},
{"type":"Feature","properties":{"Land_id":"517","dist_name":"Thoothukkudi","taluk_name":"Thoothukudi","vil_name":"Ramasamypuram","unit_id":2,"block_id":5,"survey_no":109,"sub_div":"5A","KIDE":"109/5A"},"geometry":{"type":"MultiPolygon","coordinates":[[[[78.000975764940762,8.78877831199045],[78.000587968107936,8.788876072694551],[78.000710205066511,8.789312876439476],[78.001112432744861,8.789213761786664],[78.001030978764135,8.788954233738503],[78.000975764940762,8.78877831199045]]]]}},
{"type":"Feature","properties":{"Land_id":"518","dist_name":"Thoothukkudi","taluk_name":"Thoothukudi","vil_name":"Ramasamypuram","unit_id":2,"block_id":5,"survey_no":109,"sub_div":"5B","KIDE":"109/5B"},"geometry":{"type":"MultiPolygon","coordinates":[[[[78.000468023063846,8.788446046976638],[78.000587968107936,8.788876072694551],[78.000975764940762,8.78877831199045],[78.00084530664661,8.788360853206374],[78.000468023063846,8.788446046976638]]]]}},
{"type":"Feature","properties":{"Land_id":"519","dist_name":"Thoothukkudi","taluk_name":"Thoothukudi","vil_name":"Ramasamypuram","unit_id":2,"block_id":5,"survey_no":110,"sub_div":"1","KIDE":"110/1"},"geometry":{"type":"MultiPolygon","coordinates":[[[[78.00213914689347,8.789989341537703],[78.002841828648002,8.789839012045555],[78.002770178471366,8.789441871443467],[78.002023896206282,8.789608981148708],[78.00213914689347,8.789989341537703]]]]}},
{"type":"Feature","properties":{"Land_id":"520","dist_name":"Thoothukkudi","taluk_name":"Thoothukudi","vil_name":"Ramasamypuram","unit_id":2,"block_id":5,"survey_no":110,"sub_div":"2","KIDE":"110/2"},"geometry":{"type":"MultiPolygon","coordinates":[[[[78.002671105766595,8.789056610021616],[78.001909872842418,8.78923267127942],[78.002023896206282,8.789608981148708],[78.002770178471366,8.789441871443467],[78.002733539716615,8.789238791174846],[78.002671105766595,8.789056610021616]]]]}},
{"type":"Feature","properties":{"Land_id":"521","dist_name":"Thoothukkudi","taluk_name":"Thoothukudi","vil_name":"Ramasamypuram","unit_id":2,"block_id":5,"survey_no":110,"sub_div":"3","KIDE":"110/3"},"geometry":{"type":"MultiPolygon","coordinates":[[[[78.001850937971398,8.789038169268075],[78.001909872842418,8.78923267127942],[78.002671105766595,8.789056610021616],[78.002573651050483,8.788677530558312],[78.001850937971398,8.789038169268075]]]]}},
{"type":"Feature","properties":{"Land_id":"522","dist_name":"Thoothukkudi","taluk_name":"Thoothukudi","vil_name":"Ramasamypuram","unit_id":2,"block_id":5,"survey_no":110,"sub_div":"4","KIDE":"110/4"},"geometry":{"type":"MultiPolygon","coordinates":[[[[78.001850937971398,8.789038169268075],[78.002573651050483,8.788677530558312],[78.002475322242077,8.788295051106175],[78.001684594063221,8.788457522444171],[78.001748109263389,8.788784308221075],[78.001850937971398,8.789038169268075]]]]}},
{"type":"Feature","properties":{"Land_id":"523","dist_name":"Thoothukkudi","taluk_name":"Thoothukudi","vil_name":"Ramasamypuram","unit_id":2,"block_id":6,"survey_no":111,"sub_div":"1B","KIDE":"111/1B"},"geometry":{"type":"MultiPolygon","coordinates":[[[[78.002127883726786,8.789992139307429],[78.000835669545083,8.790313125209378],[78.001091508527551,8.790557123695082],[78.002263695795619,8.790332963926609],[78.00213914689347,8.789989341537703],[78.002127883726786,8.789992139307429]]]]}},
{"type":"Feature","properties":{"Land_id":"524","dist_name":"Thoothukkudi","taluk_name":"Thoothukudi","vil_name":"Ramasamypuram","unit_id":2,"block_id":6,"survey_no":111,"sub_div":"3","KIDE":"111/3"},"geometry":{"type":"MultiPolygon","coordinates":[[[[78.002835034210463,8.790350684357776],[78.00269135910672,8.789879074243487],[78.00213914689347,8.789989341537703],[78.002263695795619,8.790332963926609],[78.002324944406951,8.790515795370805],[78.002835034210463,8.790350684357776]]]]}},
{"type":"Feature","properties":{"Land_id":"525","dist_name":"Thoothukkudi","taluk_name":"Thoothukudi","vil_name":"Ramasamypuram","unit_id":2,"block_id":5,"survey_no":110,"sub_div":"7","KIDE":"110/7"},"geometry":{"type":"MultiPolygon","coordinates":[[[[78.002573651050483,8.788677530558312],[78.002671105766595,8.789056610021616],[78.002733539716615,8.789238791174846],[78.004242825024662,8.788942849022771],[78.00405997413209,8.788360370088235],[78.003371900865659,8.788509799411917],[78.002573651050483,8.788677530558312]]]]}},
{"type":"Feature","properties":{"Land_id":"526","dist_name":"Thoothukkudi","taluk_name":"Thoothukudi","vil_name":"Ramasamypuram","unit_id":2,"block_id":8,"survey_no":126,"sub_div":"1","KIDE":"126/1"},"geometry":{"type":"MultiPolygon","coordinates":[[[[78.004242825024662,8.788942849022771],[78.002733539716615,8.789238791174846],[78.002841828648002,8.789839012045555],[78.00322628665019,8.78977290861952],[78.003732501901993,8.789685870341572],[78.004356510824181,8.789525725138811],[78.004272925031685,8.789038716391708],[78.004242825024662,8.788942849022771]]]]}},
{"type":"Feature","properties":{"Land_id":"527","dist_name":"Thoothukkudi","taluk_name":"Thoothukudi","vil_name":"Ramasamypuram","unit_id":2,"block_id":6,"survey_no":111,"sub_div":"1A","KIDE":"111/1A"},"geometry":{"type":"MultiPolygon","coordinates":[[[[78.001091508527551,8.790557123695082],[78.001809609105905,8.791241989824595],[78.002481951667605,8.790986163747288],[78.002324944406951,8.790515795370805],[78.002263695795619,8.790332963926609],[78.001091508527551,8.790557123695082]]]]}},
{"type":"Feature","properties":{"Land_id":"528","dist_name":"Thoothukkudi","taluk_name":"Thoothukudi","vil_name":"Ramasamypuram","unit_id":2,"block_id":6,"survey_no":111,"sub_div":"2","KIDE":"111/2"},"geometry":{"type":"MultiPolygon","coordinates":[[[[78.002324944406951,8.790515795370805],[78.002481951667605,8.790986163747288],[78.003500816841111,8.790598485954014],[78.00335073969373,8.790184728052097],[78.002835034210463,8.790350684357776],[78.002324944406951,8.790515795370805]]]]}},
{"type":"Feature","properties":{"Land_id":"529","dist_name":"Thoothukkudi","taluk_name":"Thoothukudi","vil_name":"Ramasamypuram","unit_id":2,"block_id":6,"survey_no":111,"sub_div":"4","KIDE":"111/4"},"geometry":{"type":"MultiPolygon","coordinates":[[[[78.002835034210463,8.790350684357776],[78.00335073969373,8.790184728052097],[78.003202828829899,8.789776942524748],[78.002885323329721,8.789840342919673],[78.00269135910672,8.789879074243487],[78.002835034210463,8.790350684357776]]]]}},
{"type":"Feature","properties":{"Land_id":"530","dist_name":"Thoothukkudi","taluk_name":"Thoothukudi","vil_name":"Ramasamypuram","unit_id":2,"block_id":6,"survey_no":112,"sub_div":"1","KIDE":"112/1"},"geometry":{"type":"MultiPolygon","coordinates":[[[[78.001955938540078,8.791186311533094],[78.001809609105905,8.791241989824595],[78.001121626882892,8.791520773499752],[78.001183289130751,8.791788093975626],[78.001221348558659,8.792363525019127],[78.001934371875265,8.792192660021511],[78.002176319545086,8.792130350411142],[78.001955938540078,8.791186311533094]]]]}},
{"type":"Feature","properties":{"Land_id":"531","dist_name":"Thoothukkudi","taluk_name":"Thoothukudi","vil_name":"Ramasamypuram","unit_id":2,"block_id":6,"survey_no":112,"sub_div":"2","KIDE":"112/2"},"geometry":{"type":"MultiPolygon","coordinates":[[[[78.002951060254532,8.791930828788228],[78.00278499416585,8.790870856197236],[78.001955938540078,8.791186311533094],[78.002176319545086,8.792130350411142],[78.002951060254532,8.791930828788228]]]]}},
{"type":"Feature","properties":{"Land_id":"532","dist_name":"Thoothukkudi","taluk_name":"Thoothukudi","vil_name":"Ramasamypuram","unit_id":2,"block_id":6,"survey_no":112,"sub_div":"3","KIDE":"112/3"},"geometry":{"type":"MultiPolygon","coordinates":[[[[78.003492932756373,8.790601485845119],[78.00278499416585,8.790870856197236],[78.002951060254532,8.791930828788228],[78.002975590385844,8.791924511459671],[78.003125564759955,8.792068842862497],[78.00368054334362,8.791939095917909],[78.003597716949017,8.791555234456432],[78.003492932756373,8.790601485845119]]]]}},
{"type":"Feature","properties":{"Land_id":"533","dist_name":"Thoothukkudi","taluk_name":"Thoothukudi","vil_name":"Ramasamypuram","unit_id":2,"block_id":6,"survey_no":112,"sub_div":"4","KIDE":"112/4"},"geometry":{"type":"MultiPolygon","coordinates":[[[[78.003620976121823,8.789705046125306],[78.003202828829899,8.789776942524748],[78.003500816841111,8.790598485954014],[78.003492932756373,8.790601485845119],[78.003597716949017,8.791555234456432],[78.003933110903134,8.791416534289356],[78.003620976121823,8.789705046125306]]]]}},
{"type":"Feature","properties":{"Land_id":"534","dist_name":"Thoothukkudi","taluk_name":"Thoothukudi","vil_name":"Ramasamypuram","unit_id":2,"block_id":6,"survey_no":112,"sub_div":"5","KIDE":"112/5"},"geometry":{"type":"MultiPolygon","coordinates":[[[[78.003620976121823,8.789705046125306],[78.003933110903134,8.791416534289356],[78.004430933895506,8.79121066256338],[78.004055574127136,8.789938399948648],[78.00380260835712,8.789979148129603],[78.003732501901993,8.789685870341572],[78.003620976121823,8.789705046125306]]]]}},
{"type":"Feature","properties":{"Land_id":"535","dist_name":"Thoothukkudi","taluk_name":"Thoothukudi","vil_name":"Ramasamypuram","unit_id":2,"block_id":6,"survey_no":112,"sub_div":"6","KIDE":"112/6"},"geometry":{"type":"MultiPolygon","coordinates":[[[[78.004055574127136,8.789938399948648],[78.004430933895506,8.79121066256338],[78.004852663118811,8.791036258961238],[78.004486209375017,8.789869032448827],[78.004055574127136,8.789938399948648]]]]}},
{"type":"Feature","properties":{"Land_id":"536","dist_name":"Thoothukkudi","taluk_name":"Thoothukudi","vil_name":"Ramasamypuram","unit_id":2,"block_id":6,"survey_no":113,"sub_div":"2","KIDE":"113/2"},"geometry":{"type":"MultiPolygon","coordinates":[[[[78.000988897824655,8.79140836796512],[78.001059721373494,8.791818482912804],[78.001183289130751,8.791788093975626],[78.001121626882892,8.791520773499752],[78.00098400140223,8.791108150971448],[78.000787733621095,8.790960301160661],[78.000744829513238,8.791052796910945],[78.000970680511671,8.791304286178649],[78.000988897824655,8.79140836796512]]]]}},
{"type":"Feature","properties":{"Land_id":"537","dist_name":"Thoothukkudi","taluk_name":"Thoothukudi","vil_name":"Ramasamypuram","unit_id":2,"block_id":6,"survey_no":114,"sub_div":"5","KIDE":"114/5"},"geometry":{"type":"MultiPolygon","coordinates":[[[[78.001934371875265,8.792192660021511],[78.001221348558659,8.792363525019127],[78.001183289130751,8.791788093975626],[78.001027766432955,8.791826341570292],[78.001166494767332,8.792660924820634],[78.001377234358557,8.792660669800082],[78.002109298633343,8.792655164514521],[78.001934371875265,8.792192660021511]]]]}},
{"type":"Feature","properties":{"Land_id":"538","dist_name":"Thoothukkudi","taluk_name":"Thoothukudi","vil_name":"Ramasamypuram","unit_id":2,"block_id":7,"survey_no":124,"sub_div":"1","KIDE":"124/1"},"geometry":{"type":"MultiPolygon","coordinates":[[[[78.004852663118811,8.791036258961238],[78.003597716949017,8.791555234456432],[78.00368054334362,8.791939095917909],[78.004544042378569,8.791945033395141],[78.00493714728249,8.791795367799985],[78.005335601992314,8.791530978580319],[78.005725635880196,8.791077338931656],[78.005418431262086,8.79071479157202],[78.004852663118811,8.791036258961238]]]]}},
{"type":"Feature","properties":{"Land_id":"539","dist_name":"Thoothukkudi","taluk_name":"Thoothukudi","vil_name":"Ramasamypuram","unit_id":2,"block_id":7,"survey_no":124,"sub_div":"2","KIDE":"124/2"},"geometry":{"type":"MultiPolygon","coordinates":[[[[78.006902560222457,8.789378652337776],[78.005710577748744,8.789667803756547],[78.00567183348025,8.789551669531766],[78.005460487442448,8.789608241757964],[78.004486209375017,8.789869032448827],[78.004852663118811,8.791036258961238],[78.005418431262086,8.79071479157202],[78.005725635880196,8.791077338931656],[78.005905165996282,8.790840989628819],[78.006198597120388,8.79045469097805],[78.006431054714909,8.790148663267466],[78.007044659246318,8.790108598327924],[78.006902560222457,8.789378652337776]]]]}},
{"type":"Feature","properties":{"Land_id":"540","dist_name":"Thoothukkudi","taluk_name":"Thoothukudi","vil_name":"Ramasamypuram","unit_id":2,"block_id":8,"survey_no":126,"sub_div":"2","KIDE":"126/2"},"geometry":{"type":"MultiPolygon","coordinates":[[[[78.004356510824181,8.789525725138811],[78.003732501901993,8.789685870341572],[78.00380260835712,8.789979148129603],[78.004473302034654,8.789872504890752],[78.005433400138259,8.78961348516089],[78.005361646315095,8.789272846027426],[78.004356510824181,8.789525725138811]]]]}},
{"type":"Feature","properties":{"Land_id":"541","dist_name":"Thoothukkudi","taluk_name":"Thoothukudi","vil_name":"Ramasamypuram","unit_id":2,"block_id":6,"survey_no":114,"sub_div":"4","KIDE":"114/4"},"geometry":{"type":"MultiPolygon","coordinates":[[[[78.001513990810764,8.793161521380641],[78.002109298633343,8.792655164514521],[78.001377234358557,8.792660669800082],[78.001513990810764,8.793161521380641]]]]}},
{"type":"Feature","properties":{"Land_id":"542","dist_name":"Thoothukkudi","taluk_name":"Thoothukudi","vil_name":"Ramasamypuram","unit_id":2,"block_id":7,"survey_no":117,"sub_div":"7","KIDE":"117/7"},"geometry":{"type":"MultiPolygon","coordinates":[[[[78.002230131294453,8.792911051551247],[78.00173404511122,8.793297972549928],[78.001671270118692,8.7934859541948],[78.001648164648799,8.793555144234684],[78.001816380678108,8.793655715784912],[78.002506711669113,8.793496054218071],[78.002505648092296,8.792670021649524],[78.002384643353764,8.79277588002355],[78.002230131294453,8.792911051551247]]]]}},
{"type":"Feature","properties":{"Land_id":"544","dist_name":"Thoothukkudi","taluk_name":"Thoothukudi","vil_name":"Ramasamypuram","unit_id":2,"block_id":7,"survey_no":117,"sub_div":"3","KIDE":"117/3"},"geometry":{"type":"MultiPolygon","coordinates":[[[[78.003276348020606,8.794136919430844],[78.002566584452794,8.794024192604798],[78.002244165108223,8.793927860571376],[78.002282236589465,8.794580027271966],[78.003191876511096,8.794441083724754],[78.003295261290489,8.794393297412771],[78.003276348020606,8.794136919430844]]]]}},
{"type":"Feature","properties":{"Land_id":"545","dist_name":"Thoothukkudi","taluk_name":"Thoothukudi","vil_name":"Ramasamypuram","unit_id":2,"block_id":7,"survey_no":117,"sub_div":"2","KIDE":"117/2"},"geometry":{"type":"MultiPolygon","coordinates":[[[[78.001570420613703,8.793799117481004],[78.001791589766384,8.794654971443176],[78.002282236589465,8.794580027271966],[78.002244165108223,8.793927860571376],[78.001723738229785,8.79377236809653],[78.001570420613703,8.793799117481004]]]]}},
{"type":"Feature","properties":{"Land_id":"546","dist_name":"Thoothukkudi","taluk_name":"Thoothukudi","vil_name":"Ramasamypuram","unit_id":2,"block_id":7,"survey_no":117,"sub_div":"5","KIDE":"117/5"},"geometry":{"type":"MultiPolygon","coordinates":[[[[78.003234512698953,8.793349699373687],[78.003350229017173,8.79398332618921],[78.003713331773184,8.793881273588703],[78.003503912757012,8.79325350200984],[78.003234512698953,8.793349699373687]]]]}},
{"type":"Feature","properties":{"Land_id":"547","dist_name":"Thoothukkudi","taluk_name":"Thoothukudi","vil_name":"Ramasamypuram","unit_id":2,"block_id":7,"survey_no":117,"sub_div":"6","KIDE":"117/6"},"geometry":{"type":"MultiPolygon","coordinates":[[[[78.002506711669113,8.793496054218071],[78.001816380678108,8.793655715784912],[78.002136972307611,8.793805829564494],[78.002516161246191,8.793898871225768],[78.003350229017173,8.79398332618921],[78.003234512698953,8.793349699373687],[78.003171943562748,8.793372041558783],[78.002506711669113,8.793496054218071]]]]}},
{"type":"Feature","properties":{"Land_id":"548","dist_name":"Thoothukkudi","taluk_name":"Thoothukudi","vil_name":"Ramasamypuram","unit_id":2,"block_id":7,"survey_no":117,"sub_div":"8","KIDE":"117/8"},"geometry":{"type":"MultiPolygon","coordinates":[[[[78.002506711669113,8.793496054218071],[78.003171943562748,8.793372041558783],[78.002947977045039,8.792407459883037],[78.002505648092296,8.792670021649524],[78.002506711669113,8.793496054218071]]]]}},
{"type":"Feature","properties":{"Land_id":"549","dist_name":"Thoothukkudi","taluk_name":"Thoothukudi","vil_name":"Ramasamypuram","unit_id":2,"block_id":7,"survey_no":120,"sub_div":"1","KIDE":"120/1"},"geometry":{"type":"MultiPolygon","coordinates":[[[[78.002947977045039,8.792407459883037],[78.003171943562748,8.793372041558783],[78.003410507024981,8.793286855325555],[78.003182921461701,8.792368558949978],[78.002947977045039,8.792407459883037]]]]}},
{"type":"Feature","properties":{"Land_id":"550","dist_name":"Thoothukkudi","taluk_name":"Thoothukudi","vil_name":"Ramasamypuram","unit_id":2,"block_id":7,"survey_no":120,"sub_div":"2","KIDE":"120/2"},"geometry":{"type":"MultiPolygon","coordinates":[[[[78.004640970594579,8.792204773107191],[78.003815314177061,8.792263850495797],[78.003182921461701,8.792368558949978],[78.003410507024981,8.793286855325555],[78.003503912757012,8.79325350200984],[78.004593117472197,8.792950059752418],[78.004640970594579,8.792204773107191]]]]}},
{"type":"Feature","properties":{"Land_id":"551","dist_name":"Thoothukkudi","taluk_name":"Thoothukudi","vil_name":"Ramasamypuram","unit_id":2,"block_id":7,"survey_no":120,"sub_div":"3","KIDE":"120/3"},"geometry":{"type":"MultiPolygon","coordinates":[[[[78.00507716647634,8.792033246225143],[78.004640970594579,8.792204773107191],[78.004593117472197,8.792950059752418],[78.005998625634675,8.792558498309743],[78.005645907934138,8.791671686391295],[78.00507716647634,8.792033246225143]]]]}},
{"type":"Feature","properties":{"Land_id":"552","dist_name":"Thoothukkudi","taluk_name":"Thoothukudi","vil_name":"Ramasamypuram","unit_id":2,"block_id":7,"survey_no":124,"sub_div":"3","KIDE":"124/3"},"geometry":{"type":"MultiPolygon","coordinates":[[[[78.007748431509825,8.790062645940443],[78.007536976501754,8.789224755471592],[78.006902560222457,8.789378652337776],[78.007044659246318,8.790108598327924],[78.007748431509825,8.790062645940443]]]]}},
{"type":"Feature","properties":{"Land_id":"553","dist_name":"Thoothukkudi","taluk_name":"Thoothukudi","vil_name":"Ramasamypuram","unit_id":2,"block_id":8,"survey_no":125,"sub_div":"1","KIDE":"125/1"},"geometry":{"type":"MultiPolygon","coordinates":[[[[78.006435451303531,8.789231510332426],[78.005672690302205,8.789429035145396],[78.00564766856742,8.789370789786631],[78.005394251271582,8.789427632541008],[78.005430072962241,8.789597689955741],[78.005674015245603,8.789558209276567],[78.00577721792591,8.789651156433173],[78.007536369609696,8.789221325554333],[78.007481982164506,8.788913948925394],[78.006435451303531,8.789231510332426]]]]}},
{"type":"Feature","properties":{"Land_id":"554","dist_name":"Thoothukkudi","taluk_name":"Thoothukudi","vil_name":"Ramasamypuram","unit_id":2,"block_id":8,"survey_no":125,"sub_div":"2","KIDE":"125/2"},"geometry":{"type":"MultiPolygon","coordinates":[[[[78.006673178619479,8.78886991887066],[78.005401195956338,8.789228592211861],[78.00538540436041,8.789246262116112],[78.005394251271582,8.789427632541008],[78.00564766856742,8.789370789786631],[78.005672690302205,8.789429035145396],[78.006435451303531,8.789231510332426],[78.007481982164506,8.788913948925394],[78.007433142357399,8.788723659942974],[78.007359198484025,8.788599489833976],[78.006673178619479,8.78886991887066]]]]}},
{"type":"Feature","properties":{"Land_id":"555","dist_name":"Thoothukkudi","taluk_name":"Thoothukudi","vil_name":"Ramasamypuram","unit_id":2,"block_id":8,"survey_no":125,"sub_div":"3","KIDE":"125/3"},"geometry":{"type":"MultiPolygon","coordinates":[[[[78.005332146084314,8.789039841499864],[78.005401195956338,8.789228592211861],[78.006673178619479,8.78886991887066],[78.007359198484025,8.788599489833976],[78.007243661141317,8.788405473970547],[78.005332146084314,8.789039841499864]]]]}},
{"type":"Feature","properties":{"Land_id":"556","dist_name":"Thoothukkudi","taluk_name":"Thoothukudi","vil_name":"Ramasamypuram","unit_id":2,"block_id":8,"survey_no":125,"sub_div":"4","KIDE":"125/4"},"geometry":{"type":"MultiPolygon","coordinates":[[[[78.005332146084314,8.789039841499864],[78.007243661141317,8.788405473970547],[78.006824096491698,8.787290012584981],[78.005058479634101,8.787852738170978],[78.005025775194497,8.78775644266933],[78.004892926704088,8.787791237701001],[78.004967788368461,8.788200577320906],[78.005021638059262,8.788314399343649],[78.005233642350149,8.788770577424341],[78.005332146084314,8.789039841499864]]]]}},
{"type":"Feature","properties":{"Land_id":"557","dist_name":"Thoothukkudi","taluk_name":"Thoothukudi","vil_name":"Ramasamypuram","unit_id":2,"block_id":8,"survey_no":126,"sub_div":"3","KIDE":"126/3"},"geometry":{"type":"MultiPolygon","coordinates":[[[[78.005220631183875,8.788735010857351],[78.004272925031685,8.789038716391708],[78.004356510824181,8.789525725138811],[78.005361646315095,8.789272846027426],[78.005401195956338,8.789228592211861],[78.005220631183875,8.788735010857351]]]]}},
{"type":"Feature","properties":{"Land_id":"558","dist_name":"Thoothukkudi","taluk_name":"Thoothukudi","vil_name":"Ramasamypuram","unit_id":2,"block_id":8,"survey_no":127,"sub_div":"1","KIDE":"127/1"},"geometry":{"type":"MultiPolygon","coordinates":[[[[78.005004735100655,8.788287685750094],[78.004671126545546,8.788349618406155],[78.004112367849416,8.78852726055475],[78.004248908397003,8.788962211262382],[78.004272925031685,8.789038716391708],[78.005220631183875,8.788735010857351],[78.005004735100655,8.788287685750094]]]]}},
{"type":"Feature","properties":{"Land_id":"559","dist_name":"Thoothukkudi","taluk_name":"Thoothukudi","vil_name":"Ramasamypuram","unit_id":2,"block_id":9,"survey_no":128,"sub_div":"1","KIDE":"128/1"},"geometry":{"type":"MultiPolygon","coordinates":[[[[78.004848190387662,8.787054028902968],[78.004249349852245,8.78718829058027],[78.004671126545546,8.788349618406155],[78.005004735100655,8.788287685750094],[78.004919254004662,8.788097990298038],[78.004892139482308,8.787791443886306],[78.005025775194497,8.78775644266933],[78.004848190387662,8.787054028902968]]]]}},
{"type":"Feature","properties":{"Land_id":"560","dist_name":"Thoothukkudi","taluk_name":"Thoothukudi","vil_name":"Ramasamypuram","unit_id":2,"block_id":9,"survey_no":128,"sub_div":"2","KIDE":"128/2"},"geometry":{"type":"MultiPolygon","coordinates":[[[[78.006666459421766,8.786646368038571],[78.005600570513707,8.786885343231715],[78.004848190387662,8.787054028902968],[78.005025775194497,8.78775644266933],[78.005062944930557,8.787865885864925],[78.006869175154904,8.787275272458004],[78.006666459421766,8.786646368038571]]]]}},
{"type":"Feature","properties":{"Land_id":"561","dist_name":"Thoothukkudi","taluk_name":"Thoothukudi","vil_name":"Ramasamypuram","unit_id":2,"block_id":8,"survey_no":127,"sub_div":"2A","KIDE":"127/2A"},"geometry":{"type":"MultiPolygon","coordinates":[[[[78.003866164886105,8.787742979584634],[78.004112367849416,8.78852726055475],[78.004671126545546,8.788349618406155],[78.004402871882476,8.787611001006033],[78.003866164886105,8.787742979584634]]]]}},
{"type":"Feature","properties":{"Land_id":"562","dist_name":"Thoothukkudi","taluk_name":"Thoothukudi","vil_name":"Ramasamypuram","unit_id":2,"block_id":9,"survey_no":129,"sub_div":"2A1","KIDE":"129/2A1"},"geometry":{"type":"MultiPolygon","coordinates":[[[[78.004517384186698,8.787127509709247],[78.005629916649127,8.786875226014905],[78.005515637930472,8.786335643839166],[78.004526633091103,8.786589477768109],[78.004394194848999,8.786621340195822],[78.004517384186698,8.787127509709247]]]]}},
{"type":"Feature","properties":{"Land_id":"563","dist_name":"Thoothukkudi","taluk_name":"Thoothukudi","vil_name":"Ramasamypuram","unit_id":2,"block_id":9,"survey_no":129,"sub_div":"3","KIDE":"129/3"},"geometry":{"type":"MultiPolygon","coordinates":[[[[78.004558163057766,8.784653982177618],[78.004678072108135,8.785248131327265],[78.005249457024007,8.785130157333336],[78.005112327748535,8.784558971596844],[78.004558163057766,8.784653982177618]]]]}},
{"type":"Feature","properties":{"Land_id":"564","dist_name":"Thoothukkudi","taluk_name":"Thoothukudi","vil_name":"Ramasamypuram","unit_id":2,"block_id":9,"survey_no":129,"sub_div":"2A2","KIDE":"129/2A2"},"geometry":{"type":"MultiPolygon","coordinates":[[[[78.004526633091103,8.786589477768109],[78.004076335545719,8.784736590673818],[78.003941787531588,8.784759658698862],[78.004394194848999,8.786621340195822],[78.004526633091103,8.786589477768109]]]]}},
{"type":"Feature","properties":{"Land_id":"565","dist_name":"Thoothukkudi","taluk_name":"Thoothukudi","vil_name":"Ramasamypuram","unit_id":2,"block_id":9,"survey_no":129,"sub_div":"2B","KIDE":"129/2B"},"geometry":{"type":"MultiPolygon","coordinates":[[[[78.004076335545719,8.784736590673818],[78.004526633091103,8.786589477768109],[78.005515637930472,8.786335643839166],[78.005492338348532,8.786225631762877],[78.004615254778116,8.786471440542817],[78.004537115881234,8.786150488168008],[78.004452429018173,8.785802640347374],[78.004187246793308,8.784717575131648],[78.004076335545719,8.784736590673818]]]]}},
{"type":"Feature","properties":{"Land_id":"566","dist_name":"Thoothukkudi","taluk_name":"Thoothukudi","vil_name":"Ramasamypuram","unit_id":2,"block_id":9,"survey_no":129,"sub_div":"2C","KIDE":"129/2C"},"geometry":{"type":"MultiPolygon","coordinates":[[[[78.004537115881234,8.786150488168008],[78.004615254778116,8.786471440542817],[78.005492338348532,8.786225631762877],[78.005423203512549,8.785899202435898],[78.004537115881234,8.786150488168008]]]]}},
{"type":"Feature","properties":{"Land_id":"567","dist_name":"Thoothukkudi","taluk_name":"Thoothukudi","vil_name":"Ramasamypuram","unit_id":2,"block_id":9,"survey_no":129,"sub_div":"2D","KIDE":"129/2D"},"geometry":{"type":"MultiPolygon","coordinates":[[[[78.004452429018173,8.785802640347374],[78.004537115881234,8.786150488168008],[78.005423203512549,8.785899202435898],[78.005341709038476,8.785514415433168],[78.004452429018173,8.785802640347374]]]]}},
{"type":"Feature","properties":{"Land_id":"568","dist_name":"Thoothukkudi","taluk_name":"Thoothukudi","vil_name":"Ramasamypuram","unit_id":2,"block_id":9,"survey_no":129,"sub_div":"2E","KIDE":"129/2E"},"geometry":{"type":"MultiPolygon","coordinates":[[[[78.004678072108135,8.785248131327265],[78.004558163057766,8.784653982177618],[78.004187246793308,8.784717575131648],[78.004452429018173,8.785802640347374],[78.005341709038476,8.785514415433168],[78.005249457024007,8.785130157333336],[78.004678072108135,8.785248131327265]]]]}},
{"type":"Feature","properties":{"Land_id":"569","dist_name":"Thoothukkudi","taluk_name":"Thoothukudi","vil_name":"Melathattaparai","unit_id":3,"block_id":3,"survey_no":154,"sub_div":"1","KIDE":"154/1"},"geometry":{"type":"MultiPolygon","coordinates":[[[[78.00766083411493,8.807373346516751],[78.007683266849213,8.807577985710523],[78.007777363105006,8.807717842723296],[78.007716545560342,8.807833901482795],[78.008050486395092,8.807875079782425],[78.008450588340338,8.807287942576913],[78.00766083411493,8.807373346516751]]]]}},
{"type":"Feature","properties":{"Land_id":"570","dist_name":"Thoothukkudi","taluk_name":"Thoothukudi","vil_name":"Melathattaparai","unit_id":3,"block_id":3,"survey_no":154,"sub_div":"2","KIDE":"154/2"},"geometry":{"type":"MultiPolygon","coordinates":[[[[78.009030743080558,8.806446427012398],[78.007586658866416,8.806696694136518],[78.00766083411493,8.807373346516751],[78.008450588340338,8.807287942576913],[78.008937071406677,8.807128617901512],[78.00917090885946,8.80642213557147],[78.009030743080558,8.806446427012398]]]]}},
{"type":"Feature","properties":{"Land_id":"571","dist_name":"Thoothukkudi","taluk_name":"Thoothukudi","vil_name":"Melathattaparai","unit_id":3,"block_id":3,"survey_no":155,"sub_div":"1A","KIDE":"155/1A"},"geometry":{"type":"MultiPolygon","coordinates":[[[[78.007683266849213,8.807577985710523],[78.007620395434131,8.807012408812595],[78.00713006664671,8.807006387942712],[78.007165956816308,8.807590023864483],[78.007294037155731,8.807804563134114],[78.007716545560342,8.807833901482795],[78.007777363105006,8.807717842723296],[78.007683266849213,8.807577985710523]]]]}},
{"type":"Feature","properties":{"Land_id":"572","dist_name":"Thoothukkudi","taluk_name":"Thoothukudi","vil_name":"Melathattaparai","unit_id":3,"block_id":3,"survey_no":165,"sub_div":"1","KIDE":"165/1"},"geometry":{"type":"MultiPolygon","coordinates":[[[[78.007539463085195,8.806276485914847],[78.007586658866416,8.806696694136518],[78.009001229988343,8.80644415281607],[78.008963942122705,8.806041340871259],[78.007539463085195,8.806276485914847]]]]}},
{"type":"Feature","properties":{"Land_id":"573","dist_name":"Thoothukkudi","taluk_name":"Thoothukudi","vil_name":"Melathattaparai","unit_id":3,"block_id":2,"survey_no":166,"sub_div":null,"KIDE":"166"},"geometry":{"type":"MultiPolygon","coordinates":[[[[78.009001229988343,8.80644415281607],[78.00917090885946,8.80642213557147],[78.009262163493148,8.806164917157229],[78.009585063211375,8.805654460287045],[78.008940328712256,8.805696283188579],[78.009001229988343,8.80644415281607]]]]}},
{"type":"Feature","properties":{"Land_id":"574","dist_name":"Thoothukkudi","taluk_name":"Thoothukudi","vil_name":"Melathattaparai","unit_id":3,"block_id":3,"survey_no":155,"sub_div":"1B","KIDE":"155/1B"},"geometry":{"type":"MultiPolygon","coordinates":[[[[78.007097563878759,8.806477837001269],[78.007121149831988,8.806861385190425],[78.00713006664671,8.807006387942712],[78.007620395434131,8.807012408812595],[78.007590054882627,8.806739472137304],[78.007556760732925,8.806439965566794],[78.007097563878759,8.806477837001269]]]]}},
{"type":"Feature","properties":{"Land_id":"575","dist_name":"Thoothukkudi","taluk_name":"Thoothukudi","vil_name":"Melathattaparai","unit_id":3,"block_id":3,"survey_no":155,"sub_div":"2","KIDE":"155/2"},"geometry":{"type":"MultiPolygon","coordinates":[[[[78.007499745858922,8.805927072775496],[78.007068855526114,8.806010989782541],[78.007097563878759,8.806477837001269],[78.007556760732925,8.806439965566794],[78.007499745858922,8.805927072775496]]]]}},
{"type":"Feature","properties":{"Land_id":"576","dist_name":"Thoothukkudi","taluk_name":"Thoothukudi","vil_name":"Melathattaparai","unit_id":3,"block_id":3,"survey_no":156,"sub_div":"1","KIDE":"156/1"},"geometry":{"type":"MultiPolygon","coordinates":[[[[78.006770474578516,8.807148510118385],[78.00713858443153,8.807202967599883],[78.007115920569433,8.806828920732141],[78.006232506380513,8.806927371139027],[78.006268358902233,8.807446352047942],[78.006803995366297,8.807523274382],[78.006770474578516,8.807148510118385]]]]}},
{"type":"Feature","properties":{"Land_id":"577","dist_name":"Thoothukkudi","taluk_name":"Thoothukudi","vil_name":"Melathattaparai","unit_id":3,"block_id":3,"survey_no":156,"sub_div":"2","KIDE":"156/2"},"geometry":{"type":"MultiPolygon","coordinates":[[[[78.006770474578516,8.807148510118385],[78.006803995366297,8.807523274382],[78.007161099442925,8.807574557819404],[78.00713858443153,8.807202967599883],[78.006770474578516,8.807148510118385]]]]}},
{"type":"Feature","properties":{"Land_id":"578","dist_name":"Thoothukkudi","taluk_name":"Thoothukudi","vil_name":"Melathattaparai","unit_id":3,"block_id":3,"survey_no":157,"sub_div":"1","KIDE":"157/1"},"geometry":{"type":"MultiPolygon","coordinates":[[[[78.006216395938878,8.806425756025668],[78.006232506380513,8.806927371139027],[78.007115920569433,8.806828920732141],[78.007089243029725,8.806365298819935],[78.006216395938878,8.806425756025668]]]]}},
{"type":"Feature","properties":{"Land_id":"579","dist_name":"Thoothukkudi","taluk_name":"Thoothukudi","vil_name":"Melathattaparai","unit_id":3,"block_id":3,"survey_no":157,"sub_div":"2","KIDE":"157/2"},"geometry":{"type":"MultiPolygon","coordinates":[[[[78.007068855526114,8.806010989782541],[78.006773952218282,8.806045237923849],[78.006728389716926,8.805820309917429],[78.006333916503877,8.805791942138468],[78.006197312218873,8.805831564842798],[78.006216395938878,8.806425756025668],[78.007089243029725,8.806365298819935],[78.007068855526114,8.806010989782541]]]]}},
{"type":"Feature","properties":{"Land_id":"580","dist_name":"Thoothukkudi","taluk_name":"Thoothukudi","vil_name":"Melathattaparai","unit_id":3,"block_id":3,"survey_no":164,"sub_div":"1","KIDE":"164/1"},"geometry":{"type":"MultiPolygon","coordinates":[[[[78.006734662252924,8.805799725451827],[78.006773952218282,8.806045237923849],[78.007068855526114,8.806010989782541],[78.007499745858922,8.805927072775496],[78.007478561670254,8.805736704177372],[78.006734662252924,8.805799725451827]]]]}},
{"type":"Feature","properties":{"Land_id":"581","dist_name":"Thoothukkudi","taluk_name":"Thoothukudi","vil_name":"Melathattaparai","unit_id":3,"block_id":3,"survey_no":158,"sub_div":"1","KIDE":"158/1"},"geometry":{"type":"MultiPolygon","coordinates":[[[[78.005391132259234,8.806708430351797],[78.005385149807253,8.807349978979703],[78.00598812709336,8.80741577401224],[78.006000298487834,8.807417102117483],[78.006268358902233,8.807446352047942],[78.006232506380513,8.806927371139027],[78.006222758363194,8.806623856628283],[78.005391132259234,8.806708430351797]]]]}},
{"type":"Feature","properties":{"Land_id":"582","dist_name":"Thoothukkudi","taluk_name":"Thoothukudi","vil_name":"Melathattaparai","unit_id":3,"block_id":3,"survey_no":158,"sub_div":"2","KIDE":"158/2"},"geometry":{"type":"MultiPolygon","coordinates":[[[[78.006197312218873,8.805831564842798],[78.005397912260193,8.805981353839973],[78.005395880263293,8.806199261952759],[78.005391132259234,8.806708430351797],[78.006222758363194,8.806623856628283],[78.006197312218873,8.805831564842798]]]]}},
{"type":"Feature","properties":{"Land_id":"583","dist_name":"Thoothukkudi","taluk_name":"Thoothukudi","vil_name":"Melathattaparai","unit_id":3,"block_id":4,"survey_no":159,"sub_div":null,"KIDE":"159"},"geometry":{"type":"MultiPolygon","coordinates":[[[[78.005397912260193,8.805981353839973],[78.006197312218873,8.805831564842798],[78.006333916503877,8.805791942138468],[78.006222220559621,8.805141301714809],[78.005935337927056,8.805195483300087],[78.005406218199681,8.805291163456577],[78.005397912260193,8.805981353839973]]]]}},
{"type":"Feature","properties":{"Land_id":"584","dist_name":"Thoothukkudi","taluk_name":"Thoothukudi","vil_name":"Melathattaparai","unit_id":3,"block_id":4,"survey_no":162,"sub_div":"1","KIDE":"162/1"},"geometry":{"type":"MultiPolygon","coordinates":[[[[78.006222220559621,8.805141301714809],[78.006333916503877,8.805791942138468],[78.006728389716926,8.805820309917429],[78.006704667531693,8.805612296471248],[78.006629881783198,8.805616175520164],[78.006547535271366,8.805196620760089],[78.006222220559621,8.805141301714809]]]]}},
{"type":"Feature","properties":{"Land_id":"585","dist_name":"Thoothukkudi","taluk_name":"Thoothukudi","vil_name":"Melathattaparai","unit_id":3,"block_id":4,"survey_no":162,"sub_div":"2","KIDE":"162/2"},"geometry":{"type":"MultiPolygon","coordinates":[[[[78.00591350295629,8.803573834465176],[78.006222220559621,8.805141301714809],[78.006547535271366,8.805196620760089],[78.006493803057495,8.804922855598704],[78.00622427575604,8.803549616346961],[78.00603532159694,8.803564341297683],[78.00591350295629,8.803573834465176]]]]}},
{"type":"Feature","properties":{"Land_id":"586","dist_name":"Thoothukkudi","taluk_name":"Thoothukudi","vil_name":"Melathattaparai","unit_id":3,"block_id":3,"survey_no":163,"sub_div":"1","KIDE":"163/1"},"geometry":{"type":"MultiPolygon","coordinates":[[[[78.006560060096746,8.805266682498241],[78.006629881783198,8.805616175520164],[78.006704667531693,8.805612296471248],[78.007448929324624,8.805470417458295],[78.008891167590619,8.805255174907975],[78.008863314687176,8.804790544059193],[78.007841177786617,8.805007058371974],[78.006560060096746,8.805266682498241]]]]}},
{"type":"Feature","properties":{"Land_id":"587","dist_name":"Thoothukkudi","taluk_name":"Thoothukudi","vil_name":"Melathattaparai","unit_id":3,"block_id":3,"survey_no":163,"sub_div":"2A","KIDE":"163/2A"},"geometry":{"type":"MultiPolygon","coordinates":[[[[78.007612964270336,8.804575917357251],[78.006481847040163,8.804875186404562],[78.006560060096746,8.805266682498241],[78.007841177786617,8.805007058371974],[78.007748875577505,8.804543799335262],[78.007612964270336,8.804575917357251]]]]}},
{"type":"Feature","properties":{"Land_id":"588","dist_name":"Thoothukkudi","taluk_name":"Thoothukudi","vil_name":"Melathattaparai","unit_id":3,"block_id":3,"survey_no":163,"sub_div":"2B","KIDE":"163/2B"},"geometry":{"type":"MultiPolygon","coordinates":[[[[78.008691158735559,8.80432112271018],[78.007748875577505,8.804543799335262],[78.007841177786617,8.805007058371974],[78.008863314687176,8.804790544059193],[78.008772737908828,8.804301844242955],[78.008691158735559,8.80432112271018]]]]}},
{"type":"Feature","properties":{"Land_id":"589","dist_name":"Thoothukkudi","taluk_name":"Thoothukudi","vil_name":"Melathattaparai","unit_id":3,"block_id":3,"survey_no":164,"sub_div":"2","KIDE":"164/2"},"geometry":{"type":"MultiPolygon","coordinates":[[[[78.006734662252924,8.805799725451827],[78.007478561670254,8.805736704177372],[78.007448929324624,8.805470417458295],[78.006704667531693,8.805612296471248],[78.006734662252924,8.805799725451827]]]]}},
{"type":"Feature","properties":{"Land_id":"590","dist_name":"Thoothukkudi","taluk_name":"Thoothukudi","vil_name":"Melathattaparai","unit_id":3,"block_id":3,"survey_no":165,"sub_div":"2","KIDE":"165/2"},"geometry":{"type":"MultiPolygon","coordinates":[[[[78.008891167590619,8.805255174907975],[78.007448929324624,8.805470417458295],[78.007502329632331,8.805945867758153],[78.007539463085195,8.806276485914847],[78.008963942122705,8.806041340871259],[78.0089346393097,8.805724789550913],[78.008891167590619,8.805255174907975]]]]}},
{"type":"Feature","properties":{"Land_id":"591","dist_name":"Thoothukkudi","taluk_name":"Thoothukudi","vil_name":"Melathattaparai","unit_id":3,"block_id":2,"survey_no":167,"sub_div":null,"KIDE":"167"},"geometry":{"type":"MultiPolygon","coordinates":[[[[78.008940328712256,8.805696283188579],[78.009585063211375,8.805654460287045],[78.009805523963848,8.805281821495603],[78.009531614270145,8.804707410265946],[78.008863314687176,8.804790544059193],[78.008891167590619,8.805255174907975],[78.008940328712256,8.805696283188579]]]]}},
{"type":"Feature","properties":{"Land_id":"592","dist_name":"Thoothukkudi","taluk_name":"Thoothukudi","vil_name":"Melathattaparai","unit_id":3,"block_id":2,"survey_no":173,"sub_div":"1","KIDE":"173/1"},"geometry":{"type":"MultiPolygon","coordinates":[[[[78.008678271082132,8.804319519741549],[78.008772737908828,8.804301844242955],[78.008863314687176,8.804790544059193],[78.009531614270145,8.804707410265946],[78.00940749114126,8.804188261127832],[78.009255079107675,8.803550792699673],[78.008550411916502,8.80370567139709],[78.008678271082132,8.804319519741549]]]]}},
{"type":"Feature","properties":{"Land_id":"593","dist_name":"Thoothukkudi","taluk_name":"Thoothukudi","vil_name":"Melathattaparai","unit_id":3,"block_id":2,"survey_no":183,"sub_div":"1","KIDE":"183/1"},"geometry":{"type":"MultiPolygon","coordinates":[[[[78.007612964270336,8.804575917357251],[78.008678271082132,8.804319519741549],[78.008485864122875,8.803395779211751],[78.008309552633435,8.803381157935361],[78.00801360044133,8.803509370990692],[78.007503223934748,8.80372386258426],[78.007612964270336,8.804575917357251]]]]}},
{"type":"Feature","properties":{"Land_id":"594","dist_name":"Thoothukkudi","taluk_name":"Thoothukudi","vil_name":"Melathattaparai","unit_id":3,"block_id":4,"survey_no":184,"sub_div":"1","KIDE":"184/1"},"geometry":{"type":"MultiPolygon","coordinates":[[[[78.006794808664381,8.802599454919656],[78.006143532085105,8.802747210289592],[78.005963746283442,8.80204723800135],[78.005731328448363,8.802111762427025],[78.005845543369318,8.802637883765003],[78.006046491716262,8.80356353526723],[78.00622427575604,8.803549616346961],[78.006481847040163,8.804875186404562],[78.007612964270336,8.804575917357251],[78.007503223934748,8.80372386258426],[78.007147054230686,8.803816781087287],[78.006794808664381,8.802599454919656]]]]}},
{"type":"Feature","properties":{"Land_id":"595","dist_name":"Thoothukkudi","taluk_name":"Thoothukudi","vil_name":"Melathattaparai","unit_id":3,"block_id":2,"survey_no":168,"sub_div":null,"KIDE":"168"},"geometry":{"type":"MultiPolygon","coordinates":[[[[78.009805523963848,8.805281821495603],[78.010090787674955,8.805156470091553],[78.010060441889763,8.805082945665724],[78.0099127208357,8.805075023848303],[78.009882466362171,8.805043169431698],[78.009741013392642,8.804177301346606],[78.009417090644916,8.80421373559998],[78.009531614270145,8.804707410265946],[78.009805523963848,8.805281821495603]]]]}},
{"type":"Feature","properties":{"Land_id":"596","dist_name":"Thoothukkudi","taluk_name":"Thoothukudi","vil_name":"Melathattaparai","unit_id":3,"block_id":1,"survey_no":169,"sub_div":null,"KIDE":"169"},"geometry":{"type":"MultiPolygon","coordinates":[[[[78.010090787674955,8.805156470091553],[78.010377183165446,8.805040867264747],[78.010547830550124,8.803558936264578],[78.009958013731392,8.803604571051745],[78.010062419661153,8.803289120086442],[78.010069507795023,8.802984939922599],[78.009141281049196,8.803074828513868],[78.009265607624656,8.803588213182078],[78.009417090644916,8.80421373559998],[78.009741013392642,8.804177301346606],[78.009882466362171,8.805043169431698],[78.0099127208357,8.805075023848303],[78.010060441889763,8.805082945665724],[78.010090787674955,8.805156470091553]]]]}},
{"type":"Feature","properties":{"Land_id":"597","dist_name":"Thoothukkudi","taluk_name":"Thoothukudi","vil_name":"Melathattaparai","unit_id":3,"block_id":2,"survey_no":172,"sub_div":null,"KIDE":"172"},"geometry":{"type":"MultiPolygon","coordinates":[[[[78.009141281049196,8.803074828513868],[78.010069507795023,8.802984939922599],[78.010308002144086,8.802974608571965],[78.010453629135739,8.802364991726307],[78.008875692987004,8.802619583855416],[78.009141281049196,8.803074828513868]]]]}},
{"type":"Feature","properties":{"Land_id":"598","dist_name":"Thoothukkudi","taluk_name":"Thoothukudi","vil_name":"Melathattaparai","unit_id":3,"block_id":2,"survey_no":173,"sub_div":"2","KIDE":"173/2"},"geometry":{"type":"MultiPolygon","coordinates":[[[[78.008309552633435,8.803381157935361],[78.008485864122875,8.803395779211751],[78.008550411916502,8.80370567139709],[78.009255079107675,8.803550792699673],[78.009141281049196,8.803074828513868],[78.008875692987004,8.802619583855416],[78.008128899243502,8.802775139663277],[78.008309552633435,8.803381157935361]]]]}},
{"type":"Feature","properties":{"Land_id":"599","dist_name":"Thoothukkudi","taluk_name":"Thoothukudi","vil_name":"Melathattaparai","unit_id":3,"block_id":1,"survey_no":174,"sub_div":null,"KIDE":"174"},"geometry":{"type":"MultiPolygon","coordinates":[[[[78.008875692987004,8.802619583855416],[78.008987966376793,8.802601469103832],[78.010453629135739,8.802364991726307],[78.010308002144086,8.802974608571965],[78.011234670471282,8.802841334722382],[78.011360044925297,8.802800254020026],[78.011384689206352,8.801817602630827],[78.010778818529346,8.801872533969128],[78.01077913487164,8.801976514625395],[78.00880270783199,8.802304581866608],[78.008875692987004,8.802619583855416]]]]}},
{"type":"Feature","properties":{"Land_id":"600","dist_name":"Thoothukkudi","taluk_name":"Thoothukudi","vil_name":"Melathattaparai","unit_id":3,"block_id":2,"survey_no":182,"sub_div":"1","KIDE":"182/1"},"geometry":{"type":"MultiPolygon","coordinates":[[[[78.007040750124204,8.802405697357882],[78.007195900972008,8.803168406028107],[78.007793762635615,8.802924383062523],[78.008090843509095,8.802792086684372],[78.008875692987004,8.802619583855416],[78.008867825005836,8.80258207233039],[78.008792659183115,8.802223710435358],[78.00873256136606,8.801937187028486],[78.007040750124204,8.802405697357882]]]]}},
{"type":"Feature","properties":{"Land_id":"601","dist_name":"Thoothukkudi","taluk_name":"Thoothukudi","vil_name":"Melathattaparai","unit_id":3,"block_id":2,"survey_no":183,"sub_div":"2","KIDE":"183/2"},"geometry":{"type":"MultiPolygon","coordinates":[[[[78.007793762635615,8.802924383062523],[78.00801360044133,8.803509370990692],[78.008309552633435,8.803381157935361],[78.008135199687786,8.802796275078231],[78.008128899243502,8.802775139663277],[78.007793762635615,8.802924383062523]]]]}},
{"type":"Feature","properties":{"Land_id":"602","dist_name":"Thoothukkudi","taluk_name":"Thoothukudi","vil_name":"Melathattaparai","unit_id":3,"block_id":4,"survey_no":160,"sub_div":null,"KIDE":"160"},"geometry":{"type":"MultiPolygon","coordinates":[[[[78.005406218199681,8.805291163456577],[78.005935337927056,8.805195483300087],[78.005541442610522,8.80362088306987],[78.004956702205419,8.803685982927306],[78.005406218199681,8.805291163456577]]]]}},
{"type":"Feature","properties":{"Land_id":"603","dist_name":"Thoothukkudi","taluk_name":"Thoothukudi","vil_name":"Melathattaparai","unit_id":3,"block_id":4,"survey_no":161,"sub_div":null,"KIDE":"161"},"geometry":{"type":"MultiPolygon","coordinates":[[[[78.005935337927056,8.805195483300087],[78.006222220559621,8.805141301714809],[78.00591350295629,8.803573834465176],[78.005541442610522,8.80362088306987],[78.005935337927056,8.805195483300087]]]]}},
{"type":"Feature","properties":{"Land_id":"604","dist_name":"Thoothukkudi","taluk_name":"Thoothukudi","vil_name":"Melathattaparai","unit_id":3,"block_id":4,"survey_no":185,"sub_div":"1","KIDE":"185/1"},"geometry":{"type":"MultiPolygon","coordinates":[[[[78.004817906417415,8.80315955254536],[78.004956702205419,8.803685982927306],[78.005541442610522,8.80362088306987],[78.005926795212986,8.803577126681152],[78.006046491716262,8.80356353526723],[78.005901158264692,8.802894069059525],[78.004817906417415,8.80315955254536]]]]}},
{"type":"Feature","properties":{"Land_id":"605","dist_name":"Thoothukkudi","taluk_name":"Thoothukudi","vil_name":"Melathattaparai","unit_id":3,"block_id":6,"survey_no":180,"sub_div":"1","KIDE":"180/1"},"geometry":{"type":"MultiPolygon","coordinates":[[[[78.009099271401254,8.80042154362769],[78.008538286658037,8.798968376234294],[78.008404420700785,8.798997491603417],[78.008054831472634,8.799073526015961],[78.008437112409553,8.800303948108638],[78.008617720019842,8.801342114060876],[78.008646774595121,8.801509125134032],[78.009376529751833,8.801353986163727],[78.009643309931604,8.801297271247766],[78.009425958416955,8.800342716855479],[78.009099271401254,8.80042154362769]]]]}},
{"type":"Feature","properties":{"Land_id":"606","dist_name":"Thoothukkudi","taluk_name":"Thoothukudi","vil_name":"Melathattaparai","unit_id":3,"block_id":2,"survey_no":181,"sub_div":"1","KIDE":"181/1"},"geometry":{"type":"MultiPolygon","coordinates":[[[[78.00880270783199,8.802304581866608],[78.01077913487164,8.801976514625395],[78.010778818529346,8.801872533969128],[78.010713431620331,8.801365537875951],[78.008708473441374,8.80182386728668],[78.00880270783199,8.802304581866608]]]]}},
{"type":"Feature","properties":{"Land_id":"607","dist_name":"Thoothukkudi","taluk_name":"Thoothukudi","vil_name":"Melathattaparai","unit_id":3,"block_id":2,"survey_no":181,"sub_div":"2","KIDE":"181/2"},"geometry":{"type":"MultiPolygon","coordinates":[[[[78.010641019752953,8.801085167677241],[78.009364761407554,8.801356488001224],[78.008646774595121,8.801509125134032],[78.008708473441374,8.80182386728668],[78.010713431620331,8.801365537875951],[78.010676305045223,8.801077666361412],[78.010641019752953,8.801085167677241]]]]}},
{"type":"Feature","properties":{"Land_id":"608","dist_name":"Thoothukkudi","taluk_name":"Thoothukudi","vil_name":"Melathattaparai","unit_id":3,"block_id":2,"survey_no":182,"sub_div":"2","KIDE":"182/2"},"geometry":{"type":"MultiPolygon","coordinates":[[[[78.008614306634627,8.801373393696426],[78.007223137233353,8.801592318504335],[78.006889554161376,8.801662430573375],[78.007036837022099,8.802386460873178],[78.007040750124204,8.802405697357882],[78.00873256136606,8.801937187028486],[78.008642967611038,8.801510038270353],[78.008614306634627,8.801373393696426]]]]}},
{"type":"Feature","properties":{"Land_id":"609","dist_name":"Thoothukkudi","taluk_name":"Thoothukudi","vil_name":"Melathattaparai","unit_id":3,"block_id":4,"survey_no":184,"sub_div":"2","KIDE":"184/2"},"geometry":{"type":"MultiPolygon","coordinates":[[[[78.006794808664381,8.802599454919656],[78.007147054230686,8.803816781087287],[78.007503223934748,8.80372386258426],[78.00801360044133,8.803509370990692],[78.007793762635615,8.802924383062523],[78.007195900972008,8.803168406028107],[78.00702941530426,8.802394239037396],[78.006377919538892,8.802503849799539],[78.00623349291682,8.801812655905234],[78.006052633135141,8.80182876649425],[78.006079042511217,8.802015229171749],[78.005963746283442,8.80204723800135],[78.006143532085105,8.802747210289592],[78.006794808664381,8.802599454919656]]]]}},
{"type":"Feature","properties":{"Land_id":"610","dist_name":"Thoothukkudi","taluk_name":"Thoothukudi","vil_name":"Melathattaparai","unit_id":3,"block_id":5,"survey_no":192,"sub_div":null,"KIDE":"192"},"geometry":{"type":"MultiPolygon","coordinates":[[[[78.006889554161376,8.801662430573375],[78.006446146601064,8.801759269245803],[78.00623349291682,8.801812655905234],[78.006323916093493,8.802245401244864],[78.006377919538892,8.802503849799539],[78.00702941530426,8.802394239037396],[78.006889554161376,8.801662430573375]]]]}},
{"type":"Feature","properties":{"Land_id":"611","dist_name":"Thoothukkudi","taluk_name":"Thoothukudi","vil_name":"Melathattaparai","unit_id":3,"block_id":5,"survey_no":193,"sub_div":null,"KIDE":"193"},"geometry":{"type":"MultiPolygon","coordinates":[[[[78.006446146601064,8.801759269245803],[78.006889554161376,8.801662430573375],[78.006979706927808,8.80164799953932],[78.007223137233353,8.801592318504335],[78.006986330809951,8.800680302548766],[78.006661905709606,8.799387394904818],[78.00661310965414,8.799220356869929],[78.005957807204169,8.79938385901132],[78.006446146601064,8.801759269245803]]]]}},
{"type":"Feature","properties":{"Land_id":"612","dist_name":"Thoothukkudi","taluk_name":"Thoothukudi","vil_name":"Melathattaparai","unit_id":3,"block_id":5,"survey_no":194,"sub_div":null,"KIDE":"194"},"geometry":{"type":"MultiPolygon","coordinates":[[[[78.007223137233353,8.801592318504335],[78.008614306634627,8.801373393696426],[78.008437112409553,8.800303948108638],[78.008089129682276,8.800403334469614],[78.007743540131884,8.800485766655665],[78.006986330809951,8.800680302548766],[78.007223137233353,8.801592318504335]]]]}},
{"type":"Feature","properties":{"Land_id":"613","dist_name":"Thoothukkudi","taluk_name":"Thoothukudi","vil_name":"Melathattaparai","unit_id":3,"block_id":4,"survey_no":185,"sub_div":"2","KIDE":"185/2"},"geometry":{"type":"MultiPolygon","coordinates":[[[[78.005731328448363,8.802111762427025],[78.004613755468966,8.802385240418857],[78.004723541391996,8.80280164098995],[78.004817906417415,8.80315955254536],[78.005901158264692,8.802894069059525],[78.005852944802072,8.802671977836726],[78.005731328448363,8.802111762427025]]]]}},
{"type":"Feature","properties":{"Land_id":"614","dist_name":"Thoothukkudi","taluk_name":"Thoothukudi","vil_name":"Melathattaparai","unit_id":3,"block_id":4,"survey_no":186,"sub_div":"2","KIDE":"186/2"},"geometry":{"type":"MultiPolygon","coordinates":[[[[78.006042148278226,8.801802455754922],[78.005967539834614,8.801372180013024],[78.00499128927359,8.80159230732931],[78.005144989410994,8.802251094324795],[78.005740395952017,8.802100743499036],[78.006079042511217,8.802015229171749],[78.006042148278226,8.801802455754922]]]]}},
{"type":"Feature","properties":{"Land_id":"615","dist_name":"Thoothukkudi","taluk_name":"Thoothukudi","vil_name":"Melathattaparai","unit_id":3,"block_id":4,"survey_no":186,"sub_div":"1","KIDE":"186/1"},"geometry":{"type":"MultiPolygon","coordinates":[[[[78.004613755468966,8.802385240418857],[78.005144989410994,8.802251094324795],[78.00499128927359,8.80159230732931],[78.004533834481492,8.801695455332215],[78.004613755468966,8.802385240418857]]]]}},
{"type":"Feature","properties":{"Land_id":"616","dist_name":"Thoothukkudi","taluk_name":"Thoothukudi","vil_name":"Melathattaparai","unit_id":3,"block_id":5,"survey_no":187,"sub_div":"1A","KIDE":"187/1A"},"geometry":{"type":"MultiPolygon","coordinates":[[[[78.005312277342952,8.800146794264375],[78.005967539834614,8.801372180013024],[78.005902674324176,8.801062478270106],[78.005783106834571,8.800491600777871],[78.005694834385721,8.800070142115482],[78.005312277342952,8.800146794264375]]]]}},
{"type":"Feature","properties":{"Land_id":"617","dist_name":"Thoothukkudi","taluk_name":"Thoothukudi","vil_name":"Melathattaparai","unit_id":3,"block_id":5,"survey_no":187,"sub_div":"1B","KIDE":"187/1B"},"geometry":{"type":"MultiPolygon","coordinates":[[[[78.005130695022046,8.800835771331199],[78.005432950297489,8.801492720543109],[78.005578847852604,8.801459823212708],[78.005967539834614,8.801372180013024],[78.005312277342952,8.800146794264375],[78.005130695022046,8.800835771331199]]]]}},
{"type":"Feature","properties":{"Land_id":"618","dist_name":"Thoothukkudi","taluk_name":"Thoothukudi","vil_name":"Melathattaparai","unit_id":3,"block_id":5,"survey_no":187,"sub_div":"2","KIDE":"187/2"},"geometry":{"type":"MultiPolygon","coordinates":[[[[78.005130695022046,8.800835771331199],[78.00443812681138,8.800957558995041],[78.004533834481492,8.801695455332215],[78.005107179241705,8.801566176181543],[78.005432950297489,8.801492720543109],[78.005130695022046,8.800835771331199]]]]}},
{"type":"Feature","properties":{"Land_id":"619","dist_name":"Thoothukkudi","taluk_name":"Thoothukudi","vil_name":"Melathattaparai","unit_id":3,"block_id":5,"survey_no":191,"sub_div":"2C","KIDE":"191/2C"},"geometry":{"type":"MultiPolygon","coordinates":[[[[78.005853553645082,8.800860168606858],[78.005977322901728,8.801462353394827],[78.006050113793705,8.801816508934236],[78.006445667760715,8.801756940041432],[78.006245498658714,8.800783265305055],[78.005853553645082,8.800860168606858]]]]}},
{"type":"Feature","properties":{"Land_id":"620","dist_name":"Thoothukkudi","taluk_name":"Thoothukudi","vil_name":"Melathattaparai","unit_id":3,"block_id":5,"survey_no":190,"sub_div":null,"KIDE":"190"},"geometry":{"type":"MultiPolygon","coordinates":[[[[78.005495752786757,8.799119330535786],[78.005105560132066,8.799209342208281],[78.005312277342952,8.800146794264375],[78.005694834385721,8.800070142115482],[78.005495752786757,8.799119330535786]]]]}},
{"type":"Feature","properties":{"Land_id":"621","dist_name":"Thoothukkudi","taluk_name":"Thoothukudi","vil_name":"Melathattaparai","unit_id":3,"block_id":5,"survey_no":191,"sub_div":"1","KIDE":"191/1"},"geometry":{"type":"MultiPolygon","coordinates":[[[[78.005980561188125,8.799494540325826],[78.005871753801472,8.799077099649654],[78.005745073031562,8.799061311198868],[78.005499513753989,8.799118455320759],[78.005679118516426,8.8000114749667],[78.006070313214451,8.799931117598232],[78.005980561188125,8.799494540325826]]]]}},
{"type":"Feature","properties":{"Land_id":"622","dist_name":"Thoothukkudi","taluk_name":"Thoothukudi","vil_name":"Melathattaparai","unit_id":3,"block_id":5,"survey_no":191,"sub_div":"2A","KIDE":"191/2A"},"geometry":{"type":"MultiPolygon","coordinates":[[[[78.006160435831887,8.800369497522482],[78.006113017841486,8.800138844045778],[78.006070313214451,8.799931117598232],[78.005679118516426,8.8000114749667],[78.00576669796898,8.800437582511515],[78.006160435831887,8.800369497522482]]]]}},
{"type":"Feature","properties":{"Land_id":"623","dist_name":"Thoothukkudi","taluk_name":"Thoothukudi","vil_name":"Melathattaparai","unit_id":3,"block_id":5,"survey_no":191,"sub_div":"2B","KIDE":"191/2B"},"geometry":{"type":"MultiPolygon","coordinates":[[[[78.00576669796898,8.800437582511515],[78.005853553645082,8.800860168606858],[78.006245498658714,8.800783265305055],[78.006160435831887,8.800369497522482],[78.00576669796898,8.800437582511515]]]]}},
{"type":"Feature","properties":{"Land_id":"624","dist_name":"Thoothukkudi","taluk_name":"Thoothukudi","vil_name":"Melathattaparai","unit_id":3,"block_id":9,"survey_no":205,"sub_div":"1","KIDE":"205/1"},"geometry":{"type":"MultiPolygon","coordinates":[[[[78.005436526301395,8.799132669725605],[78.005859833129563,8.799034605365989],[78.005957807204169,8.79938385901132],[78.00661310965414,8.799220356869929],[78.006403205252951,8.798331614271522],[78.006179548774469,8.7983635013438],[78.006148577255033,8.798251053067835],[78.004777933778641,8.798569202571485],[78.004831224939878,8.799190784623056],[78.004998052954463,8.799202069814262],[78.005105560132066,8.799209342208281],[78.005436526301395,8.799132669725605]]]]}},
{"type":"Feature","properties":{"Land_id":"625","dist_name":"Thoothukkudi","taluk_name":"Thoothukudi","vil_name":"Melathattaparai","unit_id":3,"block_id":1,"survey_no":170,"sub_div":null,"KIDE":"170"},"geometry":{"type":"MultiPolygon","coordinates":[[[[78.010377183165446,8.805040867264747],[78.011102545754667,8.804752677928008],[78.011165820111913,8.803524560178159],[78.010547830550124,8.803558936264578],[78.010377183165446,8.805040867264747]]]]}},
{"type":"Feature","properties":{"Land_id":"626","dist_name":"Thoothukkudi","taluk_name":"Thoothukudi","vil_name":"Melathattaparai","unit_id":3,"block_id":1,"survey_no":171,"sub_div":"1","KIDE":"171/1"},"geometry":{"type":"MultiPolygon","coordinates":[[[[78.010642010803124,8.803324843587284],[78.010673026277004,8.803231832094323],[78.010816084251914,8.803202193107026],[78.011026222354715,8.803308596712505],[78.011205863441191,8.803263243315095],[78.011234670471282,8.802841334722382],[78.010308002144086,8.802974608571965],[78.010069507795023,8.802984939922599],[78.010062419661153,8.803289120086442],[78.009958013731392,8.803604571051745],[78.010547830550124,8.803558936264578],[78.011165820111913,8.803524560178159],[78.011195964432801,8.80340822447732],[78.011007086297411,8.803407729497458],[78.010799561755377,8.803270726268401],[78.010642010803124,8.803324843587284]]]]}},
{"type":"Feature","properties":{"Land_id":"627","dist_name":"Thoothukkudi","taluk_name":"Thoothukudi","vil_name":"Melathattaparai","unit_id":3,"block_id":1,"survey_no":151,"sub_div":"1","KIDE":"151/1"},"geometry":{"type":"MultiPolygon","coordinates":[[[[78.011383073117855,8.801882041581241],[78.011360044925297,8.802800254020026],[78.011314390319413,8.802815213393451],[78.011195964432801,8.80340822447732],[78.011607594755517,8.803262613150993],[78.011614728165284,8.80303721803736],[78.011763132997402,8.802903257590373],[78.011497569499213,8.801806031537975],[78.011383073117855,8.801882041581241]]]]}},
{"type":"Feature","properties":{"Land_id":"628","dist_name":"Thoothukkudi","taluk_name":"Thoothukudi","vil_name":"Melathattaparai","unit_id":3,"block_id":1,"survey_no":152,"sub_div":null,"KIDE":"152"},"geometry":{"type":"MultiPolygon","coordinates":[[[[78.011102545754667,8.804752677928008],[78.011400073033073,8.80457549326958],[78.011692239967104,8.803359430243086],[78.011606048802165,8.803311460805125],[78.011195964432801,8.80340822447732],[78.011102545754667,8.804752677928008]]]]}},
{"type":"Feature","properties":{"Land_id":"629","dist_name":"Thoothukkudi","taluk_name":"Thoothukudi","vil_name":"Melathattaparai","unit_id":3,"block_id":1,"survey_no":171,"sub_div":"2","KIDE":"171/2"},"geometry":{"type":"MultiPolygon","coordinates":[[[[78.011026222354715,8.803308596712505],[78.010816084251914,8.803202193107026],[78.010673026277004,8.803231832094323],[78.010642010803124,8.803324843587284],[78.010799561755377,8.803270726268401],[78.011007086297411,8.803407729497458],[78.011195964432801,8.80340822447732],[78.011205863441191,8.803263243315095],[78.011026222354715,8.803308596712505]]]]}},
{"type":"Feature","properties":{"Land_id":"630","dist_name":"Thoothukkudi","taluk_name":"Thoothukudi","vil_name":"Melathattaparai","unit_id":3,"block_id":1,"survey_no":175,"sub_div":null,"KIDE":"175"},"geometry":{"type":"MultiPolygon","coordinates":[[[[78.012101828428797,8.800983406268035],[78.012019730144416,8.800809212216599],[78.010863409079903,8.800101036259047],[78.010546091000819,8.800134449566775],[78.010676305045223,8.801077666361412],[78.010774067947978,8.801835698978353],[78.010778818529346,8.801872533969128],[78.011840762779087,8.801770851603484],[78.012101828428797,8.800983406268035]]]]}},
{"type":"Feature","properties":{"Land_id":"631","dist_name":"Thoothukkudi","taluk_name":"Thoothukudi","vil_name":"Melathattaparai","unit_id":3,"block_id":1,"survey_no":176,"sub_div":"1A","KIDE":"176/1A"},"geometry":{"type":"MultiPolygon","coordinates":[[[[78.012019730144416,8.800809212216599],[78.011783976678672,8.800312215491441],[78.011365889342272,8.800433206405575],[78.011447301024006,8.799780102999092],[78.011395485168734,8.799789780272111],[78.011304003481442,8.800439609276481],[78.010945474472877,8.800516604895243],[78.011046338604785,8.801027367936964],[78.01129390278885,8.800971884053334],[78.012019730144416,8.800809212216599]]]]}},
{"type":"Feature","properties":{"Land_id":"632","dist_name":"Thoothukkudi","taluk_name":"Thoothukudi","vil_name":"Melathattaparai","unit_id":3,"block_id":1,"survey_no":176,"sub_div":"1B","KIDE":"176/1B"},"geometry":{"type":"MultiPolygon","coordinates":[[[[78.011222322955717,8.80002134297056],[78.010863409079903,8.800101036259047],[78.010945474472877,8.800516604895243],[78.011304003481442,8.800439609276481],[78.011395485168734,8.799789780272111],[78.011243880100622,8.799818094455624],[78.011222322955717,8.80002134297056]]]]}},
{"type":"Feature","properties":{"Land_id":"633","dist_name":"Thoothukkudi","taluk_name":"Thoothukudi","vil_name":"Melathattaparai","unit_id":3,"block_id":7,"survey_no":177,"sub_div":"4","KIDE":"177/4"},"geometry":{"type":"MultiPolygon","coordinates":[[[[78.010491031105332,8.799729796791084],[78.010511477888343,8.799876732582609],[78.010512403740123,8.799883626147329],[78.010619638834342,8.800126705046194],[78.010845421260555,8.800100775499621],[78.010434425808384,8.799509706216663],[78.010460342273916,8.799610473637648],[78.010491031105332,8.799729796791084]]],[[[78.010869815927592,8.80009797394121],[78.010885112431282,8.800096217243793],[78.010996710161564,8.800071438067748],[78.010869815927592,8.80009797394121]]]]}},
{"type":"Feature","properties":{"Land_id":"634","dist_name":"Thoothukkudi","taluk_name":"Thoothukudi","vil_name":"Melathattaparai","unit_id":3,"block_id":6,"survey_no":179,"sub_div":null,"KIDE":"179"},"geometry":{"type":"MultiPolygon","coordinates":[[[[78.00950632975669,8.800323323941203],[78.010546091000819,8.800134449566775],[78.010492521967336,8.79973559350432],[78.009987017627395,8.799788251438208],[78.009476972765242,8.799894347084264],[78.00950632975669,8.800323323941203]]]]}},
{"type":"Feature","properties":{"Land_id":"635","dist_name":"Thoothukkudi","taluk_name":"Thoothukudi","vil_name":"Melathattaparai","unit_id":3,"block_id":6,"survey_no":180,"sub_div":"2","KIDE":"180/2"},"geometry":{"type":"MultiPolygon","coordinates":[[[[78.009643309931604,8.801297271247766],[78.010676305045223,8.801077666361412],[78.010626406201624,8.800716219733086],[78.010546091000819,8.800134449566775],[78.00950632975669,8.800323323941203],[78.009425958416955,8.800342716855479],[78.009643309931604,8.801297271247766]]]]}},
{"type":"Feature","properties":{"Land_id":"636","dist_name":"Thoothukkudi","taluk_name":"Thoothukudi","vil_name":"Melathattaparai","unit_id":3,"block_id":1,"survey_no":151,"sub_div":"2","KIDE":"151/2"},"geometry":{"type":"MultiPolygon","coordinates":[[[[78.011763132997402,8.802903257590373],[78.012669027423811,8.802192580187212],[78.012403340839768,8.80171318305203],[78.011497569499213,8.801806031537975],[78.011763132997402,8.802903257590373]]]]}},
{"type":"Feature","properties":{"Land_id":"637","dist_name":"Thoothukkudi","taluk_name":"Thoothukudi","vil_name":"Melathattaparai","unit_id":3,"block_id":1,"survey_no":176,"sub_div":"3B","KIDE":"176/3B"},"geometry":{"type":"MultiPolygon","coordinates":[[[[78.011447301024006,8.799780102999092],[78.011365889342272,8.800433206405575],[78.011783976678672,8.800312215491441],[78.011524708171919,8.799765646225197],[78.011447301024006,8.799780102999092]]]]}},
{"type":"Feature","properties":{"Land_id":"638","dist_name":"Thoothukkudi","taluk_name":"Thoothukudi","vil_name":"Melathattaparai","unit_id":3,"block_id":7,"survey_no":177,"sub_div":"1","KIDE":"177/1"},"geometry":{"type":"MultiPolygon","coordinates":[[[[78.010697420709363,8.798791886339625],[78.010382088310521,8.799306209537239],[78.010427144230093,8.799481394259427],[78.010819545613231,8.799386637083186],[78.011183613757524,8.799100307981046],[78.011031075882585,8.798802767834982],[78.010697420709363,8.798791886339625]]]]}},
{"type":"Feature","properties":{"Land_id":"639","dist_name":"Thoothukkudi","taluk_name":"Thoothukudi","vil_name":"Melathattaparai","unit_id":3,"block_id":7,"survey_no":177,"sub_div":"2","KIDE":"177/2"},"geometry":{"type":"MultiPolygon","coordinates":[[[[78.010579884144704,8.799444510589721],[78.010427144230093,8.799481394259427],[78.010460342273916,8.799610473637648],[78.010434425808384,8.799509706216663],[78.010579884144704,8.799444510589721]]],[[[78.010966013754881,8.799271444111353],[78.011032962029304,8.79924143734217],[78.01123216500244,8.799195011965292],[78.011183613757524,8.799100307981046],[78.010966013754881,8.799271444111353]]]]}},
{"type":"Feature","properties":{"Land_id":"640","dist_name":"Thoothukkudi","taluk_name":"Thoothukudi","vil_name":"Melathattaparai","unit_id":3,"block_id":7,"survey_no":177,"sub_div":"3","KIDE":"177/3"},"geometry":{"type":"MultiPolygon","coordinates":[[[[78.010434425808384,8.799509706216663],[78.0112669737114,8.799262909779875],[78.01123216500244,8.799195011965292],[78.011032962029304,8.79924143734217],[78.010434425808384,8.799509706216663]]],[[[78.0112669737114,8.799262909779873],[78.011266973711415,8.799262909779872],[78.011244467007543,8.799219008237666],[78.0112669737114,8.799262909779873]]]]}},
{"type":"Feature","properties":{"Land_id":"641","dist_name":"Thoothukkudi","taluk_name":"Thoothukudi","vil_name":"Melathattaparai","unit_id":3,"block_id":6,"survey_no":178,"sub_div":null,"KIDE":"178"},"geometry":{"type":"MultiPolygon","coordinates":[[[[78.009476972765242,8.799894347084264],[78.009987017627395,8.799788251438208],[78.010492521967336,8.79973559350432],[78.010285849708453,8.798932018245116],[78.00982661995468,8.799034373642998],[78.009215771259647,8.79917052262009],[78.009476972765242,8.799894347084264]]]]}},
{"type":"Feature","properties":{"Land_id":"642","dist_name":"Thoothukkudi","taluk_name":"Thoothukudi","vil_name":"Melathattaparai","unit_id":3,"block_id":7,"survey_no":199,"sub_div":"3","KIDE":"199/3"},"geometry":{"type":"MultiPolygon","coordinates":[[[[78.01032825032452,8.797909006301772],[78.010413171265355,8.79832784290732],[78.009947201126408,8.798305074933173],[78.010119795720399,8.79896902917892],[78.010285849708453,8.798932018245116],[78.010976741404988,8.798696783085909],[78.010572970438517,8.797610792827676],[78.01032825032452,8.797909006301772]]]]}},
{"type":"Feature","properties":{"Land_id":"643","dist_name":"Thoothukkudi","taluk_name":"Thoothukudi","vil_name":"Melathattaparai","unit_id":3,"block_id":7,"survey_no":199,"sub_div":"1","KIDE":"199/1"},"geometry":{"type":"MultiPolygon","coordinates":[[[[78.009215771259647,8.79917052262009],[78.008824209754138,8.798406816527811],[78.008172973494524,8.798615628068031],[78.008294360556917,8.799012216035321],[78.008538286658037,8.798968376234294],[78.009099271401254,8.80042154362769],[78.00950632975669,8.800323323941203],[78.009476972765242,8.799894347084264],[78.009215771259647,8.79917052262009]]]]}},
{"type":"Feature","properties":{"Land_id":"644","dist_name":"Thoothukkudi","taluk_name":"Thoothukudi","vil_name":"Melathattaparai","unit_id":3,"block_id":7,"survey_no":199,"sub_div":"2","KIDE":"199/2"},"geometry":{"type":"MultiPolygon","coordinates":[[[[78.009859698526355,8.798300799429724],[78.009248059602442,8.798270913868306],[78.008824209754138,8.798406816527811],[78.009215771259647,8.79917052262009],[78.009756941929993,8.799049903825617],[78.010119795720399,8.79896902917892],[78.009947201126408,8.798305074933173],[78.009859698526355,8.798300799429724]]]]}},
{"type":"Feature","properties":{"Land_id":"645","dist_name":"Thoothukkudi","taluk_name":"Thoothukudi","vil_name":"Melathattaparai","unit_id":3,"block_id":6,"survey_no":197,"sub_div":"1","KIDE":"197/1"},"geometry":{"type":"MultiPolygon","coordinates":[[[[78.007676763898672,8.800084944995676],[78.007760075493309,8.800481822537597],[78.008434973719702,8.800297064450623],[78.008311069667087,8.799898262760568],[78.008021666831723,8.799983446642344],[78.007676763898672,8.800084944995676]]]]}},
{"type":"Feature","properties":{"Land_id":"646","dist_name":"Thoothukkudi","taluk_name":"Thoothukudi","vil_name":"Melathattaparai","unit_id":3,"block_id":6,"survey_no":197,"sub_div":"2B","KIDE":"197/2B"},"geometry":{"type":"MultiPolygon","coordinates":[[[[78.008311069667087,8.799898262760568],[78.008193546868114,8.799519999984991],[78.007939815573565,8.799593552906792],[78.008021666831723,8.799983446642344],[78.008311069667087,8.799898262760568]]]]}},
{"type":"Feature","properties":{"Land_id":"647","dist_name":"Thoothukkudi","taluk_name":"Thoothukudi","vil_name":"Melathattaparai","unit_id":3,"block_id":6,"survey_no":197,"sub_div":"3B","KIDE":"197/3B"},"geometry":{"type":"MultiPolygon","coordinates":[[[[78.008293689018998,8.799010066939205],[78.008156555696971,8.798571204621211],[78.00799622431559,8.798058102476197],[78.007585794691295,8.798108294509232],[78.007939815573565,8.799593552906792],[78.008193546868114,8.799519999984991],[78.008054831472634,8.799073526015961],[78.008293689018998,8.799010066939205]]]]}},
{"type":"Feature","properties":{"Land_id":"648","dist_name":"Thoothukkudi","taluk_name":"Thoothukudi","vil_name":"Melathattaparai","unit_id":3,"block_id":6,"survey_no":195,"sub_div":"1","KIDE":"195/1"},"geometry":{"type":"MultiPolygon","coordinates":[[[[78.006661905709606,8.799387394904818],[78.006986330809951,8.800680302548766],[78.007246921546056,8.80061335375388],[78.006953736391722,8.799329172066495],[78.006661905709606,8.799387394904818]]]]}},
{"type":"Feature","properties":{"Land_id":"649","dist_name":"Thoothukkudi","taluk_name":"Thoothukudi","vil_name":"Melathattaparai","unit_id":3,"block_id":6,"survey_no":195,"sub_div":"2","KIDE":"195/2"},"geometry":{"type":"MultiPolygon","coordinates":[[[[78.007246921546056,8.80061335375388],[78.00749457152321,8.800549729590669],[78.007237313111688,8.799272595967643],[78.006953736391722,8.799329172066495],[78.007246921546056,8.80061335375388]]]]}},
{"type":"Feature","properties":{"Land_id":"650","dist_name":"Thoothukkudi","taluk_name":"Thoothukudi","vil_name":"Melathattaparai","unit_id":3,"block_id":6,"survey_no":195,"sub_div":"3","KIDE":"195/3"},"geometry":{"type":"MultiPolygon","coordinates":[[[[78.00749457152321,8.800549729590669],[78.007743540131884,8.800485766655665],[78.007510332425397,8.799218126166023],[78.007237313111688,8.799272595967643],[78.00749457152321,8.800549729590669]]]]}},
{"type":"Feature","properties":{"Land_id":"651","dist_name":"Thoothukkudi","taluk_name":"Thoothukudi","vil_name":"Melathattaparai","unit_id":3,"block_id":6,"survey_no":196,"sub_div":"1","KIDE":"196/1"},"geometry":{"type":"MultiPolygon","coordinates":[[[[78.006787648597012,8.799362308071073],[78.006631234713879,8.79862206779474],[78.006480061043447,8.798645269903234],[78.006614203856046,8.799192719202207],[78.006661905709606,8.799387394904818],[78.006787648597012,8.799362308071073]]]]}},
{"type":"Feature","properties":{"Land_id":"652","dist_name":"Thoothukkudi","taluk_name":"Thoothukudi","vil_name":"Melathattaparai","unit_id":3,"block_id":6,"survey_no":196,"sub_div":"2","KIDE":"196/2"},"geometry":{"type":"MultiPolygon","coordinates":[[[[78.006787648597012,8.799362308071073],[78.007510332425397,8.799218126166023],[78.007419395373816,8.799054257879497],[78.007377515323981,8.798978790158824],[78.00730342202462,8.798527297851701],[78.006631234713879,8.79862206779474],[78.006787648597012,8.799362308071073]]]]}},
{"type":"Feature","properties":{"Land_id":"653","dist_name":"Thoothukkudi","taluk_name":"Thoothukudi","vil_name":"Melathattaparai","unit_id":3,"block_id":6,"survey_no":197,"sub_div":"3A","KIDE":"197/3A"},"geometry":{"type":"MultiPolygon","coordinates":[[[[78.007379487860348,8.798982622869337],[78.007442612810408,8.799105276962932],[78.007526244190529,8.799267775802338],[78.007611064268445,8.799690585601951],[78.007939815573565,8.799593552906792],[78.007585794691295,8.798108294509232],[78.007254957146174,8.798231973983331],[78.007260282556416,8.798264424714679],[78.007379487860348,8.798982622869337]]]]}},
{"type":"Feature","properties":{"Land_id":"654","dist_name":"Thoothukkudi","taluk_name":"Thoothukudi","vil_name":"Melathattaparai","unit_id":3,"block_id":6,"survey_no":196,"sub_div":"3","KIDE":"196/3"},"geometry":{"type":"MultiPolygon","coordinates":[[[[78.006631234713879,8.79862206779474],[78.00730342202462,8.798527297851701],[78.0072451122887,8.798171983708173],[78.006403205252951,8.798331614271522],[78.006480061043447,8.798645269903234],[78.006631234713879,8.79862206779474]]]]}},
{"type":"Feature","properties":{"Land_id":"655","dist_name":"Thoothukkudi","taluk_name":"Thoothukudi","vil_name":"Melathattaparai","unit_id":3,"block_id":6,"survey_no":203,"sub_div":"2","KIDE":"203/2"},"geometry":{"type":"MultiPolygon","coordinates":[[[[78.006403205252951,8.798331614271522],[78.007134124694304,8.798196506119091],[78.007140272212638,8.798195369769726],[78.007440639532362,8.798139847818437],[78.007486644734968,8.797772129797053],[78.007433323002047,8.797574709875622],[78.007175952326719,8.797501051421188],[78.007040347940219,8.797456358924554],[78.006413042528237,8.797522949717909],[78.006172221466812,8.797757434216132],[78.006221354524271,8.798009851621666],[78.006074825920308,8.79798328414361],[78.006179548774469,8.7983635013438],[78.006403205252951,8.798331614271522]]]]}},
{"type":"Feature","properties":{"Land_id":"656","dist_name":"Thoothukkudi","taluk_name":"Thoothukudi","vil_name":"Melathattaparai","unit_id":3,"block_id":6,"survey_no":197,"sub_div":"2A","KIDE":"197/2A"},"geometry":{"type":"MultiPolygon","coordinates":[[[[78.007611064268445,8.799690585601951],[78.007676763898672,8.800084944995676],[78.008021666831723,8.799983446642344],[78.007939815573565,8.799593552906792],[78.007611064268445,8.799690585601951]]]]}},
{"type":"Feature","properties":{"Land_id":"657","dist_name":"Thoothukkudi","taluk_name":"Thoothukudi","vil_name":"Melathattaparai","unit_id":3,"block_id":6,"survey_no":198,"sub_div":null,"KIDE":"198"},"geometry":{"type":"MultiPolygon","coordinates":[[[[78.008172973494524,8.798615628068031],[78.009240234122473,8.798273415304712],[78.009094173817374,8.797838242337852],[78.008939944802592,8.797864114614768],[78.008878804571665,8.797887240906554],[78.008645438658419,8.79791714450154],[78.007988390093018,8.798033030925209],[78.008172973494524,8.798615628068031]]]]}},
{"type":"Feature","properties":{"Land_id":"658","dist_name":"Thoothukkudi","taluk_name":"Thoothukudi","vil_name":"Melathattaparai","unit_id":3,"block_id":6,"survey_no":203,"sub_div":"1","KIDE":"203/1"},"geometry":{"type":"MultiPolygon","coordinates":[[[[78.008232157572181,8.797699252070691],[78.007486644734968,8.797772129797053],[78.007440639532362,8.798139847818437],[78.007922993989652,8.798050686119],[78.008645438658419,8.79791714450154],[78.008606436088229,8.797569164808294],[78.008232157572181,8.797699252070691]]]]}},
{"type":"Feature","properties":{"Land_id":"659","dist_name":"Thoothukkudi","taluk_name":"Thoothukudi","vil_name":"Melathattaparai","unit_id":3,"block_id":7,"survey_no":201,"sub_div":"2","KIDE":"201/2"},"geometry":{"type":"MultiPolygon","coordinates":[[[[78.008878804571665,8.797887240906554],[78.009094173817374,8.797838242337852],[78.009240234122473,8.798273415304712],[78.009874037249091,8.798302825563322],[78.010413171265355,8.79832784290732],[78.01032825032452,8.797909006301772],[78.010037250676106,8.797247493582205],[78.009417653088747,8.796534969892939],[78.009183604161962,8.796556443315225],[78.009173597003283,8.796811547836336],[78.009211252960114,8.797171610570853],[78.008539912122643,8.797303762276677],[78.008606436088229,8.797569164808294],[78.008878804571665,8.797887240906554]]]]}},
{"type":"Feature","properties":{"Land_id":"660","dist_name":"Thoothukkudi","taluk_name":"Thoothukudi","vil_name":"Melathattaparai","unit_id":3,"block_id":7,"survey_no":200,"sub_div":null,"KIDE":"200"},"geometry":{"type":"MultiPolygon","coordinates":[[[[78.01032825032452,8.797909006301772],[78.010572970438517,8.797610792827676],[78.01043918916514,8.797110670040617],[78.010037250676106,8.797247493582205],[78.01032825032452,8.797909006301772]]]]}},
{"type":"Feature","properties":{"Land_id":"661","dist_name":"Thoothukkudi","taluk_name":"Thoothukudi","vil_name":"Melathattaparai","unit_id":3,"block_id":7,"survey_no":201,"sub_div":"1","KIDE":"201/1"},"geometry":{"type":"MultiPolygon","coordinates":[[[[78.009173597003283,8.796811547836336],[78.007433323002047,8.797574709875622],[78.007486644734968,8.797772129797053],[78.008232157572181,8.797699252070691],[78.00823025251303,8.797610574159185],[78.008606436088229,8.797569164808294],[78.008539912122643,8.797303762276677],[78.009211252960114,8.797171610570853],[78.009173597003283,8.796811547836336]]]]}},
{"type":"Feature","properties":{"Land_id":"662","dist_name":"Thoothukkudi","taluk_name":"Thoothukudi","vil_name":"Melathattaparai","unit_id":3,"block_id":7,"survey_no":202,"sub_div":"1","KIDE":"202/1"},"geometry":{"type":"MultiPolygon","coordinates":[[[[78.007036689187174,8.797205860394826],[78.007123701808794,8.797429692275429],[78.007208772319132,8.797600126709764],[78.007433323002047,8.797574709875622],[78.009173597003283,8.796811547836336],[78.008342932353315,8.796932989413497],[78.007036689187174,8.797205860394826]]]]}},
{"type":"Feature","properties":{"Land_id":"663","dist_name":"Thoothukkudi","taluk_name":"Thoothukudi","vil_name":"Melathattaparai","unit_id":3,"block_id":7,"survey_no":202,"sub_div":"2","KIDE":"202/2"},"geometry":{"type":"MultiPolygon","coordinates":[[[[78.00840265560538,8.796457965479325],[78.006943768522191,8.796820549886657],[78.006952051779635,8.796988138531631],[78.007036689187174,8.797205860394826],[78.008342932353315,8.796932989413497],[78.009173597003283,8.796811547836336],[78.009183604161962,8.796556443315225],[78.009137747324147,8.796323441010625],[78.00840265560538,8.796457965479325]]]]}},
{"type":"Feature","properties":{"Land_id":"664","dist_name":"Thoothukkudi","taluk_name":"Thoothukudi","vil_name":"Melathattaparai","unit_id":3,"block_id":8,"survey_no":209,"sub_div":"2","KIDE":"209/2"},"geometry":{"type":"MultiPolygon","coordinates":[[[[78.008512606913229,8.796437843988505],[78.00910412138667,8.796329594679966],[78.009181361083733,8.796545046053192],[78.009402262049022,8.796536381983564],[78.009976249225332,8.797177343246497],[78.010421109019504,8.797069920058929],[78.009379871094637,8.794707701936849],[78.009196077388907,8.794038134238365],[78.008338096503181,8.793989017076292],[78.008259194496375,8.795228477447438],[78.008512606913229,8.796437843988505]]]]}},
{"type":"Feature","properties":{"Land_id":"665","dist_name":"Thoothukkudi","taluk_name":"Thoothukudi","vil_name":"Melathattaparai","unit_id":3,"block_id":9,"survey_no":206,"sub_div":null,"KIDE":"206"},"geometry":{"type":"MultiPolygon","coordinates":[[[[78.004742127585871,8.796944028494281],[78.004930392588648,8.796926154726718],[78.005137741791131,8.797308726219466],[78.005495960833898,8.797259920223194],[78.005393362144787,8.796844000826484],[78.00609432047581,8.7965838034049],[78.006413042528237,8.797522949717909],[78.007040347940219,8.797456358924554],[78.007123701808794,8.797429692275429],[78.007043349576037,8.797222993626042],[78.006952051779635,8.796988138531631],[78.006943768522191,8.796820549886657],[78.006949594595142,8.796188493924156],[78.007029159213658,8.795724185232732],[78.007097510172244,8.79532531517297],[78.00634206176035,8.795550815277034],[78.005569967448011,8.796098641795812],[78.005310012919651,8.796283088154292],[78.005154805023068,8.796259330055783],[78.005018600164135,8.794904363036618],[78.005336177664361,8.794713640941962],[78.005315652997183,8.794402443874821],[78.005213040804335,8.794403305643348],[78.003912082514148,8.794414231488295],[78.003943412699016,8.794506280237048],[78.004365703847384,8.7957469806028],[78.004453999260917,8.796006394403673],[78.004706188826873,8.79674733270636],[78.004742127585871,8.796944028494281]]]]}},
{"type":"Feature","properties":{"Land_id":"666","dist_name":"Thoothukkudi","taluk_name":"Thoothukudi","vil_name":"Melathattaparai","unit_id":3,"block_id":8,"survey_no":209,"sub_div":"1","KIDE":"209/1"},"geometry":{"type":"MultiPolygon","coordinates":[[[[78.008512606913229,8.796437843988505],[78.008259194496375,8.795228477447438],[78.008338096503181,8.793989017076292],[78.007610539873383,8.793965766153423],[78.007509574019281,8.794030394013468],[78.007388895227635,8.794586168043969],[78.007186486162084,8.794930355449845],[78.007087113577327,8.79532712979834],[78.007022246807693,8.795733429404621],[78.006948072973017,8.79635357087137],[78.006943768522191,8.796820549886657],[78.008512606913229,8.796437843988505]]]]}},
{"type":"Feature","properties":{"Land_id":"667","dist_name":"Thoothukkudi","taluk_name":"Thoothukudi","vil_name":"Melathattaparai","unit_id":3,"block_id":9,"survey_no":204,"sub_div":null,"KIDE":"204"},"geometry":{"type":"MultiPolygon","coordinates":[[[[78.006161242564858,8.797998952567697],[78.006221354524271,8.798009851621666],[78.006138438413927,8.797535649854463],[78.006408862021104,8.797510631436747],[78.006083460470663,8.79658783466498],[78.005400829760873,8.796874273400206],[78.005494097233893,8.797252365473726],[78.005639783437715,8.797833157460158],[78.006161242564858,8.797998952567697]]]]}},
{"type":"Feature","properties":{"Land_id":"668","dist_name":"Thoothukkudi","taluk_name":"Thoothukudi","vil_name":"Melathattaparai","unit_id":3,"block_id":9,"survey_no":205,"sub_div":"2","KIDE":"205/2"},"geometry":{"type":"MultiPolygon","coordinates":[[[[78.004777933778641,8.798569202571485],[78.006148577255033,8.798251053067835],[78.006074825920308,8.79798328414361],[78.005649899381382,8.797873476821961],[78.005495960833898,8.797259920223194],[78.005137741791131,8.797308726219466],[78.004930392588648,8.796926154726718],[78.004742127585871,8.796944028494281],[78.004353507253271,8.797131395379438],[78.004588182913267,8.797664073976199],[78.004729689304341,8.798339072115061],[78.004777933778641,8.798569202571485]]]]}},
{"type":"Feature","properties":{"Land_id":"669","dist_name":"Thoothukkudi","taluk_name":"Thoothukudi","vil_name":"Melathattaparai","unit_id":3,"block_id":5,"survey_no":188,"sub_div":null,"KIDE":"188"},"geometry":{"type":"MultiPolygon","coordinates":[[[[78.00443812681138,8.800957558995041],[78.004946915145553,8.800873835478059],[78.004831224939878,8.799190784623056],[78.004777933778641,8.798569202571485],[78.004713560424307,8.798262135915083],[78.004588182913267,8.797664073976199],[78.004434861365752,8.797664855932867],[78.003808024095846,8.797887727309888],[78.003930677163538,8.798455255897625],[78.004114888444633,8.799363626730498],[78.00443812681138,8.800957558995041]]]]}},
{"type":"Feature","properties":{"Land_id":"670","dist_name":"Thoothukkudi","taluk_name":"Thoothukudi","vil_name":"Melathattaparai","unit_id":3,"block_id":5,"survey_no":189,"sub_div":"2","KIDE":"189/2"},"geometry":{"type":"MultiPolygon","coordinates":[[[[78.004831224939878,8.799190784623056],[78.004900586969697,8.800199857283216],[78.005309705281732,8.800135128510043],[78.005105560132066,8.799209342208281],[78.005011095611763,8.799202952093427],[78.004831224939878,8.799190784623056]]]]}},
{"type":"Feature","properties":{"Land_id":"671","dist_name":"Thoothukkudi","taluk_name":"Thoothukudi","vil_name":"Melathattaparai","unit_id":3,"block_id":8,"survey_no":208,"sub_div":null,"KIDE":"208"},"geometry":{"type":"MultiPolygon","coordinates":[[[[78.00634206176035,8.795550815277034],[78.007097510172244,8.79532531517297],[78.007137034340673,8.79501444602198],[78.007396169690466,8.794573798150926],[78.007460743089368,8.794061650506396],[78.007636925419732,8.793948876865342],[78.007555178325035,8.793670104960041],[78.006202724415402,8.794194441655497],[78.00628989004602,8.795532036826177],[78.00634206176035,8.795550815277034]]]]}},
{"type":"Feature","properties":{"Land_id":"672","dist_name":"Thoothukkudi","taluk_name":"Thoothukudi","vil_name":"Melathattaparai","unit_id":3,"block_id":8,"survey_no":210,"sub_div":"1","KIDE":"210/1"},"geometry":{"type":"MultiPolygon","coordinates":[[[[78.007630357238682,8.79392647821798],[78.008617751593363,8.794005026598903],[78.008488070266338,8.793347543185796],[78.008196863720059,8.793423185026263],[78.008140808403198,8.793215838135726],[78.007598074983903,8.793489306053146],[78.00753022616847,8.793516584136976],[78.007547483530459,8.793622761910042],[78.007630357238682,8.79392647821798]]]]}},
{"type":"Feature","properties":{"Land_id":"673","dist_name":"Thoothukkudi","taluk_name":"Thoothukudi","vil_name":"Melathattaparai","unit_id":3,"block_id":8,"survey_no":210,"sub_div":"2","KIDE":"210/2"},"geometry":{"type":"MultiPolygon","coordinates":[[[[78.009204378185586,8.794038609437267],[78.009038710300985,8.793436456608605],[78.008626810232172,8.793311697117216],[78.008488070266338,8.793347543185796],[78.008617751593363,8.794005026598903],[78.009204378185586,8.794038609437267]]]]}},
{"type":"Feature","properties":{"Land_id":"674","dist_name":"Thoothukkudi","taluk_name":"Thoothukudi","vil_name":"Melathattaparai","unit_id":3,"block_id":5,"survey_no":189,"sub_div":"1","KIDE":"189/1"},"geometry":{"type":"MultiPolygon","coordinates":[[[[78.005451754464971,8.800779313239554],[78.005309705281732,8.800135128510043],[78.004900586969697,8.800199857283216],[78.004946915145553,8.800873835478059],[78.005451754464971,8.800779313239554]]]]}},
{"type":"Feature","properties":{"Land_id":"675","dist_name":"Thoothukkudi","taluk_name":"Thoothukudi","vil_name":"Melathattaparai","unit_id":3,"block_id":10,"survey_no":207,"sub_div":null,"KIDE":"207"},"geometry":{"type":"MultiPolygon","coordinates":[[[[78.005310012919651,8.796283088154292],[78.005579457854097,8.796091908037972],[78.00628989004602,8.795532036826177],[78.00634206176035,8.795550815277034],[78.006202724415402,8.794194441655497],[78.005462749607005,8.794357069522421],[78.005315652997183,8.794402443874821],[78.005336177664361,8.794713640941962],[78.005018600164135,8.794904363036618],[78.005154805023068,8.796259330055783],[78.005310012919651,8.796283088154292]]]]}},
{"type":"Feature","properties":{"Land_id":"676","dist_name":"Thoothukkudi","taluk_name":"Thoothukudi","vil_name":"Melathattaparai","unit_id":3,"block_id":10,"survey_no":215,"sub_div":null,"KIDE":"215"},"geometry":{"type":"MultiPolygon","coordinates":[[[[78.003912082514148,8.794414231488295],[78.005111712333871,8.794404156630781],[78.005315652997183,8.794402443874821],[78.005462749607005,8.794357069522421],[78.005251416305171,8.793420486902088],[78.00495707939811,8.793346195721224],[78.004323915879908,8.793419416930984],[78.00369017372067,8.79378111931957],[78.003912082514148,8.794414231488295]]]]}},
{"type":"Feature","properties":{"Land_id":"677","dist_name":"Thoothukkudi","taluk_name":"Thoothukudi","vil_name":"Melathattaparai","unit_id":3,"block_id":10,"survey_no":214,"sub_div":null,"KIDE":"214"},"geometry":{"type":"MultiPolygon","coordinates":[[[[78.005462749607005,8.794357069522421],[78.006202724415402,8.794194441655497],[78.007555178325035,8.793670104960041],[78.007529523372909,8.793512260111772],[78.007372298400853,8.792832577113678],[78.006806465413177,8.793000436119998],[78.00681740399358,8.793234553809397],[78.006361058598813,8.793305638832576],[78.006127938319025,8.793343672685502],[78.006037420728461,8.793387575063704],[78.005948847609829,8.7933899656924],[78.005929496060517,8.793281219626184],[78.005251416305171,8.793420486902088],[78.005462749607005,8.794357069522421]]]]}},
{"type":"Feature","properties":{"Land_id":"678","dist_name":"Thoothukkudi","taluk_name":"Thoothukudi","vil_name":"Melathattaparai","unit_id":3,"block_id":10,"survey_no":211,"sub_div":"1","KIDE":"211/1"},"geometry":{"type":"MultiPolygon","coordinates":[[[[78.008525336845608,8.793218889603793],[78.008917466831093,8.793069763929019],[78.008706189099215,8.79243076870962],[78.007844973401831,8.792520427167986],[78.008134849232988,8.793204160691355],[78.008196807252375,8.793428961751093],[78.008561348273844,8.793327059327725],[78.008525336845608,8.793218889603793]]]]}},
{"type":"Feature","properties":{"Land_id":"679","dist_name":"Thoothukkudi","taluk_name":"Thoothukudi","vil_name":"Melathattaparai","unit_id":3,"block_id":10,"survey_no":211,"sub_div":"2","KIDE":"211/2"},"geometry":{"type":"MultiPolygon","coordinates":[[[[78.008525336845608,8.793218889603793],[78.008561348273844,8.793327059327725],[78.009025291443479,8.793395872181081],[78.008917466831093,8.793069763929019],[78.008525336845608,8.793218889603793]]]]}},
{"type":"Feature","properties":{"Land_id":"680","dist_name":"Thoothukkudi","taluk_name":"Thoothukudi","vil_name":"Melathattaparai","unit_id":3,"block_id":10,"survey_no":212,"sub_div":null,"KIDE":"212"},"geometry":{"type":"MultiPolygon","coordinates":[[[[78.007404682489494,8.792661645066497],[78.007372298400853,8.792832577113678],[78.007529523372909,8.793512260111772],[78.007900742294808,8.793387959883475],[78.008083817039193,8.793104155688878],[78.007844973401831,8.792520427167986],[78.007404682489494,8.792661645066497]]]]}},
{"type":"Feature","properties":{"Land_id":"682","dist_name":"Thoothukkudi","taluk_name":"Thoothukudi","vil_name":"Melathattaparai","unit_id":3,"block_id":10,"survey_no":213,"sub_div":null,"KIDE":"213"},"geometry":{"type":"MultiPolygon","coordinates":[[[[78.005948847609829,8.7933899656924],[78.006037420728461,8.793387575063704],[78.006127938319025,8.793343672685502],[78.006361058598813,8.793305638832576],[78.00681740399358,8.793234553809397],[78.006806465413177,8.793000436119998],[78.007372298400853,8.792832577113678],[78.007341316926826,8.792697056450528],[78.007240152109986,8.792548666263517],[78.007126935538707,8.79243603804049],[78.006599805142386,8.79256100479442],[78.005876802639335,8.792936464334364],[78.005929496060517,8.793281219626184],[78.005948847609829,8.7933899656924]]]]}},
{"type":"Feature","properties":{"Land_id":"684","dist_name":"Thoothukkudi","taluk_name":"Thoothukudi","vil_name":"Melathattaparai","unit_id":3,"block_id":10,"survey_no":216,"sub_div":"2","KIDE":"216/2"},"geometry":{"type":"MultiPolygon","coordinates":[[[[78.005162106479716,8.79298564196799],[78.003386649029451,8.792944899787036],[78.003577063899428,8.793469498405099],[78.005550480841691,8.792995529330073],[78.00547080754302,8.792897295441612],[78.005162106479716,8.79298564196799]]]]}},
{"type":"Feature","properties":{"Land_id":"685","dist_name":"Thoothukkudi","taluk_name":"Thoothukudi","vil_name":"Melathattaparai","unit_id":3,"block_id":10,"survey_no":218,"sub_div":"2","KIDE":"218/2"},"geometry":{"type":"MultiPolygon","coordinates":[[[[78.008087825687895,8.792369257310071],[78.008094879859058,8.792369431086012],[78.008525701452925,8.792244056655235],[78.008497137501436,8.792137942106899],[78.00825445753263,8.792171618515056],[78.008087825687895,8.792369257310071]]]]}},
{"type":"Feature","properties":{"Land_id":"2","dist_name":"Thoothukkudi","taluk_name":"Thoothukudi","vil_name":"Melathattaparai","unit_id":4,"block_id":1,"survey_no":221,"sub_div":"2","KIDE":"221/2"},"geometry":{"type":"MultiPolygon","coordinates":[[[[78.010623587048755,8.791281800547395],[78.009236461911399,8.791174866151485],[78.008395618838705,8.7914173789763],[78.008655251475886,8.791896499237161],[78.009741103969404,8.791681217574853],[78.010289518921397,8.79155888063003],[78.010474871700993,8.791561950851923],[78.010684119645902,8.79156541687829],[78.010623587048755,8.791281800547395]]]]}},
{"type":"Feature","properties":{"Land_id":"3","dist_name":"Thoothukkudi","taluk_name":"Thoothukudi","vil_name":"Melathattaparai","unit_id":4,"block_id":1,"survey_no":222,"sub_div":null,"KIDE":"222"},"geometry":{"type":"MultiPolygon","coordinates":[[[[78.008767581389932,8.792148696448301],[78.009777698639937,8.791844529649468],[78.010024067616001,8.791795355689532],[78.0100185579673,8.791625237273786],[78.008655251475886,8.791896499237161],[78.008767581389932,8.792148696448301]]]]}},
{"type":"Feature","properties":{"Land_id":"4","dist_name":"Thoothukkudi","taluk_name":"Thoothukudi","vil_name":"Melathattaparai","unit_id":4,"block_id":1,"survey_no":224,"sub_div":"2","KIDE":"224/2"},"geometry":{"type":"MultiPolygon","coordinates":[[[[78.0100185579673,8.791625237273786],[78.010024067616001,8.791795355689532],[78.009777698639937,8.791844529649468],[78.009858262985247,8.792326268398458],[78.009980526762732,8.792746163188284],[78.010426052954273,8.792767119896752],[78.010406366980533,8.792606175069526],[78.010269741022483,8.792598388552838],[78.010227221525156,8.792323150536589],[78.011259964190018,8.791974536829901],[78.011193128506989,8.791647076358915],[78.010684119645902,8.79156541687829],[78.010503000169635,8.791556829704207],[78.010289518921397,8.79155888063003],[78.0100185579673,8.791625237273786]]]]}},
{"type":"Feature","properties":{"Land_id":"5","dist_name":"Thoothukkudi","taluk_name":"Thoothukudi","vil_name":"Melathattaparai","unit_id":4,"block_id":1,"survey_no":230,"sub_div":"1","KIDE":"230/1"},"geometry":{"type":"MultiPolygon","coordinates":[[[[78.010521651422323,8.79080419658324],[78.010684119645902,8.79156541687829],[78.011193128506989,8.791647076358915],[78.011145871302261,8.790557530016505],[78.010521651422323,8.79080419658324]]]]}},
{"type":"Feature","properties":{"Land_id":"6","dist_name":"Thoothukkudi","taluk_name":"Thoothukudi","vil_name":"Peroorani","unit_id":4,"block_id":8,"survey_no":211,"sub_div":"3","KIDE":"211/3"},"geometry":{"type":"MultiPolygon","coordinates":[[[[78.008489124176435,8.79160068660012],[78.009248144787435,8.791401616697236],[78.008510942387517,8.790708802150634],[78.008131572123361,8.790485909421534],[78.008489124176435,8.79160068660012]]]]}},
{"type":"Feature","properties":{"Land_id":"7","dist_name":"Thoothukkudi","taluk_name":"Thoothukudi","vil_name":"Melathattaparai","unit_id":4,"block_id":1,"survey_no":223,"sub_div":null,"KIDE":"223"},"geometry":{"type":"MultiPolygon","coordinates":[[[[78.008893729439109,8.792434957277401],[78.009858262985247,8.792326268398458],[78.009777698639937,8.791844529649468],[78.008767581389932,8.792148696448301],[78.008893729439109,8.792434957277401]]]]}},
{"type":"Feature","properties":{"Land_id":"8","dist_name":"Thoothukkudi","taluk_name":"Thoothukudi","vil_name":"Melathattaparai","unit_id":4,"block_id":1,"survey_no":224,"sub_div":"1","KIDE":"224/1"},"geometry":{"type":"MultiPolygon","coordinates":[[[[78.009634109687838,8.792351527209522],[78.008893729439109,8.792434957277401],[78.00906403332489,8.7930085642788],[78.009692061842514,8.792732594344631],[78.009980526762732,8.792746163188284],[78.009858262985247,8.792326268398458],[78.009634109687838,8.792351527209522]]]]}},
{"type":"Feature","properties":{"Land_id":"9","dist_name":"Thoothukkudi","taluk_name":"Thoothukudi","vil_name":"Melathattaparai","unit_id":4,"block_id":1,"survey_no":225,"sub_div":null,"KIDE":"225"},"geometry":{"type":"MultiPolygon","coordinates":[[[[78.009165403754139,8.79335414237654],[78.010463127193347,8.793174504525958],[78.010426052954273,8.792767119896752],[78.009692061842514,8.792732594344631],[78.00906403332489,8.7930085642788],[78.009165403754139,8.79335414237654]]]]}},
{"type":"Feature","properties":{"Land_id":"10","dist_name":"Thoothukkudi","taluk_name":"Thoothukudi","vil_name":"Melathattaparai","unit_id":4,"block_id":1,"survey_no":227,"sub_div":null,"KIDE":"227"},"geometry":{"type":"MultiPolygon","coordinates":[[[[78.010463127193347,8.793174504525958],[78.01145295473836,8.793068584061329],[78.011429476661789,8.792858268307885],[78.011742867440418,8.792744981382633],[78.011673628109946,8.792450243185032],[78.010406366980533,8.792606175069526],[78.010426052954273,8.792767119896752],[78.010463127193347,8.793174504525958]]]]}},
{"type":"Feature","properties":{"Land_id":"11","dist_name":"Thoothukkudi","taluk_name":"Thoothukudi","vil_name":"Melathattaparai","unit_id":4,"block_id":1,"survey_no":229,"sub_div":"1","KIDE":"229/1"},"geometry":{"type":"MultiPolygon","coordinates":[[[[78.011259964190018,8.791974536829901],[78.010227221525156,8.792323150536589],[78.010269741022483,8.792598388552838],[78.010406366980533,8.792606175069526],[78.011673628109946,8.792450243185032],[78.011585288403225,8.791971543081591],[78.011259964190018,8.791974536829901]]]]}},
{"type":"Feature","properties":{"Land_id":"12","dist_name":"Thoothukkudi","taluk_name":"Thoothukudi","vil_name":"Melathattaparai","unit_id":4,"block_id":1,"survey_no":230,"sub_div":"2","KIDE":"230/2"},"geometry":{"type":"MultiPolygon","coordinates":[[[[78.011145871302261,8.790557530016505],[78.011193128506989,8.791647076358915],[78.011259964190018,8.791974536829901],[78.011620380392372,8.791978692349963],[78.011409860495377,8.79045321211505],[78.011145871302261,8.790557530016505]]]]}},
{"type":"Feature","properties":{"Land_id":"13","dist_name":"Thoothukkudi","taluk_name":"Thoothukudi","vil_name":"Melathattaparai","unit_id":4,"block_id":1,"survey_no":226,"sub_div":"1","KIDE":"226/1"},"geometry":{"type":"MultiPolygon","coordinates":[[[[78.010463127193347,8.793174504525958],[78.009165403754139,8.79335414237654],[78.009337177887176,8.793949351799771],[78.010257738667619,8.793799540520352],[78.010984644271772,8.79368046447293],[78.010859279453513,8.793132112665202],[78.010463127193347,8.793174504525958]]]]}},
{"type":"Feature","properties":{"Land_id":"14","dist_name":"Thoothukkudi","taluk_name":"Thoothukudi","vil_name":"Melathattaparai","unit_id":4,"block_id":1,"survey_no":226,"sub_div":"2","KIDE":"226/2"},"geometry":{"type":"MultiPolygon","coordinates":[[[[78.010984644271772,8.79368046447293],[78.011559604745116,8.79358627890028],[78.011512234914065,8.793286794036097],[78.01145295473836,8.793068584061329],[78.010859279453513,8.793132112665202],[78.010984644271772,8.79368046447293]]]]}},
{"type":"Feature","properties":{"Land_id":"15","dist_name":"Thoothukkudi","taluk_name":"Thoothukudi","vil_name":"Melathattaparai","unit_id":4,"block_id":1,"survey_no":228,"sub_div":null,"KIDE":"228"},"geometry":{"type":"MultiPolygon","coordinates":[[[[78.011504806504547,8.793287834980202],[78.011512234914065,8.793286794036097],[78.012631063177139,8.793125429598833],[78.012497278525203,8.79252836322147],[78.012239921877665,8.792626131586637],[78.012000892779824,8.792716936233063],[78.011742867440418,8.792744981382633],[78.011429476661789,8.792858268307885],[78.01145295473836,8.793068584061329],[78.011504806504547,8.793287834980202]]]]}},
{"type":"Feature","properties":{"Land_id":"16","dist_name":"Thoothukkudi","taluk_name":"Thoothukudi","vil_name":"Melathattaparai","unit_id":4,"block_id":4,"survey_no":246,"sub_div":null,"KIDE":"246"},"geometry":{"type":"MultiPolygon","coordinates":[[[[78.011746786245126,8.793809810894317],[78.012478527894103,8.793842115768967],[78.012846283992801,8.793796480191549],[78.012826175130826,8.793686962332922],[78.012631063177139,8.793125429598833],[78.011512234914065,8.793286794036097],[78.011559604745116,8.79358627890028],[78.011588929868537,8.793676484759068],[78.011594656502069,8.793805877743507],[78.011746786245126,8.793809810894317]]]]}},
{"type":"Feature","properties":{"Land_id":"17","dist_name":"Thoothukkudi","taluk_name":"Thoothukudi","vil_name":"Melathattaparai","unit_id":4,"block_id":4,"survey_no":249,"sub_div":null,"KIDE":"249"},"geometry":{"type":"MultiPolygon","coordinates":[[[[78.010847551750587,8.795867534712567],[78.011357666248017,8.795751038988824],[78.011030714862386,8.794635600337925],[78.01186389584997,8.794317828758839],[78.011746786245126,8.793809810894317],[78.011594656502069,8.793805877743507],[78.011588929868537,8.793676484759068],[78.011559604745116,8.79358627890028],[78.010273543318618,8.793796968580359],[78.010257738667619,8.793799540520352],[78.010847551750587,8.795867534712567]]]]}},
{"type":"Feature","properties":{"Land_id":"18","dist_name":"Thoothukkudi","taluk_name":"Thoothukudi","vil_name":"Melathattaparai","unit_id":4,"block_id":1,"survey_no":229,"sub_div":"2","KIDE":"229/2"},"geometry":{"type":"MultiPolygon","coordinates":[[[[78.012720109840672,8.791961100053916],[78.011682542924731,8.791970648111134],[78.011585288403225,8.791971543081591],[78.011673628109946,8.792450243185032],[78.012000892779824,8.792716936233063],[78.012497278525203,8.79252836322147],[78.012495785656782,8.792457364460342],[78.012829861505381,8.792372943313563],[78.012720109840672,8.791961100053916]]]]}},
{"type":"Feature","properties":{"Land_id":"19","dist_name":"Thoothukkudi","taluk_name":"Thoothukudi","vil_name":"Melathattaparai","unit_id":4,"block_id":4,"survey_no":244,"sub_div":null,"KIDE":"244"},"geometry":{"type":"MultiPolygon","coordinates":[[[[78.012826175130826,8.793686962332922],[78.013446290049842,8.793646898700731],[78.013443320431264,8.79363566979735],[78.013201064373547,8.792547749316391],[78.013177061713492,8.792428812105635],[78.012857382681133,8.792474573748017],[78.012829861505381,8.792372943313563],[78.012495785656782,8.792457364460342],[78.012497278525203,8.79252836322147],[78.012631063177139,8.793125429598833],[78.012826175130826,8.793686962332922]]]]}},
{"type":"Feature","properties":{"Land_id":"20","dist_name":"Thoothukkudi","taluk_name":"Thoothukudi","vil_name":"Melathattaparai","unit_id":4,"block_id":2,"survey_no":231,"sub_div":"1","KIDE":"231/1"},"geometry":{"type":"MultiPolygon","coordinates":[[[[78.012077178713085,8.790911097559754],[78.011691266316461,8.790513611369819],[78.011575073964778,8.790484439990173],[78.011551034604665,8.790397253234451],[78.011409860495377,8.79045321211505],[78.011620062679015,8.791976390118888],[78.012665039410123,8.791961981011791],[78.012468626670383,8.790774190740828],[78.012077178713085,8.790911097559754]]]]}},
{"type":"Feature","properties":{"Land_id":"21","dist_name":"Thoothukkudi","taluk_name":"Thoothukudi","vil_name":"Melathattaparai","unit_id":4,"block_id":2,"survey_no":231,"sub_div":"2","KIDE":"231/2"},"geometry":{"type":"MultiPolygon","coordinates":[[[[78.013410968769051,8.792534742799296],[78.01317147814099,8.790549430924223],[78.013150130413365,8.790546066337972],[78.01296915729435,8.790588091275335],[78.012468626670383,8.790774190740828],[78.012665039410123,8.791961981011791],[78.012824390397626,8.79235116499774],[78.0128503672601,8.792448332328824],[78.013133378946634,8.792435065237537],[78.013201064373547,8.792547749316391],[78.013410968769051,8.792534742799296]]]]}},
{"type":"Feature","properties":{"Land_id":"22","dist_name":"Thoothukkudi","taluk_name":"Thoothukudi","vil_name":"Peroorani","unit_id":4,"block_id":11,"survey_no":218,"sub_div":"1","KIDE":"218/1"},"geometry":{"type":"MultiPolygon","coordinates":[[[[78.011185884296026,8.790069635310752],[78.01080286623268,8.790848930357367],[78.010727492270661,8.791039153519169],[78.011418980623219,8.790726700011936],[78.011185884296026,8.790069635310752]]]]}},
{"type":"Feature","properties":{"Land_id":"23","dist_name":"Thoothukkudi","taluk_name":"Thoothukudi","vil_name":"Peroorani","unit_id":4,"block_id":11,"survey_no":218,"sub_div":"2","KIDE":"218/2"},"geometry":{"type":"MultiPolygon","coordinates":[[[[78.011368907275227,8.790141146614038],[78.011262534313815,8.789913681884777],[78.011185884296026,8.790069635310752],[78.011418980623219,8.790726700011936],[78.011624539608391,8.790633816848214],[78.011715521895582,8.790592705910303],[78.011617454337568,8.790053475158155],[78.011368907275227,8.790141146614038]]]]}},
{"type":"Feature","properties":{"Land_id":"24","dist_name":"Thoothukkudi","taluk_name":"Thoothukudi","vil_name":"Melathattaparai","unit_id":4,"block_id":2,"survey_no":232,"sub_div":"1","KIDE":"232/1"},"geometry":{"type":"MultiPolygon","coordinates":[[[[78.012493826183459,8.790767708463896],[78.01205776874535,8.789649275975389],[78.011467029266157,8.789887230250809],[78.011555206447753,8.790412383814582],[78.01157902927892,8.790498785255853],[78.011698203191429,8.790514063631461],[78.012082747693611,8.79091757130829],[78.012493826183459,8.790767708463896]]]]}},
{"type":"Feature","properties":{"Land_id":"25","dist_name":"Thoothukkudi","taluk_name":"Thoothukudi","vil_name":"Melathattaparai","unit_id":4,"block_id":2,"survey_no":232,"sub_div":"2","KIDE":"232/2"},"geometry":{"type":"MultiPolygon","coordinates":[[[[78.012493826183459,8.790767708463896],[78.012964777472135,8.790579000953285],[78.012674582992332,8.789438547136664],[78.01205776874535,8.789649275975389],[78.012493826183459,8.790767708463896]]]]}},
{"type":"Feature","properties":{"Land_id":"26","dist_name":"Thoothukkudi","taluk_name":"Thoothukudi","vil_name":"Melathattaparai","unit_id":4,"block_id":2,"survey_no":233,"sub_div":null,"KIDE":"233"},"geometry":{"type":"MultiPolygon","coordinates":[[[[78.013709152025896,8.791029532157872],[78.01401365055824,8.790979413755613],[78.013901050310707,8.790200943526447],[78.013967986682289,8.790164304427829],[78.013633299806969,8.788935472986672],[78.012674582992332,8.789438547136664],[78.012968796429789,8.790594795311584],[78.01310241406199,8.790538545828873],[78.013180769463759,8.79055089531694],[78.013338482302245,8.79057753571068],[78.013620345779458,8.790796782261483],[78.013709152025896,8.791029532157872]]]]}},
{"type":"Feature","properties":{"Land_id":"27","dist_name":"Thoothukkudi","taluk_name":"Thoothukudi","vil_name":"Melathattaparai","unit_id":4,"block_id":3,"survey_no":241,"sub_div":null,"KIDE":"241"},"geometry":{"type":"MultiPolygon","coordinates":[[[[78.013429578561983,8.79253210995622],[78.01355062518644,8.792514985945621],[78.013985611344509,8.792466434989123],[78.013993392212967,8.792465577997746],[78.013926802405919,8.792182792356382],[78.013709152025896,8.791029532157872],[78.013620345779458,8.790796782261483],[78.013338482302245,8.79057753571068],[78.013180769463759,8.79055089531694],[78.01324945003816,8.791147122538099],[78.013341899556394,8.792023852655813],[78.013429578561983,8.79253210995622]]]]}},
{"type":"Feature","properties":{"Land_id":"28","dist_name":"Thoothukkudi","taluk_name":"Thoothukudi","vil_name":"Melathattaparai","unit_id":4,"block_id":4,"survey_no":243,"sub_div":null,"KIDE":"243"},"geometry":{"type":"MultiPolygon","coordinates":[[[[78.013577702386925,8.794143764535136],[78.01399981288975,8.793980307057268],[78.013885653083236,8.793584657566758],[78.013699711606051,8.792933225433153],[78.01355062518644,8.792514985945621],[78.013429578561983,8.79253210995622],[78.01335315074229,8.792542922674913],[78.013201064373547,8.792547749316391],[78.013443320431264,8.79363566979735],[78.013446290049842,8.793646898700731],[78.013577702386925,8.794143764535136]]]]}},
{"type":"Feature","properties":{"Land_id":"29","dist_name":"Thoothukkudi","taluk_name":"Thoothukudi","vil_name":"Peroorani","unit_id":4,"block_id":11,"survey_no":218,"sub_div":"3","KIDE":"218/3"},"geometry":{"type":"MultiPolygon","coordinates":[[[[78.011610384707751,8.789616815469081],[78.011287049457621,8.789863802957477],[78.011262534313815,8.789913681884777],[78.011368907275227,8.790141146614038],[78.011617454337568,8.790053475158155],[78.011745223150243,8.790005617346958],[78.011610384707751,8.789616815469081]]]]}},
{"type":"Feature","properties":{"Land_id":"30","dist_name":"Thoothukkudi","taluk_name":"Thoothukudi","vil_name":"Peroorani","unit_id":4,"block_id":11,"survey_no":218,"sub_div":"4","KIDE":"218/4"},"geometry":{"type":"MultiPolygon","coordinates":[[[[78.011925812429126,8.789375868338686],[78.011610384707751,8.789616815469081],[78.011745223150243,8.790005617346958],[78.012143315955512,8.789856505447782],[78.011925812429126,8.789375868338686]]]]}},
{"type":"Feature","properties":{"Land_id":"31","dist_name":"Thoothukkudi","taluk_name":"Thoothukudi","vil_name":"Peroorani","unit_id":4,"block_id":11,"survey_no":218,"sub_div":"5","KIDE":"218/5"},"geometry":{"type":"MultiPolygon","coordinates":[[[[78.012143315955512,8.789856505447782],[78.012509358892999,8.789719398328874],[78.012256356749944,8.789123374026454],[78.011925812429126,8.789375868338686],[78.012143315955512,8.789856505447782]]]]}},
{"type":"Feature","properties":{"Land_id":"32","dist_name":"Thoothukkudi","taluk_name":"Thoothukudi","vil_name":"Peroorani","unit_id":4,"block_id":11,"survey_no":218,"sub_div":"6","KIDE":"218/6"},"geometry":{"type":"MultiPolygon","coordinates":[[[[78.012509358892999,8.789719398328874],[78.01285187593011,8.789591103204653],[78.01269106935635,8.788982908228295],[78.012256356749944,8.789123374026454],[78.012509358892999,8.789719398328874]]]]}},
{"type":"Feature","properties":{"Land_id":"33","dist_name":"Thoothukkudi","taluk_name":"Thoothukudi","vil_name":"Melathattaparai","unit_id":4,"block_id":2,"survey_no":234,"sub_div":null,"KIDE":"234"},"geometry":{"type":"MultiPolygon","coordinates":[[[[78.013967986682289,8.790164304427829],[78.015184151341288,8.789733376503737],[78.01493151387912,8.788414561202396],[78.01421844999166,8.788615082323243],[78.013633299806969,8.788935472986672],[78.013967986682289,8.790164304427829]]]]}},
{"type":"Feature","properties":{"Land_id":"34","dist_name":"Thoothukkudi","taluk_name":"Thoothukudi","vil_name":"Melathattaparai","unit_id":4,"block_id":3,"survey_no":236,"sub_div":"2A","KIDE":"236/2A"},"geometry":{"type":"MultiPolygon","coordinates":[[[[78.015099541345762,8.78976335666264],[78.013967986682289,8.790164304427829],[78.013901050310707,8.790200943526447],[78.01401365055824,8.790979413755613],[78.014269724680759,8.790957779629412],[78.014265276033328,8.790765646843749],[78.014655344479081,8.790703013063251],[78.015264657936328,8.790696786962187],[78.015099541345762,8.78976335666264]]]]}},
{"type":"Feature","properties":{"Land_id":"35","dist_name":"Thoothukkudi","taluk_name":"Thoothukudi","vil_name":"Melathattaparai","unit_id":4,"block_id":3,"survey_no":240,"sub_div":"2","KIDE":"240/2"},"geometry":{"type":"MultiPolygon","coordinates":[[[[78.014374532161654,8.791632466296711],[78.014269724680759,8.790957779629412],[78.01401365055824,8.790979413755613],[78.013709152025896,8.791029532157872],[78.013844686625276,8.79174768692962],[78.014374532161654,8.791632466296711]]]]}},
{"type":"Feature","properties":{"Land_id":"36","dist_name":"Thoothukkudi","taluk_name":"Thoothukudi","vil_name":"Peroorani","unit_id":4,"block_id":11,"survey_no":219,"sub_div":"1","KIDE":"219/1"},"geometry":{"type":"MultiPolygon","coordinates":[[[[78.013763949363877,8.789212970888462],[78.012801443453398,8.788999005037235],[78.012950268353521,8.789551030252902],[78.013763949363877,8.789212970888462]]],[[[78.013775282850261,8.789208262174418],[78.013856025637295,8.789174716036653],[78.013792431793632,8.789045801764141],[78.013775282850261,8.789208262174418]]]]}},
{"type":"Feature","properties":{"Land_id":"37","dist_name":"Thoothukkudi","taluk_name":"Thoothukudi","vil_name":"Melathattaparai","unit_id":4,"block_id":2,"survey_no":235,"sub_div":null,"KIDE":"235"},"geometry":{"type":"MultiPolygon","coordinates":[[[[78.015184151341288,8.789733376503737],[78.015897568732939,8.789604930753125],[78.015633370486654,8.788198035617457],[78.01493151387912,8.788414561202396],[78.015184151341288,8.789733376503737]]]]}},
{"type":"Feature","properties":{"Land_id":"38","dist_name":"Thoothukkudi","taluk_name":"Thoothukudi","vil_name":"Melathattaparai","unit_id":4,"block_id":3,"survey_no":236,"sub_div":"2B","KIDE":"236/2B"},"geometry":{"type":"MultiPolygon","coordinates":[[[[78.015264657936328,8.790696786962187],[78.015570210767791,8.790726495567927],[78.015640023542062,8.791176691576643],[78.016194816753142,8.791014983638924],[78.01598891001376,8.790426862547124],[78.015897568732939,8.789604930753125],[78.015184151341288,8.789733376503737],[78.015099541345762,8.78976335666264],[78.015264657936328,8.790696786962187]]]]}},
{"type":"Feature","properties":{"Land_id":"39","dist_name":"Thoothukkudi","taluk_name":"Thoothukudi","vil_name":"Peroorani","unit_id":4,"block_id":11,"survey_no":219,"sub_div":"2","KIDE":"219/2"},"geometry":{"type":"MultiPolygon","coordinates":[[[[78.014529485677002,8.788568078076786],[78.013792431793632,8.789045801764141],[78.013856025637295,8.789174716036653],[78.013922345266906,8.789134605148064],[78.014422064205263,8.788832369282519],[78.015045835488039,8.788513605987122],[78.014529485677002,8.788568078076786]]]]}},
{"type":"Feature","properties":{"Land_id":"40","dist_name":"Thoothukkudi","taluk_name":"Thoothukudi","vil_name":"Melathattaparai","unit_id":4,"block_id":3,"survey_no":236,"sub_div":"1","KIDE":"236/1"},"geometry":{"type":"MultiPolygon","coordinates":[[[[78.015071221907093,8.791009476199239],[78.015640023542062,8.791176691576643],[78.015570210767791,8.790726495567927],[78.015264657936328,8.790696786962187],[78.014655344479081,8.790703013063251],[78.015071221907093,8.791009476199239]]]]}},
{"type":"Feature","properties":{"Land_id":"41","dist_name":"Thoothukkudi","taluk_name":"Thoothukudi","vil_name":"Melathattaparai","unit_id":4,"block_id":3,"survey_no":237,"sub_div":null,"KIDE":"237"},"geometry":{"type":"MultiPolygon","coordinates":[[[[78.015980480644458,8.792284005425474],[78.016493591242892,8.791892442063121],[78.016343223648448,8.791432332677177],[78.016194816753142,8.791014983638924],[78.015640023542062,8.791176691576643],[78.015980480644458,8.792284005425474]]]]}},
{"type":"Feature","properties":{"Land_id":"42","dist_name":"Thoothukkudi","taluk_name":"Thoothukudi","vil_name":"Melathattaparai","unit_id":4,"block_id":3,"survey_no":238,"sub_div":"3","KIDE":"238/3"},"geometry":{"type":"MultiPolygon","coordinates":[[[[78.015071221907093,8.791009476199239],[78.014655344479081,8.790703013063251],[78.014265276033328,8.790765646843749],[78.014269724680759,8.790957779629412],[78.014395814660347,8.791769470048703],[78.015740946468426,8.791504936613194],[78.015640023542062,8.791176691576643],[78.015071221907093,8.791009476199239]]]]}},
{"type":"Feature","properties":{"Land_id":"43","dist_name":"Thoothukkudi","taluk_name":"Thoothukudi","vil_name":"Melathattaparai","unit_id":4,"block_id":3,"survey_no":238,"sub_div":"1","KIDE":"238/1"},"geometry":{"type":"MultiPolygon","coordinates":[[[[78.014460006983526,8.792182701091187],[78.014494455357521,8.792404458721954],[78.015257144009624,8.792339453498673],[78.015495817653317,8.79290051993576],[78.015532127277169,8.792693837390173],[78.015980480644458,8.792284005425474],[78.015864331831636,8.791906239216303],[78.014460006983526,8.792182701091187]]]]}},
{"type":"Feature","properties":{"Land_id":"44","dist_name":"Thoothukkudi","taluk_name":"Thoothukudi","vil_name":"Melathattaparai","unit_id":4,"block_id":3,"survey_no":238,"sub_div":"2","KIDE":"238/2"},"geometry":{"type":"MultiPolygon","coordinates":[[[[78.014395814660347,8.791769470048703],[78.014460006983526,8.792182701091187],[78.015864331831636,8.791906239216303],[78.015740946468426,8.791504936613194],[78.014395814660347,8.791769470048703]]]]}},
{"type":"Feature","properties":{"Land_id":"45","dist_name":"Thoothukkudi","taluk_name":"Thoothukudi","vil_name":"Melathattaparai","unit_id":4,"block_id":7,"survey_no":256,"sub_div":"2","KIDE":"256/2"},"geometry":{"type":"MultiPolygon","coordinates":[[[[78.015980480644458,8.792284005425474],[78.015532127277169,8.792693837390173],[78.015506172131765,8.792871458030961],[78.015493437809113,8.792958603701527],[78.016620324004663,8.792251102021943],[78.016493591242892,8.791892442063121],[78.015980480644458,8.792284005425474]]]]}},
{"type":"Feature","properties":{"Land_id":"46","dist_name":"Thoothukkudi","taluk_name":"Thoothukudi","vil_name":"Melathattaparai","unit_id":4,"block_id":3,"survey_no":239,"sub_div":null,"KIDE":"239"},"geometry":{"type":"MultiPolygon","coordinates":[[[[78.014495834510981,8.793029163603752],[78.015495817653317,8.79290051993576],[78.015257144009624,8.792339453498673],[78.014494455357521,8.792404458721954],[78.014355908586225,8.792425664399886],[78.014495834510981,8.793029163603752]]]]}},
{"type":"Feature","properties":{"Land_id":"47","dist_name":"Thoothukkudi","taluk_name":"Thoothukudi","vil_name":"Melathattaparai","unit_id":4,"block_id":3,"survey_no":240,"sub_div":"1","KIDE":"240/1"},"geometry":{"type":"MultiPolygon","coordinates":[[[[78.013844686625276,8.79174768692962],[78.013993392212967,8.792465577997746],[78.014355908586225,8.792425664399886],[78.014494455357521,8.792404458721954],[78.014374532161654,8.791632466296711],[78.013844686625276,8.79174768692962]]]]}},
{"type":"Feature","properties":{"Land_id":"48","dist_name":"Thoothukkudi","taluk_name":"Thoothukudi","vil_name":"Melathattaparai","unit_id":4,"block_id":7,"survey_no":255,"sub_div":null,"KIDE":"255"},"geometry":{"type":"MultiPolygon","coordinates":[[[[78.014637614446571,8.793762513775116],[78.015407744556811,8.793545034258983],[78.015495817653317,8.79290051993576],[78.014495834510981,8.793029163603752],[78.014637614446571,8.793762513775116]]]]}},
{"type":"Feature","properties":{"Land_id":"49","dist_name":"Thoothukkudi","taluk_name":"Thoothukudi","vil_name":"Melathattaparai","unit_id":4,"block_id":3,"survey_no":242,"sub_div":null,"KIDE":"242"},"geometry":{"type":"MultiPolygon","coordinates":[[[[78.01399981288975,8.793980307057268],[78.014637614446571,8.793762513775116],[78.014496181611833,8.793030958966904],[78.014495834510981,8.793029163603752],[78.014355908586225,8.792425664399886],[78.013993392212967,8.792465577997746],[78.013985611344509,8.792466434989123],[78.01355062518644,8.792514985945621],[78.013699711606051,8.792933225433153],[78.013885653083236,8.793584657566758],[78.01399981288975,8.793980307057268]]]]}},
{"type":"Feature","properties":{"Land_id":"50","dist_name":"Thoothukkudi","taluk_name":"Thoothukudi","vil_name":"Melathattaparai","unit_id":4,"block_id":6,"survey_no":254,"sub_div":"3","KIDE":"254/3"},"geometry":{"type":"MultiPolygon","coordinates":[[[[78.014085382313553,8.79519682121683],[78.015346957686717,8.794974940826297],[78.015388791482991,8.794034308068131],[78.015407744556811,8.793545034258983],[78.014637614446571,8.793762513775116],[78.01399981288975,8.793980307057268],[78.013871492403368,8.794029997702069],[78.014051691641953,8.795112703116949],[78.014085382313553,8.79519682121683]]]]}},
{"type":"Feature","properties":{"Land_id":"51","dist_name":"Thoothukkudi","taluk_name":"Thoothukudi","vil_name":"Melathattaparai","unit_id":4,"block_id":4,"survey_no":245,"sub_div":null,"KIDE":"245"},"geometry":{"type":"MultiPolygon","coordinates":[[[[78.012703524036226,8.794910368953392],[78.013653542573763,8.794524716129814],[78.013577702386925,8.794143764535136],[78.013446290049842,8.793646898700731],[78.012826175130826,8.793686962332922],[78.012846283992801,8.793796480191549],[78.012478527894103,8.793842115768967],[78.012703524036226,8.794910368953392]]]]}},
{"type":"Feature","properties":{"Land_id":"52","dist_name":"Thoothukkudi","taluk_name":"Thoothukudi","vil_name":"Melathattaparai","unit_id":4,"block_id":6,"survey_no":254,"sub_div":"2","KIDE":"254/2"},"geometry":{"type":"MultiPolygon","coordinates":[[[[78.013653542573763,8.794524716129814],[78.013465858653262,8.794781952458587],[78.013614186615456,8.795386427377963],[78.014051691641953,8.795112703116949],[78.013871492403368,8.794029997702069],[78.013577702386925,8.794143764535136],[78.013642222649921,8.794467855206589],[78.013653542573763,8.794524716129814]]]]}},
{"type":"Feature","properties":{"Land_id":"53","dist_name":"Thoothukkudi","taluk_name":"Thoothukudi","vil_name":"Melathattaparai","unit_id":4,"block_id":4,"survey_no":247,"sub_div":"1","KIDE":"247/1"},"geometry":{"type":"MultiPolygon","coordinates":[[[[78.01186389584997,8.794317828758839],[78.012094078225914,8.795141590053236],[78.012703524036226,8.794910368953392],[78.012540184330589,8.7941348527199],[78.01184829190332,8.794250139318136],[78.01186389584997,8.794317828758839]]]]}},
{"type":"Feature","properties":{"Land_id":"54","dist_name":"Thoothukkudi","taluk_name":"Thoothukudi","vil_name":"Melathattaparai","unit_id":4,"block_id":4,"survey_no":247,"sub_div":"2","KIDE":"247/2"},"geometry":{"type":"MultiPolygon","coordinates":[[[[78.012478527894103,8.793842115768967],[78.011746786245126,8.793809810894317],[78.01184829190332,8.794250139318136],[78.012540184330589,8.7941348527199],[78.012478527894103,8.793842115768967]]]]}},
{"type":"Feature","properties":{"Land_id":"55","dist_name":"Thoothukkudi","taluk_name":"Thoothukudi","vil_name":"Melathattaparai","unit_id":4,"block_id":5,"survey_no":252,"sub_div":null,"KIDE":"252"},"geometry":{"type":"MultiPolygon","coordinates":[[[[78.011928495411141,8.796427586291216],[78.012679296375637,8.79595943644803],[78.013024039551567,8.795755651864926],[78.012835576070813,8.795258625007573],[78.012764897290467,8.795072226815542],[78.012703524036226,8.794910368953392],[78.012094078225914,8.795141590053236],[78.012142131685053,8.795265312587638],[78.011636740074906,8.795578241668252],[78.011357666248017,8.795751038988824],[78.011489790665138,8.796231065102022],[78.011708276561365,8.796545283330648],[78.011928495411141,8.796427586291216]]]]}},
{"type":"Feature","properties":{"Land_id":"56","dist_name":"Thoothukkudi","taluk_name":"Thoothukudi","vil_name":"Melathattaparai","unit_id":4,"block_id":6,"survey_no":253,"sub_div":null,"KIDE":"253"},"geometry":{"type":"MultiPolygon","coordinates":[[[[78.012764897290467,8.795072226815542],[78.012891220720647,8.79501513582993],[78.013044767412097,8.795014851501254],[78.013465858653262,8.794781952458587],[78.013586914404797,8.7946160355435],[78.013653542573763,8.794524716129814],[78.012703524036226,8.794910368953392],[78.012764897290467,8.795072226815542]]]]}},
{"type":"Feature","properties":{"Land_id":"57","dist_name":"Thoothukkudi","taluk_name":"Thoothukudi","vil_name":"Melathattaparai","unit_id":4,"block_id":4,"survey_no":248,"sub_div":null,"KIDE":"248"},"geometry":{"type":"MultiPolygon","coordinates":[[[[78.011357666248017,8.795751038988824],[78.012142131685053,8.795265312587638],[78.012094078225914,8.795141590053236],[78.01186389584997,8.794317828758839],[78.011030714862386,8.794635600337925],[78.011357666248017,8.795751038988824]]]]}},
{"type":"Feature","properties":{"Land_id":"58","dist_name":"Thoothukkudi","taluk_name":"Thoothukudi","vil_name":"Melathattaparai","unit_id":4,"block_id":5,"survey_no":251,"sub_div":"1B","KIDE":"251/1B"},"geometry":{"type":"MultiPolygon","coordinates":[[[[78.011489790665138,8.796231065102022],[78.011357666248017,8.795751038988824],[78.010847551750587,8.795867534712567],[78.010183336556494,8.796075135839079],[78.010506382039011,8.796815121422416],[78.011090804925587,8.79659740829343],[78.01106816234018,8.796539634630477],[78.011489790665138,8.796231065102022]]]]}},
{"type":"Feature","properties":{"Land_id":"59","dist_name":"Thoothukkudi","taluk_name":"Thoothukudi","vil_name":"Melathattaparai","unit_id":4,"block_id":4,"survey_no":250,"sub_div":"1","KIDE":"250/1"},"geometry":{"type":"MultiPolygon","coordinates":[[[[78.009950480019555,8.795525730041133],[78.010166437077018,8.796035262910758],[78.010845359672473,8.79585984887963],[78.010692691621557,8.795324566343947],[78.009950480019555,8.795525730041133]]]]}},
{"type":"Feature","properties":{"Land_id":"60","dist_name":"Thoothukkudi","taluk_name":"Thoothukudi","vil_name":"Melathattaparai","unit_id":4,"block_id":4,"survey_no":250,"sub_div":"2","KIDE":"250/2"},"geometry":{"type":"MultiPolygon","coordinates":[[[[78.00972670769363,8.794997757690014],[78.009781718903383,8.79512755210329],[78.009950480019555,8.795525730041133],[78.010692691621557,8.795324566343947],[78.010541540099268,8.794794601039243],[78.00972670769363,8.794997757690014]]]]}},
{"type":"Feature","properties":{"Land_id":"61","dist_name":"Thoothukkudi","taluk_name":"Thoothukudi","vil_name":"Melathattaparai","unit_id":4,"block_id":4,"survey_no":250,"sub_div":"3","KIDE":"250/3"},"geometry":{"type":"MultiPolygon","coordinates":[[[[78.010541540099268,8.794794601039243],[78.010260469046585,8.793809113735994],[78.009345179819078,8.793948049572171],[78.00972670769363,8.794997757690014],[78.010541540099268,8.794794601039243]]]]}},
{"type":"Feature","properties":{"Land_id":"62","dist_name":"Thoothukkudi","taluk_name":"Thoothukudi","vil_name":"Melathattaparai","unit_id":4,"block_id":5,"survey_no":251,"sub_div":"1A","KIDE":"251/1A"},"geometry":{"type":"MultiPolygon","coordinates":[[[[78.011090804925587,8.79659740829343],[78.010506382039011,8.796815121422416],[78.010568589576891,8.796957617398027],[78.01081241720911,8.797516142257304],[78.011199736851992,8.797386353396046],[78.011389770933903,8.797322673932467],[78.011090804925587,8.79659740829343]]]]}},
{"type":"Feature","properties":{"Land_id":"63","dist_name":"Thoothukkudi","taluk_name":"Thoothukudi","vil_name":"Melathattaparai","unit_id":4,"block_id":5,"survey_no":251,"sub_div":"2A","KIDE":"251/2A"},"geometry":{"type":"MultiPolygon","coordinates":[[[[78.011090804925587,8.79659740829343],[78.011389770933903,8.797322673932467],[78.011666874452914,8.797135992004049],[78.012037012505175,8.796737503027602],[78.011928495411141,8.796427586291216],[78.011708276561365,8.796545283330648],[78.011628811902327,8.796431000235801],[78.011090804925587,8.79659740829343]]]]}},
{"type":"Feature","properties":{"Land_id":"64","dist_name":"Thoothukkudi","taluk_name":"Thoothukudi","vil_name":"Melathattaparai","unit_id":4,"block_id":5,"survey_no":251,"sub_div":"2B","KIDE":"251/2B"},"geometry":{"type":"MultiPolygon","coordinates":[[[[78.011489790665138,8.796231065102022],[78.01106816234018,8.796539634630477],[78.011090804925587,8.79659740829343],[78.011628811902327,8.796431000235801],[78.011489790665138,8.796231065102022]]]]}},
{"type":"Feature","properties":{"Land_id":"65","dist_name":"Thoothukkudi","taluk_name":"Thoothukudi","vil_name":"Melathattaparai","unit_id":4,"block_id":5,"survey_no":262,"sub_div":"1","KIDE":"262/1"},"geometry":{"type":"MultiPolygon","coordinates":[[[[78.013102430359339,8.797554326810266],[78.012192841411036,8.7962662445692],[78.011928495411141,8.796427586291216],[78.012037012505175,8.796737503027602],[78.011666874452914,8.797135992004049],[78.011983423476835,8.797849630045318],[78.012443068416502,8.797899637433037],[78.013102430359339,8.797554326810266]]]]}},
{"type":"Feature","properties":{"Land_id":"66","dist_name":"Thoothukkudi","taluk_name":"Thoothukudi","vil_name":"Melathattaparai","unit_id":4,"block_id":5,"survey_no":263,"sub_div":null,"KIDE":"263"},"geometry":{"type":"MultiPolygon","coordinates":[[[[78.011149508120283,8.798587124518155],[78.011983423476835,8.797849630045318],[78.011666874452914,8.797135992004049],[78.011389770933903,8.797322673932467],[78.01081241720911,8.797516142257304],[78.010721892545348,8.797547967007649],[78.011149508120283,8.798587124518155]]]]}},
{"type":"Feature","properties":{"Land_id":"67","dist_name":"Thoothukkudi","taluk_name":"Thoothukudi","vil_name":"Melathattaparai","unit_id":4,"block_id":6,"survey_no":254,"sub_div":"1","KIDE":"254/1"},"geometry":{"type":"MultiPolygon","coordinates":[[[[78.012826832611267,8.795235566247323],[78.013024039551567,8.795755651864926],[78.01303506145571,8.795748756029717],[78.013190539791609,8.795651481278522],[78.013614186615456,8.795386427377963],[78.013465858653262,8.794781952458587],[78.012764897290467,8.795072226815542],[78.012826832611267,8.795235566247323]]]]}},
{"type":"Feature","properties":{"Land_id":"68","dist_name":"Thoothukkudi","taluk_name":"Thoothukudi","vil_name":"Melathattaparai","unit_id":4,"block_id":6,"survey_no":254,"sub_div":"4","KIDE":"254/4"},"geometry":{"type":"MultiPolygon","coordinates":[[[[78.014085382313553,8.79519682121683],[78.014467119569574,8.796149934084774],[78.014548208005777,8.796309269220671],[78.01501644337263,8.796079598543095],[78.015016406807547,8.795901709191615],[78.01519050504433,8.79560573147946],[78.015333750865821,8.795271896146467],[78.015346957686717,8.794974940826297],[78.014085382313553,8.79519682121683]]]]}},
{"type":"Feature","properties":{"Land_id":"69","dist_name":"Thoothukkudi","taluk_name":"Thoothukudi","vil_name":"Melathattaparai","unit_id":4,"block_id":7,"survey_no":256,"sub_div":"1","KIDE":"256/1"},"geometry":{"type":"MultiPolygon","coordinates":[[[[78.016620324004663,8.792251102021943],[78.015493437809113,8.792958603701527],[78.015407744556811,8.793545034258983],[78.015629893968224,8.794011712123769],[78.016665876236573,8.793552489271448],[78.01702406652025,8.793393713229843],[78.016636851452247,8.792297875512768],[78.016620324004663,8.792251102021943]]]]}},
{"type":"Feature","properties":{"Land_id":"70","dist_name":"Thoothukkudi","taluk_name":"Thoothukudi","vil_name":"Melathattaparai","unit_id":4,"block_id":7,"survey_no":257,"sub_div":"2","KIDE":"257/2"},"geometry":{"type":"MultiPolygon","coordinates":[[[[78.01702406652025,8.793393713229843],[78.015388791482991,8.794034308068131],[78.015333750865821,8.795271896146467],[78.01519050504433,8.79560573147946],[78.015356519256244,8.795696110531656],[78.01569609712908,8.794777276789006],[78.015873919910931,8.79457301175383],[78.016579040251301,8.794457448142863],[78.01688093608486,8.79382556473886],[78.01702406652025,8.793393713229843]]]]}},
{"type":"Feature","properties":{"Land_id":"71","dist_name":"Thoothukkudi","taluk_name":"Thoothukudi","vil_name":"Melathattaparai","unit_id":4,"block_id":6,"survey_no":259,"sub_div":null,"KIDE":"259"},"geometry":{"type":"MultiPolygon","coordinates":[[[[78.014192842472397,8.79786083172695],[78.014629255308463,8.797175398943287],[78.015080968715537,8.796551520250381],[78.01501644337263,8.796079598543095],[78.014548208005777,8.796309269220671],[78.014467119569574,8.796149934084774],[78.014192463049483,8.796399015514304],[78.013835536031749,8.796835753291891],[78.0140152666809,8.797475526937657],[78.013868358110827,8.797620935542502],[78.014192842472397,8.79786083172695]]]]}},
{"type":"Feature","properties":{"Land_id":"72","dist_name":"Thoothukkudi","taluk_name":"Thoothukudi","vil_name":"Melathattaparai","unit_id":4,"block_id":6,"survey_no":261,"sub_div":null,"KIDE":"261"},"geometry":{"type":"MultiPolygon","coordinates":[[[[78.014192463049483,8.796399015514304],[78.014467119569574,8.796149934084774],[78.014051691641953,8.795112703116949],[78.013194498037294,8.795654890491535],[78.013679266335018,8.79631792430999],[78.013891616488309,8.796070942696227],[78.014192463049483,8.796399015514304]]]]}},
{"type":"Feature","properties":{"Land_id":"73","dist_name":"Thoothukkudi","taluk_name":"Thoothukudi","vil_name":"Melathattaparai","unit_id":4,"block_id":5,"survey_no":262,"sub_div":"2B","KIDE":"262/2B"},"geometry":{"type":"MultiPolygon","coordinates":[[[[78.013324565210397,8.796729291458888],[78.013679266335018,8.79631792430999],[78.013194498037294,8.795654890491535],[78.013045768646322,8.795745666429371],[78.013008693793623,8.795768294804986],[78.012192841411036,8.7962662445692],[78.013102430359339,8.797554326810266],[78.013197461827659,8.797456438532555],[78.013060033958226,8.797185530264853],[78.013324565210397,8.796729291458888]]]]}},
{"type":"Feature","properties":{"Land_id":"75","dist_name":"Thoothukkudi","taluk_name":"Thoothukudi","vil_name":"Melathattaparai","unit_id":4,"block_id":6,"survey_no":260,"sub_div":"1","KIDE":"260/1"},"geometry":{"type":"MultiPolygon","coordinates":[[[[78.013005144530183,8.797697744109962],[78.012795885764859,8.797929579072477],[78.012710045084631,8.79835413863057],[78.012915157986669,8.798567202788636],[78.013421002299935,8.797758219801983],[78.013958521374335,8.79727353494668],[78.013897963340256,8.797057971076921],[78.013005144530183,8.797697744109962]]]]}},
{"type":"Feature","properties":{"Land_id":"76","dist_name":"Thoothukkudi","taluk_name":"Thoothukudi","vil_name":"Melathattaparai","unit_id":4,"block_id":6,"survey_no":260,"sub_div":"2","KIDE":"260/2"},"geometry":{"type":"MultiPolygon","coordinates":[[[[78.013897963340256,8.797057971076921],[78.013835536031749,8.796835753291891],[78.014192463049483,8.796399015514304],[78.013891616488309,8.796070942696227],[78.013652104582107,8.796349016960811],[78.013324565210397,8.796729291458888],[78.013060033958226,8.797185530264853],[78.013184257099482,8.797511473802283],[78.012443068416502,8.797899637433037],[78.012710045084631,8.79835413863057],[78.012795885764859,8.797929579072477],[78.013005144530183,8.797697744109962],[78.013897963340256,8.797057971076921]]]]}},
{"type":"Feature","properties":{"Land_id":"77","dist_name":"Thoothukkudi","taluk_name":"Thoothukudi","vil_name":"Melathattaparai","unit_id":4,"block_id":6,"survey_no":260,"sub_div":"3","KIDE":"260/3"},"geometry":{"type":"MultiPolygon","coordinates":[[[[78.013421002299935,8.797758219801983],[78.012915157986669,8.798567202788636],[78.01300784558947,8.79863905137184],[78.013108510254895,8.798317723749753],[78.013356628112064,8.798087271488992],[78.013846803524387,8.797631995785631],[78.0140152666809,8.797475526937657],[78.013958521374335,8.79727353494668],[78.013421002299935,8.797758219801983]]]]}},
{"type":"Feature","properties":{"Land_id":"78","dist_name":"Thoothukkudi","taluk_name":"Thoothukudi","vil_name":"Melathattaparai","unit_id":4,"block_id":5,"survey_no":264,"sub_div":null,"KIDE":"264"},"geometry":{"type":"MultiPolygon","coordinates":[[[[78.01155240668848,8.799212193029762],[78.011827267403419,8.799103364412442],[78.012660560593275,8.798832822831365],[78.013007601464849,8.798717269023312],[78.01300784558947,8.79863905137184],[78.012915157986669,8.798567202788636],[78.012710045084631,8.79835413863057],[78.012443068416502,8.797899637433037],[78.012356202993743,8.797916844739339],[78.011983423476835,8.797849630045318],[78.011149508120283,8.798587124518155],[78.01155240668848,8.799212193029762]]]]}},
{"type":"Feature","properties":{"Land_id":"79","dist_name":"Thoothukkudi","taluk_name":"Thoothukudi","vil_name":"Peroorani","unit_id":4,"block_id":9,"survey_no":201,"sub_div":"1A","KIDE":"201/1A"},"geometry":{"type":"MultiPolygon","coordinates":[[[[78.010950745094178,8.786382373846774],[78.011134961132313,8.787151827351178],[78.011189878315179,8.787136883841571],[78.01164800559782,8.787001299343514],[78.011480209584647,8.786279642921068],[78.010950745094178,8.786382373846774]]]]}},
{"type":"Feature","properties":{"Land_id":"80","dist_name":"Thoothukkudi","taluk_name":"Thoothukudi","vil_name":"Peroorani","unit_id":4,"block_id":9,"survey_no":201,"sub_div":"1B","KIDE":"201/1B"},"geometry":{"type":"MultiPolygon","coordinates":[[[[78.010777764182279,8.785659848434802],[78.010950745094178,8.786382373846774],[78.011480209584647,8.786279642921068],[78.011316628258015,8.785568454576996],[78.010777764182279,8.785659848434802]]]]}},
{"type":"Feature","properties":{"Land_id":"81","dist_name":"Thoothukkudi","taluk_name":"Thoothukudi","vil_name":"Peroorani","unit_id":4,"block_id":9,"survey_no":201,"sub_div":"1C","KIDE":"201/1C"},"geometry":{"type":"MultiPolygon","coordinates":[[[[78.011155741455397,8.784871143291307],[78.010607078196514,8.784946908718879],[78.010777764182279,8.785659848434802],[78.011316628258015,8.785568454576996],[78.011155741455397,8.784871143291307]]]]}},
{"type":"Feature","properties":{"Land_id":"82","dist_name":"Thoothukkudi","taluk_name":"Thoothukudi","vil_name":"Peroorani","unit_id":4,"block_id":9,"survey_no":201,"sub_div":"1D","KIDE":"201/1D"},"geometry":{"type":"MultiPolygon","coordinates":[[[[78.011316628258015,8.785568454576996],[78.011480209584647,8.786279642921068],[78.01164800559782,8.787001299343514],[78.012091954961662,8.786869910854021],[78.011833433004483,8.785869577248143],[78.011473210698995,8.784827303663644],[78.011155741455397,8.784871143291307],[78.011316628258015,8.785568454576996]]]]}},
{"type":"Feature","properties":{"Land_id":"83","dist_name":"Thoothukkudi","taluk_name":"Thoothukudi","vil_name":"Peroorani","unit_id":4,"block_id":9,"survey_no":201,"sub_div":"2A","KIDE":"201/2A"},"geometry":{"type":"MultiPolygon","coordinates":[[[[78.012091954961662,8.786869910854021],[78.012552327235738,8.786733661942275],[78.012326691540835,8.785739111851523],[78.011833433004483,8.785869577248143],[78.012091954961662,8.786869910854021]]]]}},
{"type":"Feature","properties":{"Land_id":"84","dist_name":"Thoothukkudi","taluk_name":"Thoothukudi","vil_name":"Peroorani","unit_id":4,"block_id":9,"survey_no":201,"sub_div":"2B","KIDE":"201/2B"},"geometry":{"type":"MultiPolygon","coordinates":[[[[78.012326691540835,8.785739111851523],[78.012094951341766,8.784717654514631],[78.011473210698995,8.784827303663644],[78.011833433004483,8.785869577248143],[78.012326691540835,8.785739111851523]]]]}},
{"type":"Feature","properties":{"Land_id":"85","dist_name":"Thoothukkudi","taluk_name":"Thoothukudi","vil_name":"Peroorani","unit_id":4,"block_id":9,"survey_no":202,"sub_div":"1","KIDE":"202/1"},"geometry":{"type":"MultiPolygon","coordinates":[[[[78.010193694125988,8.786622304540625],[78.010460067487941,8.787189618848664],[78.010537118829376,8.787353720574657],[78.011209597351765,8.787220582084728],[78.011189878315179,8.787136883841571],[78.011134961132313,8.787151827351178],[78.010966732567084,8.786449152055589],[78.010550313144378,8.786559785005585],[78.010193694125988,8.786622304540625]]]]}},
{"type":"Feature","properties":{"Land_id":"86","dist_name":"Thoothukkudi","taluk_name":"Thoothukudi","vil_name":"Peroorani","unit_id":4,"block_id":9,"survey_no":202,"sub_div":"4","KIDE":"202/4"},"geometry":{"type":"MultiPolygon","coordinates":[[[[78.010966732567084,8.786449152055589],[78.010607078196514,8.784946908718879],[78.01021451051929,8.785031011689449],[78.010382433603866,8.785795284035801],[78.010550313144378,8.786559785005585],[78.010966732567084,8.786449152055589]]]]}},
{"type":"Feature","properties":{"Land_id":"87","dist_name":"Thoothukkudi","taluk_name":"Thoothukudi","vil_name":"Peroorani","unit_id":4,"block_id":11,"survey_no":215,"sub_div":"5A","KIDE":"215/5A"},"geometry":{"type":"MultiPolygon","coordinates":[[[[78.011359166018906,8.787515080138588],[78.011515920014659,8.7882426904497],[78.011797653351437,8.788169964991814],[78.011548554543438,8.787030732258339],[78.011270475886022,8.787113030686344],[78.011209597351765,8.787220582084728],[78.011359166018906,8.787515080138588]]]]}},
{"type":"Feature","properties":{"Land_id":"88","dist_name":"Thoothukkudi","taluk_name":"Thoothukudi","vil_name":"Peroorani","unit_id":4,"block_id":11,"survey_no":215,"sub_div":"5B","KIDE":"215/5B"},"geometry":{"type":"MultiPolygon","coordinates":[[[[78.011797653351437,8.788169964991814],[78.011816435607528,8.788165116581528],[78.012349167752234,8.788027599344842],[78.012037298812004,8.78688608654776],[78.011548554543438,8.787030732258339],[78.011797653351437,8.788169964991814]]]]}},
{"type":"Feature","properties":{"Land_id":"89","dist_name":"Thoothukkudi","taluk_name":"Thoothukudi","vil_name":"Peroorani","unit_id":4,"block_id":11,"survey_no":215,"sub_div":"5C","KIDE":"215/5C"},"geometry":{"type":"MultiPolygon","coordinates":[[[[78.012349167752234,8.788027599344842],[78.012668465489611,8.787945177166836],[78.012357510558076,8.786791318673178],[78.012037298812004,8.78688608654776],[78.012349167752234,8.788027599344842]]]]}},
{"type":"Feature","properties":{"Land_id":"90","dist_name":"Thoothukkudi","taluk_name":"Thoothukudi","vil_name":"Peroorani","unit_id":4,"block_id":11,"survey_no":215,"sub_div":"5D","KIDE":"215/5D"},"geometry":{"type":"MultiPolygon","coordinates":[[[[78.012668465489611,8.787945177166836],[78.012992885757399,8.787861432725292],[78.012711245802265,8.786722641373318],[78.012552327235738,8.786733661942275],[78.012357510558076,8.786791318673178],[78.012668465489611,8.787945177166836]]]]}},
{"type":"Feature","properties":{"Land_id":"91","dist_name":"Thoothukkudi","taluk_name":"Thoothukudi","vil_name":"Peroorani","unit_id":4,"block_id":9,"survey_no":202,"sub_div":"2","KIDE":"202/2"},"geometry":{"type":"MultiPolygon","coordinates":[[[[78.010382433603866,8.785795284035801],[78.009999910777239,8.785873542023248],[78.010193694125988,8.786622304540625],[78.010550313144378,8.786559785005585],[78.010382433603866,8.785795284035801]]]]}},
{"type":"Feature","properties":{"Land_id":"92","dist_name":"Thoothukkudi","taluk_name":"Thoothukudi","vil_name":"Peroorani","unit_id":4,"block_id":9,"survey_no":202,"sub_div":"3","KIDE":"202/3"},"geometry":{"type":"MultiPolygon","coordinates":[[[[78.00980458835437,8.785118832653255],[78.009999910777239,8.785873542023248],[78.010382433603866,8.785795284035801],[78.01021451051929,8.785031011689449],[78.00980458835437,8.785118832653255]]]]}},
{"type":"Feature","properties":{"Land_id":"93","dist_name":"Thoothukkudi","taluk_name":"Thoothukudi","vil_name":"Peroorani","unit_id":4,"block_id":9,"survey_no":203,"sub_div":"4","KIDE":"203/4"},"geometry":{"type":"MultiPolygon","coordinates":[[[[78.010193694125988,8.786622304540625],[78.009786338865183,8.785048182349115],[78.009777447039568,8.785013822120181],[78.009310678321526,8.785108099569468],[78.009755892198243,8.787360640211554],[78.009850413536924,8.787384110681167],[78.010445808863267,8.787147672548212],[78.010193694125988,8.786622304540625]]]]}},
{"type":"Feature","properties":{"Land_id":"94","dist_name":"Thoothukkudi","taluk_name":"Thoothukudi","vil_name":"Peroorani","unit_id":4,"block_id":8,"survey_no":214,"sub_div":"9","KIDE":"214/9"},"geometry":{"type":"MultiPolygon","coordinates":[[[[78.01008673595193,8.787623797694858],[78.010572383116326,8.787477750530323],[78.010537118829376,8.787353720574657],[78.010445808863267,8.787147672548212],[78.009979025056211,8.787333037610635],[78.01008673595193,8.787623797694858]]]]}},
{"type":"Feature","properties":{"Land_id":"95","dist_name":"Thoothukkudi","taluk_name":"Thoothukudi","vil_name":"Peroorani","unit_id":4,"block_id":11,"survey_no":215,"sub_div":"3","KIDE":"215/3"},"geometry":{"type":"MultiPolygon","coordinates":[[[[78.011209597351765,8.787220582084728],[78.010537118829376,8.787353720574657],[78.010643087176391,8.787726427653691],[78.010785939518072,8.787727126208006],[78.011359166018906,8.787515080138588],[78.011209597351765,8.787220582084728]]]]}},
{"type":"Feature","properties":{"Land_id":"96","dist_name":"Thoothukkudi","taluk_name":"Thoothukudi","vil_name":"Peroorani","unit_id":4,"block_id":9,"survey_no":203,"sub_div":"1","KIDE":"203/1"},"geometry":{"type":"MultiPolygon","coordinates":[[[[78.008717002372322,8.786468589966937],[78.008998734015151,8.78755106100447],[78.009406796238508,8.787448435775204],[78.00918248979464,8.786541342718246],[78.008717002372322,8.786468589966937]]]]}},
{"type":"Feature","properties":{"Land_id":"97","dist_name":"Thoothukkudi","taluk_name":"Thoothukudi","vil_name":"Peroorani","unit_id":4,"block_id":9,"survey_no":203,"sub_div":"2","KIDE":"203/2"},"geometry":{"type":"MultiPolygon","coordinates":[[[[78.008440168728498,8.785297800269504],[78.008717002372322,8.786468589966937],[78.00918248979464,8.786541342718246],[78.008851175622397,8.785200909435986],[78.008739786438497,8.785223407704894],[78.008440168728498,8.785297800269504]]]]}},
{"type":"Feature","properties":{"Land_id":"98","dist_name":"Thoothukkudi","taluk_name":"Thoothukudi","vil_name":"Peroorani","unit_id":4,"block_id":9,"survey_no":203,"sub_div":"3","KIDE":"203/3"},"geometry":{"type":"MultiPolygon","coordinates":[[[[78.00918248979464,8.786541342718246],[78.009406796238508,8.787448435775204],[78.009755892198243,8.787360640211554],[78.009310678321526,8.785108099569468],[78.008851175622397,8.785200909435986],[78.00918248979464,8.786541342718246]]]]}},
{"type":"Feature","properties":{"Land_id":"99","dist_name":"Thoothukkudi","taluk_name":"Thoothukudi","vil_name":"Peroorani","unit_id":4,"block_id":10,"survey_no":206,"sub_div":"5","KIDE":"206/5"},"geometry":{"type":"MultiPolygon","coordinates":[[[[78.008991685036378,8.78755258449659],[78.008770603042564,8.786648726921701],[78.008349801074445,8.786724046292058],[78.008559794179689,8.787282424766362],[78.008568213117201,8.787642382183643],[78.008991685036378,8.78755258449659]]]]}},
{"type":"Feature","properties":{"Land_id":"100","dist_name":"Thoothukkudi","taluk_name":"Thoothukudi","vil_name":"Peroorani","unit_id":4,"block_id":10,"survey_no":206,"sub_div":"6","KIDE":"206/6"},"geometry":{"type":"MultiPolygon","coordinates":[[[[78.008770603042564,8.786648726921701],[78.008440168728498,8.785297800269504],[78.008102657592303,8.785374500036422],[78.008349801074445,8.786724046292058],[78.008770603042564,8.786648726921701]]]]}},
{"type":"Feature","properties":{"Land_id":"101","dist_name":"Thoothukkudi","taluk_name":"Thoothukudi","vil_name":"Peroorani","unit_id":4,"block_id":8,"survey_no":214,"sub_div":"3","KIDE":"214/3"},"geometry":{"type":"MultiPolygon","coordinates":[[[[78.008998734015151,8.78755106100447],[78.008568213117201,8.787642382183643],[78.008706782833698,8.788280296151084],[78.009449114384509,8.788071969787191],[78.009298534501468,8.78747566296005],[78.008998734015151,8.78755106100447]]]]}},
{"type":"Feature","properties":{"Land_id":"102","dist_name":"Thoothukkudi","taluk_name":"Thoothukudi","vil_name":"Peroorani","unit_id":4,"block_id":8,"survey_no":214,"sub_div":"4","KIDE":"214/4"},"geometry":{"type":"MultiPolygon","coordinates":[[[[78.009646616139023,8.788854064771337],[78.010156012097156,8.788678483974822],[78.009804129291979,8.787410125749494],[78.009850413536924,8.787384110681167],[78.009813693243274,8.787346103591503],[78.009298534501468,8.78747566296005],[78.009449114384509,8.788071969787191],[78.009646616139023,8.788854064771337]]]]}},
{"type":"Feature","properties":{"Land_id":"103","dist_name":"Thoothukkudi","taluk_name":"Thoothukudi","vil_name":"Peroorani","unit_id":4,"block_id":8,"survey_no":214,"sub_div":"6","KIDE":"214/6"},"geometry":{"type":"MultiPolygon","coordinates":[[[[78.010156012097156,8.788678483974822],[78.010439396190392,8.788580805912764],[78.010325795901309,8.788272530710175],[78.01008673595193,8.787623797694858],[78.009979025056211,8.787333037610635],[78.009850413536924,8.787384110681167],[78.009804129291979,8.787410125749494],[78.010156012097156,8.788678483974822]]]]}},
{"type":"Feature","properties":{"Land_id":"104","dist_name":"Thoothukkudi","taluk_name":"Thoothukudi","vil_name":"Peroorani","unit_id":4,"block_id":10,"survey_no":206,"sub_div":"1","KIDE":"206/1"},"geometry":{"type":"MultiPolygon","coordinates":[[[[78.006813055456973,8.786571758755912],[78.007055521191248,8.787363356170543],[78.007243108780969,8.787315456619075],[78.007343314506159,8.787206298093352],[78.007082122891418,8.786463278016662],[78.006813055456973,8.786571758755912]]]]}},
{"type":"Feature","properties":{"Land_id":"105","dist_name":"Thoothukkudi","taluk_name":"Thoothukudi","vil_name":"Peroorani","unit_id":4,"block_id":10,"survey_no":206,"sub_div":"2","KIDE":"206/2"},"geometry":{"type":"MultiPolygon","coordinates":[[[[78.006579798900191,8.785720571304029],[78.006813055456973,8.786571758755912],[78.007082122891418,8.786463278016662],[78.006929044061735,8.785641204967291],[78.006579798900191,8.785720571304029]]]]}},
{"type":"Feature","properties":{"Land_id":"106","dist_name":"Thoothukkudi","taluk_name":"Thoothukudi","vil_name":"Peroorani","unit_id":4,"block_id":10,"survey_no":206,"sub_div":"3","KIDE":"206/3"},"geometry":{"type":"MultiPolygon","coordinates":[[[[78.007082122891418,8.786463278016662],[78.007343314506159,8.787206298093352],[78.007897128690502,8.787093041587664],[78.00749033760394,8.785513650409108],[78.006929044061735,8.785641204967291],[78.007082122891418,8.786463278016662]]]]}},
{"type":"Feature","properties":{"Land_id":"107","dist_name":"Thoothukkudi","taluk_name":"Thoothukudi","vil_name":"Peroorani","unit_id":4,"block_id":10,"survey_no":206,"sub_div":"4","KIDE":"206/4"},"geometry":{"type":"MultiPolygon","coordinates":[[[[78.007897128690502,8.787093041587664],[78.00801387009966,8.787388206020731],[78.008559794179689,8.787282424766362],[78.008349801074445,8.786724046292058],[78.008102657592303,8.785374500036422],[78.00749033760394,8.785513650409108],[78.007897128690502,8.787093041587664]]]]}},
{"type":"Feature","properties":{"Land_id":"108","dist_name":"Thoothukkudi","taluk_name":"Thoothukudi","vil_name":"Peroorani","unit_id":4,"block_id":10,"survey_no":207,"sub_div":"2","KIDE":"207/2"},"geometry":{"type":"MultiPolygon","coordinates":[[[[78.007055521191248,8.787363356170543],[78.007593517190699,8.788917688783418],[78.008226837522258,8.788850654149936],[78.007990271836931,8.787328541092133],[78.007897128690502,8.787093041587664],[78.007350830248058,8.787287950481995],[78.007283365156809,8.787305177355135],[78.007055521191248,8.787363356170543]]]]}},
{"type":"Feature","properties":{"Land_id":"109","dist_name":"Thoothukkudi","taluk_name":"Thoothukudi","vil_name":"Peroorani","unit_id":4,"block_id":10,"survey_no":207,"sub_div":"3","KIDE":"207/3"},"geometry":{"type":"MultiPolygon","coordinates":[[[[78.007990271836931,8.787328541092133],[78.008226837522258,8.788850654149936],[78.008327954589845,8.789300025246202],[78.008447193764397,8.789280167846115],[78.008601765187279,8.790085780870799],[78.008667575052314,8.790069499064677],[78.008631128910608,8.78925937632377],[78.00846587231861,8.789260732863372],[78.00801387009966,8.787388206020731],[78.007990271836931,8.787328541092133]]]]}},
{"type":"Feature","properties":{"Land_id":"110","dist_name":"Thoothukkudi","taluk_name":"Thoothukudi","vil_name":"Peroorani","unit_id":4,"block_id":10,"survey_no":207,"sub_div":"4","KIDE":"207/4"},"geometry":{"type":"MultiPolygon","coordinates":[[[[78.008343577162762,8.787324320165563],[78.00801387009966,8.787388206020731],[78.00846587231861,8.789260732863372],[78.008631128910608,8.78925937632377],[78.008667575052314,8.790069499064677],[78.008953390698338,8.789992307116231],[78.008343577162762,8.787324320165563]]]]}},
{"type":"Feature","properties":{"Land_id":"111","dist_name":"Thoothukkudi","taluk_name":"Thoothukudi","vil_name":"Peroorani","unit_id":4,"block_id":10,"survey_no":207,"sub_div":"5","KIDE":"207/5"},"geometry":{"type":"MultiPolygon","coordinates":[[[[78.008343577162762,8.787324320165563],[78.008953390698338,8.789992307116231],[78.009071728826058,8.789960346827211],[78.008568213117201,8.787642382183643],[78.008559794179689,8.787282424766362],[78.008343577162762,8.787324320165563]]]]}},
{"type":"Feature","properties":{"Land_id":"112","dist_name":"Thoothukkudi","taluk_name":"Thoothukudi","vil_name":"Peroorani","unit_id":4,"block_id":10,"survey_no":207,"sub_div":"1","KIDE":"207/1"},"geometry":{"type":"MultiPolygon","coordinates":[[[[78.008447193764397,8.789280167846115],[78.008327954589845,8.789300025246202],[78.007778522196119,8.78955398238128],[78.0078930695596,8.789947948770857],[78.008312516492822,8.790157342955933],[78.008601765187279,8.790085780870799],[78.008447193764397,8.789280167846115]]]]}},
{"type":"Feature","properties":{"Land_id":"113","dist_name":"Thoothukkudi","taluk_name":"Thoothukudi","vil_name":"Peroorani","unit_id":4,"block_id":10,"survey_no":207,"sub_div":"6","KIDE":"207/6"},"geometry":{"type":"MultiPolygon","coordinates":[[[[78.007778522196119,8.78955398238128],[78.008327954589845,8.789300025246202],[78.008226837522258,8.788850654149936],[78.007593517190699,8.788917688783418],[78.007778522196119,8.78955398238128]]]]}},
{"type":"Feature","properties":{"Land_id":"114","dist_name":"Thoothukkudi","taluk_name":"Thoothukudi","vil_name":"Peroorani","unit_id":4,"block_id":8,"survey_no":214,"sub_div":"1","KIDE":"214/1"},"geometry":{"type":"MultiPolygon","coordinates":[[[[78.00929082554488,8.789059347475717],[78.008898449608949,8.789162645600324],[78.009071728826058,8.789960346827211],[78.009475033726346,8.78986638983878],[78.009431337197313,8.78949150998665],[78.00929082554488,8.789059347475717]]]]}},
{"type":"Feature","properties":{"Land_id":"115","dist_name":"Thoothukkudi","taluk_name":"Thoothukudi","vil_name":"Peroorani","unit_id":4,"block_id":8,"survey_no":214,"sub_div":"2","KIDE":"214/2"},"geometry":{"type":"MultiPolygon","coordinates":[[[[78.009646616139023,8.788854064771337],[78.009449114384509,8.788071969787191],[78.008706782833698,8.788280296151084],[78.008898449608949,8.789162645600324],[78.00929082554488,8.789059347475717],[78.009431337197313,8.78949150998665],[78.009985628861855,8.789267062567815],[78.009865968001805,8.78890434859647],[78.009673811608593,8.788961757282857],[78.009646616139023,8.788854064771337]]]]}},
{"type":"Feature","properties":{"Land_id":"116","dist_name":"Thoothukkudi","taluk_name":"Thoothukudi","vil_name":"Peroorani","unit_id":4,"block_id":8,"survey_no":213,"sub_div":null,"KIDE":"213"},"geometry":{"type":"MultiPolygon","coordinates":[[[[78.008312516492822,8.790157342955933],[78.008324457668266,8.790163304538185],[78.008989284983471,8.790572281961259],[78.009623011442699,8.790949858344735],[78.010048850641851,8.790831867947094],[78.010511065771425,8.790703798976324],[78.011095201070546,8.789218640830201],[78.010947473186206,8.788877586251051],[78.010277109102645,8.789158229044794],[78.009431337197313,8.78949150998665],[78.009475033726346,8.78986638983878],[78.009071728826058,8.789960346827211],[78.008667575052314,8.790069499064677],[78.008312516492822,8.790157342955933]]]]}},
{"type":"Feature","properties":{"Land_id":"117","dist_name":"Thoothukkudi","taluk_name":"Thoothukudi","vil_name":"Peroorani","unit_id":4,"block_id":8,"survey_no":214,"sub_div":"5","KIDE":"214/5"},"geometry":{"type":"MultiPolygon","coordinates":[[[[78.009985628861855,8.789267062567815],[78.010947473186206,8.788877586251051],[78.01113549415922,8.788853812093901],[78.011097571704084,8.788731580288232],[78.010557365714917,8.788900937871341],[78.010439396190392,8.788580805912764],[78.010156012097156,8.788678483974822],[78.009646616139023,8.788854064771337],[78.009673811608593,8.788961757282857],[78.009865968001805,8.78890434859647],[78.009985628861855,8.789267062567815]]]]}},
{"type":"Feature","properties":{"Land_id":"118","dist_name":"Thoothukkudi","taluk_name":"Thoothukudi","vil_name":"Peroorani","unit_id":4,"block_id":8,"survey_no":214,"sub_div":"7","KIDE":"214/7"},"geometry":{"type":"MultiPolygon","coordinates":[[[[78.010439396190392,8.788580805912764],[78.010557365714917,8.788900937871341],[78.011097571704084,8.788731580288232],[78.010882658791175,8.78803887214719],[78.010325795901309,8.788272530710175],[78.010439396190392,8.788580805912764]]]]}},
{"type":"Feature","properties":{"Land_id":"119","dist_name":"Thoothukkudi","taluk_name":"Thoothukudi","vil_name":"Peroorani","unit_id":4,"block_id":11,"survey_no":215,"sub_div":"1","KIDE":"215/1"},"geometry":{"type":"MultiPolygon","coordinates":[[[[78.010988313359235,8.788379418363991],[78.01113549415922,8.788853812093901],[78.010947473186206,8.788877586251051],[78.011095201070546,8.789218640830201],[78.011760392962699,8.788878166735003],[78.012031688858826,8.788546856736716],[78.011913496686304,8.788582742854407],[78.011816435607528,8.788165116581528],[78.011797653351437,8.788169964991814],[78.011515920014659,8.7882426904497],[78.010988313359235,8.788379418363991]]]]}},
{"type":"Feature","properties":{"Land_id":"120","dist_name":"Thoothukkudi","taluk_name":"Thoothukudi","vil_name":"Peroorani","unit_id":4,"block_id":8,"survey_no":214,"sub_div":"8","KIDE":"214/8"},"geometry":{"type":"MultiPolygon","coordinates":[[[[78.010325795901309,8.788272530710175],[78.010882658791175,8.78803887214719],[78.010785939518072,8.787727126208006],[78.010643087176391,8.787726427653691],[78.010572383116326,8.787477750530323],[78.01008673595193,8.787623797694858],[78.010325795901309,8.788272530710175]]]]}},
{"type":"Feature","properties":{"Land_id":"121","dist_name":"Thoothukkudi","taluk_name":"Thoothukudi","vil_name":"Peroorani","unit_id":4,"block_id":11,"survey_no":215,"sub_div":"2","KIDE":"215/2"},"geometry":{"type":"MultiPolygon","coordinates":[[[[78.011359166018906,8.787515080138588],[78.010785939518072,8.787727126208006],[78.010988313359235,8.788379418363991],[78.011515920014659,8.7882426904497],[78.011359166018906,8.787515080138588]]]]}},
{"type":"Feature","properties":{"Land_id":"122","dist_name":"Thoothukkudi","taluk_name":"Thoothukudi","vil_name":"Peroorani","unit_id":4,"block_id":11,"survey_no":215,"sub_div":"4","KIDE":"215/4"},"geometry":{"type":"MultiPolygon","coordinates":[[[[78.011760392962699,8.788878166735003],[78.012676307972185,8.788523420678645],[78.012734559057122,8.788722449819359],[78.013202856847357,8.788535019389375],[78.013025301356464,8.787920880365487],[78.012992885757399,8.787861432725292],[78.012668465489611,8.787945177166836],[78.012349167752234,8.788027599344842],[78.011816435607528,8.788165116581528],[78.011913496686304,8.788582742854407],[78.012031688858826,8.788546856736716],[78.011760392962699,8.788878166735003]]]]}},
{"type":"Feature","properties":{"Land_id":"123","dist_name":"Thoothukkudi","taluk_name":"Thoothukudi","vil_name":"Peroorani","unit_id":4,"block_id":11,"survey_no":215,"sub_div":"5E","KIDE":"215/5E"},"geometry":{"type":"MultiPolygon","coordinates":[[[[78.013262935159062,8.787541124264564],[78.013042778354631,8.786699650495446],[78.012711245802265,8.786722641373318],[78.012992885757399,8.787861432725292],[78.013025301356464,8.787920880365487],[78.013262935159062,8.787541124264564]]]]}},
{"type":"Feature","properties":{"Land_id":"124","dist_name":"Thoothukkudi","taluk_name":"Thoothukudi","vil_name":"Peroorani","unit_id":4,"block_id":11,"survey_no":222,"sub_div":null,"KIDE":"222"},"geometry":{"type":"MultiPolygon","coordinates":[[[[78.012730323990155,8.788748155827395],[78.013680073988297,8.788916744303172],[78.014165699141259,8.788580761222711],[78.014436773685674,8.788406634252276],[78.014747755707845,8.788341355154326],[78.014431403974925,8.787441403999528],[78.013814701993979,8.787627170966303],[78.013344937311871,8.787768676527808],[78.013335845401187,8.787771415084036],[78.013233155807825,8.787811115930541],[78.013025301356464,8.787920880365487],[78.013202856847357,8.788535019389375],[78.012734559057122,8.788722449819359],[78.012730323990155,8.788748155827395]]]]}},
{"type":"Feature","properties":{"Land_id":"686","dist_name":"Thoothukkudi","taluk_name":"Thoothukudi","vil_name":"Peroorani","unit_id":5,"block_id":4,"survey_no":223,"sub_div":null,"KIDE":"223"},"geometry":{"type":"MultiPolygon","coordinates":[[[[78.014747755707845,8.788341355154326],[78.015433343224558,8.78803075227324],[78.01567742167876,8.787915545794297],[78.015751029777334,8.78788080233492],[78.01547467252027,8.787032292883914],[78.014431403974925,8.787441403999528],[78.014747755707845,8.788341355154326]]]]}},
{"type":"Feature","properties":{"Land_id":"687","dist_name":"Thoothukkudi","taluk_name":"Thoothukudi","vil_name":"Peroorani","unit_id":5,"block_id":4,"survey_no":224,"sub_div":"1","KIDE":"224/1"},"geometry":{"type":"MultiPolygon","coordinates":[[[[78.013042778354631,8.786699650495446],[78.013344937311871,8.787768676527808],[78.013818319697876,8.787626081218097],[78.013621808782304,8.786592743674078],[78.013042778354631,8.786699650495446]]]]}},
{"type":"Feature","properties":{"Land_id":"688","dist_name":"Thoothukkudi","taluk_name":"Thoothukudi","vil_name":"Peroorani","unit_id":5,"block_id":4,"survey_no":224,"sub_div":"2","KIDE":"224/2"},"geometry":{"type":"MultiPolygon","coordinates":[[[[78.013818319697876,8.787626081218097],[78.014431403974925,8.787441403999528],[78.014796479972333,8.78729824177227],[78.014505116312648,8.786336040181036],[78.014320304237614,8.786389749567162],[78.013838395430511,8.786529800081691],[78.013621808782304,8.786592743674078],[78.013818319697876,8.787626081218097]]]]}},
{"type":"Feature","properties":{"Land_id":"689","dist_name":"Thoothukkudi","taluk_name":"Thoothukudi","vil_name":"Peroorani","unit_id":5,"block_id":1,"survey_no":172,"sub_div":"1","KIDE":"172/1"},"geometry":{"type":"MultiPolygon","coordinates":[[[[78.007974464464667,8.77777290696954],[78.008144497746571,8.778663652877082],[78.008668620552257,8.778582072959969],[78.008518554912243,8.777835655318626],[78.008524506103967,8.777739601081123],[78.007974464464667,8.77777290696954]]]]}},
{"type":"Feature","properties":{"Land_id":"690","dist_name":"Thoothukkudi","taluk_name":"Thoothukudi","vil_name":"Peroorani","unit_id":5,"block_id":1,"survey_no":172,"sub_div":"2","KIDE":"172/2"},"geometry":{"type":"MultiPolygon","coordinates":[[[[78.008668620552257,8.778582072959969],[78.008788017093224,8.778563488842257],[78.008857825844302,8.778552623083193],[78.008691376167548,8.777773402872285],[78.008518554912243,8.777835655318626],[78.008668620552257,8.778582072959969]]]]}},
{"type":"Feature","properties":{"Land_id":"691","dist_name":"Thoothukkudi","taluk_name":"Thoothukudi","vil_name":"Peroorani","unit_id":5,"block_id":1,"survey_no":172,"sub_div":"3","KIDE":"172/3"},"geometry":{"type":"MultiPolygon","coordinates":[[[[78.008857825844302,8.778552623083193],[78.008981736200198,8.778533336388445],[78.008849241672209,8.777716537420737],[78.008691376167548,8.777773402872285],[78.008857825844302,8.778552623083193]]]]}},
{"type":"Feature","properties":{"Land_id":"692","dist_name":"Thoothukkudi","taluk_name":"Thoothukudi","vil_name":"Peroorani","unit_id":5,"block_id":1,"survey_no":172,"sub_div":"4","KIDE":"172/4"},"geometry":{"type":"MultiPolygon","coordinates":[[[[78.008981736200198,8.778533336388445],[78.009100410975648,8.778514864613818],[78.009055175548269,8.778113738326228],[78.009010797177098,8.777717131710908],[78.008870844471573,8.77770875601213],[78.008849241672209,8.777716537420737],[78.008981736200198,8.778533336388445]]]]}},
{"type":"Feature","properties":{"Land_id":"693","dist_name":"Thoothukkudi","taluk_name":"Thoothukudi","vil_name":"Peroorani","unit_id":5,"block_id":1,"survey_no":172,"sub_div":"5","KIDE":"172/5"},"geometry":{"type":"MultiPolygon","coordinates":[[[[78.009100410975648,8.778514864613818],[78.009366331812842,8.778473473932813],[78.009334245684002,8.77838321583188],[78.009287360775645,8.778251328846977],[78.009366957848513,8.77820788868701],[78.009354176073899,8.778096369174776],[78.009055175548269,8.778113738326228],[78.009100410975648,8.778514864613818]]]]}},
{"type":"Feature","properties":{"Land_id":"694","dist_name":"Thoothukkudi","taluk_name":"Thoothukudi","vil_name":"Peroorani","unit_id":5,"block_id":1,"survey_no":172,"sub_div":"6","KIDE":"172/6"},"geometry":{"type":"MultiPolygon","coordinates":[[[[78.009055175548269,8.778113738326228],[78.009354176073899,8.778096369174776],[78.009323533386663,8.777829015255888],[78.009010797177098,8.777717131710908],[78.009055175548269,8.778113738326228]]]]}},
{"type":"Feature","properties":{"Land_id":"696","dist_name":"Thoothukkudi","taluk_name":"Thoothukudi","vil_name":"Peroorani","unit_id":5,"block_id":1,"survey_no":172,"sub_div":"8","KIDE":"172/8"},"geometry":{"type":"MultiPolygon","coordinates":[[[[78.007789803857804,8.77689511400261],[78.007975876439247,8.777273935278012],[78.00803539892857,8.777605719946365],[78.007958297966738,8.777688216244858],[78.007974464464667,8.77777290696954],[78.008524506103967,8.777739601081123],[78.008529685660079,8.77765599819768],[78.008812826754024,8.777616802240811],[78.008542640953834,8.777162445006347],[78.007789803857804,8.77689511400261]]]]}},
{"type":"Feature","properties":{"Land_id":"697","dist_name":"Thoothukkudi","taluk_name":"Thoothukudi","vil_name":"Peroorani","unit_id":5,"block_id":1,"survey_no":173,"sub_div":"1","KIDE":"173/1"},"geometry":{"type":"MultiPolygon","coordinates":[[[[78.008144497746571,8.778663652877082],[78.008455862247871,8.780252313337938],[78.008919991319857,8.780210188007695],[78.008629728972934,8.77859155835065],[78.008144497746571,8.778663652877082]]]]}},
{"type":"Feature","properties":{"Land_id":"698","dist_name":"Thoothukkudi","taluk_name":"Thoothukudi","vil_name":"Peroorani","unit_id":5,"block_id":1,"survey_no":173,"sub_div":"2","KIDE":"173/2"},"geometry":{"type":"MultiPolygon","coordinates":[[[[78.00907536533613,8.778525346736844],[78.008806689761315,8.778565265928517],[78.008629728972934,8.77859155835065],[78.008919991319857,8.780210188007695],[78.009337226170658,8.780172318895547],[78.00907536533613,8.778525346736844]]]]}},
{"type":"Feature","properties":{"Land_id":"699","dist_name":"Thoothukkudi","taluk_name":"Thoothukudi","vil_name":"Peroorani","unit_id":5,"block_id":1,"survey_no":173,"sub_div":"3","KIDE":"173/3"},"geometry":{"type":"MultiPolygon","coordinates":[[[[78.00907536533613,8.778525346736844],[78.009337226170658,8.780172318895547],[78.009912055171526,8.780120146207052],[78.009689598943609,8.778434085336826],[78.00935790790767,8.778483367219069],[78.009354716696407,8.778483841361812],[78.00907536533613,8.778525346736844]]]]}},
{"type":"Feature","properties":{"Land_id":"700","dist_name":"Thoothukkudi","taluk_name":"Thoothukudi","vil_name":"Peroorani","unit_id":5,"block_id":1,"survey_no":174,"sub_div":"1A","KIDE":"174/1A"},"geometry":{"type":"MultiPolygon","coordinates":[[[[78.00918467841808,8.781869946743894],[78.008863753516536,8.780215292268945],[78.008455862247871,8.780252313337938],[78.008480718298131,8.780343353747162],[78.008915394841793,8.781935446215748],[78.00918467841808,8.781869946743894]]]]}},
{"type":"Feature","properties":{"Land_id":"701","dist_name":"Thoothukkudi","taluk_name":"Thoothukudi","vil_name":"Peroorani","unit_id":5,"block_id":1,"survey_no":174,"sub_div":"1B","KIDE":"174/1B"},"geometry":{"type":"MultiPolygon","coordinates":[[[[78.00918467841808,8.781869946743894],[78.009626103746513,8.781768610465068],[78.00947846044555,8.781211811037618],[78.009204903019793,8.780184328822882],[78.008863753516536,8.780215292268945],[78.00918467841808,8.781869946743894]]]]}},
{"type":"Feature","properties":{"Land_id":"702","dist_name":"Thoothukkudi","taluk_name":"Thoothukudi","vil_name":"Peroorani","unit_id":5,"block_id":1,"survey_no":174,"sub_div":"2A","KIDE":"174/2A"},"geometry":{"type":"MultiPolygon","coordinates":[[[[78.009984832224603,8.781686258577361],[78.009837552441425,8.78113461931722],[78.00947846044555,8.781211811037618],[78.009626103746513,8.781768610465068],[78.009984832224603,8.781686258577361]]]]}},
{"type":"Feature","properties":{"Land_id":"703","dist_name":"Thoothukkudi","taluk_name":"Thoothukudi","vil_name":"Peroorani","unit_id":5,"block_id":1,"survey_no":174,"sub_div":"2B","KIDE":"174/2B"},"geometry":{"type":"MultiPolygon","coordinates":[[[[78.009837552441425,8.78113461931722],[78.009571005469368,8.780151100594956],[78.009204903019793,8.780184328822882],[78.00947846044555,8.781211811037618],[78.009837552441425,8.78113461931722]]]]}},
{"type":"Feature","properties":{"Land_id":"704","dist_name":"Thoothukkudi","taluk_name":"Thoothukudi","vil_name":"Peroorani","unit_id":5,"block_id":1,"survey_no":174,"sub_div":"3","KIDE":"174/3"},"geometry":{"type":"MultiPolygon","coordinates":[[[[78.010484371237595,8.78157158136823],[78.010069495530018,8.780090032221256],[78.009912055171526,8.780120146207052],[78.009571005469368,8.780151100594956],[78.009837552441425,8.78113461931722],[78.009984832224603,8.781686258577361],[78.010462553344681,8.781576590016211],[78.010484371237595,8.78157158136823]]]]}},
{"type":"Feature","properties":{"Land_id":"705","dist_name":"Thoothukkudi","taluk_name":"Thoothukudi","vil_name":"Peroorani","unit_id":5,"block_id":2,"survey_no":175,"sub_div":"1","KIDE":"175/1"},"geometry":{"type":"MultiPolygon","coordinates":[[[[78.009704136638177,8.78292246650151],[78.009366053465982,8.781830779162075],[78.008915394841793,8.781935446215748],[78.009130075669972,8.782604372562183],[78.009269336244927,8.783038296114647],[78.009704136638177,8.78292246650151]]]]}},
{"type":"Feature","properties":{"Land_id":"706","dist_name":"Thoothukkudi","taluk_name":"Thoothukudi","vil_name":"Peroorani","unit_id":5,"block_id":2,"survey_no":175,"sub_div":"2","KIDE":"175/2"},"geometry":{"type":"MultiPolygon","coordinates":[[[[78.010087140284639,8.782506800144397],[78.010681733763249,8.782320621809891],[78.010430874595301,8.781583470702163],[78.009366053465982,8.781830779162075],[78.009704136638177,8.78292246650151],[78.010149801039859,8.7828037427468],[78.010087140284639,8.782506800144397]]]]}},
{"type":"Feature","properties":{"Land_id":"707","dist_name":"Thoothukkudi","taluk_name":"Thoothukudi","vil_name":"Peroorani","unit_id":5,"block_id":1,"survey_no":176,"sub_div":"1","KIDE":"176/1"},"geometry":{"type":"MultiPolygon","coordinates":[[[[78.008320697874055,8.782735082179949],[78.009120778715697,8.782567540766793],[78.008917087654652,8.781941643733536],[78.008177910777036,8.782082518221072],[78.008320697874055,8.782735082179949]]]]}},
{"type":"Feature","properties":{"Land_id":"708","dist_name":"Thoothukkudi","taluk_name":"Thoothukudi","vil_name":"Peroorani","unit_id":5,"block_id":1,"survey_no":176,"sub_div":"2","KIDE":"176/2"},"geometry":{"type":"MultiPolygon","coordinates":[[[[78.008104872799137,8.781748720889262],[78.008177910777036,8.782082518221072],[78.008917087654652,8.781941643733536],[78.008812546859787,8.781564802896408],[78.008104872799137,8.781748720889262]]]]}},
{"type":"Feature","properties":{"Land_id":"709","dist_name":"Thoothukkudi","taluk_name":"Thoothukudi","vil_name":"Peroorani","unit_id":5,"block_id":1,"survey_no":176,"sub_div":"3","KIDE":"176/3"},"geometry":{"type":"MultiPolygon","coordinates":[[[[78.008704086144988,8.78117383182512],[78.008010151683109,8.781315827527413],[78.008104872799137,8.781748720889262],[78.008812546859787,8.781564802896408],[78.008704086144988,8.78117383182512]]]]}},
{"type":"Feature","properties":{"Land_id":"710","dist_name":"Thoothukkudi","taluk_name":"Thoothukudi","vil_name":"Peroorani","unit_id":5,"block_id":1,"survey_no":176,"sub_div":"4","KIDE":"176/4"},"geometry":{"type":"MultiPolygon","coordinates":[[[[78.007843914247289,8.780556091098209],[78.008010151683109,8.781315827527413],[78.008704086144988,8.78117383182512],[78.00847223375078,8.780338067658219],[78.007832406578046,8.780503498879737],[78.007843914247289,8.780556091098209]]]]}},
{"type":"Feature","properties":{"Land_id":"711","dist_name":"Thoothukkudi","taluk_name":"Thoothukudi","vil_name":"Peroorani","unit_id":5,"block_id":2,"survey_no":197,"sub_div":"1","KIDE":"197/1"},"geometry":{"type":"MultiPolygon","coordinates":[[[[78.006268877494833,8.784539332855433],[78.006584459593313,8.784775601130388],[78.007192431256016,8.784619250188243],[78.007146969230234,8.784354250318406],[78.006268877494833,8.784539332855433]]]]}},
{"type":"Feature","properties":{"Land_id":"712","dist_name":"Thoothukkudi","taluk_name":"Thoothukudi","vil_name":"Peroorani","unit_id":5,"block_id":2,"survey_no":197,"sub_div":"2","KIDE":"197/2"},"geometry":{"type":"MultiPolygon","coordinates":[[[[78.007246205424735,8.784145308563854],[78.007275226806669,8.78432721193737],[78.007146969230234,8.784354250318406],[78.007192431256016,8.784619250188243],[78.00737712344646,8.784625372193673],[78.008583828219145,8.784364389275138],[78.008564767443758,8.784220001592562],[78.0084503642681,8.784039924450052],[78.007246205424735,8.784145308563854]]]]}},
{"type":"Feature","properties":{"Land_id":"713","dist_name":"Thoothukkudi","taluk_name":"Thoothukudi","vil_name":"Peroorani","unit_id":5,"block_id":2,"survey_no":197,"sub_div":"3","KIDE":"197/3"},"geometry":{"type":"MultiPolygon","coordinates":[[[[78.007159140630506,8.783599597934701],[78.006070481591479,8.783849218677709],[78.006268877494833,8.784539332855433],[78.007146969230234,8.784354250318406],[78.007275226806669,8.78432721193737],[78.007246205424735,8.784145308563854],[78.007159140630506,8.783599597934701]]]]}},
{"type":"Feature","properties":{"Land_id":"714","dist_name":"Thoothukkudi","taluk_name":"Thoothukudi","vil_name":"Peroorani","unit_id":5,"block_id":2,"survey_no":197,"sub_div":"4","KIDE":"197/4"},"geometry":{"type":"MultiPolygon","coordinates":[[[[78.006656911350717,8.783004561421063],[78.005991028971636,8.783077820727895],[78.005938906116853,8.783391537349912],[78.006070481591479,8.783849218677709],[78.007159140630506,8.783599597934701],[78.007124484005004,8.783382373058199],[78.007053936782953,8.782940256228851],[78.006656911350717,8.783004561421063]]]]}},
{"type":"Feature","properties":{"Land_id":"715","dist_name":"Thoothukkudi","taluk_name":"Thoothukudi","vil_name":"Peroorani","unit_id":5,"block_id":2,"survey_no":197,"sub_div":"5","KIDE":"197/5"},"geometry":{"type":"MultiPolygon","coordinates":[[[[78.007124484005004,8.783382373058199],[78.007159140630506,8.783599597934701],[78.007246205424735,8.784145308563854],[78.0084503642681,8.784039924450052],[78.008391508450444,8.783447654114401],[78.008366855986964,8.783199574597408],[78.007124484005004,8.783382373058199]]]]}},
{"type":"Feature","properties":{"Land_id":"716","dist_name":"Thoothukkudi","taluk_name":"Thoothukudi","vil_name":"Peroorani","unit_id":5,"block_id":2,"survey_no":197,"sub_div":"6","KIDE":"197/6"},"geometry":{"type":"MultiPolygon","coordinates":[[[[78.008320697874055,8.782735082179949],[78.007053936782953,8.782940256228851],[78.007124484005004,8.783382373058199],[78.008366855986964,8.783199574597408],[78.008320697874055,8.782735082179949]]]]}},
{"type":"Feature","properties":{"Land_id":"717","dist_name":"Thoothukkudi","taluk_name":"Thoothukudi","vil_name":"Peroorani","unit_id":5,"block_id":2,"survey_no":198,"sub_div":"1","KIDE":"198/1"},"geometry":{"type":"MultiPolygon","coordinates":[[[[78.008396600000907,8.783498890753796],[78.0084503642681,8.784039924450052],[78.008564767443758,8.784220001592562],[78.008952911767494,8.784114964208305],[78.008866021109426,8.783399220812367],[78.008396600000907,8.783498890753796]]]]}},
{"type":"Feature","properties":{"Land_id":"718","dist_name":"Thoothukkudi","taluk_name":"Thoothukudi","vil_name":"Peroorani","unit_id":5,"block_id":2,"survey_no":198,"sub_div":"2","KIDE":"198/2"},"geometry":{"type":"MultiPolygon","coordinates":[[[[78.008866021109426,8.783399220812367],[78.008952911767494,8.784114964208305],[78.009461874243954,8.783980739317808],[78.009323055906492,8.783301245403464],[78.008866021109426,8.783399220812367]]]]}},
{"type":"Feature","properties":{"Land_id":"719","dist_name":"Thoothukkudi","taluk_name":"Thoothukudi","vil_name":"Peroorani","unit_id":5,"block_id":2,"survey_no":198,"sub_div":"3","KIDE":"198/3"},"geometry":{"type":"MultiPolygon","coordinates":[[[[78.009120778715697,8.782567540766793],[78.008320697874055,8.782735082179949],[78.008392955984817,8.783462220757185],[78.008396600000907,8.783498890753796],[78.008866021109426,8.783399220812367],[78.009323055906492,8.783301245403464],[78.009269336244927,8.783038296114647],[78.009120778715697,8.782567540766793]]]]}},
{"type":"Feature","properties":{"Land_id":"720","dist_name":"Thoothukkudi","taluk_name":"Thoothukudi","vil_name":"Peroorani","unit_id":5,"block_id":2,"survey_no":199,"sub_div":"1","KIDE":"199/1"},"geometry":{"type":"MultiPolygon","coordinates":[[[[78.00985154822969,8.784093293157788],[78.009545259436052,8.782964790945424],[78.009269336244927,8.783038296114647],[78.009461874243954,8.783980739317808],[78.009581608956438,8.784149508863596],[78.00985154822969,8.784093293157788]]]]}},
{"type":"Feature","properties":{"Land_id":"721","dist_name":"Thoothukkudi","taluk_name":"Thoothukudi","vil_name":"Peroorani","unit_id":5,"block_id":2,"survey_no":199,"sub_div":"2","KIDE":"199/2"},"geometry":{"type":"MultiPolygon","coordinates":[[[[78.00985154822969,8.784093293157788],[78.01014642904714,8.784031883296663],[78.009815945266169,8.78289268099458],[78.009545259436052,8.782964790945424],[78.00985154822969,8.784093293157788]]]]}},
{"type":"Feature","properties":{"Land_id":"722","dist_name":"Thoothukkudi","taluk_name":"Thoothukudi","vil_name":"Peroorani","unit_id":5,"block_id":2,"survey_no":199,"sub_div":"3","KIDE":"199/3"},"geometry":{"type":"MultiPolygon","coordinates":[[[[78.010398898624018,8.783829326411551],[78.010149801039859,8.7828037427468],[78.009815945266169,8.78289268099458],[78.01014642904714,8.784031883296663],[78.010416899454157,8.78397555698057],[78.010398898624018,8.783829326411551]]]]}},
{"type":"Feature","properties":{"Land_id":"723","dist_name":"Thoothukkudi","taluk_name":"Thoothukudi","vil_name":"Peroorani","unit_id":5,"block_id":2,"survey_no":199,"sub_div":"4A","KIDE":"199/4A"},"geometry":{"type":"MultiPolygon","coordinates":[[[[78.010398898624018,8.783829326411551],[78.010416899454157,8.78397555698057],[78.010518934281748,8.784340012949283],[78.011117476781038,8.784206243940178],[78.01098672992859,8.783712413880787],[78.010398898624018,8.783829326411551]]]]}},
{"type":"Feature","properties":{"Land_id":"724","dist_name":"Thoothukkudi","taluk_name":"Thoothukudi","vil_name":"Peroorani","unit_id":5,"block_id":2,"survey_no":199,"sub_div":"4B","KIDE":"199/4B"},"geometry":{"type":"MultiPolygon","coordinates":[[[[78.011612446872221,8.783581508089979],[78.011181104465763,8.783689154050695],[78.01098672992859,8.783712413880787],[78.011117476781038,8.784206243940178],[78.011719299712738,8.784071741783144],[78.011612446872221,8.783581508089979]]]]}},
{"type":"Feature","properties":{"Land_id":"725","dist_name":"Thoothukkudi","taluk_name":"Thoothukudi","vil_name":"Peroorani","unit_id":5,"block_id":2,"survey_no":199,"sub_div":"5","KIDE":"199/5"},"geometry":{"type":"MultiPolygon","coordinates":[[[[78.010398898624018,8.783829326411551],[78.01098672992859,8.783712413880787],[78.011181104465763,8.783689154050695],[78.011056844148527,8.783092659117409],[78.010872334762084,8.783120090975592],[78.010681733763249,8.782320621809891],[78.010087140284639,8.782506800144397],[78.010149801039859,8.7828037427468],[78.010398898624018,8.783829326411551]]]]}},
{"type":"Feature","properties":{"Land_id":"726","dist_name":"Thoothukkudi","taluk_name":"Thoothukudi","vil_name":"Peroorani","unit_id":5,"block_id":3,"survey_no":200,"sub_div":"1","KIDE":"200/1"},"geometry":{"type":"MultiPolygon","coordinates":[[[[78.008601919329422,8.784432998068803],[78.008739786438497,8.785223407704894],[78.009442675810149,8.785081438857091],[78.009198845829559,8.784050890136795],[78.008564767443758,8.784220001592562],[78.008601919329422,8.784432998068803]]]]}},
{"type":"Feature","properties":{"Land_id":"727","dist_name":"Thoothukkudi","taluk_name":"Thoothukudi","vil_name":"Peroorani","unit_id":5,"block_id":3,"survey_no":200,"sub_div":"2","KIDE":"200/2"},"geometry":{"type":"MultiPolygon","coordinates":[[[[78.010416899454157,8.78397555698057],[78.009581608956438,8.784149508863596],[78.009461874243954,8.783980739317808],[78.009198845829559,8.784050890136795],[78.009442675810149,8.785081438857091],[78.009777447039568,8.785013822120181],[78.00980458835437,8.785118832653255],[78.010607078196514,8.784946908718879],[78.010518934281748,8.784340012949283],[78.010416899454157,8.78397555698057]]]]}},
{"type":"Feature","properties":{"Land_id":"728","dist_name":"Thoothukkudi","taluk_name":"Thoothukudi","vil_name":"Peroorani","unit_id":5,"block_id":3,"survey_no":204,"sub_div":"1","KIDE":"204/1"},"geometry":{"type":"MultiPolygon","coordinates":[[[[78.007308159458361,8.78489343242757],[78.006419410031825,8.785091283089626],[78.006570407548992,8.785683724191845],[78.008455703891201,8.78528905073502],[78.008737349474629,8.785209984899167],[78.008626701168822,8.784600533635231],[78.007308159458361,8.78489343242757]]]]}},
{"type":"Feature","properties":{"Land_id":"729","dist_name":"Thoothukkudi","taluk_name":"Thoothukudi","vil_name":"Peroorani","unit_id":5,"block_id":3,"survey_no":204,"sub_div":"2","KIDE":"204/2"},"geometry":{"type":"MultiPolygon","coordinates":[[[[78.00724172184492,8.784607172531505],[78.006378579901977,8.784835512726648],[78.006419410031825,8.785091283089626],[78.007308159458361,8.78489343242757],[78.007243333631493,8.784606746140851],[78.00724172184492,8.784607172531505]]]]}},
{"type":"Feature","properties":{"Land_id":"730","dist_name":"Thoothukkudi","taluk_name":"Thoothukudi","vil_name":"Peroorani","unit_id":5,"block_id":3,"survey_no":204,"sub_div":"3","KIDE":"204/3"},"geometry":{"type":"MultiPolygon","coordinates":[[[[78.008588200741983,8.784388473146556],[78.007243333631493,8.784606746140851],[78.007308159458361,8.78489343242757],[78.008626701168822,8.784600533635231],[78.008588200741983,8.784388473146556]]]]}},
{"type":"Feature","properties":{"Land_id":"731","dist_name":"Thoothukkudi","taluk_name":"Thoothukudi","vil_name":"Peroorani","unit_id":5,"block_id":4,"survey_no":224,"sub_div":"3","KIDE":"224/3"},"geometry":{"type":"MultiPolygon","coordinates":[[[[78.014796479972333,8.78729824177227],[78.01509840976135,8.787179841928454],[78.014994788836859,8.786843331152319],[78.014899940050427,8.786537994192773],[78.014809433956955,8.786247600538434],[78.014505116312648,8.786336040181036],[78.014796479972333,8.78729824177227]]]]}},
{"type":"Feature","properties":{"Land_id":"732","dist_name":"Thoothukkudi","taluk_name":"Thoothukudi","vil_name":"Peroorani","unit_id":5,"block_id":4,"survey_no":224,"sub_div":"4A","KIDE":"224/4A"},"geometry":{"type":"MultiPolygon","coordinates":[[[[78.014994788836859,8.786843331152319],[78.01509840976135,8.787179841928454],[78.01547467252027,8.787032292883914],[78.015781350108895,8.786945362486133],[78.015657923725428,8.786633628809117],[78.014994788836859,8.786843331152319]]]]}},
{"type":"Feature","properties":{"Land_id":"733","dist_name":"Thoothukkudi","taluk_name":"Thoothukudi","vil_name":"Peroorani","unit_id":5,"block_id":4,"survey_no":224,"sub_div":"4B","KIDE":"224/4B"},"geometry":{"type":"MultiPolygon","coordinates":[[[[78.014899940050427,8.786537994192773],[78.014994788836859,8.786843331152319],[78.015657923725428,8.786633628809117],[78.015541659309392,8.786339983861462],[78.014899940050427,8.786537994192773]]]]}},
{"type":"Feature","properties":{"Land_id":"734","dist_name":"Thoothukkudi","taluk_name":"Thoothukudi","vil_name":"Peroorani","unit_id":5,"block_id":4,"survey_no":224,"sub_div":"4C","KIDE":"224/4C"},"geometry":{"type":"MultiPolygon","coordinates":[[[[78.014899940050427,8.786537994192773],[78.015541659309392,8.786339983861462],[78.015433296586039,8.786066295941154],[78.014809433956955,8.786247600538434],[78.014899940050427,8.786537994192773]]]]}},
{"type":"Feature","properties":{"Land_id":"735","dist_name":"Thoothukkudi","taluk_name":"Thoothukudi","vil_name":"Peroorani","unit_id":5,"block_id":4,"survey_no":225,"sub_div":"1","KIDE":"225/1"},"geometry":{"type":"MultiPolygon","coordinates":[[[[78.012337227214232,8.785785550669326],[78.012552327235738,8.786733661942275],[78.013042778354631,8.786699650495446],[78.013099042360238,8.786689262429968],[78.012835156306252,8.785665429966249],[78.012337227214232,8.785785550669326]]]]}},
{"type":"Feature","properties":{"Land_id":"736","dist_name":"Thoothukkudi","taluk_name":"Thoothukudi","vil_name":"Peroorani","unit_id":5,"block_id":4,"survey_no":225,"sub_div":"2A","KIDE":"225/2A"},"geometry":{"type":"MultiPolygon","coordinates":[[[[78.012779190992063,8.785444782209236],[78.012681369429302,8.785059112323164],[78.012203727619621,8.785197115253617],[78.012337227214232,8.785785550669326],[78.012835156306252,8.785665429966249],[78.012779190992063,8.785444782209236]]]]}},
{"type":"Feature","properties":{"Land_id":"737","dist_name":"Thoothukkudi","taluk_name":"Thoothukudi","vil_name":"Peroorani","unit_id":5,"block_id":4,"survey_no":225,"sub_div":"2B","KIDE":"225/2B"},"geometry":{"type":"MultiPolygon","coordinates":[[[[78.012094951341766,8.784717654514631],[78.012203727619621,8.785197115253617],[78.012681369429302,8.785059112323164],[78.012563948227239,8.784595270086189],[78.012094951341766,8.784717654514631]]]]}},
{"type":"Feature","properties":{"Land_id":"738","dist_name":"Thoothukkudi","taluk_name":"Thoothukudi","vil_name":"Peroorani","unit_id":5,"block_id":4,"survey_no":225,"sub_div":"3","KIDE":"225/3"},"geometry":{"type":"MultiPolygon","coordinates":[[[[78.01343683542855,8.785079606933879],[78.013145047817233,8.784443632530818],[78.012563948227239,8.784595270086189],[78.012681369429302,8.785059112323164],[78.012779190992063,8.785444782209236],[78.012956871467054,8.785397444046534],[78.013134552049777,8.785350106005083],[78.013471209825596,8.785260412769551],[78.01343683542855,8.785079606933879]]]]}},
{"type":"Feature","properties":{"Land_id":"739","dist_name":"Thoothukkudi","taluk_name":"Thoothukudi","vil_name":"Peroorani","unit_id":5,"block_id":4,"survey_no":225,"sub_div":"4A","KIDE":"225/4A"},"geometry":{"type":"MultiPolygon","coordinates":[[[[78.013275124452434,8.786656752261456],[78.012956871467054,8.785397444046534],[78.012779190992063,8.785444782209236],[78.012835156306252,8.785665429966249],[78.013099042360238,8.786689262429968],[78.013275124452434,8.786656752261456]]]]}},
{"type":"Feature","properties":{"Land_id":"740","dist_name":"Thoothukkudi","taluk_name":"Thoothukudi","vil_name":"Peroorani","unit_id":5,"block_id":4,"survey_no":225,"sub_div":"4B","KIDE":"225/4B"},"geometry":{"type":"MultiPolygon","coordinates":[[[[78.013275124452434,8.786656752261456],[78.013449333358906,8.786624587940628],[78.013134552049777,8.785350106005083],[78.012956871467054,8.785397444046534],[78.013275124452434,8.786656752261456]]]]}},
{"type":"Feature","properties":{"Land_id":"741","dist_name":"Thoothukkudi","taluk_name":"Thoothukudi","vil_name":"Peroorani","unit_id":5,"block_id":4,"survey_no":225,"sub_div":"4C","KIDE":"225/4C"},"geometry":{"type":"MultiPolygon","coordinates":[[[[78.013449333358906,8.786624587940628],[78.013621808782304,8.786592743674078],[78.013789059813135,8.786543706447365],[78.013471209825596,8.785260412769551],[78.013134552049777,8.785350106005083],[78.013449333358906,8.786624587940628]]]]}},
{"type":"Feature","properties":{"Land_id":"742","dist_name":"Thoothukkudi","taluk_name":"Thoothukudi","vil_name":"Peroorani","unit_id":5,"block_id":4,"survey_no":225,"sub_div":"5","KIDE":"225/5"},"geometry":{"type":"MultiPolygon","coordinates":[[[[78.013789059813135,8.786543706447365],[78.01437647050534,8.786371480356181],[78.014060325660438,8.78549425380292],[78.0138341088917,8.784982494764716],[78.01343683542855,8.785079606933879],[78.013471209825596,8.785260412769551],[78.013789059813135,8.786543706447365]]]]}},
{"type":"Feature","properties":{"Land_id":"743","dist_name":"Thoothukkudi","taluk_name":"Thoothukudi","vil_name":"Peroorani","unit_id":5,"block_id":3,"survey_no":226,"sub_div":"1","KIDE":"226/1"},"geometry":{"type":"MultiPolygon","coordinates":[[[[78.011708991514723,8.784074045575167],[78.010518934281748,8.784340012949283],[78.010602500100035,8.784915387230447],[78.01205127579091,8.784724826610489],[78.013145047817233,8.784443632530818],[78.01300863466173,8.783836281889657],[78.011708991514723,8.784074045575167]]]]}},
{"type":"Feature","properties":{"Land_id":"744","dist_name":"Thoothukkudi","taluk_name":"Thoothukudi","vil_name":"Peroorani","unit_id":5,"block_id":3,"survey_no":226,"sub_div":"2","KIDE":"226/2"},"geometry":{"type":"MultiPolygon","coordinates":[[[[78.012002224317129,8.783468631817893],[78.011584928724645,8.78358837552844],[78.011708991514723,8.784074045575167],[78.01300863466173,8.783836281889657],[78.012888123118444,8.783299729804098],[78.012002224317129,8.783468631817893]]]]}},
{"type":"Feature","properties":{"Land_id":"745","dist_name":"Thoothukkudi","taluk_name":"Thoothukudi","vil_name":"Peroorani","unit_id":5,"block_id":3,"survey_no":226,"sub_div":"3A","KIDE":"226/3A"},"geometry":{"type":"MultiPolygon","coordinates":[[[[78.011173841175975,8.783654287605332],[78.011584928724645,8.78358837552844],[78.012002224317129,8.783468631817893],[78.011896114770153,8.782900598016068],[78.01145773679707,8.783000917691442],[78.011069846794342,8.78308968355457],[78.011173841175975,8.783654287605332]]]]}},
{"type":"Feature","properties":{"Land_id":"746","dist_name":"Thoothukkudi","taluk_name":"Thoothukudi","vil_name":"Peroorani","unit_id":5,"block_id":3,"survey_no":226,"sub_div":"3B","KIDE":"226/3B"},"geometry":{"type":"MultiPolygon","coordinates":[[[[78.012745880243472,8.782736790562515],[78.011896114770153,8.782900598016068],[78.012002224317129,8.783468631817893],[78.012888123118444,8.783299729804098],[78.012745880243472,8.782736790562515]]]]}},
{"type":"Feature","properties":{"Land_id":"747","dist_name":"Thoothukkudi","taluk_name":"Thoothukudi","vil_name":"Peroorani","unit_id":5,"block_id":3,"survey_no":227,"sub_div":"1","KIDE":"227/1"},"geometry":{"type":"MultiPolygon","coordinates":[[[[78.013145047817233,8.784443632530818],[78.01343683542855,8.785079606933879],[78.0138341088917,8.784982494764716],[78.013710210666517,8.784200815774501],[78.013120252761027,8.784333237802159],[78.013145047817233,8.784443632530818]]]]}},
{"type":"Feature","properties":{"Land_id":"748","dist_name":"Thoothukkudi","taluk_name":"Thoothukudi","vil_name":"Peroorani","unit_id":5,"block_id":3,"survey_no":227,"sub_div":"2A","KIDE":"227/2A"},"geometry":{"type":"MultiPolygon","coordinates":[[[[78.012761167498908,8.78273448683581],[78.012944967726256,8.783552818363425],[78.013628429047017,8.783388734815697],[78.013399684918241,8.782615701976624],[78.013333216998774,8.782664614384645],[78.012761167498908,8.78273448683581]]]]}},
{"type":"Feature","properties":{"Land_id":"749","dist_name":"Thoothukkudi","taluk_name":"Thoothukudi","vil_name":"Peroorani","unit_id":5,"block_id":3,"survey_no":227,"sub_div":"2B","KIDE":"227/2B"},"geometry":{"type":"MultiPolygon","coordinates":[[[[78.012944967726256,8.783552818363425],[78.013120252761027,8.784333237802159],[78.013710210666517,8.784200815774501],[78.014180505609843,8.784097689688982],[78.013763532768309,8.782522576775017],[78.013428237053972,8.782594691032935],[78.013399684918241,8.782615701976624],[78.013628429047017,8.783388734815697],[78.012944967726256,8.783552818363425]]]]}},
{"type":"Feature","properties":{"Land_id":"750","dist_name":"Thoothukkudi","taluk_name":"Thoothukudi","vil_name":"Peroorani","unit_id":5,"block_id":3,"survey_no":227,"sub_div":"2C","KIDE":"227/2C"},"geometry":{"type":"MultiPolygon","coordinates":[[[[78.014451718910195,8.783603661997946],[78.014249558719072,8.783034246610532],[78.014046307624128,8.782461758524104],[78.013763532768309,8.782522576775017],[78.014180505609843,8.784097689688982],[78.014594856459141,8.78400683100184],[78.014451718910195,8.783603661997946]]]]}},
{"type":"Feature","properties":{"Land_id":"751","dist_name":"Thoothukkudi","taluk_name":"Thoothukudi","vil_name":"Peroorani","unit_id":5,"block_id":4,"survey_no":228,"sub_div":"1","KIDE":"228/1"},"geometry":{"type":"MultiPolygon","coordinates":[[[[78.0138341088917,8.784982494764716],[78.014060325660438,8.78549425380292],[78.01437647050534,8.786371480356181],[78.014507373084939,8.786334092440988],[78.014877972504323,8.786228243192607],[78.014379601807235,8.784768492442803],[78.014153171346805,8.784103683535157],[78.013710210666517,8.784200815774501],[78.0138341088917,8.784982494764716]]]]}},
{"type":"Feature","properties":{"Land_id":"752","dist_name":"Thoothukkudi","taluk_name":"Thoothukudi","vil_name":"Peroorani","unit_id":5,"block_id":4,"survey_no":228,"sub_div":"2","KIDE":"228/2"},"geometry":{"type":"MultiPolygon","coordinates":[[[[78.014379601807235,8.784768492442803],[78.014633961500778,8.784699562184432],[78.014385961896323,8.784052637317336],[78.014153171346805,8.784103683535157],[78.014379601807235,8.784768492442803]]]]}},
{"type":"Feature","properties":{"Land_id":"753","dist_name":"Thoothukkudi","taluk_name":"Thoothukudi","vil_name":"Peroorani","unit_id":5,"block_id":4,"survey_no":228,"sub_div":"3","KIDE":"228/3"},"geometry":{"type":"MultiPolygon","coordinates":[[[[78.014877972504323,8.786228243192607],[78.015102403074934,8.786164142155284],[78.014657424801371,8.784690450740705],[78.014857394995289,8.784651705803356],[78.014820881884759,8.784562018455917],[78.014594856459141,8.78400683100184],[78.014385961896323,8.784052637317336],[78.014633961500778,8.784699562184432],[78.014379601807235,8.784768492442803],[78.014877972504323,8.786228243192607]]]]}},
{"type":"Feature","properties":{"Land_id":"754","dist_name":"Thoothukkudi","taluk_name":"Thoothukudi","vil_name":"Peroorani","unit_id":5,"block_id":4,"survey_no":228,"sub_div":"4","KIDE":"228/4"},"geometry":{"type":"MultiPolygon","coordinates":[[[[78.015102403074934,8.786164142155284],[78.015433296586039,8.786066295941154],[78.014857394995289,8.784651705803356],[78.014657424801371,8.784690450740705],[78.015102403074934,8.786164142155284]]]]}},
{"type":"Feature","properties":{"Land_id":"755","dist_name":"Thoothukkudi","taluk_name":"Thoothukudi","vil_name":"Peroorani","unit_id":5,"block_id":5,"survey_no":229,"sub_div":null,"KIDE":"229"},"geometry":{"type":"MultiPolygon","coordinates":[[[[78.015781350108895,8.786945362486133],[78.015791916100028,8.786942367070489],[78.016511185591625,8.78656414381004],[78.016856737426451,8.786382437588456],[78.016821351731721,8.786153293586676],[78.016801276378771,8.78610042590118],[78.01665732631966,8.785721338844866],[78.016455653306735,8.785786264624623],[78.0164126302071,8.785715910711106],[78.015433296586039,8.786066295941154],[78.015530651913195,8.786326184804535],[78.015659593224456,8.786656772149323],[78.015781350108895,8.786945362486133]]]]}},
{"type":"Feature","properties":{"Land_id":"756","dist_name":"Thoothukkudi","taluk_name":"Thoothukudi","vil_name":"Peroorani","unit_id":5,"block_id":5,"survey_no":230,"sub_div":"1","KIDE":"230/1"},"geometry":{"type":"MultiPolygon","coordinates":[[[[78.014845283224034,8.784639742933376],[78.015433296586039,8.786066295941154],[78.016455653306735,8.785786264624623],[78.016091755440456,8.784828090354043],[78.015873223622549,8.784324111302832],[78.014845283224034,8.784639742933376]]]]}},
{"type":"Feature","properties":{"Land_id":"757","dist_name":"Thoothukkudi","taluk_name":"Thoothukudi","vil_name":"Peroorani","unit_id":5,"block_id":5,"survey_no":230,"sub_div":"2","KIDE":"230/2"},"geometry":{"type":"MultiPolygon","coordinates":[[[[78.017164447116329,8.785999621349635],[78.017017668036814,8.785533446317547],[78.017587596345436,8.785359634483042],[78.017497943054977,8.78489592392436],[78.017425952555811,8.784523569999378],[78.017162078916073,8.784574802256497],[78.016091755440456,8.784828090354043],[78.016455653306735,8.785786264624623],[78.01665732631966,8.785721338844866],[78.016821351731721,8.786153293586676],[78.017164447116329,8.785999621349635]]]]}},
{"type":"Feature","properties":{"Land_id":"758","dist_name":"Thoothukkudi","taluk_name":"Thoothukudi","vil_name":"Peroorani","unit_id":5,"block_id":5,"survey_no":230,"sub_div":"3","KIDE":"230/3"},"geometry":{"type":"MultiPolygon","coordinates":[[[[78.016798057522934,8.784018148772113],[78.015922128666773,8.784249461248699],[78.015873223622549,8.784324111302832],[78.016091755440456,8.784828090354043],[78.017162078916073,8.784574802256497],[78.017062502779652,8.78429243748583],[78.016900637515491,8.784318607054997],[78.016798057522934,8.784018148772113]]]]}},
{"type":"Feature","properties":{"Land_id":"759","dist_name":"Thoothukkudi","taluk_name":"Thoothukudi","vil_name":"Peroorani","unit_id":5,"block_id":5,"survey_no":231,"sub_div":"1","KIDE":"231/1"},"geometry":{"type":"MultiPolygon","coordinates":[[[[78.0174923955406,8.784867230711026],[78.017587596345436,8.785359634483042],[78.017017668036814,8.785533446317547],[78.017172127956698,8.785996019654515],[78.018289606748482,8.785396494769168],[78.018275591257492,8.785362973303465],[78.018271338939272,8.785352802847108],[78.018023977361935,8.784761177292182],[78.017975074592343,8.784713664947795],[78.017631885477357,8.784825088983332],[78.0174923955406,8.784867230711026]]]]}},
{"type":"Feature","properties":{"Land_id":"760","dist_name":"Thoothukkudi","taluk_name":"Thoothukudi","vil_name":"Peroorani","unit_id":5,"block_id":5,"survey_no":231,"sub_div":"2","KIDE":"231/2"},"geometry":{"type":"MultiPolygon","coordinates":[[[[78.016900637515491,8.784318607054997],[78.017062502779652,8.78429243748583],[78.017162078916073,8.784574802256497],[78.017425952555811,8.784523569999378],[78.0174923955406,8.784867230711026],[78.017631885477357,8.784825088983332],[78.017350483551809,8.783699817686397],[78.017250089367948,8.783658234878491],[78.017214949378385,8.783470604482487],[78.016733350639981,8.783617268549543],[78.016798057522934,8.784018148772113],[78.016900637515491,8.784318607054997]]]]}},
{"type":"Feature","properties":{"Land_id":"761","dist_name":"Thoothukkudi","taluk_name":"Thoothukudi","vil_name":"Peroorani","unit_id":5,"block_id":5,"survey_no":231,"sub_div":"3","KIDE":"231/3"},"geometry":{"type":"MultiPolygon","coordinates":[[[[78.017631885477357,8.784825088983332],[78.017975074592343,8.784713664947795],[78.017685946029744,8.783614703777424],[78.017648330493074,8.78355800749137],[78.017596061251467,8.783354542265434],[78.017214949378385,8.783470604482487],[78.017250089367948,8.783658234878491],[78.017350483551809,8.783699817686397],[78.017631885477357,8.784825088983332]]]]}},
{"type":"Feature","properties":{"Land_id":"762","dist_name":"Thoothukkudi","taluk_name":"Thoothukudi","vil_name":"Peroorani","unit_id":5,"block_id":5,"survey_no":231,"sub_div":"4","KIDE":"231/4"},"geometry":{"type":"MultiPolygon","coordinates":[[[[78.017975074592343,8.784713664947795],[78.018023977361935,8.784761177292182],[78.018307918190516,8.784528427782421],[78.018281035846627,8.784420459832903],[78.018094628292815,8.783671788458124],[78.017922031028576,8.78325527279183],[78.017596061251467,8.783354542265434],[78.017648330493074,8.78355800749137],[78.017685946029744,8.783614703777424],[78.017975074592343,8.784713664947795]]]]}},
{"type":"Feature","properties":{"Land_id":"763","dist_name":"Thoothukkudi","taluk_name":"Thoothukudi","vil_name":"Peroorani","unit_id":5,"block_id":5,"survey_no":232,"sub_div":"1","KIDE":"232/1"},"geometry":{"type":"MultiPolygon","coordinates":[[[[78.015742961956278,8.782927193271039],[78.014909844740416,8.782940064945107],[78.014704911187749,8.782986050486457],[78.014263011849749,8.78308520936023],[78.014470447164058,8.783661312962598],[78.015828250529935,8.783348658448517],[78.015742961956278,8.782927193271039]]]]}},
{"type":"Feature","properties":{"Land_id":"764","dist_name":"Thoothukkudi","taluk_name":"Thoothukudi","vil_name":"Peroorani","unit_id":5,"block_id":5,"survey_no":232,"sub_div":"2","KIDE":"232/2"},"geometry":{"type":"MultiPolygon","coordinates":[[[[78.014470447164058,8.783661312962598],[78.014594856459141,8.78400683100184],[78.014845283224034,8.784639742933376],[78.015565377161266,8.784419275820861],[78.015922128666773,8.784249461248699],[78.015786856874072,8.783872078729654],[78.015928478755058,8.783838620542793],[78.015828250529935,8.783348658448517],[78.014470447164058,8.783661312962598]]]]}},
{"type":"Feature","properties":{"Land_id":"765","dist_name":"Thoothukkudi","taluk_name":"Thoothukudi","vil_name":"Peroorani","unit_id":5,"block_id":5,"survey_no":232,"sub_div":"3","KIDE":"232/3"},"geometry":{"type":"MultiPolygon","coordinates":[[[[78.015928478755058,8.783838620542793],[78.015786856874072,8.783872078729654],[78.015922128666773,8.784249461248699],[78.016798057522934,8.784018148772113],[78.016741020003309,8.783664783184774],[78.01640282678909,8.78374967522525],[78.015928478755058,8.783838620542793]]]]}},
{"type":"Feature","properties":{"Land_id":"766","dist_name":"Thoothukkudi","taluk_name":"Thoothukudi","vil_name":"Peroorani","unit_id":5,"block_id":5,"survey_no":232,"sub_div":"4","KIDE":"232/4"},"geometry":{"type":"MultiPolygon","coordinates":[[[[78.01640282678909,8.78374967522525],[78.016076794510937,8.782922035552827],[78.015742961956278,8.782927193271039],[78.015828250529935,8.783348658448517],[78.015928478755058,8.783838620542793],[78.01640282678909,8.78374967522525]]]]}},
{"type":"Feature","properties":{"Land_id":"767","dist_name":"Thoothukkudi","taluk_name":"Thoothukudi","vil_name":"Peroorani","unit_id":5,"block_id":6,"survey_no":233,"sub_div":"1","KIDE":"233/1"},"geometry":{"type":"MultiPolygon","coordinates":[[[[78.016254462372814,8.782918500107291],[78.016076794510937,8.782922035552827],[78.01640282678909,8.78374967522525],[78.016741020003309,8.783664783184774],[78.016726283964417,8.783573488804866],[78.016710911041173,8.783478248726784],[78.016980899626873,8.783395715146721],[78.016744591512534,8.782445848095746],[78.01617554427429,8.782626730152492],[78.016254462372814,8.782918500107291]]]]}},
{"type":"Feature","properties":{"Land_id":"768","dist_name":"Thoothukkudi","taluk_name":"Thoothukudi","vil_name":"Peroorani","unit_id":5,"block_id":6,"survey_no":233,"sub_div":"2","KIDE":"233/2"},"geometry":{"type":"MultiPolygon","coordinates":[[[[78.015969851240115,8.781866257606726],[78.01617554427429,8.782626730152492],[78.016744591512534,8.782445848095746],[78.016566268399572,8.781729058281257],[78.015969851240115,8.781866257606726]]]]}},
{"type":"Feature","properties":{"Land_id":"769","dist_name":"Thoothukkudi","taluk_name":"Thoothukudi","vil_name":"Peroorani","unit_id":5,"block_id":6,"survey_no":234,"sub_div":null,"KIDE":"234"},"geometry":{"type":"MultiPolygon","coordinates":[[[[78.016733350639981,8.783617268549543],[78.017399098676165,8.783406569073708],[78.017922031028576,8.78325527279183],[78.017911475195987,8.783230506068167],[78.01801395026655,8.783184893787167],[78.017976219498607,8.782248182390056],[78.017780425369736,8.781196405945726],[78.017577762521071,8.780107731777612],[78.016286884096161,8.780344846104834],[78.016368124536285,8.780652813110365],[78.016489197762994,8.78128760820616],[78.016566268399572,8.781729058281257],[78.016623592614664,8.781962346130987],[78.016980899626873,8.783395715146721],[78.016710911041173,8.783478248726784],[78.016733350639981,8.783617268549543]]]]}},
{"type":"Feature","properties":{"Land_id":"770","dist_name":"Thoothukkudi","taluk_name":"Thoothukudi","vil_name":"Peroorani","unit_id":5,"block_id":6,"survey_no":235,"sub_div":"1","KIDE":"235/1"},"geometry":{"type":"MultiPolygon","coordinates":[[[[78.016604947331658,8.780286422826046],[78.016113788926418,8.77771096484747],[78.015750442267603,8.777795889139822],[78.01598290606654,8.77914395482091],[78.016286884096161,8.780344846104834],[78.016604947331658,8.780286422826046]]]]}},
{"type":"Feature","properties":{"Land_id":"771","dist_name":"Thoothukkudi","taluk_name":"Thoothukudi","vil_name":"Peroorani","unit_id":5,"block_id":6,"survey_no":235,"sub_div":"2","KIDE":"235/2"},"geometry":{"type":"MultiPolygon","coordinates":[[[[78.016604947331658,8.780286422826046],[78.016818676822183,8.780247164036547],[78.016350143446857,8.777655722175203],[78.016113788926418,8.77771096484747],[78.016604947331658,8.780286422826046]]]]}},
{"type":"Feature","properties":{"Land_id":"772","dist_name":"Thoothukkudi","taluk_name":"Thoothukudi","vil_name":"Peroorani","unit_id":5,"block_id":6,"survey_no":235,"sub_div":"3","KIDE":"235/3"},"geometry":{"type":"MultiPolygon","coordinates":[[[[78.017032406278801,8.780207905253276],[78.016586497966813,8.777600479503047],[78.016350143446857,8.777655722175203],[78.016818676822183,8.780247164036547],[78.017032406278801,8.780207905253276]]]]}},
{"type":"Feature","properties":{"Land_id":"773","dist_name":"Thoothukkudi","taluk_name":"Thoothukudi","vil_name":"Peroorani","unit_id":5,"block_id":6,"survey_no":235,"sub_div":"4","KIDE":"235/4"},"geometry":{"type":"MultiPolygon","coordinates":[[[[78.017032406278801,8.780207905253276],[78.017577762521071,8.780107731777612],[78.017480286706316,8.778794907220082],[78.017432945174235,8.778157301614527],[78.017241250535861,8.777447445486514],[78.016586497966813,8.777600479503047],[78.017032406278801,8.780207905253276]]]]}},
{"type":"Feature","properties":{"Land_id":"774","dist_name":"Thoothukkudi","taluk_name":"Thoothukudi","vil_name":"Peroorani","unit_id":5,"block_id":7,"survey_no":238,"sub_div":"1","KIDE":"238/1"},"geometry":{"type":"MultiPolygon","coordinates":[[[[78.01598080459344,8.779135706224025],[78.015688356032598,8.777492235415824],[78.015333305187582,8.77758455963162],[78.015677816551587,8.779214303116923],[78.01598080459344,8.779135706224025]]]]}},
{"type":"Feature","properties":{"Land_id":"775","dist_name":"Thoothukkudi","taluk_name":"Thoothukudi","vil_name":"Peroorani","unit_id":5,"block_id":7,"survey_no":238,"sub_div":"2","KIDE":"238/2"},"geometry":{"type":"MultiPolygon","coordinates":[[[[78.015333305187582,8.77758455963162],[78.015098387503741,8.777645645504929],[78.014691925056582,8.777751338329523],[78.015043393247851,8.779378876280109],[78.015677816551587,8.779214303116923],[78.015333305187582,8.77758455963162]]]]}},
{"type":"Feature","properties":{"Land_id":"776","dist_name":"Thoothukkudi","taluk_name":"Thoothukudi","vil_name":"Peroorani","unit_id":5,"block_id":7,"survey_no":238,"sub_div":"3","KIDE":"238/3"},"geometry":{"type":"MultiPolygon","coordinates":[[[[78.014691925056582,8.777751338329523],[78.014014487343601,8.77792749311546],[78.014128721070534,8.779616147661237],[78.015043393247851,8.779378876280109],[78.014691925056582,8.777751338329523]]]]}},
{"type":"Feature","properties":{"Land_id":"777","dist_name":"Thoothukkudi","taluk_name":"Thoothukudi","vil_name":"Peroorani","unit_id":5,"block_id":7,"survey_no":238,"sub_div":"4","KIDE":"238/4"},"geometry":{"type":"MultiPolygon","coordinates":[[[[78.014014487343601,8.77792749311546],[78.01319741066871,8.77813995835618],[78.013519668658247,8.779486874681995],[78.013566307246336,8.779681806313635],[78.014128721070534,8.779616147661237],[78.014014487343601,8.77792749311546]]]]}},
{"type":"Feature","properties":{"Land_id":"778","dist_name":"Thoothukkudi","taluk_name":"Thoothukudi","vil_name":"Peroorani","unit_id":5,"block_id":7,"survey_no":239,"sub_div":null,"KIDE":"239"},"geometry":{"type":"MultiPolygon","coordinates":[[[[78.014373868268365,8.781204198319363],[78.01450605335657,8.7815928349026],[78.016131539315708,8.781258992972887],[78.016049166600084,8.780779937173179],[78.016368124536285,8.780652813110365],[78.016331621198262,8.780514435921811],[78.015953784552195,8.778975078143157],[78.015981361906995,8.779135000187104],[78.01598080459344,8.779135706224025],[78.01598290606654,8.77914395482091],[78.014128721070534,8.779616147661237],[78.014183549048724,8.779825551623887],[78.014188050753745,8.779842744942007],[78.014437653242396,8.780069499710493],[78.014254216856031,8.780095452491459],[78.014373868268365,8.781204198319363]]]]}},
{"type":"Feature","properties":{"Land_id":"779","dist_name":"Thoothukkudi","taluk_name":"Thoothukudi","vil_name":"Peroorani","unit_id":5,"block_id":7,"survey_no":240,"sub_div":"1","KIDE":"240/1"},"geometry":{"type":"MultiPolygon","coordinates":[[[[78.01450605335657,8.7815928349026],[78.014373868268365,8.781204198319363],[78.014144984434523,8.781231632799676],[78.01470692051447,8.78298029734669],[78.014909844740416,8.782940064945107],[78.014713776194142,8.782128118787769],[78.014659871033018,8.782137284899301],[78.01450605335657,8.7815928349026]]]]}},
{"type":"Feature","properties":{"Land_id":"780","dist_name":"Thoothukkudi","taluk_name":"Thoothukudi","vil_name":"Peroorani","unit_id":5,"block_id":7,"survey_no":240,"sub_div":"2","KIDE":"240/2"},"geometry":{"type":"MultiPolygon","coordinates":[[[[78.015969851240115,8.781866257606726],[78.016241236885861,8.781803828270231],[78.016131539315708,8.781258992972887],[78.01450605335657,8.7815928349026],[78.014659871033018,8.782137284899301],[78.014713776194142,8.782128118787769],[78.014909844740416,8.782940064945107],[78.016031765882516,8.782922071690454],[78.016254462372814,8.782918500107291],[78.015969851240115,8.781866257606726]]]]}},
{"type":"Feature","properties":{"Land_id":"781","dist_name":"Thoothukkudi","taluk_name":"Thoothukudi","vil_name":"Peroorani","unit_id":5,"block_id":7,"survey_no":240,"sub_div":"3","KIDE":"240/3"},"geometry":{"type":"MultiPolygon","coordinates":[[[[78.016566268399572,8.781729058281257],[78.016368124536285,8.780652813110365],[78.016049166600084,8.780779937173179],[78.016131539315708,8.781258992972887],[78.016241236885861,8.781803828270231],[78.016566268399572,8.781729058281257]]]]}},
{"type":"Feature","properties":{"Land_id":"782","dist_name":"Thoothukkudi","taluk_name":"Thoothukudi","vil_name":"Peroorani","unit_id":5,"block_id":8,"survey_no":241,"sub_div":"1","KIDE":"241/1"},"geometry":{"type":"MultiPolygon","coordinates":[[[[78.013698298432217,8.781413323009463],[78.014087194539982,8.782564685938452],[78.014263011849749,8.78308520936023],[78.01470692051447,8.78298029734669],[78.014144984434523,8.781231632799676],[78.013698298432217,8.781413323009463]]]]}},
{"type":"Feature","properties":{"Land_id":"783","dist_name":"Thoothukkudi","taluk_name":"Thoothukudi","vil_name":"Peroorani","unit_id":5,"block_id":8,"survey_no":241,"sub_div":"2","KIDE":"241/2"},"geometry":{"type":"MultiPolygon","coordinates":[[[[78.013181460306228,8.779803321819852],[78.013626000719952,8.781199278939383],[78.013698298432217,8.781413323009463],[78.014144984434523,8.781231632799676],[78.014373868268365,8.781204198319363],[78.014776718548916,8.78110112538919],[78.014437653242396,8.780069499710493],[78.014254216856031,8.780095452491459],[78.014128721070534,8.779616147661237],[78.013566307246336,8.779681806313635],[78.013181460306228,8.779803321819852]]]]}},
{"type":"Feature","properties":{"Land_id":"784","dist_name":"Thoothukkudi","taluk_name":"Thoothukudi","vil_name":"Peroorani","unit_id":5,"block_id":8,"survey_no":242,"sub_div":null,"KIDE":"242"},"geometry":{"type":"MultiPolygon","coordinates":[[[[78.011471486552921,8.783006361928514],[78.012353602490009,8.782795905211316],[78.012761167498908,8.78273448683581],[78.013333216998774,8.782664614384645],[78.013428237053972,8.782594691032935],[78.014046307624128,8.782461758524104],[78.013813482796223,8.781767954903918],[78.013672778111243,8.781341165452687],[78.013626000719952,8.781199278939383],[78.012383494548388,8.781405374793749],[78.012284157824624,8.781119853268077],[78.011175555455225,8.781433416353515],[78.011337914313046,8.782181095605099],[78.01141621031509,8.782667389058615],[78.011471486552921,8.783006361928514]]]]}},
{"type":"Feature","properties":{"Land_id":"785","dist_name":"Thoothukkudi","taluk_name":"Thoothukudi","vil_name":"Peroorani","unit_id":5,"block_id":8,"survey_no":243,"sub_div":"1","KIDE":"243/1"},"geometry":{"type":"MultiPolygon","coordinates":[[[[78.010430874595301,8.781583470702163],[78.010681733763249,8.782320621809891],[78.010872334762084,8.783120090975592],[78.011056844148527,8.783092659117409],[78.011471486552921,8.783006361928514],[78.011337914313046,8.782181095605099],[78.011175555455225,8.781433416353515],[78.011044235231424,8.781463774785525],[78.010430874595301,8.781583470702163]]]]}},
{"type":"Feature","properties":{"Land_id":"786","dist_name":"Thoothukkudi","taluk_name":"Thoothukudi","vil_name":"Peroorani","unit_id":5,"block_id":8,"survey_no":243,"sub_div":"2","KIDE":"243/2"},"geometry":{"type":"MultiPolygon","coordinates":[[[[78.010069495530018,8.780090032221256],[78.010430874595301,8.781583470702163],[78.011044235231424,8.781463774785525],[78.010771213365814,8.780395835101967],[78.010603319684549,8.779998215949194],[78.010069495530018,8.780090032221256]]]]}},
{"type":"Feature","properties":{"Land_id":"787","dist_name":"Thoothukkudi","taluk_name":"Thoothukudi","vil_name":"Peroorani","unit_id":5,"block_id":9,"survey_no":244,"sub_div":"1","KIDE":"244/1"},"geometry":{"type":"MultiPolygon","coordinates":[[[[78.012051432949264,8.780035242322569],[78.011206043304043,8.780175354594768],[78.010771213365814,8.780395835101967],[78.011044235231424,8.781463774785525],[78.011175555455225,8.781433416353515],[78.012284157824624,8.781119853268077],[78.012051432949264,8.780035242322569]]]]}},
{"type":"Feature","properties":{"Land_id":"788","dist_name":"Thoothukkudi","taluk_name":"Thoothukudi","vil_name":"Peroorani","unit_id":5,"block_id":9,"survey_no":244,"sub_div":"2A","KIDE":"244/2A"},"geometry":{"type":"MultiPolygon","coordinates":[[[[78.012051432949264,8.780035242322569],[78.012284157824624,8.781119853268077],[78.012383494548388,8.781405374793749],[78.012735973359923,8.781346908748693],[78.012465443209976,8.779950273169211],[78.012051432949264,8.780035242322569]]]]}},
{"type":"Feature","properties":{"Land_id":"789","dist_name":"Thoothukkudi","taluk_name":"Thoothukudi","vil_name":"Peroorani","unit_id":5,"block_id":9,"survey_no":244,"sub_div":"2B","KIDE":"244/2B"},"geometry":{"type":"MultiPolygon","coordinates":[[[[78.012735973359923,8.781346908748693],[78.013134817253928,8.781280752076819],[78.01279788338978,8.779882045003628],[78.012465443209976,8.779950273169211],[78.012735973359923,8.781346908748693]]]]}},
{"type":"Feature","properties":{"Land_id":"790","dist_name":"Thoothukkudi","taluk_name":"Thoothukudi","vil_name":"Peroorani","unit_id":5,"block_id":9,"survey_no":244,"sub_div":"3","KIDE":"244/3"},"geometry":{"type":"MultiPolygon","coordinates":[[[[78.01279788338978,8.779882045003628],[78.013134817253928,8.781280752076819],[78.013626000719952,8.781199278939383],[78.013181460306228,8.779803321819852],[78.01279788338978,8.779882045003628]]]]}},
{"type":"Feature","properties":{"Land_id":"791","dist_name":"Thoothukkudi","taluk_name":"Thoothukudi","vil_name":"Peroorani","unit_id":5,"block_id":9,"survey_no":245,"sub_div":"1","KIDE":"245/1"},"geometry":{"type":"MultiPolygon","coordinates":[[[[78.012279689481787,8.779241480887549],[78.012272189484619,8.779213795399315],[78.011895094576232,8.779299981897108],[78.012056603432868,8.780034171953105],[78.012470782184764,8.779948289050939],[78.012279689481787,8.779241480887549]]]]}},
{"type":"Feature","properties":{"Land_id":"792","dist_name":"Thoothukkudi","taluk_name":"Thoothukudi","vil_name":"Peroorani","unit_id":5,"block_id":9,"survey_no":245,"sub_div":"2","KIDE":"245/2"},"geometry":{"type":"MultiPolygon","coordinates":[[[[78.011975173702183,8.778027451773543],[78.011590339002609,8.778206505308649],[78.011629922512839,8.778443953018405],[78.011710481770649,8.778460765467219],[78.011895094576232,8.779299981897108],[78.012272189484619,8.779213795399315],[78.012163907341446,8.778814084670277],[78.011975173702183,8.778027451773543]]]]}},
{"type":"Feature","properties":{"Land_id":"793","dist_name":"Thoothukkudi","taluk_name":"Thoothukudi","vil_name":"Peroorani","unit_id":5,"block_id":9,"survey_no":245,"sub_div":"3","KIDE":"245/3"},"geometry":{"type":"MultiPolygon","coordinates":[[[[78.012791226173249,8.779881842716868],[78.01266105336488,8.779140724063739],[78.012279689481787,8.779241480887549],[78.012470782184764,8.779948289050939],[78.012791226173249,8.779881842716868]]]]}},
{"type":"Feature","properties":{"Land_id":"794","dist_name":"Thoothukkudi","taluk_name":"Thoothukudi","vil_name":"Peroorani","unit_id":5,"block_id":9,"survey_no":245,"sub_div":"4","KIDE":"245/4"},"geometry":{"type":"MultiPolygon","coordinates":[[[[78.012791226173249,8.779881842716868],[78.013181460306228,8.779803321819852],[78.013566307246336,8.779681806313635],[78.01319741066871,8.77813995835618],[78.012489220561079,8.778261973335439],[78.012366016632626,8.777987345429484],[78.011975173702183,8.778027451773543],[78.012163907341446,8.778814084670277],[78.012272189484619,8.779213795399315],[78.012279689481787,8.779241480887549],[78.01266105336488,8.779140724063739],[78.012791226173249,8.779881842716868]]]]}},
{"type":"Feature","properties":{"Land_id":"795","dist_name":"Thoothukkudi","taluk_name":"Thoothukudi","vil_name":"Peroorani","unit_id":5,"block_id":9,"survey_no":246,"sub_div":"1A","KIDE":"246/1A"},"geometry":{"type":"MultiPolygon","coordinates":[[[[78.01095804902738,8.779265413533553],[78.011206043304043,8.780175354594768],[78.011427909099709,8.780138583242138],[78.011232220853401,8.779202447699355],[78.01095804902738,8.779265413533553]]]]}},
{"type":"Feature","properties":{"Land_id":"796","dist_name":"Thoothukkudi","taluk_name":"Thoothukudi","vil_name":"Peroorani","unit_id":5,"block_id":9,"survey_no":246,"sub_div":"1B","KIDE":"246/1B"},"geometry":{"type":"MultiPolygon","coordinates":[[[[78.011232220853401,8.779202447699355],[78.011427909099709,8.780138583242138],[78.011659569067604,8.780100188633613],[78.01142022865784,8.779158047185923],[78.011232220853401,8.779202447699355]]]]}},
{"type":"Feature","properties":{"Land_id":"797","dist_name":"Thoothukkudi","taluk_name":"Thoothukudi","vil_name":"Peroorani","unit_id":5,"block_id":9,"survey_no":246,"sub_div":"2","KIDE":"246/2"},"geometry":{"type":"MultiPolygon","coordinates":[[[[78.01052846918563,8.778497386969756],[78.010670260772514,8.779290984184628],[78.01095804902738,8.779265413533553],[78.011232220853401,8.779202447699355],[78.01142022865784,8.779158047185923],[78.011236826135857,8.778443221286693],[78.011016817950008,8.778590541109507],[78.01052846918563,8.778497386969756]]]]}},
{"type":"Feature","properties":{"Land_id":"798","dist_name":"Thoothukkudi","taluk_name":"Thoothukudi","vil_name":"Peroorani","unit_id":5,"block_id":9,"survey_no":246,"sub_div":"3","KIDE":"246/3"},"geometry":{"type":"MultiPolygon","coordinates":[[[[78.01142022865784,8.779158047185923],[78.011659569067604,8.780100188633613],[78.012051432949264,8.780035242322569],[78.011892988368103,8.779303561831217],[78.011710481770649,8.778460765467219],[78.011629922512839,8.778443953018405],[78.011590339002609,8.778206505308649],[78.011236826135857,8.778443221286693],[78.01142022865784,8.779158047185923]]]]}},
{"type":"Feature","properties":{"Land_id":"799","dist_name":"Thoothukkudi","taluk_name":"Thoothukudi","vil_name":"Peroorani","unit_id":5,"block_id":9,"survey_no":247,"sub_div":"1A","KIDE":"247/1A"},"geometry":{"type":"MultiPolygon","coordinates":[[[[78.009769185482412,8.779037295011539],[78.009912055171526,8.780120146207052],[78.010126375892895,8.780082342760862],[78.010603319684549,8.779998215949194],[78.010771213365814,8.780395835101967],[78.010817646827476,8.78037229101662],[78.010670260772514,8.779290984184628],[78.010528469197581,8.778497387031123],[78.010371249164422,8.778398210139976],[78.010366572239477,8.778822869127074],[78.010198423031056,8.778854425556728],[78.010197833313896,8.778939058205934],[78.009769185482412,8.779037295011539]]]]}},
{"type":"Feature","properties":{"Land_id":"800","dist_name":"Thoothukkudi","taluk_name":"Thoothukudi","vil_name":"Peroorani","unit_id":5,"block_id":9,"survey_no":247,"sub_div":"1B","KIDE":"247/1B"},"geometry":{"type":"MultiPolygon","coordinates":[[[[78.010817646827476,8.78037229101662],[78.011206043304043,8.780175354594768],[78.01095804902738,8.779265413533553],[78.010670260772514,8.779290984184628],[78.010817646827476,8.78037229101662]]]]}},
{"type":"Feature","properties":{"Land_id":"801","dist_name":"Thoothukkudi","taluk_name":"Thoothukudi","vil_name":"Peroorani","unit_id":5,"block_id":9,"survey_no":247,"sub_div":"2","KIDE":"247/2"},"geometry":{"type":"MultiPolygon","coordinates":[[[[78.009689598943609,8.778434085336826],[78.009769185482412,8.779037295011539],[78.010197833313896,8.778939058205934],[78.010198423031056,8.778854425556728],[78.010366572239477,8.778822869127074],[78.010371249164422,8.778398210139976],[78.010320866939836,8.778366428233412],[78.010155199660488,8.778261922685356],[78.009689598943609,8.778434085336826]]]]}},
{"type":"Feature","properties":{"Land_id":"802","dist_name":"Thoothukkudi","taluk_name":"Thoothukudi","vil_name":"Peroorani","unit_id":5,"block_id":9,"survey_no":247,"sub_div":"3","KIDE":"247/3"},"geometry":{"type":"MultiPolygon","coordinates":[[[[78.009304888460903,8.778299917914726],[78.009366331812842,8.778473473932813],[78.009689598943609,8.778434085336826],[78.010155199660488,8.778261922685356],[78.00998953249362,8.778157417208256],[78.009304888460903,8.778299917914726]]]]}},
{"type":"Feature","properties":{"Land_id":"803","dist_name":"Thoothukkudi","taluk_name":"Thoothukudi","vil_name":"Peroorani","unit_id":5,"block_id":9,"survey_no":247,"sub_div":"4","KIDE":"247/4"},"geometry":{"type":"MultiPolygon","coordinates":[[[[78.009366957848513,8.77820788868701],[78.009304651393265,8.778299967257603],[78.00998953249362,8.778157417208256],[78.009812136715539,8.778045513137128],[78.009366957848513,8.77820788868701]]]]}},
{"type":"Feature","properties":{"Land_id":"804","dist_name":"Thoothukkudi","taluk_name":"Thoothukudi","vil_name":"Peroorani","unit_id":5,"block_id":9,"survey_no":247,"sub_div":"5","KIDE":"247/5"},"geometry":{"type":"MultiPolygon","coordinates":[[[[78.009366957848513,8.77820788868701],[78.009812136715539,8.778045513137128],[78.009533328182954,8.777869636291593],[78.009323533386663,8.777829015255888],[78.009366957848513,8.77820788868701]]]]}},
{"type":"Feature","properties":{"Land_id":"806","dist_name":"Thoothukkudi","taluk_name":"Thoothukudi","vil_name":"Keelathattaparai","unit_id":6,"block_id":1,"survey_no":369,"sub_div":"1","KIDE":"369/1"},"geometry":{"type":"MultiPolygon","coordinates":[[[[78.026744402949717,8.778951570211412],[78.027378256910595,8.779604036203045],[78.027905547324281,8.778922837073111],[78.027312513272861,8.778086461451137],[78.026809598732285,8.77857640063324],[78.026691543095666,8.778691410396098],[78.026593265701834,8.77878715220125],[78.026744402949717,8.778951570211412]]]]}},
{"type":"Feature","properties":{"Land_id":"807","dist_name":"Thoothukkudi","taluk_name":"Thoothukudi","vil_name":"Keelathattaparai","unit_id":6,"block_id":1,"survey_no":369,"sub_div":"2","KIDE":"369/2"},"geometry":{"type":"MultiPolygon","coordinates":[[[[78.028128825919993,8.777383188563736],[78.027405678407533,8.778110289471062],[78.027312513272861,8.778086461451137],[78.027905547324281,8.778922837073111],[78.028407339174692,8.778271658281238],[78.028601417015892,8.777894181404029],[78.028128825919993,8.777383188563736]]]]}},
{"type":"Feature","properties":{"Land_id":"808","dist_name":"Thoothukkudi","taluk_name":"Thoothukudi","vil_name":"Keelathattaparai","unit_id":6,"block_id":1,"survey_no":370,"sub_div":"1","KIDE":"370/1"},"geometry":{"type":"MultiPolygon","coordinates":[[[[78.028317338981154,8.778388183728236],[78.027378256910595,8.779604036203045],[78.028015283095755,8.780888225288844],[78.028431348178117,8.781726976112889],[78.028783967830378,8.78144774756039],[78.028703580423056,8.780944442835308],[78.02929657969753,8.780483879687138],[78.029097184572819,8.779668891507423],[78.028317338981154,8.778388183728236]]]]}},
{"type":"Feature","properties":{"Land_id":"809","dist_name":"Thoothukkudi","taluk_name":"Thoothukudi","vil_name":"Keelathattaparai","unit_id":6,"block_id":1,"survey_no":370,"sub_div":"2","KIDE":"370/2"},"geometry":{"type":"MultiPolygon","coordinates":[[[[78.028317338981154,8.778388183728236],[78.029097184572819,8.779668891507423],[78.029321175894808,8.779505302446289],[78.029307466893201,8.779183630365733],[78.028892546450095,8.77812097627641],[78.028797482991862,8.777605488821447],[78.028601417015892,8.777894181404029],[78.028407339174692,8.778271658281238],[78.028317338981154,8.778388183728236]]]]}},
{"type":"Feature","properties":{"Land_id":"810","dist_name":"Thoothukkudi","taluk_name":"Thoothukudi","vil_name":"Keelathattaparai","unit_id":6,"block_id":2,"survey_no":384,"sub_div":"1","KIDE":"384/1"},"geometry":{"type":"MultiPolygon","coordinates":[[[[78.02636561685091,8.78156967304545],[78.026402624226165,8.781683848164725],[78.026222923541724,8.78228343855004],[78.026454994396175,8.78284654895784],[78.027153801881525,8.782293827182079],[78.027118232631395,8.78219773824039],[78.027025867294,8.781926585624483],[78.027463855153442,8.781477452678995],[78.026990689683416,8.780808182033127],[78.027638538936955,8.78012964375473],[78.027380806001943,8.779609183779614],[78.026736571226436,8.778947637054792],[78.026425347764061,8.780053561682422],[78.026651247119787,8.780887323762176],[78.026664686938332,8.781019368120626],[78.02636561685091,8.78156967304545]]]]}},
{"type":"Feature","properties":{"Land_id":"811","dist_name":"Thoothukkudi","taluk_name":"Thoothukudi","vil_name":"Keelathattaparai","unit_id":6,"block_id":2,"survey_no":386,"sub_div":null,"KIDE":"386"},"geometry":{"type":"MultiPolygon","coordinates":[[[[78.025953287071829,8.780525653742474],[78.026417662674405,8.780080870452295],[78.02673987854233,8.77893588459219],[78.026593265701834,8.77878715220125],[78.025998657139667,8.779521658351467],[78.025818194411954,8.779344420955379],[78.025381737784869,8.779759990134437],[78.025953287071829,8.780525653742474]]]]}},
{"type":"Feature","properties":{"Land_id":"812","dist_name":"Thoothukkudi","taluk_name":"Thoothukudi","vil_name":"Keelathattaparai","unit_id":6,"block_id":2,"survey_no":387,"sub_div":null,"KIDE":"387"},"geometry":{"type":"MultiPolygon","coordinates":[[[[78.025818194411954,8.779344420955379],[78.025998657139667,8.779521658351467],[78.026593265701834,8.77878715220125],[78.02682689480288,8.778558342963422],[78.026058137585423,8.778107930976404],[78.025447508249115,8.778538067260438],[78.025265718609717,8.77876900858374],[78.0253453324747,8.778910356182767],[78.025476167869243,8.77888994356082],[78.025818194411954,8.779344420955379]]]]}},
{"type":"Feature","properties":{"Land_id":"813","dist_name":"Thoothukkudi","taluk_name":"Thoothukudi","vil_name":"Keelathattaparai","unit_id":6,"block_id":2,"survey_no":388,"sub_div":null,"KIDE":"388"},"geometry":{"type":"MultiPolygon","coordinates":[[[[78.02682689480288,8.778558342963422],[78.027149297046577,8.778242593210198],[78.027312513272861,8.778086461451137],[78.027259533878379,8.778034764367501],[78.027274637181492,8.77796154512596],[78.027144308864365,8.777740532279068],[78.027213745711464,8.777680142287798],[78.027274585849597,8.77749889468792],[78.027402082312307,8.777375730276903],[78.027236689840962,8.777002677924312],[78.027218514327416,8.776961681994866],[78.027057428312105,8.777021641704259],[78.026678944223576,8.777282779064613],[78.026549444719564,8.777361975440005],[78.026387114276986,8.777589496499182],[78.026107703619132,8.77783810412604],[78.026159521961276,8.778036515245011],[78.026076791689846,8.778094791067643],[78.026058137585423,8.778107930976404],[78.02631199323217,8.778256664053206],[78.02682689480288,8.778558342963422]]]]}},
{"type":"Feature","properties":{"Land_id":"814","dist_name":"Thoothukkudi","taluk_name":"Thoothukudi","vil_name":"Keelathattaparai","unit_id":6,"block_id":1,"survey_no":370,"sub_div":"3","KIDE":"370/3"},"geometry":{"type":"MultiPolygon","coordinates":[[[[78.029348666981122,8.779485224699716],[78.029443860403347,8.779415701459126],[78.029333217160882,8.779227443980981],[78.029348666981122,8.779485224699716]]]]}},
{"type":"Feature","properties":{"Land_id":"815","dist_name":"Thoothukkudi","taluk_name":"Thoothukudi","vil_name":"Keelathattaparai","unit_id":6,"block_id":1,"survey_no":370,"sub_div":"4","KIDE":"370/4"},"geometry":{"type":"MultiPolygon","coordinates":[[[[78.029348666981122,8.779485224699716],[78.029333217160882,8.779227443980981],[78.029307466893201,8.779183630365733],[78.029321175894808,8.779505302446289],[78.029348666981122,8.779485224699716]]]]}},
{"type":"Feature","properties":{"Land_id":"816","dist_name":"Thoothukkudi","taluk_name":"Thoothukudi","vil_name":"Keelathattaparai","unit_id":6,"block_id":1,"survey_no":381,"sub_div":null,"KIDE":"381"},"geometry":{"type":"MultiPolygon","coordinates":[[[[78.027662751517269,8.783335285468194],[78.027956810145312,8.783067993907535],[78.028018874885134,8.783127117901893],[78.028513912671983,8.782837071702357],[78.028861754538582,8.782552456364325],[78.029524340294088,8.782036070859379],[78.029240575348155,8.781816821271844],[78.029118655189421,8.7819011357071],[78.028783967830378,8.78144774756039],[78.028431348178117,8.781726976112889],[78.028282225151329,8.781821205029519],[78.028397806532027,8.782053131634786],[78.0280533449492,8.782455851855021],[78.02754804786413,8.782993343995782],[78.027510792705385,8.783032972870792],[78.027662751517269,8.783335285468194]]]]}},
{"type":"Feature","properties":{"Land_id":"817","dist_name":"Thoothukkudi","taluk_name":"Thoothukudi","vil_name":"Keelathattaparai","unit_id":6,"block_id":1,"survey_no":383,"sub_div":null,"KIDE":"383"},"geometry":{"type":"MultiPolygon","coordinates":[[[[78.027115240960626,8.782189656596604],[78.027724446607664,8.781913422598226],[78.027628288867291,8.781598405509536],[78.028072368775639,8.781400102489824],[78.028282225151329,8.781821205029519],[78.028431348178117,8.781726976112889],[78.028015698192149,8.780891270500483],[78.027778118630707,8.781155192419581],[78.027310496109592,8.781639921756442],[78.027020063215872,8.7819325373938],[78.027115240960626,8.782189656596604]]]]}},
{"type":"Feature","properties":{"Land_id":"818","dist_name":"Thoothukkudi","taluk_name":"Thoothukudi","vil_name":"Keelathattaparai","unit_id":6,"block_id":2,"survey_no":384,"sub_div":"2","KIDE":"384/2"},"geometry":{"type":"MultiPolygon","coordinates":[[[[78.026990689683416,8.780808182033127],[78.027463855153442,8.781477452678995],[78.028001926638609,8.780863460541275],[78.027638538936955,8.78012964375473],[78.026990689683416,8.780808182033127]]]]}},
{"type":"Feature","properties":{"Land_id":"819","dist_name":"Thoothukkudi","taluk_name":"Thoothukudi","vil_name":"Keelathattaparai","unit_id":6,"block_id":1,"survey_no":382,"sub_div":null,"KIDE":"382"},"geometry":{"type":"MultiPolygon","coordinates":[[[[78.027488541289273,8.782988516451173],[78.027491270296593,8.782994134393302],[78.027510792705385,8.783032972870792],[78.0280533449492,8.782455851855021],[78.028397806532027,8.782053131634786],[78.028282225151329,8.781821205029519],[78.028072368775639,8.781400102489824],[78.027628288867291,8.781598405509536],[78.027724446607664,8.781913422598226],[78.027115240960626,8.782189656596604],[78.027162503311359,8.782317333755364],[78.027488541289273,8.782988516451173]]]]}},
{"type":"Feature","properties":{"Land_id":"820","dist_name":"Thoothukkudi","taluk_name":"Thoothukudi","vil_name":"Keelathattaparai","unit_id":6,"block_id":4,"survey_no":406,"sub_div":null,"KIDE":"406"},"geometry":{"type":"MultiPolygon","coordinates":[[[[78.026988033745724,8.783838952139986],[78.027199438724409,8.783781518145965],[78.027662751517269,8.783335285468194],[78.027510792705385,8.783032972870792],[78.027491270296593,8.782994134393302],[78.027162503311359,8.782317333755364],[78.026714331264031,8.782647763930264],[78.026454994396175,8.78284654895784],[78.026288191398976,8.782945289827561],[78.026478344923561,8.78331059849001],[78.026632740022009,8.783590148157504],[78.026788518279531,8.783923725093974],[78.026988033745724,8.783838952139986]]]]}},
{"type":"Feature","properties":{"Land_id":"821","dist_name":"Thoothukkudi","taluk_name":"Thoothukudi","vil_name":"Keelathattaparai","unit_id":6,"block_id":2,"survey_no":385,"sub_div":null,"KIDE":"385"},"geometry":{"type":"MultiPolygon","coordinates":[[[[78.026098319696416,8.782344253799522],[78.026218765717601,8.782297311571021],[78.026402624226165,8.781683848164725],[78.026358863507625,8.781548837637082],[78.026681208242863,8.780990764925972],[78.026417662674405,8.780080870452295],[78.025953287071829,8.780525653742474],[78.025749402964223,8.780854877400269],[78.026045645142815,8.7812071414305],[78.025967290795904,8.781369369808079],[78.02626768108766,8.781622589710693],[78.025995563274307,8.782143856903822],[78.026098319696416,8.782344253799522]]]]}},
{"type":"Feature","properties":{"Land_id":"822","dist_name":"Thoothukkudi","taluk_name":"Thoothukudi","vil_name":"Keelathattaparai","unit_id":6,"block_id":4,"survey_no":405,"sub_div":"2","KIDE":"405/2"},"geometry":{"type":"MultiPolygon","coordinates":[[[[78.025739233907828,8.78253068810918],[78.025250766079225,8.782916101772448],[78.02502083457783,8.782674608652549],[78.024873749809188,8.782846333042922],[78.024625869517067,8.783169009966748],[78.025152997737123,8.783755746025259],[78.025260976365573,8.783461652303975],[78.025527711872002,8.783293318732268],[78.025934077618359,8.783251372987124],[78.026288191398976,8.782945289827561],[78.026454994396175,8.78284654895784],[78.026218765717601,8.782297311571021],[78.026098319696416,8.782344253799522],[78.025739233907828,8.78253068810918]]]]}},
{"type":"Feature","properties":{"Land_id":"823","dist_name":"Thoothukkudi","taluk_name":"Thoothukudi","vil_name":"Keelathattaparai","unit_id":6,"block_id":3,"survey_no":398,"sub_div":"4","KIDE":"398/4"},"geometry":{"type":"MultiPolygon","coordinates":[[[[78.025379682217604,8.781112081564974],[78.025625985019559,8.780809061473862],[78.025693387343438,8.780834082956101],[78.025749402964223,8.780854877400269],[78.025953287071829,8.780525653742474],[78.025752214064283,8.78025629064825],[78.025381737784869,8.779759990134437],[78.025026691954025,8.780260141383989],[78.025123188824125,8.780415257385652],[78.024431690935558,8.781147970172537],[78.02429848069346,8.781289120057934],[78.024778365788364,8.781848476173796],[78.024876812836368,8.781716822471392],[78.024996579757882,8.781483788791887],[78.025379682217604,8.781112081564974]]]]}},
{"type":"Feature","properties":{"Land_id":"824","dist_name":"Thoothukkudi","taluk_name":"Thoothukudi","vil_name":"Keelathattaparai","unit_id":6,"block_id":4,"survey_no":403,"sub_div":null,"KIDE":"403"},"geometry":{"type":"MultiPolygon","coordinates":[[[[78.02543087956343,8.782243978708076],[78.025740955350329,8.781739597254255],[78.025958803971619,8.781386940633155],[78.025967290795904,8.781369369808079],[78.026045645142815,8.7812071414305],[78.025749402964223,8.780854877400269],[78.02572875271089,8.780847211493262],[78.025625985019559,8.780809061473862],[78.025379682217604,8.781112081564974],[78.024996579757882,8.781483788791887],[78.024876812836368,8.781716822471392],[78.02543087956343,8.782243978708076]]]]}},
{"type":"Feature","properties":{"Land_id":"825","dist_name":"Thoothukkudi","taluk_name":"Thoothukudi","vil_name":"Keelathattaparai","unit_id":6,"block_id":4,"survey_no":404,"sub_div":null,"KIDE":"404"},"geometry":{"type":"MultiPolygon","coordinates":[[[[78.026098319696416,8.782344253799522],[78.025995563274307,8.782143856903822],[78.026072640261788,8.781996208705332],[78.02626768108766,8.781622589710693],[78.025967290795904,8.781369369808079],[78.025958803971619,8.781386940633155],[78.025740955350329,8.781739597254255],[78.02543087956343,8.782243978708076],[78.02502083457783,8.782674608652549],[78.025250766079225,8.782916101772448],[78.025739233907828,8.78253068810918],[78.026098319696416,8.782344253799522]]]]}},
{"type":"Feature","properties":{"Land_id":"826","dist_name":"Thoothukkudi","taluk_name":"Thoothukudi","vil_name":"Keelathattaparai","unit_id":6,"block_id":3,"survey_no":397,"sub_div":"1","KIDE":"397/1"},"geometry":{"type":"MultiPolygon","coordinates":[[[[78.025012146886155,8.779492456019192],[78.024684151499486,8.779887936594466],[78.025026691954025,8.780260141383989],[78.025381737784869,8.779759990134437],[78.025818194411954,8.779344420955379],[78.025476167869243,8.77888994356082],[78.0253453324747,8.778910356182767],[78.025165694889239,8.779081466108256],[78.025012146886155,8.779492456019192]]]]}},
{"type":"Feature","properties":{"Land_id":"827","dist_name":"Thoothukkudi","taluk_name":"Thoothukudi","vil_name":"Keelathattaparai","unit_id":6,"block_id":2,"survey_no":389,"sub_div":"1","KIDE":"389/1"},"geometry":{"type":"MultiPolygon","coordinates":[[[[78.025220123797169,8.77853586294056],[78.025265718609717,8.77876900858374],[78.025447508249115,8.778538067260438],[78.025776694810759,8.778306183828104],[78.026109518698561,8.778071738214402],[78.026159521961276,8.778036515245011],[78.026107703619132,8.77783810412604],[78.025851241397021,8.778025655464518],[78.025220123797169,8.77853586294056]]]]}},
{"type":"Feature","properties":{"Land_id":"828","dist_name":"Thoothukkudi","taluk_name":"Thoothukudi","vil_name":"Keelathattaparai","unit_id":6,"block_id":2,"survey_no":390,"sub_div":"1","KIDE":"390/1"},"geometry":{"type":"MultiPolygon","coordinates":[[[[78.025162245625012,8.779084751630853],[78.0253453324747,8.778910356182767],[78.02525702973935,8.778753582405962],[78.025219430158785,8.778548411099067],[78.025162245625012,8.779084751630853]]]]}},
{"type":"Feature","properties":{"Land_id":"829","dist_name":"Thoothukkudi","taluk_name":"Thoothukudi","vil_name":"Keelathattaparai","unit_id":6,"block_id":2,"survey_no":390,"sub_div":"3","KIDE":"390/3"},"geometry":{"type":"MultiPolygon","coordinates":[[[[78.024679669543758,8.778615974278894],[78.024513595059432,8.779702609801575],[78.02487842648776,8.778746058610592],[78.025172549595027,8.778292595837625],[78.025035441776907,8.778302608848007],[78.024679669543758,8.778615974278894]]]]}},
{"type":"Feature","properties":{"Land_id":"830","dist_name":"Thoothukkudi","taluk_name":"Thoothukudi","vil_name":"Keelathattaparai","unit_id":6,"block_id":3,"survey_no":391,"sub_div":null,"KIDE":"391"},"geometry":{"type":"MultiPolygon","coordinates":[[[[78.023863660353967,8.779661626830087],[78.024513595059432,8.779702609801575],[78.024679669543758,8.778615974278894],[78.024658058145917,8.778635009398684],[78.024271218501156,8.77897573769636],[78.023712358360029,8.779459751185012],[78.023863660353967,8.779661626830087]]]]}},
{"type":"Feature","properties":{"Land_id":"831","dist_name":"Thoothukkudi","taluk_name":"Thoothukudi","vil_name":"Keelathattaparai","unit_id":6,"block_id":3,"survey_no":393,"sub_div":"6","KIDE":"393/6"},"geometry":{"type":"MultiPolygon","coordinates":[[[[78.024039726875813,8.780392329170803],[78.024483095012016,8.779826442933897],[78.024513595059432,8.779702609801575],[78.023863660353967,8.779661626830087],[78.023287049453685,8.78021669237781],[78.023212238143188,8.780288708326546],[78.02344359433927,8.780681429421657],[78.023528636617783,8.780623911923756],[78.02368432611506,8.780845939574167],[78.024039726875813,8.780392329170803]]]]}},
{"type":"Feature","properties":{"Land_id":"832","dist_name":"Thoothukkudi","taluk_name":"Thoothukudi","vil_name":"Keelathattaparai","unit_id":6,"block_id":3,"survey_no":392,"sub_div":"1","KIDE":"392/1"},"geometry":{"type":"MultiPolygon","coordinates":[[[[78.02317254240765,8.779963873229644],[78.022655120033889,8.780413483695162],[78.021836870417104,8.781124495838752],[78.021770751587525,8.781181949322121],[78.021988090385676,8.781417839951953],[78.022694840423711,8.780786773223353],[78.023313420679045,8.780191306526367],[78.023863660353967,8.779661626830087],[78.023712358360029,8.779459751185012],[78.02317254240765,8.779963873229644]]]]}},
{"type":"Feature","properties":{"Land_id":"833","dist_name":"Thoothukkudi","taluk_name":"Thoothukudi","vil_name":"Keelathattaparai","unit_id":6,"block_id":3,"survey_no":392,"sub_div":"2","KIDE":"392/2"},"geometry":{"type":"MultiPolygon","coordinates":[[[[78.021770751587525,8.781181949322121],[78.021940092793983,8.781460697654872],[78.021988090385676,8.781417839951953],[78.021770751587525,8.781181949322121]]]]}},
{"type":"Feature","properties":{"Land_id":"834","dist_name":"Thoothukkudi","taluk_name":"Thoothukudi","vil_name":"Keelathattaparai","unit_id":6,"block_id":3,"survey_no":393,"sub_div":"1","KIDE":"393/1"},"geometry":{"type":"MultiPolygon","coordinates":[[[[78.022249481402923,8.781609550723541],[78.021978750894689,8.781426179310575],[78.021940092793983,8.781460697654872],[78.022182804061444,8.781842648340332],[78.022324641566613,8.781772363419046],[78.022249481402923,8.781609550723541]]]]}},
{"type":"Feature","properties":{"Land_id":"835","dist_name":"Thoothukkudi","taluk_name":"Thoothukudi","vil_name":"Keelathattaparai","unit_id":6,"block_id":3,"survey_no":393,"sub_div":"2","KIDE":"393/2"},"geometry":{"type":"MultiPolygon","coordinates":[[[[78.022221152074536,8.781537718314457],[78.02210758242893,8.781311143880114],[78.022060256577817,8.781353401776725],[78.022020818345609,8.781388616711061],[78.022221152074536,8.781537718314457]]]]}},
{"type":"Feature","properties":{"Land_id":"836","dist_name":"Thoothukkudi","taluk_name":"Thoothukudi","vil_name":"Keelathattaparai","unit_id":6,"block_id":3,"survey_no":393,"sub_div":"4","KIDE":"393/4"},"geometry":{"type":"MultiPolygon","coordinates":[[[[78.022694840423711,8.780786773223353],[78.02210758242893,8.781311143880114],[78.022221152074536,8.781537718314457],[78.022446451980258,8.781699293019456],[78.022647549414131,8.781688078918283],[78.023003195720918,8.781509197678151],[78.02312585167661,8.781389760111839],[78.022778586254105,8.780706156597486],[78.022694840423711,8.780786773223353]]]]}},
{"type":"Feature","properties":{"Land_id":"837","dist_name":"Thoothukkudi","taluk_name":"Thoothukudi","vil_name":"Keelathattaparai","unit_id":6,"block_id":3,"survey_no":393,"sub_div":"5","KIDE":"393/5"},"geometry":{"type":"MultiPolygon","coordinates":[[[[78.023528636617783,8.780623911923756],[78.02344359433927,8.780681429421657],[78.023212238143188,8.780288708326546],[78.022778586254105,8.780706156597486],[78.02312585167661,8.781389760111839],[78.02323850499458,8.781280062722438],[78.02368432611506,8.780845939574167],[78.023528636617783,8.780623911923756]]]]}},
{"type":"Feature","properties":{"Land_id":"838","dist_name":"Thoothukkudi","taluk_name":"Thoothukudi","vil_name":"Keelathattaparai","unit_id":6,"block_id":3,"survey_no":393,"sub_div":"7","KIDE":"393/7"},"geometry":{"type":"MultiPolygon","coordinates":[[[[78.022249481402923,8.781609550723541],[78.022425571658601,8.781700457400497],[78.022446451980258,8.781699293019456],[78.022221152074536,8.781537718314457],[78.022020818345609,8.781388616711061],[78.021978750894689,8.781426179310575],[78.022249481402923,8.781609550723541]]]]}},
{"type":"Feature","properties":{"Land_id":"839","dist_name":"Thoothukkudi","taluk_name":"Thoothukudi","vil_name":"Keelathattaparai","unit_id":6,"block_id":6,"survey_no":443,"sub_div":"1","KIDE":"443/1"},"geometry":{"type":"MultiPolygon","coordinates":[[[[78.021384450260058,8.78150888414654],[78.021739976568313,8.782133188960104],[78.021950975506243,8.782012899194111],[78.021996911881956,8.782061496029351],[78.022051257063751,8.782026989220183],[78.022189363047829,8.781939297971745],[78.022182804061444,8.781842648340332],[78.021940940249138,8.781454835638195],[78.021727698620708,8.781218385940745],[78.021727908775716,8.781218208082212],[78.021384450260058,8.78150888414654]]]]}},
{"type":"Feature","properties":{"Land_id":"840","dist_name":"Thoothukkudi","taluk_name":"Thoothukudi","vil_name":"Keelathattaparai","unit_id":6,"block_id":6,"survey_no":443,"sub_div":"2","KIDE":"443/2"},"geometry":{"type":"MultiPolygon","coordinates":[[[[78.021940940249138,8.781454835638195],[78.021770751587525,8.781181949322121],[78.021727908775716,8.781218208082212],[78.021940940249138,8.781454835638195]]]]}},
{"type":"Feature","properties":{"Land_id":"841","dist_name":"Thoothukkudi","taluk_name":"Thoothukudi","vil_name":"Keelathattaparai","unit_id":6,"block_id":3,"survey_no":393,"sub_div":"3","KIDE":"393/3"},"geometry":{"type":"MultiPolygon","coordinates":[[[[78.022324641566613,8.781772363419046],[78.022362659596851,8.781753524295642],[78.022425571658601,8.781700457400497],[78.022249481402923,8.781609550723541],[78.022324641566613,8.781772363419046]]]]}},
{"type":"Feature","properties":{"Land_id":"842","dist_name":"Thoothukkudi","taluk_name":"Thoothukudi","vil_name":"Keelathattaparai","unit_id":6,"block_id":3,"survey_no":394,"sub_div":"3","KIDE":"394/3"},"geometry":{"type":"MultiPolygon","coordinates":[[[[78.022630637195704,8.781785005066771],[78.022425571658601,8.781700457400497],[78.022362659596851,8.781753524295642],[78.022637741336666,8.782289864808277],[78.022809141289684,8.78174716376523],[78.022630637195704,8.781785005066771]]]]}},
{"type":"Feature","properties":{"Land_id":"843","dist_name":"Thoothukkudi","taluk_name":"Thoothukudi","vil_name":"Keelathattaparai","unit_id":6,"block_id":3,"survey_no":394,"sub_div":"4","KIDE":"394/4"},"geometry":{"type":"MultiPolygon","coordinates":[[[[78.022647549414131,8.781688078918283],[78.02245956121169,8.781698561989502],[78.022629191103078,8.781753771178574],[78.022827018201724,8.781711046496907],[78.023003195720918,8.781509197678151],[78.022647549414131,8.781688078918283]]]]}},
{"type":"Feature","properties":{"Land_id":"844","dist_name":"Thoothukkudi","taluk_name":"Thoothukudi","vil_name":"Keelathattaparai","unit_id":6,"block_id":3,"survey_no":394,"sub_div":"6","KIDE":"394/6"},"geometry":{"type":"MultiPolygon","coordinates":[[[[78.022827018201724,8.781711046496907],[78.022629191103078,8.781753771178574],[78.02245956121169,8.781698561989502],[78.022425571658601,8.781700457400497],[78.022630637195704,8.781785005066771],[78.022809141289684,8.78174716376523],[78.022827018201724,8.781711046496907]]]]}},
{"type":"Feature","properties":{"Land_id":"845","dist_name":"Thoothukkudi","taluk_name":"Thoothukudi","vil_name":"Keelathattaparai","unit_id":6,"block_id":3,"survey_no":395,"sub_div":null,"KIDE":"395"},"geometry":{"type":"MultiPolygon","coordinates":[[[[78.023762588769713,8.780956549419754],[78.02368432611506,8.780845939574167],[78.023313866712101,8.781206679194479],[78.023241879626468,8.781276777134435],[78.023295552550536,8.781331751993596],[78.023762588769713,8.780956549419754]]]]}},
{"type":"Feature","properties":{"Land_id":"846","dist_name":"Thoothukkudi","taluk_name":"Thoothukudi","vil_name":"Keelathattaparai","unit_id":6,"block_id":3,"survey_no":396,"sub_div":"3","KIDE":"396/3"},"geometry":{"type":"MultiPolygon","coordinates":[[[[78.024486950632138,8.779821521871272],[78.024046847165764,8.780383241296057],[78.023693452205549,8.780834291626151],[78.024342146215091,8.780314674667828],[78.024531224989488,8.779861730455343],[78.024548583224927,8.779742858040569],[78.024486950632138,8.779821521871272]]]]}},
{"type":"Feature","properties":{"Land_id":"847","dist_name":"Thoothukkudi","taluk_name":"Thoothukudi","vil_name":"Keelathattaparai","unit_id":6,"block_id":6,"survey_no":442,"sub_div":"3","KIDE":"442/3"},"geometry":{"type":"MultiPolygon","coordinates":[[[[78.022152572424801,8.782276609204649],[78.022451796029884,8.782899712379022],[78.022637741336666,8.782289864808277],[78.022362659596851,8.781753524295642],[78.022182804061444,8.781842648340332],[78.022189363047829,8.781939297971745],[78.022152572424801,8.782276609204649]]]]}},
{"type":"Feature","properties":{"Land_id":"848","dist_name":"Thoothukkudi","taluk_name":"Thoothukudi","vil_name":"Keelathattaparai","unit_id":6,"block_id":3,"survey_no":394,"sub_div":"1","KIDE":"394/1"},"geometry":{"type":"MultiPolygon","coordinates":[[[[78.023321732966892,8.781595806935751],[78.023028122630464,8.781919623987564],[78.022837865474401,8.782366297180648],[78.022804754075608,8.782610061710781],[78.02304719255828,8.78245520072239],[78.024127954940923,8.781469809545852],[78.023906248783462,8.781158360541257],[78.023882759731549,8.781125363524312],[78.023321732966892,8.781595806935751]]]]}},
{"type":"Feature","properties":{"Land_id":"849","dist_name":"Thoothukkudi","taluk_name":"Thoothukudi","vil_name":"Keelathattaparai","unit_id":6,"block_id":3,"survey_no":394,"sub_div":"5","KIDE":"394/5"},"geometry":{"type":"MultiPolygon","coordinates":[[[[78.022804962885942,8.782353536725282],[78.022703530000911,8.782674720011242],[78.022804754075608,8.782610061710781],[78.022837865474401,8.782366297180648],[78.023028122630464,8.781919623987564],[78.022972789402175,8.781954942201159],[78.022804962885942,8.782353536725282]]]]}},
{"type":"Feature","properties":{"Land_id":"850","dist_name":"Thoothukkudi","taluk_name":"Thoothukudi","vil_name":"Keelathattaparai","unit_id":6,"block_id":3,"survey_no":398,"sub_div":"1","KIDE":"398/1"},"geometry":{"type":"MultiPolygon","coordinates":[[[[78.024485256130617,8.782240453103883],[78.024256524573772,8.782042473102733],[78.023963412907079,8.781619831669982],[78.023616928794283,8.781935740507146],[78.023895322290187,8.782290623602032],[78.023391396138678,8.782821490368994],[78.023725164856231,8.783227256592065],[78.024071590164397,8.782841416442025],[78.024385963253835,8.782373237937104],[78.024485256130617,8.782240453103883]]]]}},
{"type":"Feature","properties":{"Land_id":"851","dist_name":"Thoothukkudi","taluk_name":"Thoothukudi","vil_name":"Keelathattaparai","unit_id":6,"block_id":3,"survey_no":398,"sub_div":"2","KIDE":"398/2"},"geometry":{"type":"MultiPolygon","coordinates":[[[[78.023616928794283,8.781935740507146],[78.02304719255828,8.78245520072239],[78.023153756009123,8.782568601892432],[78.023391396138678,8.782821490368994],[78.023895322290187,8.782290623602032],[78.023616928794283,8.781935740507146]]]]}},
{"type":"Feature","properties":{"Land_id":"852","dist_name":"Thoothukkudi","taluk_name":"Thoothukudi","vil_name":"Keelathattaparai","unit_id":6,"block_id":3,"survey_no":398,"sub_div":"3","KIDE":"398/3"},"geometry":{"type":"MultiPolygon","coordinates":[[[[78.024485256130617,8.782240453103883],[78.024727762586082,8.781916148075286],[78.024778365788364,8.781848476173796],[78.02429848069346,8.781289120057934],[78.024127954940923,8.781469809545852],[78.023963412907079,8.781619831669982],[78.024256524573772,8.782042473102733],[78.024485256130617,8.782240453103883]]]]}},
{"type":"Feature","properties":{"Land_id":"853","dist_name":"Thoothukkudi","taluk_name":"Thoothukudi","vil_name":"Keelathattaparai","unit_id":6,"block_id":3,"survey_no":399,"sub_div":"1","KIDE":"399/1"},"geometry":{"type":"MultiPolygon","coordinates":[[[[78.023391396138678,8.782821490368994],[78.02313080196528,8.782544174986132],[78.02304719255828,8.78245520072239],[78.022798918581117,8.782613789195825],[78.02275809969602,8.782777200120515],[78.022875075626104,8.782986407860802],[78.023015705752954,8.783237920381666],[78.023288522283067,8.783725844091581],[78.023541692989838,8.783398588991266],[78.023725164856231,8.783227256592065],[78.023391396138678,8.782821490368994]]]]}},
{"type":"Feature","properties":{"Land_id":"854","dist_name":"Thoothukkudi","taluk_name":"Thoothukudi","vil_name":"Keelathattaparai","unit_id":6,"block_id":3,"survey_no":399,"sub_div":"2","KIDE":"399/2"},"geometry":{"type":"MultiPolygon","coordinates":[[[[78.02275809969602,8.782777200120515],[78.022798918581117,8.782613789195825],[78.022701517846116,8.782676005276826],[78.02275809969602,8.782777200120515]]]]}},
{"type":"Feature","properties":{"Land_id":"855","dist_name":"Thoothukkudi","taluk_name":"Thoothukudi","vil_name":"Keelathattaparai","unit_id":6,"block_id":3,"survey_no":396,"sub_div":"1","KIDE":"396/1"},"geometry":{"type":"MultiPolygon","coordinates":[[[[78.024574848036053,8.78026865299795],[78.023899806722042,8.781148967403595],[78.024111800245407,8.781447091388586],[78.024432404596908,8.781147844157408],[78.025102279592502,8.780381646384546],[78.025010702553956,8.780242841866484],[78.024681776527785,8.779886964752762],[78.024574848036053,8.78026865299795]]]]}},
{"type":"Feature","properties":{"Land_id":"856","dist_name":"Thoothukkudi","taluk_name":"Thoothukudi","vil_name":"Keelathattaparai","unit_id":6,"block_id":4,"survey_no":400,"sub_div":null,"KIDE":"400"},"geometry":{"type":"MultiPolygon","coordinates":[[[[78.023288522283067,8.783725844091581],[78.023347128832725,8.78387832465209],[78.023526410305507,8.784113656539379],[78.023718768687274,8.784248125793091],[78.024173826272971,8.783757454986715],[78.024545630462569,8.783276153715626],[78.024071590164397,8.782841416442025],[78.023725164856231,8.783227256592065],[78.023541692989838,8.783398588991266],[78.023288522283067,8.783725844091581]]]]}},
{"type":"Feature","properties":{"Land_id":"857","dist_name":"Thoothukkudi","taluk_name":"Thoothukudi","vil_name":"Keelathattaparai","unit_id":6,"block_id":4,"survey_no":401,"sub_div":null,"KIDE":"401"},"geometry":{"type":"MultiPolygon","coordinates":[[[[78.024385963253835,8.782373237937104],[78.024071590164397,8.782841416442025],[78.024545630462569,8.783276153715626],[78.024873749809188,8.782846333042922],[78.024385963253835,8.782373237937104]]]]}},
{"type":"Feature","properties":{"Land_id":"858","dist_name":"Thoothukkudi","taluk_name":"Thoothukudi","vil_name":"Keelathattaparai","unit_id":6,"block_id":4,"survey_no":402,"sub_div":null,"KIDE":"402"},"geometry":{"type":"MultiPolygon","coordinates":[[[[78.02543087956343,8.782243978708076],[78.024876812836368,8.781716822471392],[78.024385963253835,8.782373237937104],[78.024873749809188,8.782846333042922],[78.02502083457783,8.782674608652549],[78.02543087956343,8.782243978708076]]]]}},
{"type":"Feature","properties":{"Land_id":"859","dist_name":"Thoothukkudi","taluk_name":"Thoothukudi","vil_name":"Keelathattaparai","unit_id":6,"block_id":6,"survey_no":440,"sub_div":"3","KIDE":"440/3"},"geometry":{"type":"MultiPolygon","coordinates":[[[[78.022972158871326,8.783264661708003],[78.023177491653385,8.783593965510647],[78.023347128832725,8.78387832465209],[78.023288522283067,8.783725844091581],[78.023021814023934,8.7832458104973],[78.022880991203152,8.78299235121173],[78.022858162450859,8.783008099494877],[78.022972158871326,8.783264661708003]]]]}},
{"type":"Feature","properties":{"Land_id":"860","dist_name":"Thoothukkudi","taluk_name":"Thoothukudi","vil_name":"Keelathattaparai","unit_id":6,"block_id":6,"survey_no":442,"sub_div":"1","KIDE":"442/1"},"geometry":{"type":"MultiPolygon","coordinates":[[[[78.022630923968819,8.78316485865159],[78.022880991203152,8.78299235121173],[78.022701517846116,8.782676005276826],[78.022630923968819,8.78316485865159]]]]}},
{"type":"Feature","properties":{"Land_id":"861","dist_name":"Thoothukkudi","taluk_name":"Thoothukudi","vil_name":"Keelathattaparai","unit_id":6,"block_id":6,"survey_no":442,"sub_div":"4","KIDE":"442/4"},"geometry":{"type":"MultiPolygon","coordinates":[[[[78.022859473276426,8.782954422971246],[78.022880991203152,8.78299235121173],[78.022701517846116,8.782676005276826],[78.022859473276426,8.782954422971246]]]]}},
{"type":"Feature","properties":{"Land_id":"862","dist_name":"Thoothukkudi","taluk_name":"Thoothukudi","vil_name":"Keelathattaparai","unit_id":6,"block_id":4,"survey_no":405,"sub_div":"1","KIDE":"405/1"},"geometry":{"type":"MultiPolygon","coordinates":[[[[78.024554229779042,8.783262266635496],[78.024173826272971,8.783757454986715],[78.023718768687274,8.784248125793091],[78.02405055687295,8.784609604642206],[78.024142631910195,8.784735691858145],[78.024498962351885,8.784692446681081],[78.024939867699459,8.78433623317159],[78.025152997737123,8.783755746025259],[78.024625869517067,8.783169009966748],[78.024554229779042,8.783262266635496]]]]}},
{"type":"Feature","properties":{"Land_id":"863","dist_name":"Thoothukkudi","taluk_name":"Thoothukudi","vil_name":"Keelathattaparai","unit_id":6,"block_id":5,"survey_no":418,"sub_div":"1","KIDE":"418/1"},"geometry":{"type":"MultiPolygon","coordinates":[[[[78.023371910005011,8.785544356790014],[78.023157490104396,8.785171577717509],[78.023745567895318,8.784787022205908],[78.024019235550767,8.78462782481763],[78.023768603709314,8.7843085558836],[78.02349870540526,8.784076577554465],[78.023350920005299,8.783883301093796],[78.022743615624364,8.784553550341286],[78.021959819662996,8.785340288554302],[78.021428264025275,8.785730852960885],[78.021593284589727,8.785924497740858],[78.022226085880092,8.78568682359546],[78.02270980144273,8.785505144631275],[78.022913409551606,8.785754417907221],[78.023371910005011,8.785544356790014]]]]}},
{"type":"Feature","properties":{"Land_id":"864","dist_name":"Thoothukkudi","taluk_name":"Thoothukudi","vil_name":"Keelathattaparai","unit_id":6,"block_id":5,"survey_no":418,"sub_div":"2","KIDE":"418/2"},"geometry":{"type":"MultiPolygon","coordinates":[[[[78.023350920007005,8.783883301096029],[78.023347128832725,8.78387832465209],[78.023350920005299,8.783883301093796],[78.023350920007005,8.783883301096029]]],[[[78.023594802951365,8.784159173657686],[78.023768603709314,8.7843085558836],[78.024019235550767,8.78462782481763],[78.024046260880098,8.784604924214694],[78.023720529969054,8.784250044686351],[78.023594802951365,8.784159173657686]]]]}},
{"type":"Feature","properties":{"Land_id":"865","dist_name":"Thoothukkudi","taluk_name":"Thoothukudi","vil_name":"Keelathattaparai","unit_id":6,"block_id":6,"survey_no":440,"sub_div":"2A","KIDE":"440/2A"},"geometry":{"type":"MultiPolygon","coordinates":[[[[78.022407247721603,8.784253400614688],[78.022460274836547,8.784596718703298],[78.022229271768225,8.785091196789114],[78.022710011186092,8.784591147828262],[78.023347128832725,8.78387832465209],[78.023177491653385,8.783593965510647],[78.022407247721603,8.784253400614688]]]]}},
{"type":"Feature","properties":{"Land_id":"866","dist_name":"Thoothukkudi","taluk_name":"Thoothukudi","vil_name":"Keelathattaparai","unit_id":6,"block_id":4,"survey_no":407,"sub_div":"1","KIDE":"407/1"},"geometry":{"type":"MultiPolygon","coordinates":[[[[78.02525149920659,8.783487464568781],[78.024898115358255,8.784369965463728],[78.024513213519,8.784721766917595],[78.024785635902845,8.78528224653726],[78.026176969241348,8.784306891271967],[78.02543685602204,8.783350656767013],[78.02525149920659,8.783487464568781]]]]}},
{"type":"Feature","properties":{"Land_id":"867","dist_name":"Thoothukkudi","taluk_name":"Thoothukudi","vil_name":"Keelathattaparai","unit_id":6,"block_id":4,"survey_no":407,"sub_div":"2","KIDE":"407/2"},"geometry":{"type":"MultiPolygon","coordinates":[[[[78.02543685602204,8.783350656767013],[78.026176969241348,8.784306891271967],[78.026213603275934,8.784281185306744],[78.026779413513779,8.783904228535766],[78.026285515334266,8.782947602921219],[78.025932927992869,8.78325149165337],[78.025482220121376,8.783322028029234],[78.02543685602204,8.783350656767013]]]]}},
{"type":"Feature","properties":{"Land_id":"868","dist_name":"Thoothukkudi","taluk_name":"Thoothukudi","vil_name":"Keelathattaparai","unit_id":6,"block_id":5,"survey_no":416,"sub_div":"2","KIDE":"416/2"},"geometry":{"type":"MultiPolygon","coordinates":[[[[78.024778611453328,8.785288618714509],[78.024504449729065,8.784703736372117],[78.024142631910195,8.784735691858145],[78.024209594662651,8.785076790095662],[78.024542978888746,8.785270702128809],[78.024639612809409,8.785401326079471],[78.024778611453328,8.785288618714509]]]]}},
{"type":"Feature","properties":{"Land_id":"869","dist_name":"Thoothukkudi","taluk_name":"Thoothukudi","vil_name":"Keelathattaparai","unit_id":6,"block_id":5,"survey_no":416,"sub_div":"3","KIDE":"416/3"},"geometry":{"type":"MultiPolygon","coordinates":[[[[78.024542978888746,8.785270702128809],[78.024209594662651,8.785076790095662],[78.024142631910195,8.784735691858145],[78.024017839068506,8.78462863717643],[78.023994150677908,8.78464241713851],[78.024106596811038,8.784778446714304],[78.024184070492538,8.785101211629895],[78.02452010702217,8.785302416411733],[78.024611245735898,8.785424327585229],[78.024632701751202,8.785406929926662],[78.024639612809409,8.785401326079471],[78.024542978888746,8.785270702128809]]]]}},
{"type":"Feature","properties":{"Land_id":"870","dist_name":"Thoothukkudi","taluk_name":"Thoothukudi","vil_name":"Keelathattaparai","unit_id":6,"block_id":5,"survey_no":416,"sub_div":"1","KIDE":"416/1"},"geometry":{"type":"MultiPolygon","coordinates":[[[[78.024068554924909,8.785489734210273],[78.023707171626597,8.785917262610463],[78.023690680330887,8.786176029170946],[78.023579897580532,8.786250909873626],[78.023918609323019,8.786742202201744],[78.02477444893654,8.786057364306691],[78.024858734463649,8.785885097900096],[78.024590931353345,8.785482845523781],[78.024607142660855,8.785436146969477],[78.024607552396503,8.785434966678354],[78.024611245735898,8.785424327585229],[78.02452010702217,8.785302416411733],[78.024184070492538,8.785101211629895],[78.024106596811038,8.784778446714304],[78.023994150677908,8.78464241713851],[78.023734895589996,8.784793230477515],[78.024068554924909,8.785489734210273]]]]}},
{"type":"Feature","properties":{"Land_id":"871","dist_name":"Thoothukkudi","taluk_name":"Thoothukudi","vil_name":"Keelathattaparai","unit_id":6,"block_id":5,"survey_no":417,"sub_div":null,"KIDE":"417"},"geometry":{"type":"MultiPolygon","coordinates":[[[[78.02345448843387,8.786315393731915],[78.023579897580532,8.786250909873626],[78.023590142347771,8.786245641419994],[78.023690680330887,8.786176029170946],[78.023641094317796,8.785986379132968],[78.023693244880917,8.785934686181498],[78.024084359585856,8.785522725960218],[78.023999790280527,8.785344766064505],[78.023734895589996,8.784793230477515],[78.023150884664076,8.785175905958537],[78.023371910005011,8.785544356790014],[78.022922310650529,8.785765315342003],[78.023117885980824,8.786022160324322],[78.023252594014807,8.786139151912682],[78.02345448843387,8.786315393731915]]]]}},
{"type":"Feature","properties":{"Land_id":"872","dist_name":"Thoothukkudi","taluk_name":"Thoothukudi","vil_name":"Keelathattaparai","unit_id":6,"block_id":5,"survey_no":419,"sub_div":"2","KIDE":"419/2"},"geometry":{"type":"MultiPolygon","coordinates":[[[[78.021219073408901,8.786333968916715],[78.021593284589727,8.785924497740858],[78.021428264025275,8.785730852960885],[78.020978969337222,8.786118859775245],[78.020889126502993,8.786196447231386],[78.021146410250736,8.786486006946163],[78.021219073408901,8.786333968916715]]]]}},
{"type":"Feature","properties":{"Land_id":"874","dist_name":"Thoothukkudi","taluk_name":"Thoothukudi","vil_name":"Keelathattaparai","unit_id":6,"block_id":5,"survey_no":419,"sub_div":"1","KIDE":"419/1"},"geometry":{"type":"MultiPolygon","coordinates":[[[[78.020889126502993,8.786196447231386],[78.020574805232542,8.786506570942295],[78.020242267210079,8.786727764742293],[78.020547444125114,8.78723932901066],[78.020897634890872,8.787006536419973],[78.021146410250736,8.786486006946163],[78.020889126502993,8.786196447231386]]]]}},
{"type":"Feature","properties":{"Land_id":"875","dist_name":"Thoothukkudi","taluk_name":"Thoothukudi","vil_name":"Keelathattaparai","unit_id":6,"block_id":5,"survey_no":420,"sub_div":"1","KIDE":"420/1"},"geometry":{"type":"MultiPolygon","coordinates":[[[[78.020970882575568,8.787962623545399],[78.021177619898111,8.78830203121446],[78.021467020601577,8.788623730150398],[78.021825774172299,8.788443614940217],[78.021931507864636,8.7883075723059],[78.021018342211875,8.786753972346418],[78.020897634890872,8.787006536419973],[78.020547444125114,8.78723932901066],[78.020658260402001,8.787428619348718],[78.020970882575568,8.787962623545399]]]]}},
{"type":"Feature","properties":{"Land_id":"876","dist_name":"Thoothukkudi","taluk_name":"Thoothukudi","vil_name":"Keelathattaparai","unit_id":6,"block_id":5,"survey_no":435,"sub_div":null,"KIDE":"435"},"geometry":{"type":"MultiPolygon","coordinates":[[[[78.020132394507371,8.787764427423884],[78.020651689434999,8.787435024546737],[78.020547444125114,8.78723932901066],[78.020242267210079,8.786727764742293],[78.019829481369072,8.787018517009738],[78.019742957202695,8.787134542882484],[78.020132394507371,8.787764427423884]]]]}},
{"type":"Feature","properties":{"Land_id":"877","dist_name":"Thoothukkudi","taluk_name":"Thoothukudi","vil_name":"Keelathattaparai","unit_id":6,"block_id":7,"survey_no":436,"sub_div":"1C","KIDE":"436/1C"},"geometry":{"type":"MultiPolygon","coordinates":[[[[78.0209095175816,8.786069087076269],[78.020006036927285,8.786116424540772],[78.020234986538185,8.786739984700729],[78.020668992452556,8.786397883277655],[78.020889126502993,8.786196447231386],[78.0209095175816,8.786069087076269]]]]}},
{"type":"Feature","properties":{"Land_id":"878","dist_name":"Thoothukkudi","taluk_name":"Thoothukudi","vil_name":"Keelathattaparai","unit_id":6,"block_id":7,"survey_no":433,"sub_div":"1","KIDE":"433/1"},"geometry":{"type":"MultiPolygon","coordinates":[[[[78.021177619898111,8.78830203121446],[78.020235067285313,8.789234479797928],[78.020935135542288,8.788541916172637],[78.021177619898111,8.78830203121446]]]]}},
{"type":"Feature","properties":{"Land_id":"879","dist_name":"Thoothukkudi","taluk_name":"Thoothukudi","vil_name":"Keelathattaparai","unit_id":6,"block_id":7,"survey_no":433,"sub_div":"2","KIDE":"433/2"},"geometry":{"type":"MultiPolygon","coordinates":[[[[78.020437966842451,8.789693216324677],[78.021467020601577,8.788623730150398],[78.021177619898111,8.78830203121446],[78.020235067285313,8.789234479797928],[78.019757722376497,8.789706707637537],[78.020035965430964,8.789431447308859],[78.020190244883764,8.789278821709747],[78.020437966842451,8.789693216324677]]]]}},
{"type":"Feature","properties":{"Land_id":"880","dist_name":"Thoothukkudi","taluk_name":"Thoothukudi","vil_name":"Keelathattaparai","unit_id":6,"block_id":7,"survey_no":434,"sub_div":"4","KIDE":"434/4"},"geometry":{"type":"MultiPolygon","coordinates":[[[[78.020869060544499,8.788608214894543],[78.021167340924251,8.788282652624819],[78.02081396863511,8.78770325820404],[78.020580942873323,8.787479901012357],[78.020199904938636,8.787721603723684],[78.020869060544499,8.788608214894543]]]]}},
{"type":"Feature","properties":{"Land_id":"881","dist_name":"Thoothukkudi","taluk_name":"Thoothukudi","vil_name":"Keelathattaparai","unit_id":6,"block_id":7,"survey_no":434,"sub_div":"1","KIDE":"434/1"},"geometry":{"type":"MultiPolygon","coordinates":[[[[78.019211232248423,8.788283958966755],[78.01901859632676,8.788411060967464],[78.019049300285118,8.788477337688867],[78.018866788011024,8.788679497786339],[78.019757722376497,8.789706707637537],[78.020058519489936,8.789410549070556],[78.019211232248423,8.788283958966755]]]]}},
{"type":"Feature","properties":{"Land_id":"882","dist_name":"Thoothukkudi","taluk_name":"Thoothukudi","vil_name":"Keelathattaparai","unit_id":6,"block_id":9,"survey_no":468,"sub_div":"2","KIDE":"468/2"},"geometry":{"type":"MultiPolygon","coordinates":[[[[78.019757722376497,8.789706707637537],[78.018860090801937,8.788686915963826],[78.019124678410378,8.789150964945904],[78.019172160660233,8.790021541469914],[78.019757722376497,8.789706707637537]]]]}},
{"type":"Feature","properties":{"Land_id":"883","dist_name":"Thoothukkudi","taluk_name":"Thoothukudi","vil_name":"Keelathattaparai","unit_id":6,"block_id":7,"survey_no":434,"sub_div":"2","KIDE":"434/2"},"geometry":{"type":"MultiPolygon","coordinates":[[[[78.019211232248423,8.788283958966755],[78.020058519489936,8.789410549070556],[78.020456498538579,8.789017600485215],[78.019698391001938,8.788009203529938],[78.019211232248423,8.788283958966755]]]]}},
{"type":"Feature","properties":{"Land_id":"884","dist_name":"Thoothukkudi","taluk_name":"Thoothukudi","vil_name":"Keelathattaparai","unit_id":6,"block_id":7,"survey_no":434,"sub_div":"3","KIDE":"434/3"},"geometry":{"type":"MultiPolygon","coordinates":[[[[78.020456498538579,8.789017600485215],[78.020869060544499,8.788608214894543],[78.020199904938636,8.787721603723684],[78.020045451666817,8.787813462811142],[78.019698391001938,8.788009203529938],[78.020456498538579,8.789017600485215]]]]}},
{"type":"Feature","properties":{"Land_id":"885","dist_name":"Thoothukkudi","taluk_name":"Thoothukudi","vil_name":"Keelathattaparai","unit_id":6,"block_id":8,"survey_no":452,"sub_div":"1A","KIDE":"452/1A"},"geometry":{"type":"MultiPolygon","coordinates":[[[[78.019742957202695,8.787134542882484],[78.019255279227167,8.787510859831436],[78.019105921593479,8.787318207793923],[78.018576653283304,8.787672892254092],[78.019010463597056,8.7883971916206],[78.020132394507371,8.787764427423884],[78.019742957202695,8.787134542882484]]]]}},
{"type":"Feature","properties":{"Land_id":"886","dist_name":"Thoothukkudi","taluk_name":"Thoothukudi","vil_name":"Keelathattaparai","unit_id":6,"block_id":8,"survey_no":460,"sub_div":"3","KIDE":"460/3"},"geometry":{"type":"MultiPolygon","coordinates":[[[[78.018829643456371,8.788720640918728],[78.018860090801937,8.788686915963826],[78.018349703058334,8.787825480438453],[78.018321259178393,8.787844604455609],[78.018829643456371,8.788720640918728]]]]}},
{"type":"Feature","properties":{"Land_id":"887","dist_name":"Thoothukkudi","taluk_name":"Thoothukudi","vil_name":"Keelathattaparai","unit_id":6,"block_id":8,"survey_no":460,"sub_div":"2","KIDE":"460/2"},"geometry":{"type":"MultiPolygon","coordinates":[[[[78.018860090801937,8.788686915963826],[78.019054246909889,8.788471858549718],[78.019023609504487,8.788420605239507],[78.018576653283304,8.787672892254092],[78.018349703058334,8.787825480438453],[78.018860090801937,8.788686915963826]]]]}},
{"type":"Feature","properties":{"Land_id":"888","dist_name":"Thoothukkudi","taluk_name":"Thoothukudi","vil_name":"Keelathattaparai","unit_id":6,"block_id":9,"survey_no":468,"sub_div":"1","KIDE":"468/1"},"geometry":{"type":"MultiPolygon","coordinates":[[[[78.018368366519624,8.789300002923346],[78.018013287871355,8.789363159034087],[78.01768227060289,8.789312766655895],[78.017321195299459,8.789532368729006],[78.017886235456558,8.790696128705829],[78.018359848855482,8.790399317059734],[78.018641869638941,8.790306658392476],[78.01913887248601,8.7900394392306],[78.019116886835974,8.789177756590716],[78.018860090801937,8.788686915963826],[78.018753377695674,8.788805116569772],[78.018366215762072,8.789160701268258],[78.018368366519624,8.789300002923346]]]]}},
{"type":"Feature","properties":{"Land_id":"889","dist_name":"Thoothukkudi","taluk_name":"Thoothukudi","vil_name":"Keelathattaparai","unit_id":6,"block_id":9,"survey_no":468,"sub_div":"3","KIDE":"468/3"},"geometry":{"type":"MultiPolygon","coordinates":[[[[78.019116886835974,8.789177756590716],[78.01913887248601,8.7900394392306],[78.019172160660233,8.790021541469914],[78.019124678410378,8.789150964945904],[78.018860090801937,8.788686915963826],[78.019116886835974,8.789177756590716]]]]}},
{"type":"Feature","properties":{"Land_id":"890","dist_name":"Thoothukkudi","taluk_name":"Thoothukudi","vil_name":"Keelathattaparai","unit_id":6,"block_id":7,"survey_no":436,"sub_div":"1A","KIDE":"436/1A"},"geometry":{"type":"MultiPolygon","coordinates":[[[[78.019218979506462,8.786727490573687],[78.01931819840442,8.786952691253173],[78.019169957607417,8.787072726151511],[78.019013699349301,8.787199253022035],[78.019255279227167,8.787510859831436],[78.019742957202695,8.787134542882484],[78.019829481369072,8.787018517009738],[78.020035693054325,8.786876874877374],[78.019641192268864,8.786260632935754],[78.019218979506462,8.786727490573687]]]]}},
{"type":"Feature","properties":{"Land_id":"891","dist_name":"Thoothukkudi","taluk_name":"Thoothukudi","vil_name":"Keelathattaparai","unit_id":6,"block_id":7,"survey_no":436,"sub_div":"1B","KIDE":"436/1B"},"geometry":{"type":"MultiPolygon","coordinates":[[[[78.020035693054325,8.786876874877374],[78.020234986538185,8.786739984700729],[78.020006036927285,8.786116424540772],[78.019756053380249,8.78613362638378],[78.019641192268864,8.786260632935754],[78.020035693054325,8.786876874877374]]]]}},
{"type":"Feature","properties":{"Land_id":"892","dist_name":"Thoothukkudi","taluk_name":"Thoothukudi","vil_name":"Keelathattaparai","unit_id":6,"block_id":7,"survey_no":436,"sub_div":"2","KIDE":"436/2"},"geometry":{"type":"MultiPolygon","coordinates":[[[[78.020853862301578,8.784730130673829],[78.020248384727211,8.785211218826813],[78.019930978516072,8.785751058742598],[78.019932257110753,8.785938790829892],[78.020772395783624,8.785765130016177],[78.02132070497909,8.785487496986413],[78.021326356152954,8.785201603270256],[78.021479339546971,8.784655218840351],[78.021277302067489,8.784447906783237],[78.020853862301578,8.784730130673829]]]]}},
{"type":"Feature","properties":{"Land_id":"893","dist_name":"Thoothukkudi","taluk_name":"Thoothukudi","vil_name":"Keelathattaparai","unit_id":6,"block_id":6,"survey_no":437,"sub_div":"2","KIDE":"437/2"},"geometry":{"type":"MultiPolygon","coordinates":[[[[78.021479339546971,8.784655218840351],[78.021326356152954,8.785201603270256],[78.02132070497909,8.785487496986413],[78.02146789227335,8.785452216411022],[78.02161213345353,8.785348527112511],[78.021839463799353,8.785031548864634],[78.021479339546971,8.784655218840351]]]]}},
{"type":"Feature","properties":{"Land_id":"894","dist_name":"Thoothukkudi","taluk_name":"Thoothukudi","vil_name":"Keelathattaparai","unit_id":6,"block_id":6,"survey_no":438,"sub_div":null,"KIDE":"438"},"geometry":{"type":"MultiPolygon","coordinates":[[[[78.021839463799353,8.785031548864634],[78.022034829636823,8.784647940664691],[78.022088783185851,8.784406055904958],[78.022090320819444,8.784399165810143],[78.022104766704132,8.784266102687278],[78.022006899006954,8.784001886571092],[78.021819312811033,8.783810705613117],[78.021536415572911,8.78414493797121],[78.021277302067489,8.784447906783237],[78.021479339546971,8.784655218840351],[78.021839463799353,8.785031548864634]]]]}},
{"type":"Feature","properties":{"Land_id":"895","dist_name":"Thoothukkudi","taluk_name":"Thoothukudi","vil_name":"Keelathattaparai","unit_id":6,"block_id":6,"survey_no":450,"sub_div":null,"KIDE":"450"},"geometry":{"type":"MultiPolygon","coordinates":[[[[78.020853862301578,8.784730130673829],[78.021277302067489,8.784447906783237],[78.021536415572911,8.78414493797121],[78.021819312811033,8.783810705613117],[78.022044591912191,8.78359822319792],[78.022085867280694,8.783415963773967],[78.021829366773829,8.783048578217276],[78.021550077663676,8.782685074676888],[78.021383234833948,8.782459331612586],[78.02089331484035,8.782758266424135],[78.020462580263967,8.783027381082654],[78.019786402598697,8.783450399836873],[78.019361123565176,8.783722992497069],[78.019554920090457,8.784140340986271],[78.019815156626493,8.784056507496626],[78.020060453707316,8.783712553589755],[78.020391812255724,8.783477922954368],[78.020628193084676,8.783805283699863],[78.020191844302218,8.784109031225514],[78.01993499400686,8.784289780556481],[78.020120951086597,8.784635692936355],[78.020459159023432,8.784357672217768],[78.020853862301578,8.784730130673829]]]]}},
{"type":"Feature","properties":{"Land_id":"896","dist_name":"Thoothukkudi","taluk_name":"Thoothukudi","vil_name":"Keelathattaparai","unit_id":6,"block_id":7,"survey_no":451,"sub_div":"2","KIDE":"451/2"},"geometry":{"type":"MultiPolygon","coordinates":[[[[78.020120951086597,8.784635692936355],[78.019105288069511,8.785403181359149],[78.019149050154283,8.785486282317146],[78.019452339791599,8.785891031366498],[78.019729546544511,8.785714742428691],[78.019930978516072,8.785751058742598],[78.020248384727211,8.785211218826813],[78.020853862301578,8.784730130673829],[78.020459159023432,8.784357672217768],[78.020120951086597,8.784635692936355]]]]}},
{"type":"Feature","properties":{"Land_id":"897","dist_name":"Thoothukkudi","taluk_name":"Thoothukudi","vil_name":"Keelathattaparai","unit_id":6,"block_id":8,"survey_no":452,"sub_div":"1B","KIDE":"452/1B"},"geometry":{"type":"MultiPolygon","coordinates":[[[[78.018170976787005,8.786552201215759],[78.018019638948132,8.786773678868681],[78.018021556642722,8.786891484286567],[78.017803548929379,8.787082701059823],[78.018360247285941,8.787818391110621],[78.018576653283304,8.787672892254092],[78.019105921593479,8.787318207793923],[78.019013699349301,8.787199253022035],[78.01915404469888,8.787085611297824],[78.01931819840442,8.786952691253173],[78.019218979506462,8.786727490573687],[78.019736744770157,8.786149477316911],[78.019153573539697,8.786195713309425],[78.018735290427784,8.786289146844876],[78.018170976787005,8.786552201215759]]]]}},
{"type":"Feature","properties":{"Land_id":"898","dist_name":"Thoothukkudi","taluk_name":"Thoothukudi","vil_name":"Keelathattaparai","unit_id":6,"block_id":6,"survey_no":440,"sub_div":"1B","KIDE":"440/1B"},"geometry":{"type":"MultiPolygon","coordinates":[[[[78.022088783185851,8.784406055904958],[78.022034829636823,8.784647940664691],[78.021839463799353,8.785031548864634],[78.02186013703637,8.785085103170443],[78.022186892350263,8.784708137065337],[78.02229256497138,8.784627716727854],[78.02240676701571,8.784436316575068],[78.022262770393041,8.784266881258468],[78.022088783185851,8.784406055904958]]]]}},
{"type":"Feature","properties":{"Land_id":"899","dist_name":"Thoothukkudi","taluk_name":"Thoothukudi","vil_name":"Keelathattaparai","unit_id":6,"block_id":6,"survey_no":439,"sub_div":"2A","KIDE":"439/2A"},"geometry":{"type":"MultiPolygon","coordinates":[[[[78.021819312811033,8.783810705613117],[78.022006899006954,8.784001886571092],[78.02208022388821,8.783975029641923],[78.022044591912191,8.78359822319792],[78.021819312811033,8.783810705613117]]]]}},
{"type":"Feature","properties":{"Land_id":"900","dist_name":"Thoothukkudi","taluk_name":"Thoothukudi","vil_name":"Keelathattaparai","unit_id":6,"block_id":6,"survey_no":439,"sub_div":"1","KIDE":"439/1"},"geometry":{"type":"MultiPolygon","coordinates":[[[[78.022508855034886,8.784070757931522],[78.02265617754513,8.783952189723353],[78.022434877578178,8.783536834614324],[78.022242633906927,8.783567072892877],[78.022203117740517,8.783732779237686],[78.022508855034886,8.784070757931522]]]]}},
{"type":"Feature","properties":{"Land_id":"901","dist_name":"Thoothukkudi","taluk_name":"Thoothukudi","vil_name":"Keelathattaparai","unit_id":6,"block_id":6,"survey_no":440,"sub_div":"2B","KIDE":"440/2B"},"geometry":{"type":"MultiPolygon","coordinates":[[[[78.022588441153658,8.783343542333458],[78.022434877578178,8.783536834614324],[78.02265617754513,8.783952189723353],[78.022386510154263,8.784167900202309],[78.022407247721603,8.784253400614688],[78.023177491653385,8.783593965510647],[78.022972158871326,8.783264661708003],[78.022858162450859,8.783008099494877],[78.022586513020258,8.783180247012362],[78.022588441153658,8.783343542333458]]]]}},
{"type":"Feature","properties":{"Land_id":"902","dist_name":"Thoothukkudi","taluk_name":"Thoothukudi","vil_name":"Keelathattaparai","unit_id":6,"block_id":6,"survey_no":441,"sub_div":"1","KIDE":"441/1"},"geometry":{"type":"MultiPolygon","coordinates":[[[[78.02227069717847,8.783562658781262],[78.022434877578178,8.783536834614324],[78.022588441153658,8.783343542333458],[78.022586513020258,8.783180247012362],[78.02227069717847,8.783562658781262]]]]}},
{"type":"Feature","properties":{"Land_id":"903","dist_name":"Thoothukkudi","taluk_name":"Thoothukudi","vil_name":"Keelathattaparai","unit_id":6,"block_id":6,"survey_no":441,"sub_div":"3","KIDE":"441/3"},"geometry":{"type":"MultiPolygon","coordinates":[[[[78.022085867280694,8.783415963773967],[78.022448781245984,8.782893434393637],[78.022026092180695,8.782042967846483],[78.021996911881956,8.782061496029351],[78.021950975506243,8.782012899194111],[78.021730545768378,8.782138492534598],[78.021522054754399,8.782257283597732],[78.021383234833948,8.782459331612586],[78.022085867280694,8.783415963773967]]]]}},
{"type":"Feature","properties":{"Land_id":"904","dist_name":"Thoothukkudi","taluk_name":"Thoothukudi","vil_name":"Keelathattaparai","unit_id":6,"block_id":6,"survey_no":444,"sub_div":null,"KIDE":"444"},"geometry":{"type":"MultiPolygon","coordinates":[[[[78.019313581561462,8.784180026265355],[78.019554920090457,8.784140340986271],[78.019361123565176,8.783722992497069],[78.019786402598697,8.783450399836873],[78.020462580263967,8.783027381082654],[78.02089331484035,8.782758266424135],[78.021383234833948,8.782459331612586],[78.021522054754399,8.782257283597732],[78.021739976568313,8.782133188960104],[78.021384450260058,8.78150888414654],[78.021374637623211,8.781517188777851],[78.02079551992604,8.781991175018993],[78.020475543215554,8.782252883188633],[78.020128723972732,8.782567731072531],[78.01951385936799,8.783093245019419],[78.019061298379526,8.783315193650864],[78.01897484063403,8.783343761026952],[78.019025730316216,8.783684213338109],[78.019131878188716,8.783869124190906],[78.019313581561462,8.784180026265355]]]]}},
{"type":"Feature","properties":{"Land_id":"905","dist_name":"Thoothukkudi","taluk_name":"Thoothukudi","vil_name":"Keelathattaparai","unit_id":6,"block_id":7,"survey_no":445,"sub_div":null,"KIDE":"445"},"geometry":{"type":"MultiPolygon","coordinates":[[[[78.018118081885405,8.784270428783188],[78.018521114159583,8.784108500923377],[78.019131878188716,8.783869124190906],[78.019025730316216,8.783684213338109],[78.01897484063403,8.783343761026952],[78.018566041513125,8.783481928091254],[78.01793680189769,8.783543835701405],[78.018118081885405,8.784270428783188]]]]}},
{"type":"Feature","properties":{"Land_id":"906","dist_name":"Thoothukkudi","taluk_name":"Thoothukudi","vil_name":"Keelathattaparai","unit_id":6,"block_id":7,"survey_no":446,"sub_div":null,"KIDE":"446"},"geometry":{"type":"MultiPolygon","coordinates":[[[[78.018109380392531,8.785197873719264],[78.018788185613829,8.784866104798345],[78.01874966835048,8.784785647078502],[78.019156582643987,8.78423479960945],[78.019313581561462,8.784180026265355],[78.019131878188716,8.783869124190906],[78.018521114159583,8.784108500923377],[78.018118081885405,8.784270428783188],[78.018141886858118,8.784363466855071],[78.017887113545413,8.784523207671292],[78.018109380392531,8.785197873719264]]]]}},
{"type":"Feature","properties":{"Land_id":"907","dist_name":"Thoothukkudi","taluk_name":"Thoothukudi","vil_name":"Keelathattaparai","unit_id":6,"block_id":7,"survey_no":448,"sub_div":null,"KIDE":"448"},"geometry":{"type":"MultiPolygon","coordinates":[[[[78.019105288069511,8.785403181359149],[78.01924304245091,8.785299666140332],[78.019794598325745,8.784885201579014],[78.020120951086597,8.784635692936355],[78.01993499400686,8.784289780556481],[78.019815156626493,8.784056507496626],[78.019554920090457,8.784140340986271],[78.019313581561462,8.784180026265355],[78.019156582643987,8.78423479960945],[78.01874966835048,8.784785647078502],[78.018788185613829,8.784866104798345],[78.019105288069511,8.785403181359149]]]]}},
{"type":"Feature","properties":{"Land_id":"908","dist_name":"Thoothukkudi","taluk_name":"Thoothukudi","vil_name":"Keelathattaparai","unit_id":6,"block_id":7,"survey_no":447,"sub_div":null,"KIDE":"447"},"geometry":{"type":"MultiPolygon","coordinates":[[[[78.018254219262758,8.785787460458771],[78.018502047818401,8.785632814335409],[78.018654180957853,8.785835735996258],[78.019149050154283,8.785486282317146],[78.019107450744457,8.785406846017768],[78.019105288069511,8.785403181359149],[78.018788185613829,8.784866104798345],[78.018109380392531,8.785197873719264],[78.01804714941332,8.78522389466429],[78.018074166126468,8.785323562004042],[78.018254219262758,8.785787460458771]]]]}},
{"type":"Feature","properties":{"Land_id":"909","dist_name":"Thoothukkudi","taluk_name":"Thoothukudi","vil_name":"Keelathattaparai","unit_id":6,"block_id":8,"survey_no":452,"sub_div":"5B","KIDE":"452/5B"},"geometry":{"type":"MultiPolygon","coordinates":[[[[78.018342733775199,8.786226685997907],[78.019134807190667,8.785852798757407],[78.019452339791599,8.785891031366498],[78.019149050154283,8.785486282317146],[78.018654180957853,8.785835735996258],[78.018502047818401,8.785632814335409],[78.018254219262758,8.785787460458771],[78.018273412464836,8.785836911258951],[78.018148863414453,8.785895782073259],[78.018342733775199,8.786226685997907]]]]}},
{"type":"Feature","properties":{"Land_id":"910","dist_name":"Thoothukkudi","taluk_name":"Thoothukudi","vil_name":"Keelathattaparai","unit_id":6,"block_id":8,"survey_no":453,"sub_div":"2","KIDE":"453/2"},"geometry":{"type":"MultiPolygon","coordinates":[[[[78.018074166126468,8.785323562004042],[78.01671579224157,8.786010982986916],[78.016786650865654,8.786167960183754],[78.016748567775423,8.78619530164128],[78.017126476425602,8.786379714426854],[78.017238986491648,8.786325855166545],[78.018273412464836,8.785836911258951],[78.018244630890493,8.785762756823482],[78.018074166126468,8.785323562004042]]]]}},
{"type":"Feature","properties":{"Land_id":"911","dist_name":"Thoothukkudi","taluk_name":"Thoothukudi","vil_name":"Keelathattaparai","unit_id":6,"block_id":6,"survey_no":449,"sub_div":null,"KIDE":"449"},"geometry":{"type":"MultiPolygon","coordinates":[[[[78.01993499400686,8.784289780556481],[78.020191844302218,8.784109031225514],[78.020628193084676,8.783805283699863],[78.020391812255724,8.783477922954368],[78.020060453707316,8.783712553589755],[78.019815156626493,8.784056507496626],[78.01993499400686,8.784289780556481]]]]}},
{"type":"Feature","properties":{"Land_id":"912","dist_name":"Thoothukkudi","taluk_name":"Thoothukudi","vil_name":"Keelathattaparai","unit_id":6,"block_id":8,"survey_no":452,"sub_div":"2","KIDE":"452/2"},"geometry":{"type":"MultiPolygon","coordinates":[[[[78.017682656391031,8.786993021397333],[78.018186254094289,8.787935374053511],[78.018333263924703,8.787836533159611],[78.017778067579968,8.78710505106644],[78.017682656391031,8.786993021397333]]]]}},
{"type":"Feature","properties":{"Land_id":"913","dist_name":"Thoothukkudi","taluk_name":"Thoothukudi","vil_name":"Keelathattaparai","unit_id":6,"block_id":8,"survey_no":452,"sub_div":"3","KIDE":"452/3"},"geometry":{"type":"MultiPolygon","coordinates":[[[[78.017474753429752,8.786636404055233],[78.017309514879528,8.786484108810566],[78.017366320935253,8.78661157188737],[78.017474753429752,8.786636404055233]]]]}},
{"type":"Feature","properties":{"Land_id":"914","dist_name":"Thoothukkudi","taluk_name":"Thoothukudi","vil_name":"Keelathattaparai","unit_id":6,"block_id":8,"survey_no":452,"sub_div":"6","KIDE":"452/6"},"geometry":{"type":"MultiPolygon","coordinates":[[[[78.018333263924703,8.787836533159611],[78.018360247285941,8.787818391110621],[78.017803548929379,8.787082701059823],[78.017778067579968,8.78710505106644],[78.018333263924703,8.787836533159611]]]]}},
{"type":"Feature","properties":{"Land_id":"915","dist_name":"Thoothukkudi","taluk_name":"Thoothukudi","vil_name":"Keelathattaparai","unit_id":6,"block_id":8,"survey_no":452,"sub_div":"5A","KIDE":"452/5A"},"geometry":{"type":"MultiPolygon","coordinates":[[[[78.018148863414453,8.785895782073259],[78.017238986491648,8.786325855166545],[78.017309514879528,8.786484108810566],[78.017474753429752,8.786636404055233],[78.018342733775199,8.786226685997907],[78.018148863414453,8.785895782073259]]]]}},
{"type":"Feature","properties":{"Land_id":"916","dist_name":"Thoothukkudi","taluk_name":"Thoothukudi","vil_name":"Keelathattaparai","unit_id":6,"block_id":8,"survey_no":454,"sub_div":"2","KIDE":"454/2"},"geometry":{"type":"MultiPolygon","coordinates":[[[[78.016533241114786,8.786663699817236],[78.016386456434262,8.786455276653699],[78.015967998541129,8.786631997231744],[78.016255276174718,8.787405994476179],[78.017366320935253,8.78661157188737],[78.017316556333668,8.786499908629768],[78.017067485700522,8.786407953649613],[78.016533241114786,8.786663699817236]]]]}},
{"type":"Feature","properties":{"Land_id":"917","dist_name":"Thoothukkudi","taluk_name":"Thoothukudi","vil_name":"Keelathattaparai","unit_id":6,"block_id":8,"survey_no":454,"sub_div":"3","KIDE":"454/3"},"geometry":{"type":"MultiPolygon","coordinates":[[[[78.017301973011314,8.786467186147728],[78.017238986491648,8.786325855166545],[78.017096462372677,8.786394082338511],[78.017301973011314,8.786467186147728]]]]}},
{"type":"Feature","properties":{"Land_id":"918","dist_name":"Thoothukkudi","taluk_name":"Thoothukudi","vil_name":"Keelathattaparai","unit_id":6,"block_id":8,"survey_no":454,"sub_div":"4","KIDE":"454/4"},"geometry":{"type":"MultiPolygon","coordinates":[[[[78.017301973011314,8.786467186147728],[78.017096462372677,8.786394082338511],[78.017067485700522,8.786407953649613],[78.017316556333668,8.786499908629768],[78.017301973011314,8.786467186147728]]]]}},
{"type":"Feature","properties":{"Land_id":"919","dist_name":"Thoothukkudi","taluk_name":"Thoothukudi","vil_name":"Keelathattaparai","unit_id":6,"block_id":8,"survey_no":460,"sub_div":"1","KIDE":"460/1"},"geometry":{"type":"MultiPolygon","coordinates":[[[[78.018829643456371,8.788720640918728],[78.018321259178393,8.787844604455609],[78.018186254094289,8.787935374053511],[78.018137320989823,8.788025800314651],[78.018082009996249,8.788128012639094],[78.018326599706455,8.788439073124421],[78.018455855481818,8.788361413329055],[78.018753377695674,8.788805116569772],[78.018829643456371,8.788720640918728]]]]}},
{"type":"Feature","properties":{"Land_id":"920","dist_name":"Thoothukkudi","taluk_name":"Thoothukudi","vil_name":"Keelathattaparai","unit_id":6,"block_id":8,"survey_no":453,"sub_div":"1","KIDE":"453/1"},"geometry":{"type":"MultiPolygon","coordinates":[[[[78.016720095890477,8.786215742808963],[78.016386456434262,8.786455276653699],[78.016533241114786,8.786663699817236],[78.017098039715293,8.786393327254903],[78.016720095890477,8.786215742808963]]]]}},
{"type":"Feature","properties":{"Land_id":"921","dist_name":"Thoothukkudi","taluk_name":"Thoothukudi","vil_name":"Keelathattaparai","unit_id":6,"block_id":8,"survey_no":453,"sub_div":"3","KIDE":"453/3"},"geometry":{"type":"MultiPolygon","coordinates":[[[[78.016720095890477,8.786215742808963],[78.017098039715293,8.786393327254903],[78.017126476425602,8.786379714426854],[78.016748567775423,8.78619530164128],[78.016720095890477,8.786215742808963]]]]}},
{"type":"Feature","properties":{"Land_id":"922","dist_name":"Thoothukkudi","taluk_name":"Thoothukudi","vil_name":"Keelathattaparai","unit_id":6,"block_id":8,"survey_no":454,"sub_div":"1","KIDE":"454/1"},"geometry":{"type":"MultiPolygon","coordinates":[[[[78.01540509491636,8.786869719247719],[78.015536446963239,8.787767991667678],[78.016050920188903,8.787552113711927],[78.016255276174718,8.787405994476179],[78.015967998541129,8.786631997231744],[78.01540509491636,8.786869719247719]]]]}},
{"type":"Feature","properties":{"Land_id":"923","dist_name":"Thoothukkudi","taluk_name":"Thoothukudi","vil_name":"Keelathattaparai","unit_id":6,"block_id":8,"survey_no":456,"sub_div":null,"KIDE":"456"},"geometry":{"type":"MultiPolygon","coordinates":[[[[78.015903369980677,8.789152063320667],[78.016062327351392,8.789105384213478],[78.016087434934917,8.789158903216471],[78.016373560755227,8.78905928482521],[78.016620990657458,8.788973138916454],[78.016245891339835,8.787926407157235],[78.015682797885503,8.78813123171898],[78.015858279406103,8.78890460905961],[78.015903369980677,8.789152063320667]]]]}},
{"type":"Feature","properties":{"Land_id":"924","dist_name":"Thoothukkudi","taluk_name":"Thoothukudi","vil_name":"Keelathattaparai","unit_id":6,"block_id":8,"survey_no":462,"sub_div":null,"KIDE":"462"},"geometry":{"type":"MultiPolygon","coordinates":[[[[78.016495407197198,8.79002853597931],[78.017321195299459,8.789532368729006],[78.01768227060289,8.789312766655895],[78.018013287871355,8.789363159034087],[78.017807140336231,8.788751177066985],[78.017773949904338,8.7886526451924],[78.017393376526655,8.788918240889231],[78.017175232825622,8.788767345617966],[78.016644052793737,8.788965109486135],[78.016620990657458,8.788973138916454],[78.01638565044793,8.789055075642914],[78.016087434934917,8.789158903216471],[78.016495407197198,8.79002853597931]]]]}},
{"type":"Feature","properties":{"Land_id":"925","dist_name":"Thoothukkudi","taluk_name":"Thoothukudi","vil_name":"Keelathattaparai","unit_id":6,"block_id":8,"survey_no":463,"sub_div":null,"KIDE":"463"},"geometry":{"type":"MultiPolygon","coordinates":[[[[78.016104820847204,8.790756928554107],[78.016506339080479,8.790177245855777],[78.016541415050369,8.790126605732389],[78.016495407197198,8.79002853597931],[78.016087434934917,8.789158903216471],[78.016062327351392,8.789105384213478],[78.015903369980677,8.789152063320667],[78.015924299184633,8.789266924532315],[78.015950805041172,8.789571039021034],[78.01598025622738,8.789908946699134],[78.016039131089826,8.790573283405426],[78.016104820847204,8.790756928554107]]]]}},
{"type":"Feature","properties":{"Land_id":"926","dist_name":"Thoothukkudi","taluk_name":"Thoothukudi","vil_name":"Keelathattaparai","unit_id":6,"block_id":8,"survey_no":459,"sub_div":null,"KIDE":"459"},"geometry":{"type":"MultiPolygon","coordinates":[[[[78.017807140336231,8.788751177066985],[78.018326599706455,8.788439073124421],[78.018082009996249,8.788128012639094],[78.017795127552461,8.788306736421456],[78.017279164774067,8.788628171489357],[78.017175232825622,8.788767345617966],[78.017393376526655,8.788918240889231],[78.017773949904338,8.7886526451924],[78.017807140336231,8.788751177066985]]]]}},
{"type":"Feature","properties":{"Land_id":"927","dist_name":"Thoothukkudi","taluk_name":"Thoothukudi","vil_name":"Keelathattaparai","unit_id":6,"block_id":8,"survey_no":461,"sub_div":null,"KIDE":"461"},"geometry":{"type":"MultiPolygon","coordinates":[[[[78.018013287871355,8.789363159034087],[78.018368366519624,8.789300002923346],[78.018366215762072,8.789160701268258],[78.018753377695674,8.788805116569772],[78.018455855481818,8.788361413329055],[78.018326599706455,8.788439073124421],[78.017807140336231,8.788751177066985],[78.018013287871355,8.789363159034087]]]]}},
{"type":"Feature","properties":{"Land_id":"928","dist_name":"Thoothukkudi","taluk_name":"Thoothukudi","vil_name":"Keelathattaparai","unit_id":6,"block_id":9,"survey_no":464,"sub_div":null,"KIDE":"464"},"geometry":{"type":"MultiPolygon","coordinates":[[[[78.016991134887377,8.791281952179864],[78.017617290005191,8.790991866634823],[78.017923194701311,8.790773274891498],[78.017886235456558,8.790696128705829],[78.017734904064696,8.790380244837209],[78.017321195299459,8.789532368729006],[78.016495407197198,8.79002853597931],[78.016541415050369,8.790126605732389],[78.016495726345227,8.790192567747775],[78.016104820847204,8.790756928554107],[78.016181556177415,8.790971453463815],[78.016520597224456,8.790844931085772],[78.016827261036013,8.791391544475927],[78.016991134887377,8.791281952179864]]]]}},
{"type":"Feature","properties":{"Land_id":"929","dist_name":"Thoothukkudi","taluk_name":"Thoothukudi","vil_name":"Keelathattaparai","unit_id":6,"block_id":9,"survey_no":465,"sub_div":null,"KIDE":"465"},"geometry":{"type":"MultiPolygon","coordinates":[[[[78.016459011524319,8.791769747078639],[78.017125032486305,8.791593482740895],[78.017128391547757,8.791591626563939],[78.016991134887377,8.791281952179864],[78.016827261036013,8.791391544475927],[78.016520597224456,8.790844931085772],[78.016181556177415,8.790971453463815],[78.016459011524319,8.791769747078639]]]]}},
{"type":"Feature","properties":{"Land_id":"930","dist_name":"Thoothukkudi","taluk_name":"Thoothukudi","vil_name":"Keelathattaparai","unit_id":6,"block_id":9,"survey_no":466,"sub_div":null,"KIDE":"466"},"geometry":{"type":"MultiPolygon","coordinates":[[[[78.017617290005191,8.790991866634823],[78.016991134887377,8.791281952179864],[78.017128391547757,8.791591626563939],[78.017715886141787,8.791267069565583],[78.017617290005191,8.790991866634823]]]]}},
{"type":"Feature","properties":{"Land_id":"931","dist_name":"Thoothukkudi","taluk_name":"Thoothukudi","vil_name":"Keelathattaparai","unit_id":6,"block_id":9,"survey_no":467,"sub_div":"2","KIDE":"467/2"},"geometry":{"type":"MultiPolygon","coordinates":[[[[78.016609408230735,8.792168433387291],[78.01703827285796,8.793305309713984],[78.017171642872071,8.793658860000278],[78.017306363215241,8.794453792068111],[78.017806748726883,8.793735856213626],[78.01804716466971,8.793631189759871],[78.018143746731695,8.792833708835769],[78.018389561633569,8.792498941735339],[78.018269526635862,8.79199386531679],[78.019055967154387,8.790859380991799],[78.018653824898891,8.79031912953935],[78.018592689657922,8.790255486838058],[78.017886235456558,8.790696128705829],[78.017923194701311,8.790773274891498],[78.017617290005191,8.790991866634823],[78.017715886141787,8.791267069565583],[78.017125032486305,8.791593482740895],[78.016459011524319,8.791769747078639],[78.016609408230735,8.792168433387291]]]]}},
{"type":"Feature","properties":{"Land_id":"934","dist_name":"Thoothukkudi","taluk_name":"Thoothukudi","vil_name":"Keelathattaparai","unit_id":7,"block_id":2,"survey_no":282,"sub_div":"1","KIDE":"282/1"},"geometry":{"type":"MultiPolygon","coordinates":[[[[78.036075981999744,8.779105293913153],[78.035819998113041,8.778628984999836],[78.035646003886058,8.77887958869823],[78.035904499599212,8.779208174943877],[78.036075981999744,8.779105293913153]]]]}},
{"type":"Feature","properties":{"Land_id":"935","dist_name":"Thoothukkudi","taluk_name":"Thoothukudi","vil_name":"Keelathattaparai","unit_id":7,"block_id":2,"survey_no":282,"sub_div":"2","KIDE":"282/2"},"geometry":{"type":"MultiPolygon","coordinates":[[[[78.03635859829879,8.777854112835078],[78.035819998113041,8.778628984999836],[78.036075981999744,8.779105293913153],[78.03652680720819,8.778781825098321],[78.03635859829879,8.777854112835078]]]]}},
{"type":"Feature","properties":{"Land_id":"936","dist_name":"Thoothukkudi","taluk_name":"Thoothukudi","vil_name":"Keelathattaparai","unit_id":7,"block_id":2,"survey_no":282,"sub_div":"3","KIDE":"282/3"},"geometry":{"type":"MultiPolygon","coordinates":[[[[78.037094083790151,8.780301555393631],[78.036605844886566,8.778013315868714],[78.036751489184468,8.777928051263929],[78.036594784940775,8.777534284682686],[78.03635859829879,8.777854112835078],[78.03652680720819,8.778781825098321],[78.03666852793171,8.780102466896736],[78.036780337237289,8.780407339353063],[78.037058762893963,8.780313355010874],[78.037094083790151,8.780301555393631]]]]}},
{"type":"Feature","properties":{"Land_id":"937","dist_name":"Thoothukkudi","taluk_name":"Thoothukudi","vil_name":"Keelathattaparai","unit_id":7,"block_id":2,"survey_no":282,"sub_div":"4","KIDE":"282/4"},"geometry":{"type":"MultiPolygon","coordinates":[[[[78.036788197797662,8.777889629868001],[78.036975067091618,8.777579531999315],[78.036778126210351,8.77728601619885],[78.036594784940775,8.777534284682686],[78.036751489184468,8.777928051263929],[78.036605844886566,8.778013315868714],[78.037094083790151,8.780301555393631],[78.037458897795133,8.780195044998637],[78.036788197797662,8.777889629868001]]]]}},
{"type":"Feature","properties":{"Land_id":"938","dist_name":"Thoothukkudi","taluk_name":"Thoothukudi","vil_name":"Keelathattaparai","unit_id":7,"block_id":2,"survey_no":282,"sub_div":"5","KIDE":"282/5"},"geometry":{"type":"MultiPolygon","coordinates":[[[[78.037011324419694,8.777021348401123],[78.036778126210351,8.77728601619885],[78.036975067091618,8.777579531999315],[78.037166957560004,8.777283362727292],[78.037011324419694,8.777021348401123]]]]}},
{"type":"Feature","properties":{"Land_id":"939","dist_name":"Thoothukkudi","taluk_name":"Thoothukudi","vil_name":"Keelathattaparai","unit_id":7,"block_id":2,"survey_no":283,"sub_div":"1A","KIDE":"283/1A"},"geometry":{"type":"MultiPolygon","coordinates":[[[[78.037106708206665,8.778942522149649],[78.037483441175041,8.780187879360659],[78.037961333922723,8.78007138896797],[78.037593007633632,8.778794265254739],[78.037385964351742,8.778857904271465],[78.037106708206665,8.778942522149649]]]]}},
{"type":"Feature","properties":{"Land_id":"940","dist_name":"Thoothukkudi","taluk_name":"Thoothukudi","vil_name":"Keelathattaparai","unit_id":7,"block_id":2,"survey_no":283,"sub_div":"2","KIDE":"283/2"},"geometry":{"type":"MultiPolygon","coordinates":[[[[78.036783727194972,8.777874851503057],[78.037106708206665,8.778942522149649],[78.037385964351742,8.778857904271465],[78.036988071845187,8.777559460088344],[78.036783727194972,8.777874851503057]]]]}},
{"type":"Feature","properties":{"Land_id":"941","dist_name":"Thoothukkudi","taluk_name":"Thoothukudi","vil_name":"Keelathattaparai","unit_id":7,"block_id":2,"survey_no":283,"sub_div":"3","KIDE":"283/3"},"geometry":{"type":"MultiPolygon","coordinates":[[[[78.037385964351742,8.778857904271465],[78.037593007633632,8.778794265254739],[78.037541861300681,8.778622012388759],[78.037148764988757,8.777311441665379],[78.036988071845187,8.777559460088344],[78.037385964351742,8.778857904271465]]]]}},
{"type":"Feature","properties":{"Land_id":"942","dist_name":"Thoothukkudi","taluk_name":"Thoothukudi","vil_name":"Keelathattaparai","unit_id":7,"block_id":2,"survey_no":283,"sub_div":"1C","KIDE":"283/1C"},"geometry":{"type":"MultiPolygon","coordinates":[[[[78.037541861300681,8.778622012388759],[78.037746999769041,8.778524381540944],[78.037214454845184,8.776840290964929],[78.037024337411736,8.777008777431],[78.037166957560004,8.777283362727292],[78.037148764988757,8.777311441665379],[78.037541861300681,8.778622012388759]]]]}},
{"type":"Feature","properties":{"Land_id":"943","dist_name":"Thoothukkudi","taluk_name":"Thoothukudi","vil_name":"Keelathattaparai","unit_id":7,"block_id":3,"survey_no":341,"sub_div":"1A1B","KIDE":"341/1A1B"},"geometry":{"type":"MultiPolygon","coordinates":[[[[78.036174244066885,8.777745616171707],[78.035815561375244,8.778296527774245],[78.035881186412752,8.778541623986705],[78.036336715414038,8.777884795803732],[78.036174244066885,8.777745616171707]]]]}},
{"type":"Feature","properties":{"Land_id":"944","dist_name":"Thoothukkudi","taluk_name":"Thoothukudi","vil_name":"Keelathattaparai","unit_id":7,"block_id":3,"survey_no":341,"sub_div":"1A1C","KIDE":"341/1A1C"},"geometry":{"type":"MultiPolygon","coordinates":[[[[78.036672408786941,8.776948249013683],[78.036540594192573,8.777528837956829],[78.036557487430002,8.777584790476995],[78.036983810151,8.777054603069962],[78.036740866558432,8.77673913192414],[78.036672408786941,8.776948249013683]]]]}},
{"type":"Feature","properties":{"Land_id":"945","dist_name":"Thoothukkudi","taluk_name":"Thoothukudi","vil_name":"Keelathattaparai","unit_id":7,"block_id":3,"survey_no":341,"sub_div":"1A1D","KIDE":"341/1A1D"},"geometry":{"type":"MultiPolygon","coordinates":[[[[78.036911382556795,8.776473734189466],[78.036740866558432,8.77673913192414],[78.036983810151,8.777054603069962],[78.037169305449893,8.776887292769958],[78.036911382556795,8.776473734189466]]]]}},
{"type":"Feature","properties":{"Land_id":"947","dist_name":"Thoothukkudi","taluk_name":"Thoothukudi","vil_name":"Keelathattaparai","unit_id":7,"block_id":2,"survey_no":283,"sub_div":"1B","KIDE":"283/1B"},"geometry":{"type":"MultiPolygon","coordinates":[[[[78.038387943139156,8.77999065860881],[78.038182615776265,8.779256930389213],[78.037940270653309,8.778432398692484],[78.037746999769041,8.778524381540944],[78.037541861300681,8.778622012388759],[78.037593007633632,8.778794265254739],[78.037961333922723,8.78007138896797],[78.03813357243493,8.780029404376199],[78.038387943139156,8.77999065860881]]]]}},
{"type":"Feature","properties":{"Land_id":"948","dist_name":"Thoothukkudi","taluk_name":"Thoothukudi","vil_name":"Keelathattaparai","unit_id":7,"block_id":2,"survey_no":283,"sub_div":"4","KIDE":"283/4"},"geometry":{"type":"MultiPolygon","coordinates":[[[[78.038701120447044,8.779942955414528],[78.038558538599759,8.779229030067585],[78.038541687263915,8.779174968788302],[78.038182615776265,8.779256930389213],[78.038387943139156,8.77999065860881],[78.038701120447044,8.779942955414528]]]]}},
{"type":"Feature","properties":{"Land_id":"949","dist_name":"Thoothukkudi","taluk_name":"Thoothukudi","vil_name":"Keelathattaparai","unit_id":7,"block_id":2,"survey_no":283,"sub_div":"5","KIDE":"283/5"},"geometry":{"type":"MultiPolygon","coordinates":[[[[78.038541687263915,8.779174968788302],[78.038280064714002,8.778335649587062],[78.037940270653309,8.778432398692484],[78.038182615776265,8.779256930389213],[78.038541687263915,8.779174968788302]]]]}},
{"type":"Feature","properties":{"Land_id":"950","dist_name":"Thoothukkudi","taluk_name":"Thoothukudi","vil_name":"Keelathattaparai","unit_id":7,"block_id":2,"survey_no":283,"sub_div":"1D","KIDE":"283/1D"},"geometry":{"type":"MultiPolygon","coordinates":[[[[78.037746999769041,8.778524381540944],[78.037940270653309,8.778432398692484],[78.037376538997378,8.77669664824098],[78.037214454845184,8.776840290964929],[78.037746999769041,8.778524381540944]]]]}},
{"type":"Feature","properties":{"Land_id":"951","dist_name":"Thoothukkudi","taluk_name":"Thoothukudi","vil_name":"Keelathattaparai","unit_id":7,"block_id":2,"survey_no":283,"sub_div":"1E","KIDE":"283/1E"},"geometry":{"type":"MultiPolygon","coordinates":[[[[78.038180146487292,8.778015098907273],[78.038058893892511,8.777688190894851],[78.037613298852932,8.776486826181811],[78.037376538997378,8.77669664824098],[78.037940270653309,8.778432398692484],[78.038280064714002,8.778335649587062],[78.038180146487292,8.778015098907273]]]]}},
{"type":"Feature","properties":{"Land_id":"952","dist_name":"Thoothukkudi","taluk_name":"Thoothukudi","vil_name":"Keelathattaparai","unit_id":7,"block_id":2,"survey_no":333,"sub_div":"2A1","KIDE":"333/2A1"},"geometry":{"type":"MultiPolygon","coordinates":[[[[78.038584012058507,8.779356578898089],[78.038701120447044,8.779942955414528],[78.038728113156338,8.780031478828855],[78.039569532195301,8.77987508647716],[78.039400123415263,8.779179172601403],[78.038584012058507,8.779356578898089]]]]}},
{"type":"Feature","properties":{"Land_id":"953","dist_name":"Thoothukkudi","taluk_name":"Thoothukudi","vil_name":"Keelathattaparai","unit_id":7,"block_id":2,"survey_no":333,"sub_div":"2B","KIDE":"333/2B"},"geometry":{"type":"MultiPolygon","coordinates":[[[[78.038584012058507,8.779356578898089],[78.039400123415263,8.779179172601403],[78.040003402932783,8.779049219872288],[78.039987804559487,8.77887374735295],[78.039860986792988,8.778866894784819],[78.038558538599759,8.779229030067585],[78.038584012058507,8.779356578898089]]]]}},
{"type":"Feature","properties":{"Land_id":"954","dist_name":"Thoothukkudi","taluk_name":"Thoothukudi","vil_name":"Keelathattaparai","unit_id":7,"block_id":3,"survey_no":336,"sub_div":"1","KIDE":"336/1"},"geometry":{"type":"MultiPolygon","coordinates":[[[[78.038554302973367,8.779215441626665],[78.039904437154021,8.778869242858342],[78.039920854653772,8.778639360490915],[78.038486132519822,8.778996741936492],[78.038554302973367,8.779215441626665]]]]}},
{"type":"Feature","properties":{"Land_id":"955","dist_name":"Thoothukkudi","taluk_name":"Thoothukudi","vil_name":"Keelathattaparai","unit_id":7,"block_id":3,"survey_no":336,"sub_div":"2","KIDE":"336/2"},"geometry":{"type":"MultiPolygon","coordinates":[[[[78.038486132519822,8.778996741936492],[78.039920854653772,8.778639360490915],[78.039715260564662,8.777643943388131],[78.03818691104992,8.778036800504887],[78.038486132519822,8.778996741936492]]]]}},
{"type":"Feature","properties":{"Land_id":"956","dist_name":"Thoothukkudi","taluk_name":"Thoothukudi","vil_name":"Keelathattaparai","unit_id":7,"block_id":3,"survey_no":337,"sub_div":null,"KIDE":"337"},"geometry":{"type":"MultiPolygon","coordinates":[[[[78.038180146487292,8.778015098907273],[78.039710821399154,8.777623392424628],[78.039723481968281,8.777606265260292],[78.039768137050416,8.777545856054134],[78.040050128892773,8.777471905560496],[78.040000428143017,8.777197602035285],[78.039830624589612,8.777207021832597],[78.039820410947442,8.777263475684775],[78.039292165853865,8.77739039982043],[78.038304851391771,8.77762762688841],[78.038061829941711,8.777704312656532],[78.038180146487292,8.778015098907273]]]]}},
{"type":"Feature","properties":{"Land_id":"957","dist_name":"Thoothukkudi","taluk_name":"Thoothukudi","vil_name":"Keelathattaparai","unit_id":7,"block_id":3,"survey_no":338,"sub_div":null,"KIDE":"338"},"geometry":{"type":"MultiPolygon","coordinates":[[[[78.038061829941711,8.777704312656532],[78.038304851391771,8.77762762688841],[78.038037455316143,8.776634147967965],[78.037787888951627,8.776300440283897],[78.037613298852932,8.776486826181811],[78.038061829941711,8.777704312656532]]]]}},
{"type":"Feature","properties":{"Land_id":"958","dist_name":"Thoothukkudi","taluk_name":"Thoothukudi","vil_name":"Keelathattaparai","unit_id":7,"block_id":3,"survey_no":341,"sub_div":"1A1E","KIDE":"341/1A1E"},"geometry":{"type":"MultiPolygon","coordinates":[[[[78.037169305449893,8.776887292769958],[78.037474431825473,8.776612079404746],[78.037354957324354,8.776179028026583],[78.037340272722773,8.776119168087348],[78.036911382556795,8.776473734189466],[78.037169305449893,8.776887292769958]]]]}},
{"type":"Feature","properties":{"Land_id":"959","dist_name":"Thoothukkudi","taluk_name":"Thoothukudi","vil_name":"Keelathattaparai","unit_id":7,"block_id":3,"survey_no":341,"sub_div":"1A2","KIDE":"341/1A2"},"geometry":{"type":"MultiPolygon","coordinates":[[[[78.03844118688616,8.774621196030067],[78.037656808520225,8.775509628272371],[78.037485782555706,8.775802526315411],[78.037354957324354,8.776179028026583],[78.037474431825473,8.776612079404746],[78.037569867746868,8.776525999527061],[78.037737711671994,8.776354007681993],[78.037638761975799,8.776227217382782],[78.037516390268863,8.775859808472404],[78.038068477109576,8.775586337659856],[78.038833151896313,8.774927572669608],[78.03844118688616,8.774621196030067]]]]}},
{"type":"Feature","properties":{"Land_id":"960","dist_name":"Thoothukkudi","taluk_name":"Thoothukudi","vil_name":"Keelathattaparai","unit_id":7,"block_id":2,"survey_no":333,"sub_div":"1A","KIDE":"333/1A"},"geometry":{"type":"MultiPolygon","coordinates":[[[[78.038895341407468,8.780579908984489],[78.039032688726181,8.781030343709906],[78.039150410094365,8.78141641453132],[78.0399924769915,8.78118489749941],[78.039931836759422,8.780483184047],[78.039885829486821,8.780398692049527],[78.038895341407468,8.780579908984489]]]]}},
{"type":"Feature","properties":{"Land_id":"961","dist_name":"Thoothukkudi","taluk_name":"Thoothukudi","vil_name":"Keelathattaparai","unit_id":7,"block_id":2,"survey_no":333,"sub_div":"1B","KIDE":"333/1B"},"geometry":{"type":"MultiPolygon","coordinates":[[[[78.038895341407468,8.780579908984489],[78.039885829486821,8.780398692049527],[78.039931836759422,8.780483184047],[78.0401226330317,8.780434770582923],[78.040099574951029,8.780131098476691],[78.040097166035352,8.780103999593099],[78.040068799854325,8.779784896751003],[78.039569532195301,8.77987508647716],[78.038728113156338,8.780031478828855],[78.038895341407468,8.780579908984489]]]]}},
{"type":"Feature","properties":{"Land_id":"962","dist_name":"Thoothukkudi","taluk_name":"Thoothukudi","vil_name":"Keelathattaparai","unit_id":7,"block_id":2,"survey_no":333,"sub_div":"2A2","KIDE":"333/2A2"},"geometry":{"type":"MultiPolygon","coordinates":[[[[78.039569532195301,8.77987508647716],[78.040068799854325,8.779784896751003],[78.040003402932783,8.779049219872288],[78.039400123415263,8.779179172601403],[78.039569532195301,8.77987508647716]]]]}},
{"type":"Feature","properties":{"Land_id":"963","dist_name":"Thoothukkudi","taluk_name":"Thoothukudi","vil_name":"Keelathattaparai","unit_id":7,"block_id":3,"survey_no":335,"sub_div":null,"KIDE":"335"},"geometry":{"type":"MultiPolygon","coordinates":[[[[78.040099574951029,8.780131098476691],[78.040123994105443,8.780124719123133],[78.04074273389574,8.779961277351031],[78.040070916291185,8.777546619954684],[78.040050128892773,8.777471905560496],[78.039768137050416,8.777545856054134],[78.039734769307543,8.777590995795491],[78.039710821399154,8.777623392424628],[78.03987266886935,8.778372659702427],[78.0399629597173,8.778872405439227],[78.039987804559487,8.77887374735295],[78.040099574951029,8.780131098476691]]]]}},
{"type":"Feature","properties":{"Land_id":"966","dist_name":"Thoothukkudi","taluk_name":"Thoothukudi","vil_name":"Keelathattaparai","unit_id":7,"block_id":3,"survey_no":339,"sub_div":"1A","KIDE":"339/1A"},"geometry":{"type":"MultiPolygon","coordinates":[[[[78.038721691285033,8.777527470646916],[78.038518465292555,8.776920493594751],[78.038151025201799,8.777056103627288],[78.038304851391771,8.77762762688841],[78.038721691285033,8.777527470646916]]]]}},
{"type":"Feature","properties":{"Land_id":"967","dist_name":"Thoothukkudi","taluk_name":"Thoothukudi","vil_name":"Keelathattaparai","unit_id":7,"block_id":3,"survey_no":339,"sub_div":"1B","KIDE":"339/1B"},"geometry":{"type":"MultiPolygon","coordinates":[[[[78.038721691285033,8.777527470646916],[78.039339195609529,8.777379099741811],[78.039820410947442,8.777263475684775],[78.039573828344203,8.776550050360203],[78.038518465292555,8.776920493594751],[78.038721691285033,8.777527470646916]]]]}},
{"type":"Feature","properties":{"Land_id":"968","dist_name":"Thoothukkudi","taluk_name":"Thoothukudi","vil_name":"Keelathattaparai","unit_id":7,"block_id":3,"survey_no":339,"sub_div":"2","KIDE":"339/2"},"geometry":{"type":"MultiPolygon","coordinates":[[[[78.038518465292555,8.776920493594751],[78.039573828344203,8.776550050360203],[78.039356730930649,8.775894282953766],[78.038726357462394,8.776207233496976],[78.038037455316143,8.776634147967965],[78.038151025201799,8.777056103627288],[78.038518465292555,8.776920493594751]]]]}},
{"type":"Feature","properties":{"Land_id":"969","dist_name":"Thoothukkudi","taluk_name":"Thoothukudi","vil_name":"Keelathattaparai","unit_id":7,"block_id":3,"survey_no":340,"sub_div":null,"KIDE":"340"},"geometry":{"type":"MultiPolygon","coordinates":[[[[78.039356730930649,8.775894282953766],[78.039306398536098,8.775757599762631],[78.039151132045575,8.775335956413716],[78.038910259709738,8.774987773179564],[78.038901437011575,8.774980947240305],[78.038380509536196,8.775384767543777],[78.038192198258429,8.77568284795689],[78.037787888951627,8.776300440283897],[78.038037455316143,8.776634147967965],[78.038726357462394,8.776207233496976],[78.039356730930649,8.775894282953766]]]]}},
{"type":"Feature","properties":{"Land_id":"970","dist_name":"Thoothukkudi","taluk_name":"Thoothukudi","vil_name":"Keelathattaparai","unit_id":7,"block_id":3,"survey_no":341,"sub_div":"2","KIDE":"341/2"},"geometry":{"type":"MultiPolygon","coordinates":[[[[78.038068477109576,8.775586337659856],[78.037516390268863,8.775859808472404],[78.037638761975799,8.776227217382782],[78.037737711671994,8.776354007681993],[78.038392627462073,8.775375373789872],[78.038853524675176,8.775018088637404],[78.038833151896313,8.774927572669608],[78.038068477109576,8.775586337659856]]]]}},
{"type":"Feature","properties":{"Land_id":"971","dist_name":"Thoothukkudi","taluk_name":"Thoothukudi","vil_name":"Keelathattaparai","unit_id":7,"block_id":5,"survey_no":341,"sub_div":"1B","KIDE":"341/1B"},"geometry":{"type":"MultiPolygon","coordinates":[[[[78.035358732417961,8.778340271602707],[78.035970989917047,8.777427550818576],[78.035830184548885,8.777236616630267],[78.035412709828435,8.777772697567357],[78.035183091611913,8.777990552017283],[78.035358732417961,8.778340271602707]]]]}},
{"type":"Feature","properties":{"Land_id":"972","dist_name":"Thoothukkudi","taluk_name":"Thoothukudi","vil_name":"Keelathattaparai","unit_id":7,"block_id":4,"survey_no":342,"sub_div":null,"KIDE":"342"},"geometry":{"type":"MultiPolygon","coordinates":[[[[78.035847726688957,8.777213960276361],[78.036657381979921,8.776329467348262],[78.037205199266566,8.775737096612652],[78.037683426544731,8.775234096732149],[78.038300369523967,8.774594401782451],[78.038346053495999,8.774546835697818],[78.038316827710915,8.774507787366561],[78.038264211674743,8.774437489243192],[78.038118676213301,8.774243043122731],[78.037727975602351,8.774559557713671],[78.037289858547723,8.774912141530139],[78.037161059941582,8.775012174203063],[78.037070395162402,8.775203304486599],[78.036941359001347,8.775274176680851],[78.036874979335892,8.775378201874133],[78.03651783069084,8.775965067325558],[78.035896534056207,8.776364948621017],[78.035557125807387,8.776579934483644],[78.035738294346103,8.776955047384019],[78.035847726688957,8.777213960276361]]]]}},
{"type":"Feature","properties":{"Land_id":"973","dist_name":"Thoothukkudi","taluk_name":"Thoothukudi","vil_name":"Keelathattaparai","unit_id":7,"block_id":5,"survey_no":351,"sub_div":null,"KIDE":"351"},"geometry":{"type":"MultiPolygon","coordinates":[[[[78.035421765001445,8.777764106307636],[78.035847726688957,8.777213960276361],[78.035738294346103,8.776955047384019],[78.035557125807387,8.776579934483644],[78.035425792835994,8.776308001877446],[78.035239616550996,8.775922512284957],[78.034685434930125,8.776439745697793],[78.035189249934518,8.777350510565322],[78.035421765001445,8.777764106307636]]]]}},
{"type":"Feature","properties":{"Land_id":"974","dist_name":"Thoothukkudi","taluk_name":"Thoothukudi","vil_name":"Keelathattaparai","unit_id":7,"block_id":5,"survey_no":352,"sub_div":null,"KIDE":"352"},"geometry":{"type":"MultiPolygon","coordinates":[[[[78.035013520008576,8.778455978924555],[78.035183091611913,8.777990552017283],[78.035421765001445,8.777764106307636],[78.035189249934518,8.777350510565322],[78.034685434930125,8.776439745697793],[78.034680894248652,8.776444003386713],[78.034160346121084,8.776920169934831],[78.03425293125926,8.777080533627441],[78.03445105271004,8.777423690919131],[78.034722854484599,8.777913780874158],[78.034928514589978,8.778297011392329],[78.035013520008576,8.778455978924555]]]]}},
{"type":"Feature","properties":{"Land_id":"975","dist_name":"Thoothukkudi","taluk_name":"Thoothukudi","vil_name":"Keelathattaparai","unit_id":7,"block_id":4,"survey_no":343,"sub_div":"1","KIDE":"343/1"},"geometry":{"type":"MultiPolygon","coordinates":[[[[78.035230895588342,8.775904455624769],[78.035557125807387,8.776579934483644],[78.035896534056207,8.776364948621017],[78.035711308353612,8.775293079153503],[78.035135003354512,8.775705905113817],[78.035230895588342,8.775904455624769]]]]}},
{"type":"Feature","properties":{"Land_id":"976","dist_name":"Thoothukkudi","taluk_name":"Thoothukudi","vil_name":"Keelathattaparai","unit_id":7,"block_id":4,"survey_no":343,"sub_div":"2","KIDE":"343/2"},"geometry":{"type":"MultiPolygon","coordinates":[[[[78.035896534056207,8.776364948621017],[78.03651783069084,8.775965067325558],[78.03673088304437,8.775617520599084],[78.036150922114018,8.774846307997011],[78.035887291847729,8.775167016469556],[78.035711308353612,8.775293079153503],[78.035896534056207,8.776364948621017]]]]}},
{"type":"Feature","properties":{"Land_id":"977","dist_name":"Thoothukkudi","taluk_name":"Thoothukudi","vil_name":"Keelathattaparai","unit_id":7,"block_id":4,"survey_no":343,"sub_div":"3","KIDE":"343/3"},"geometry":{"type":"MultiPolygon","coordinates":[[[[78.03673088304437,8.775617520599084],[78.036941359001347,8.775274176680851],[78.037070395162402,8.775203304486599],[78.037161059941582,8.775012174203063],[78.037289858547723,8.774912141530139],[78.037032696997187,8.774485173983757],[78.036329308609993,8.774676340210231],[78.036186155786297,8.774803445933504],[78.036150922114018,8.774846307997011],[78.03673088304437,8.775617520599084]]]]}},
{"type":"Feature","properties":{"Land_id":"978","dist_name":"Thoothukkudi","taluk_name":"Thoothukudi","vil_name":"Keelathattaparai","unit_id":7,"block_id":4,"survey_no":344,"sub_div":null,"KIDE":"344"},"geometry":{"type":"MultiPolygon","coordinates":[[[[78.036158614218849,8.774756975330012],[78.036329308609993,8.774676340210231],[78.036054414251112,8.774161453843394],[78.035321371386388,8.77279817595053],[78.035206223010178,8.772835256024379],[78.035532415961598,8.773434457328385],[78.035708780717073,8.773715850432527],[78.035744130323422,8.773874787687554],[78.035816761332725,8.774178335260491],[78.035814626985911,8.774180101506365],[78.036158614218849,8.774756975330012]]]]}},
{"type":"Feature","properties":{"Land_id":"979","dist_name":"Thoothukkudi","taluk_name":"Thoothukudi","vil_name":"Keelathattaparai","unit_id":7,"block_id":4,"survey_no":345,"sub_div":null,"KIDE":"345"},"geometry":{"type":"MultiPolygon","coordinates":[[[[78.035135003354512,8.775705905113817],[78.035887291847729,8.775167016469556],[78.036186155786297,8.774803445933504],[78.036158614218849,8.774756975330012],[78.035814626985911,8.774180101506365],[78.035341588795575,8.774576263461686],[78.034851103770919,8.775105009004822],[78.034846364328516,8.775108264459963],[78.035135003354512,8.775705905113817]]]]}},
{"type":"Feature","properties":{"Land_id":"980","dist_name":"Thoothukkudi","taluk_name":"Thoothukudi","vil_name":"Keelathattaparai","unit_id":7,"block_id":5,"survey_no":350,"sub_div":null,"KIDE":"350"},"geometry":{"type":"MultiPolygon","coordinates":[[[[78.034160346121084,8.776920169934831],[78.034680894248652,8.776444003386713],[78.034685434930125,8.776439745697793],[78.035239616550996,8.775922512284957],[78.035135003354512,8.775705905113817],[78.034846364328516,8.775108264459963],[78.034080470323232,8.775635596871911],[78.033919849344102,8.776042749683892],[78.033659147878765,8.776296234405162],[78.033574899953777,8.776308453490827],[78.033578942253541,8.776312321972547],[78.033820769932944,8.776603402326101],[78.034160346121084,8.776920169934831]]]]}},
{"type":"Feature","properties":{"Land_id":"981","dist_name":"Thoothukkudi","taluk_name":"Thoothukudi","vil_name":"Keelathattaparai","unit_id":7,"block_id":4,"survey_no":346,"sub_div":null,"KIDE":"346"},"geometry":{"type":"MultiPolygon","coordinates":[[[[78.035341588795575,8.774576263461686],[78.035814626985911,8.774180101506365],[78.035816761332725,8.774178335260491],[78.035744130323422,8.773874787687554],[78.035708780717073,8.773715850432527],[78.035532415961598,8.773434457328385],[78.035182224194799,8.773605052465591],[78.034720492130418,8.773829984209687],[78.035341588795575,8.774576263461686]]]]}},
{"type":"Feature","properties":{"Land_id":"982","dist_name":"Thoothukkudi","taluk_name":"Thoothukudi","vil_name":"Keelathattaparai","unit_id":7,"block_id":4,"survey_no":348,"sub_div":null,"KIDE":"348"},"geometry":{"type":"MultiPolygon","coordinates":[[[[78.034080470323232,8.775635596871911],[78.034846364328516,8.775108264459963],[78.034851103770919,8.775105009004822],[78.035341588795575,8.774576263461686],[78.034720492130418,8.773829984209687],[78.033927115301793,8.774518559816739],[78.033676087870504,8.77512580881595],[78.034080470323232,8.775635596871911]]]]}},
{"type":"Feature","properties":{"Land_id":"983","dist_name":"Thoothukkudi","taluk_name":"Thoothukudi","vil_name":"Keelathattaparai","unit_id":7,"block_id":4,"survey_no":347,"sub_div":null,"KIDE":"347"},"geometry":{"type":"MultiPolygon","coordinates":[[[[78.034720492130418,8.773829984209687],[78.035532415961598,8.773434457328385],[78.035206223010178,8.772835256024379],[78.035143721601813,8.772713174296578],[78.034720492130418,8.773829984209687]]]]}},
{"type":"Feature","properties":{"Land_id":"984","dist_name":"Thoothukkudi","taluk_name":"Thoothukudi","vil_name":"Keelathattaparai","unit_id":7,"block_id":7,"survey_no":359,"sub_div":"4","KIDE":"359/4"},"geometry":{"type":"MultiPolygon","coordinates":[[[[78.034748572064188,8.772644020250553],[78.03445960457789,8.772744881690981],[78.034171221181651,8.772714527188469],[78.034088251860894,8.772783639579785],[78.033931503626519,8.773080639872084],[78.033866491064884,8.773337239533777],[78.034435954788066,8.774076935552571],[78.034720492130418,8.773829984209687],[78.035132278985955,8.772743368854597],[78.034911297042072,8.772259470699868],[78.034855415436724,8.772303514138285],[78.034748572064188,8.772644020250553]]]]}},
{"type":"Feature","properties":{"Land_id":"985","dist_name":"Thoothukkudi","taluk_name":"Thoothukudi","vil_name":"Keelathattaparai","unit_id":7,"block_id":4,"survey_no":349,"sub_div":null,"KIDE":"349"},"geometry":{"type":"MultiPolygon","coordinates":[[[[78.033574899953777,8.776308453490827],[78.033659147878765,8.776296234405162],[78.033919849344102,8.776042749683892],[78.034080470323232,8.775635596871911],[78.033676087870504,8.77512580881595],[78.033595460823435,8.775274132953317],[78.033073689707138,8.775677598304078],[78.033167858195696,8.775820262596113],[78.033118958035203,8.775872114770916],[78.033574899953777,8.776308453490827]]]]}},
{"type":"Feature","properties":{"Land_id":"986","dist_name":"Thoothukkudi","taluk_name":"Thoothukudi","vil_name":"Keelathattaparai","unit_id":7,"block_id":7,"survey_no":359,"sub_div":"2","KIDE":"359/2"},"geometry":{"type":"MultiPolygon","coordinates":[[[[78.033080993535322,8.775671950537253],[78.033599195992522,8.775267261614815],[78.033690963803267,8.775089823126116],[78.033704006562871,8.775058271981784],[78.033134432471613,8.774098071417297],[78.032537706424151,8.774730459319237],[78.033080993535322,8.775671950537253]]]]}},
{"type":"Feature","properties":{"Land_id":"987","dist_name":"Thoothukkudi","taluk_name":"Thoothukudi","vil_name":"Keelathattaparai","unit_id":7,"block_id":7,"survey_no":359,"sub_div":"3","KIDE":"359/3"},"geometry":{"type":"MultiPolygon","coordinates":[[[[78.033704006562871,8.775058271981784],[78.033922990659988,8.774528537549449],[78.034435954788066,8.774076935552571],[78.033866491064884,8.773337239533777],[78.033289690330719,8.77393671120589],[78.033134432471613,8.774098071417297],[78.033704006562871,8.775058271981784]]]]}},
{"type":"Feature","properties":{"Land_id":"988","dist_name":"Thoothukkudi","taluk_name":"Thoothukudi","vil_name":"Keelathattaparai","unit_id":7,"block_id":6,"survey_no":357,"sub_div":"2","KIDE":"357/2"},"geometry":{"type":"MultiPolygon","coordinates":[[[[78.031620862081851,8.778862025937599],[78.032887063468308,8.778068960881827],[78.033436684056625,8.777328039562315],[78.033820769932944,8.776603402326101],[78.033578942253541,8.776312321972547],[78.033118958035203,8.775872114770916],[78.03208345333158,8.776726895078685],[78.032261359860343,8.776928252661104],[78.031917849567691,8.777560366722597],[78.031706461593643,8.778064956420485],[78.031324196419973,8.77847489903926],[78.031620862081851,8.778862025937599]]]]}},
{"type":"Feature","properties":{"Land_id":"989","dist_name":"Thoothukkudi","taluk_name":"Thoothukudi","vil_name":"Keelathattaparai","unit_id":7,"block_id":7,"survey_no":359,"sub_div":"1","KIDE":"359/1"},"geometry":{"type":"MultiPolygon","coordinates":[[[[78.032512096417406,8.775810133379084],[78.032141771328455,8.776053798063593],[78.032106178812114,8.776014912974357],[78.031755556692161,8.776353900233378],[78.032091374051959,8.776720320532053],[78.033108186749871,8.775870543024158],[78.033154530621815,8.775800071458699],[78.033080993535322,8.775671950537253],[78.032537706424151,8.774730459319237],[78.032455860607058,8.775402448601369],[78.032512096417406,8.775810133379084]]]]}},
{"type":"Feature","properties":{"Land_id":"990","dist_name":"Thoothukkudi","taluk_name":"Thoothukudi","vil_name":"Keelathattaparai","unit_id":7,"block_id":5,"survey_no":354,"sub_div":null,"KIDE":"354"},"geometry":{"type":"MultiPolygon","coordinates":[[[[78.0337801935638,8.777628969695195],[78.03425293125926,8.777080533627441],[78.034160346121084,8.776920169934831],[78.033820769932944,8.776603402326101],[78.033436684056625,8.777328039562315],[78.0337801935638,8.777628969695195]]]]}},
{"type":"Feature","properties":{"Land_id":"991","dist_name":"Thoothukkudi","taluk_name":"Thoothukudi","vil_name":"Keelathattaparai","unit_id":7,"block_id":5,"survey_no":353,"sub_div":null,"KIDE":"353"},"geometry":{"type":"MultiPolygon","coordinates":[[[[78.034218528955762,8.779758299459292],[78.03422777250033,8.779748680557987],[78.034804379923386,8.779004876455829],[78.035013520008576,8.778455978924555],[78.034928514589978,8.778297011392329],[78.034722854484599,8.777913780874158],[78.03445105271004,8.777423690919131],[78.03425293125926,8.777080533627441],[78.0337801935638,8.777628969695195],[78.033328698024306,8.778487811460671],[78.033812514370879,8.779172449057697],[78.034218528955762,8.779758299459292]]]]}},
{"type":"Feature","properties":{"Land_id":"992","dist_name":"Thoothukkudi","taluk_name":"Thoothukudi","vil_name":"Keelathattaparai","unit_id":7,"block_id":5,"survey_no":355,"sub_div":null,"KIDE":"355"},"geometry":{"type":"MultiPolygon","coordinates":[[[[78.032947514597311,8.779153465886871],[78.033328698024306,8.778487811460671],[78.0337801935638,8.777628969695195],[78.033436684056625,8.777328039562315],[78.032816339740833,8.778164300682757],[78.032590473728561,8.778866844518001],[78.032947514597311,8.779153465886871]]]]}},
{"type":"Feature","properties":{"Land_id":"993","dist_name":"Thoothukkudi","taluk_name":"Thoothukudi","vil_name":"Keelathattaparai","unit_id":7,"block_id":5,"survey_no":356,"sub_div":null,"KIDE":"356"},"geometry":{"type":"MultiPolygon","coordinates":[[[[78.032954992351236,8.781039994531918],[78.033278168204077,8.780712997632367],[78.033877814318615,8.780112871274966],[78.034218528955762,8.779758299459292],[78.033812514370879,8.779172449057697],[78.033328698024306,8.778487811460671],[78.032947514597311,8.779153465886871],[78.032879295709449,8.779300568443382],[78.032972547687706,8.779502161642366],[78.032900193225004,8.779588317600926],[78.032578777840484,8.77994963373294],[78.032372388232417,8.780060331887205],[78.03246442843411,8.780268212845783],[78.032694153180216,8.780632602008151],[78.032954992351236,8.781039994531918]]]]}},
{"type":"Feature","properties":{"Land_id":"994","dist_name":"Thoothukkudi","taluk_name":"Thoothukudi","vil_name":"Keelathattaparai","unit_id":7,"block_id":5,"survey_no":357,"sub_div":"1","KIDE":"357/1"},"geometry":{"type":"MultiPolygon","coordinates":[[[[78.032590473728561,8.778866844518001],[78.032816339740833,8.778164300682757],[78.032887063468308,8.778068960881827],[78.031620862081851,8.778862025937599],[78.032113628585819,8.779505050031041],[78.032372388232417,8.780060331887205],[78.032578777840484,8.77994963373294],[78.032972547687706,8.779502161642366],[78.032879295709449,8.779300568443382],[78.032947514597311,8.779153465886871],[78.032590473728561,8.778866844518001]]]]}},
{"type":"Feature","properties":{"Land_id":"995","dist_name":"Thoothukkudi","taluk_name":"Thoothukudi","vil_name":"Keelathattaparai","unit_id":7,"block_id":9,"survey_no":376,"sub_div":null,"KIDE":"376"},"geometry":{"type":"MultiPolygon","coordinates":[[[[78.030723101754418,8.782351093307195],[78.031437081056438,8.781646829172329],[78.031598432024111,8.781481505798958],[78.032339335669917,8.780891805007709],[78.032694153180216,8.780632602008151],[78.03246442843411,8.780268212845783],[78.032372388232417,8.780060331887205],[78.03233104163867,8.779966946920927],[78.032166109858963,8.779610470343451],[78.03212849568061,8.779534914707074],[78.031604362697038,8.78031576425952],[78.031162372085376,8.780519187898186],[78.03075560723579,8.780967892726068],[78.030347819306883,8.781270491775334],[78.030233302750077,8.781428304879263],[78.030445923435138,8.781776842831519],[78.030723101754418,8.782351093307195]]]]}},
{"type":"Feature","properties":{"Land_id":"996","dist_name":"Thoothukkudi","taluk_name":"Thoothukudi","vil_name":"Keelathattaparai","unit_id":7,"block_id":6,"survey_no":358,"sub_div":null,"KIDE":"358"},"geometry":{"type":"MultiPolygon","coordinates":[[[[78.031017452409628,8.779007790443311],[78.031119414950268,8.778743829049974],[78.031176768897154,8.778624843670563],[78.031324196419973,8.77847489903926],[78.031706461593643,8.778064956420485],[78.031917849567691,8.777560366722597],[78.032261359860343,8.776928252661104],[78.032144013462599,8.776795438062038],[78.03208345333158,8.776726895078685],[78.031755556692161,8.776353900233378],[78.031629262131958,8.776669164331899],[78.03125538793384,8.777578141751007],[78.030997362434633,8.778187021378713],[78.030762115271159,8.778618008477672],[78.030665813628246,8.778794438939524],[78.031017452409628,8.779007790443311]]]]}},
{"type":"Feature","properties":{"Land_id":"997","dist_name":"Thoothukkudi","taluk_name":"Thoothukudi","vil_name":"Keelathattaparai","unit_id":7,"block_id":9,"survey_no":375,"sub_div":null,"KIDE":"375"},"geometry":{"type":"MultiPolygon","coordinates":[[[[78.031162372085376,8.780519187898186],[78.031604362697038,8.78031576425952],[78.03212849568061,8.779534914707074],[78.032113628585819,8.779505050031041],[78.031799273360605,8.779093587793092],[78.031324196419973,8.77847489903926],[78.031176768897154,8.778624843670563],[78.031119414950268,8.778743829049974],[78.031017452409628,8.779007790443311],[78.030965478585031,8.779474442047071],[78.030877800550144,8.779663258776987],[78.030920776020253,8.779940691271108],[78.031001448727281,8.780146629239098],[78.031162372085376,8.780519187898186]]]]}},
{"type":"Feature","properties":{"Land_id":"998","dist_name":"Thoothukkudi","taluk_name":"Thoothukudi","vil_name":"Keelathattaparai","unit_id":7,"block_id":6,"survey_no":372,"sub_div":null,"KIDE":"372"},"geometry":{"type":"MultiPolygon","coordinates":[[[[78.030665813628246,8.778794438939524],[78.030756149099602,8.778628938866516],[78.030997362434633,8.778187021378713],[78.03125538793384,8.777578141751007],[78.031629262131958,8.776669164331899],[78.031755556692161,8.776353900233378],[78.032094118630567,8.776001737136177],[78.031832449852047,8.775276583712555],[78.030751842705271,8.775732869666999],[78.030754136136608,8.776114777939737],[78.030762632005406,8.776811099516369],[78.030512103828201,8.776932281442141],[78.030550188926341,8.777545856544759],[78.030223463686184,8.777785290273286],[78.030360527381617,8.778572795666047],[78.030495646158982,8.77869088291947],[78.030665813628246,8.778794438939524]]]]}},
{"type":"Feature","properties":{"Land_id":"999","dist_name":"Thoothukkudi","taluk_name":"Thoothukudi","vil_name":"Keelathattaparai","unit_id":7,"block_id":6,"survey_no":373,"sub_div":null,"KIDE":"373"},"geometry":{"type":"MultiPolygon","coordinates":[[[[78.030877800550144,8.779663258776987],[78.030965478585031,8.779474442047071],[78.031017452409628,8.779007790443311],[78.030665813628246,8.778794438939524],[78.030495646158982,8.77869088291947],[78.03016605597557,8.7790052776809],[78.030531415864118,8.779737775645806],[78.030599340202059,8.77987395446155],[78.030822941812403,8.779781397393684],[78.030877800550144,8.779663258776987]]]]}},
{"type":"Feature","properties":{"Land_id":"1000","dist_name":"Thoothukkudi","taluk_name":"Thoothukudi","vil_name":"Keelathattaparai","unit_id":7,"block_id":7,"survey_no":360,"sub_div":null,"KIDE":"360"},"geometry":{"type":"MultiPolygon","coordinates":[[[[78.034105800497372,8.772753897442236],[78.034205358661566,8.772693983208201],[78.034419603375341,8.772758749671564],[78.034748341821711,8.772644779638162],[78.03485068024888,8.772307246206346],[78.034911297042072,8.772259470699868],[78.034378411798372,8.771233405657357],[78.034344939295451,8.77116822817184],[78.034291496100124,8.77121305464045],[78.033852808817457,8.771581013686699],[78.033664880274955,8.771739711439345],[78.033562049302603,8.771826547871944],[78.034105800497372,8.772753897442236]]]]}},
{"type":"Feature","properties":{"Land_id":"1001","dist_name":"Thoothukkudi","taluk_name":"Thoothukudi","vil_name":"Keelathattaparai","unit_id":7,"block_id":7,"survey_no":361,"sub_div":"1","KIDE":"361/1"},"geometry":{"type":"MultiPolygon","coordinates":[[[[78.032446073927161,8.775482801443287],[78.032505190944477,8.774997425361189],[78.031857739374615,8.775324665793807],[78.032094118630567,8.776001737136177],[78.032150342446045,8.776063162073413],[78.032528005843417,8.775799005536374],[78.032446073927161,8.775482801443287]]]]}},
{"type":"Feature","properties":{"Land_id":"1002","dist_name":"Thoothukkudi","taluk_name":"Thoothukudi","vil_name":"Keelathattaparai","unit_id":7,"block_id":7,"survey_no":361,"sub_div":"2A","KIDE":"361/2A"},"geometry":{"type":"MultiPolygon","coordinates":[[[[78.032025123650641,8.77408816444499],[78.031649858660955,8.774729224060625],[78.031833990322724,8.775256640355707],[78.031857739374615,8.775324665793807],[78.032505190944477,8.774997425361189],[78.032539408773545,8.774716482300118],[78.032844910890702,8.774398972536078],[78.032387459034936,8.773657891864801],[78.032339196445292,8.773703378068804],[78.032025123650641,8.77408816444499]]]]}},
{"type":"Feature","properties":{"Land_id":"1003","dist_name":"Thoothukkudi","taluk_name":"Thoothukudi","vil_name":"Keelathattaparai","unit_id":7,"block_id":7,"survey_no":361,"sub_div":"2B","KIDE":"361/2B"},"geometry":{"type":"MultiPolygon","coordinates":[[[[78.032844910890702,8.774398972536078],[78.033264694387668,8.773962689605169],[78.03332085786586,8.773904318642394],[78.03286316815327,8.773209548703688],[78.032387459034936,8.773657891864801],[78.032844910890702,8.774398972536078]]]]}},
{"type":"Feature","properties":{"Land_id":"1004","dist_name":"Thoothukkudi","taluk_name":"Thoothukudi","vil_name":"Keelathattaparai","unit_id":7,"block_id":7,"survey_no":361,"sub_div":"2C","KIDE":"361/2C"},"geometry":{"type":"MultiPolygon","coordinates":[[[[78.033261201864647,8.772834412542721],[78.03286316815327,8.773209548703688],[78.03332085786586,8.773904318642394],[78.033881064002571,8.773322093812201],[78.033437160610532,8.772764593183542],[78.033261201864647,8.772834412542721]]]]}},
{"type":"Feature","properties":{"Land_id":"1005","dist_name":"Thoothukkudi","taluk_name":"Thoothukudi","vil_name":"Keelathattaparai","unit_id":7,"block_id":7,"survey_no":361,"sub_div":"2D","KIDE":"361/2D"},"geometry":{"type":"MultiPolygon","coordinates":[[[[78.034105800497372,8.772753897442236],[78.033562049302603,8.771826547871944],[78.033269715417703,8.77210515816215],[78.033261201864647,8.772834412542721],[78.033437160610532,8.772764593183542],[78.033881064002571,8.773322093812201],[78.033941638020863,8.773032126634813],[78.034105800497372,8.772753897442236]]]]}},
{"type":"Feature","properties":{"Land_id":"1006","dist_name":"Thoothukkudi","taluk_name":"Thoothukudi","vil_name":"Keelathattaparai","unit_id":7,"block_id":7,"survey_no":362,"sub_div":null,"KIDE":"362"},"geometry":{"type":"MultiPolygon","coordinates":[[[[78.033269715417703,8.77210515816215],[78.033214731613668,8.772157559851815],[78.032816550411198,8.772524131135141],[78.032623150018594,8.772702178289736],[78.032000927795451,8.773295757959346],[78.03170921709895,8.773584486117016],[78.031748568938383,8.77368406830027],[78.032025123650641,8.77408816444499],[78.032339196445292,8.773703378068804],[78.033261201864647,8.772834412542721],[78.033263130205498,8.772669234619759],[78.033264210169037,8.772576727045463],[78.033269715417703,8.77210515816215]]]]}},
{"type":"Feature","properties":{"Land_id":"1007","dist_name":"Thoothukkudi","taluk_name":"Thoothukudi","vil_name":"Keelathattaparai","unit_id":7,"block_id":8,"survey_no":363,"sub_div":"2","KIDE":"363/2"},"geometry":{"type":"MultiPolygon","coordinates":[[[[78.031832449852047,8.775276583712555],[78.031649858660955,8.774729224060625],[78.031530924434577,8.774395298127907],[78.031327846466127,8.77458676156262],[78.031153301944954,8.774750012685869],[78.031401677107652,8.775458477339123],[78.031832449852047,8.775276583712555]]]]}},
{"type":"Feature","properties":{"Land_id":"1008","dist_name":"Thoothukkudi","taluk_name":"Thoothukudi","vil_name":"Keelathattaparai","unit_id":7,"block_id":8,"survey_no":363,"sub_div":"3","KIDE":"363/3"},"geometry":{"type":"MultiPolygon","coordinates":[[[[78.031742094216384,8.774571659429395],[78.031467475789611,8.773829291381016],[78.031118244698149,8.77400971703428],[78.031327846466127,8.77458676156262],[78.031530924434577,8.774395298127907],[78.031649858660955,8.774729224060625],[78.031742094216384,8.774571659429395]]]]}},
{"type":"Feature","properties":{"Land_id":"1009","dist_name":"Thoothukkudi","taluk_name":"Thoothukudi","vil_name":"Keelathattaparai","unit_id":7,"block_id":8,"survey_no":363,"sub_div":"4","KIDE":"363/4"},"geometry":{"type":"MultiPolygon","coordinates":[[[[78.031742094216384,8.774571659429395],[78.032025123650641,8.77408816444499],[78.031748568938383,8.77368406830027],[78.031467475789611,8.773829291381016],[78.031742094216384,8.774571659429395]]]]}},
{"type":"Feature","properties":{"Land_id":"1010","dist_name":"Thoothukkudi","taluk_name":"Thoothukudi","vil_name":"Keelathattaparai","unit_id":7,"block_id":8,"survey_no":363,"sub_div":"1","KIDE":"363/1"},"geometry":{"type":"MultiPolygon","coordinates":[[[[78.031153301944954,8.774750012685869],[78.030748216201715,8.775128888528847],[78.030751842705271,8.775732869666999],[78.031401677107652,8.775458477339123],[78.031153301944954,8.774750012685869]]]]}},
{"type":"Feature","properties":{"Land_id":"1011","dist_name":"Thoothukkudi","taluk_name":"Thoothukudi","vil_name":"Keelathattaparai","unit_id":7,"block_id":8,"survey_no":364,"sub_div":null,"KIDE":"364"},"geometry":{"type":"MultiPolygon","coordinates":[[[[78.030200079847646,8.775580469728364],[78.030739260918708,8.775137265320762],[78.030748216201715,8.775128888528847],[78.031327846466127,8.77458676156262],[78.031118244698149,8.77400971703428],[78.030816765616379,8.774181602983404],[78.030009146606247,8.77476563414638],[78.029759893202481,8.775009237841031],[78.030200079847646,8.775580469728364]]]]}},
{"type":"Feature","properties":{"Land_id":"1012","dist_name":"Thoothukkudi","taluk_name":"Thoothukudi","vil_name":"Keelathattaparai","unit_id":7,"block_id":8,"survey_no":371,"sub_div":"5","KIDE":"371/5"},"geometry":{"type":"MultiPolygon","coordinates":[[[[78.030762632005406,8.776811099516369],[78.030753723345285,8.775771528898533],[78.030748216201715,8.775128888528847],[78.030200079847646,8.775580469728364],[78.029963031912871,8.775813640249361],[78.030512103828201,8.776932281442141],[78.030762632005406,8.776811099516369]]]]}},
{"type":"Feature","properties":{"Land_id":"1013","dist_name":"Thoothukkudi","taluk_name":"Thoothukudi","vil_name":"Keelathattaparai","unit_id":7,"block_id":8,"survey_no":365,"sub_div":"2","KIDE":"365/2"},"geometry":{"type":"MultiPolygon","coordinates":[[[[78.029990242711278,8.775786258122775],[78.030200079847646,8.775580469728364],[78.029759893202481,8.775009237841031],[78.029544051901539,8.775220166496036],[78.029990242711278,8.775786258122775]]]]}},
{"type":"Feature","properties":{"Land_id":"1014","dist_name":"Thoothukkudi","taluk_name":"Thoothukudi","vil_name":"Keelathattaparai","unit_id":7,"block_id":8,"survey_no":365,"sub_div":"1","KIDE":"365/1"},"geometry":{"type":"MultiPolygon","coordinates":[[[[78.029990242711278,8.775786258122775],[78.029544051901539,8.775220166496036],[78.029334454146635,8.775424993710939],[78.029734780927541,8.776038157713373],[78.029990242711278,8.775786258122775]]]]}},
{"type":"Feature","properties":{"Land_id":"1015","dist_name":"Thoothukkudi","taluk_name":"Thoothukudi","vil_name":"Keelathattaparai","unit_id":7,"block_id":8,"survey_no":366,"sub_div":"2","KIDE":"366/2"},"geometry":{"type":"MultiPolygon","coordinates":[[[[78.028842864167558,8.776692374077296],[78.028907066088607,8.776858284954111],[78.029157941096116,8.777087807901077],[78.029728537712217,8.776538949371503],[78.029696460028063,8.776439213498822],[78.029845361954173,8.776332304484805],[78.029728554340579,8.776023838792142],[78.029334454146635,8.775424993710939],[78.028927739849507,8.775846026102618],[78.02900212603663,8.776338300776294],[78.028842864167558,8.776692374077296]]]]}},
{"type":"Feature","properties":{"Land_id":"1016","dist_name":"Thoothukkudi","taluk_name":"Thoothukudi","vil_name":"Keelathattaparai","unit_id":7,"block_id":8,"survey_no":371,"sub_div":"4","KIDE":"371/4"},"geometry":{"type":"MultiPolygon","coordinates":[[[[78.030393468602767,8.777660705741566],[78.030550188926341,8.777545856544759],[78.030512103828201,8.776932281442141],[78.029963031912871,8.775813640249361],[78.029734780927541,8.776038157713373],[78.029845361954173,8.776332304484805],[78.030393468602767,8.777660705741566]]]]}},
{"type":"Feature","properties":{"Land_id":"1017","dist_name":"Thoothukkudi","taluk_name":"Thoothukudi","vil_name":"Keelathattaparai","unit_id":7,"block_id":8,"survey_no":366,"sub_div":"1","KIDE":"366/1"},"geometry":{"type":"MultiPolygon","coordinates":[[[[78.028753696473657,8.777146719169959],[78.028876249488661,8.777394103193405],[78.029009112591979,8.777249635477673],[78.028876085657245,8.776916548231558],[78.028753696473657,8.777146719169959]]]]}},
{"type":"Feature","properties":{"Land_id":"1018","dist_name":"Thoothukkudi","taluk_name":"Thoothukudi","vil_name":"Keelathattaparai","unit_id":7,"block_id":8,"survey_no":366,"sub_div":"3","KIDE":"366/3"},"geometry":{"type":"MultiPolygon","coordinates":[[[[78.028633303878109,8.776150827488038],[78.028809160279437,8.776605276346601],[78.028950631535793,8.776361023687612],[78.028901741715856,8.77587293948252],[78.028633303878109,8.776150827488038]]]]}},
{"type":"Feature","properties":{"Land_id":"1019","dist_name":"Thoothukkudi","taluk_name":"Thoothukudi","vil_name":"Keelathattaparai","unit_id":7,"block_id":8,"survey_no":366,"sub_div":"4","KIDE":"366/4"},"geometry":{"type":"MultiPolygon","coordinates":[[[[78.028907066088607,8.776858284954111],[78.028876085657245,8.776916548231558],[78.029009112591979,8.777249635477673],[78.029157941096116,8.777087807901077],[78.028907066088607,8.776858284954111]]]]}},
{"type":"Feature","properties":{"Land_id":"1020","dist_name":"Thoothukkudi","taluk_name":"Thoothukudi","vil_name":"Keelathattaparai","unit_id":7,"block_id":8,"survey_no":366,"sub_div":"5","KIDE":"366/5"},"geometry":{"type":"MultiPolygon","coordinates":[[[[78.028950631535793,8.776361023687612],[78.028809160279437,8.776605276346601],[78.028842864167558,8.776692374077296],[78.02900212603663,8.776338300776294],[78.028927739849507,8.775846026102618],[78.028901741715856,8.77587293948252],[78.028950631535793,8.776361023687612]]]]}},
{"type":"Feature","properties":{"Land_id":"1021","dist_name":"Thoothukkudi","taluk_name":"Thoothukudi","vil_name":"Keelathattaparai","unit_id":7,"block_id":8,"survey_no":367,"sub_div":"1","KIDE":"367/1"},"geometry":{"type":"MultiPolygon","coordinates":[[[[78.028102139723941,8.776465129811479],[78.028341017610487,8.777146816659936],[78.028128825919993,8.777383188563736],[78.028601417015892,8.777894181404029],[78.028797482991862,8.777605488821447],[78.028780650850052,8.777499083858753],[78.028876249488661,8.777394103193405],[78.028753696473657,8.777146719169959],[78.028893398188842,8.776883989458558],[78.028762860713925,8.776669992529506],[78.028796460080201,8.77657245643784],[78.028633303878109,8.776150827488038],[78.028102139723941,8.776465129811479]]]]}},
{"type":"Feature","properties":{"Land_id":"1022","dist_name":"Thoothukkudi","taluk_name":"Thoothukudi","vil_name":"Keelathattaparai","unit_id":7,"block_id":8,"survey_no":367,"sub_div":"2","KIDE":"367/2"},"geometry":{"type":"MultiPolygon","coordinates":[[[[78.028907066088607,8.776858284954111],[78.028829397260736,8.776657572839557],[78.028812660691571,8.776683212483182],[78.028907066088607,8.776858284954111]]]]}},
{"type":"Feature","properties":{"Land_id":"1023","dist_name":"Thoothukkudi","taluk_name":"Thoothukudi","vil_name":"Keelathattaparai","unit_id":7,"block_id":8,"survey_no":367,"sub_div":"3","KIDE":"367/3"},"geometry":{"type":"MultiPolygon","coordinates":[[[[78.028893398188842,8.776883989458558],[78.028907066088607,8.776858284954111],[78.028812660691571,8.776683212483182],[78.028829397260736,8.776657572839557],[78.028796460080201,8.77657245643784],[78.028762860713925,8.776669992529506],[78.028893398188842,8.776883989458558]]]]}},
{"type":"Feature","properties":{"Land_id":"1024","dist_name":"Thoothukkudi","taluk_name":"Thoothukudi","vil_name":"Keelathattaparai","unit_id":7,"block_id":8,"survey_no":371,"sub_div":"1","KIDE":"371/1"},"geometry":{"type":"MultiPolygon","coordinates":[[[[78.029157941096116,8.777087807901077],[78.028940647815148,8.778045025337992],[78.029364545017842,8.779194940822514],[78.029342796761981,8.779243743499187],[78.029443860403347,8.779415701459126],[78.029571012636097,8.779547464464311],[78.029828497077631,8.77931285187079],[78.029574075350737,8.778687680384065],[78.029157941096116,8.777087807901077]]]]}},
{"type":"Feature","properties":{"Land_id":"1025","dist_name":"Thoothukkudi","taluk_name":"Thoothukudi","vil_name":"Keelathattaparai","unit_id":7,"block_id":8,"survey_no":371,"sub_div":"3","KIDE":"371/3"},"geometry":{"type":"MultiPolygon","coordinates":[[[[78.030360527381617,8.778572795666047],[78.030223463686184,8.777785290273286],[78.030393468602767,8.777660705741566],[78.029845361954173,8.776332304484805],[78.029696460028063,8.776439213498822],[78.029728537712217,8.776538949371503],[78.029157941096116,8.777087807901077],[78.029574075350737,8.778687680384065],[78.029828497077631,8.77931285187079],[78.03016605597557,8.7790052776809],[78.030495646158982,8.77869088291947],[78.030360527381617,8.778572795666047]]]]}},
{"type":"Feature","properties":{"Land_id":"1026","dist_name":"Thoothukkudi","taluk_name":"Thoothukudi","vil_name":"Keelathattaparai","unit_id":7,"block_id":8,"survey_no":371,"sub_div":"6","KIDE":"371/6"},"geometry":{"type":"MultiPolygon","coordinates":[[[[78.028940647815148,8.778045025337992],[78.029157941096116,8.777087807901077],[78.029054408759023,8.777200666268156],[78.028892546450095,8.77812097627641],[78.029307466893201,8.779183630365733],[78.029342796761981,8.779243743499187],[78.029364545017842,8.779194940822514],[78.028940647815148,8.778045025337992]]]]}},
{"type":"Feature","properties":{"Land_id":"1027","dist_name":"Thoothukkudi","taluk_name":"Thoothukudi","vil_name":"Keelathattaparai","unit_id":7,"block_id":8,"survey_no":368,"sub_div":"2","KIDE":"368/2"},"geometry":{"type":"MultiPolygon","coordinates":[[[[78.028102139723941,8.776465129811479],[78.027436879452296,8.776851613257646],[78.027218514327416,8.776961681994866],[78.02723087090024,8.776989552964595],[78.027250632182799,8.777034125688406],[78.027402082312307,8.777375730276903],[78.027835591716425,8.777683565657714],[78.028136183254773,8.77736434535491],[78.028341017610487,8.777146816659936],[78.028102139723941,8.776465129811479]]]]}},
{"type":"Feature","properties":{"Land_id":"1028","dist_name":"Thoothukkudi","taluk_name":"Thoothukudi","vil_name":"Keelathattaparai","unit_id":7,"block_id":8,"survey_no":371,"sub_div":"2","KIDE":"371/2"},"geometry":{"type":"MultiPolygon","coordinates":[[[[78.028780650850052,8.777499083858753],[78.028800090021406,8.777607122720594],[78.028892546450095,8.77812097627641],[78.029054408759023,8.777200666268156],[78.029022990063126,8.777234915110746],[78.028902148803738,8.777366641560604],[78.028780650850052,8.777499083858753]]]]}},
{"type":"Feature","properties":{"Land_id":"1029","dist_name":"Thoothukkudi","taluk_name":"Thoothukudi","vil_name":"Keelathattaparai","unit_id":7,"block_id":8,"survey_no":368,"sub_div":"1","KIDE":"368/1"},"geometry":{"type":"MultiPolygon","coordinates":[[[[78.027274585849597,8.77749889468792],[78.027213745711464,8.777680142287798],[78.027144308864365,8.777740532279068],[78.027274637181492,8.77796154512596],[78.027259533878379,8.778034764367501],[78.027312513272861,8.778086461451137],[78.027405678407533,8.778110289471062],[78.027835591716425,8.777683565657714],[78.027402082312307,8.777375730276903],[78.027274585849597,8.77749889468792]]]]}},
{"type":"Feature","properties":{"Land_id":"1030","dist_name":"Thoothukkudi","taluk_name":"Thoothukudi","vil_name":"Keelathattaparai","unit_id":7,"block_id":9,"survey_no":374,"sub_div":"2","KIDE":"374/2"},"geometry":{"type":"MultiPolygon","coordinates":[[[[78.029646852016256,8.781163084852212],[78.029338796290489,8.781701457937862],[78.029543298535543,8.78201790849481],[78.029690583625637,8.78187680650985],[78.030040436076405,8.78158768938173],[78.030233302750077,8.781428304879263],[78.030347819306883,8.781270491775334],[78.029828584207166,8.780383626993604],[78.030030324473941,8.780275860298577],[78.029650007556072,8.77947548651124],[78.029571012636097,8.779547464464311],[78.029443860403347,8.779415701459126],[78.029348815552225,8.779485116192795],[78.029646852016256,8.781163084852212]]]]}},
{"type":"Feature","properties":{"Land_id":"1031","dist_name":"Thoothukkudi","taluk_name":"Thoothukudi","vil_name":"Keelathattaparai","unit_id":7,"block_id":9,"survey_no":374,"sub_div":"3","KIDE":"374/3"},"geometry":{"type":"MultiPolygon","coordinates":[[[[78.029828584207166,8.780383626993604],[78.030347819306883,8.781270491775334],[78.03075560723579,8.780967892726068],[78.031162372085376,8.780519187898186],[78.030920776020253,8.779940691271108],[78.030877800550144,8.779663258776987],[78.030822941812403,8.779781397393684],[78.030599340202059,8.77987395446155],[78.03016605597557,8.7790052776809],[78.029650007556072,8.77947548651124],[78.030030324473941,8.780275860298577],[78.029828584207166,8.780383626993604]]]]}},
{"type":"Feature","properties":{"Land_id":"1032","dist_name":"Thoothukkudi","taluk_name":"Thoothukudi","vil_name":"Keelathattaparai","unit_id":7,"block_id":9,"survey_no":374,"sub_div":"1","KIDE":"374/1"},"geometry":{"type":"MultiPolygon","coordinates":[[[[78.029301027776356,8.781697945293079],[78.029610462111407,8.781152379535044],[78.029321372284741,8.779505159015542],[78.029097184572819,8.779668891507423],[78.02929657969753,8.780483879687138],[78.028703580423056,8.780944442835308],[78.028783967830378,8.78144774756039],[78.029118655189421,8.7819011357071],[78.029240575348155,8.781816821271844],[78.029524340294088,8.782036070859379],[78.029301027776356,8.781697945293079]]]]}},
{"type":"Feature","properties":{"Land_id":"1033","dist_name":"Thoothukkudi","taluk_name":"Thoothukudi","vil_name":"Keelathattaparai","unit_id":7,"block_id":9,"survey_no":374,"sub_div":"4","KIDE":"374/4"},"geometry":{"type":"MultiPolygon","coordinates":[[[[78.029610462111407,8.781152379535044],[78.029301027776356,8.781697945293079],[78.029524340294088,8.782036070859379],[78.029543298535543,8.78201790849481],[78.029338796290489,8.781701457937862],[78.029646852016256,8.781163084852212],[78.029348815552225,8.779485116192795],[78.029321372284741,8.779505159015542],[78.029610462111407,8.781152379535044]]]]}},
{"type":"Feature","properties":{"Land_id":"1034","dist_name":"Thoothukkudi","taluk_name":"Thoothukudi","vil_name":"Keelathattaparai","unit_id":7,"block_id":9,"survey_no":377,"sub_div":"1","KIDE":"377/1"},"geometry":{"type":"MultiPolygon","coordinates":[[[[78.031555160769642,8.781524493164589],[78.030728873332706,8.782363902055906],[78.03116985411134,8.783342561913569],[78.032180826462294,8.782514784242034],[78.031555160769642,8.781524493164589]]]]}},
{"type":"Feature","properties":{"Land_id":"1035","dist_name":"Thoothukkudi","taluk_name":"Thoothukudi","vil_name":"Keelathattaparai","unit_id":7,"block_id":9,"survey_no":377,"sub_div":"2","KIDE":"377/2"},"geometry":{"type":"MultiPolygon","coordinates":[[[[78.03247541146105,8.782263629910425],[78.032950555283008,8.781051776118533],[78.032683092747746,8.78064068192864],[78.031555160769642,8.781524493164589],[78.032180826462294,8.782514784242034],[78.03247541146105,8.782263629910425]]]]}},
{"type":"Feature","properties":{"Land_id":"1037","dist_name":"Thoothukkudi","taluk_name":"Thoothukudi","vil_name":"South Silukanpatti","unit_id":7,"block_id":1,"survey_no":84,"sub_div":"5","KIDE":"84/5"},"geometry":{"type":"MultiPolygon","coordinates":[[[[78.04520491220724,8.77825613569264],[78.045602681773815,8.777781850417439],[78.04574554134571,8.777611510107201],[78.04504928222957,8.777620237237397],[78.045136442991321,8.778008470284121],[78.04520491220724,8.77825613569264]]]]}},
{"type":"Feature","properties":{"Land_id":"1038","dist_name":"Thoothukkudi","taluk_name":"Thoothukudi","vil_name":"South Silukanpatti","unit_id":7,"block_id":1,"survey_no":84,"sub_div":"6","KIDE":"84/6"},"geometry":{"type":"MultiPolygon","coordinates":[[[[78.044487578459837,8.777153959000859],[78.044355779961222,8.777169708744427],[78.044400614870995,8.777652297568661],[78.045037634017305,8.777568353536671],[78.04504928222957,8.777620237237397],[78.04574554134571,8.777611510107201],[78.045646068906919,8.776957281850143],[78.044487578459837,8.777153959000859]]]]}},
{"type":"Feature","properties":{"Land_id":"1039","dist_name":"Thoothukkudi","taluk_name":"Thoothukudi","vil_name":"South Silukanpatti","unit_id":7,"block_id":1,"survey_no":85,"sub_div":"1","KIDE":"85/1"},"geometry":{"type":"MultiPolygon","coordinates":[[[[78.045626667712341,8.77680207422933],[78.045752307453839,8.777603261697736],[78.046543424293489,8.776576471735972],[78.045626667712341,8.77680207422933]]]]}},
{"type":"Feature","properties":{"Land_id":"1042","dist_name":"Thoothukkudi","taluk_name":"Thoothukudi","vil_name":"South Silukanpatti","unit_id":7,"block_id":1,"survey_no":72,"sub_div":"3","KIDE":"72/3"},"geometry":{"type":"MultiPolygon","coordinates":[[[[78.042614760740662,8.776969014053817],[78.04184381923038,8.777082496715771],[78.041987618437517,8.777948212877734],[78.042305552634971,8.777903274451299],[78.042707136958072,8.777720438265161],[78.042644913782453,8.777257792722876],[78.042614760740662,8.776969014053817]]]]}},
{"type":"Feature","properties":{"Land_id":"1043","dist_name":"Thoothukkudi","taluk_name":"Thoothukudi","vil_name":"South Silukanpatti","unit_id":7,"block_id":1,"survey_no":72,"sub_div":"4","KIDE":"72/4"},"geometry":{"type":"MultiPolygon","coordinates":[[[[78.043367407918126,8.776643952044427],[78.042579965156847,8.77685208317183],[78.042614760740662,8.776969014053817],[78.042644913782453,8.777257792722876],[78.043360546131467,8.777069741739661],[78.043367407918126,8.776643952044427]]]]}},
{"type":"Feature","properties":{"Land_id":"1044","dist_name":"Thoothukkudi","taluk_name":"Thoothukudi","vil_name":"South Silukanpatti","unit_id":7,"block_id":1,"survey_no":72,"sub_div":"5","KIDE":"72/5"},"geometry":{"type":"MultiPolygon","coordinates":[[[[78.042644913782453,8.777257792722876],[78.042707136958072,8.777720438265161],[78.043439030852412,8.777534942474054],[78.043360546131467,8.777069741739661],[78.042644913782453,8.777257792722876]]]]}},
{"type":"Feature","properties":{"Land_id":"1045","dist_name":"Thoothukkudi","taluk_name":"Thoothukudi","vil_name":"South Silukanpatti","unit_id":7,"block_id":1,"survey_no":72,"sub_div":"6","KIDE":"72/6"},"geometry":{"type":"MultiPolygon","coordinates":[[[[78.044141164638177,8.777119741492841],[78.04374674524486,8.777259779136982],[78.043772423070592,8.777452256075447],[78.043784920292524,8.777723601813543],[78.044400614870995,8.777652297568661],[78.044355779961222,8.777169708744427],[78.044141164638177,8.777119741492841]]]]}},
{"type":"Feature","properties":{"Land_id":"1046","dist_name":"Thoothukkudi","taluk_name":"Thoothukudi","vil_name":"South Silukanpatti","unit_id":7,"block_id":1,"survey_no":72,"sub_div":"7A","KIDE":"72/7A"},"geometry":{"type":"MultiPolygon","coordinates":[[[[78.043360546131467,8.777069741739661],[78.043439030852412,8.777534942474054],[78.043772423070592,8.777452256075447],[78.04374674524486,8.777259779136982],[78.044141164638177,8.777119741492841],[78.044122490281495,8.776899835510225],[78.043360546131467,8.777069741739661]]]]}},
{"type":"Feature","properties":{"Land_id":"1047","dist_name":"Thoothukkudi","taluk_name":"Thoothukudi","vil_name":"South Silukanpatti","unit_id":7,"block_id":1,"survey_no":72,"sub_div":"7B","KIDE":"72/7B"},"geometry":{"type":"MultiPolygon","coordinates":[[[[78.044092486504724,8.776546516243235],[78.043367407918126,8.776643952044427],[78.043360546131467,8.777069741739661],[78.044122490281495,8.776899835510225],[78.044092486504724,8.776546516243235]]]]}},
{"type":"Feature","properties":{"Land_id":"1049","dist_name":"Thoothukkudi","taluk_name":"Thoothukudi","vil_name":"South Silukanpatti","unit_id":7,"block_id":1,"survey_no":73,"sub_div":"5","KIDE":"73/5"},"geometry":{"type":"MultiPolygon","coordinates":[[[[78.040201335439733,8.777864580001166],[78.0402811526763,8.778235949101239],[78.041085098858275,8.778076109693043],[78.041695672239982,8.777954996450068],[78.041987618437517,8.777948212877734],[78.041915677183383,8.777515104047358],[78.040201335439733,8.777864580001166]]]]}},
{"type":"Feature","properties":{"Land_id":"1050","dist_name":"Thoothukkudi","taluk_name":"Thoothukudi","vil_name":"South Silukanpatti","unit_id":7,"block_id":1,"survey_no":73,"sub_div":"6","KIDE":"73/6"},"geometry":{"type":"MultiPolygon","coordinates":[[[[78.041122606174525,8.777204245014739],[78.04112730673495,8.77729094586603],[78.040128001351633,8.777523375325623],[78.040201335439733,8.777864580001166],[78.041915677183383,8.777515104047358],[78.04184381923038,8.777082496715771],[78.041122606174525,8.777204245014739]]]]}},
{"type":"Feature","properties":{"Land_id":"1056","dist_name":"Thoothukkudi","taluk_name":"Thoothukudi","vil_name":"South Silukanpatti","unit_id":7,"block_id":1,"survey_no":84,"sub_div":"7","KIDE":"84/7"},"geometry":{"type":"MultiPolygon","coordinates":[[[[78.044487578459837,8.777153959000859],[78.045646068906919,8.776957281850143],[78.045549906821378,8.776324825720817],[78.044461597065578,8.776537019862811],[78.044487578459837,8.777153959000859]]]]}},
{"type":"Feature","properties":{"Land_id":"1061","dist_name":"Thoothukkudi","taluk_name":"Thoothukudi","vil_name":"Allikulam","unit_id":8,"block_id":1,"survey_no":21,"sub_div":null,"KIDE":"21"},"geometry":{"type":"MultiPolygon","coordinates":[[[[78.0275896789679,8.776826890702623],[78.028302580903713,8.776457198483772],[78.028260532046687,8.776227744393765],[78.028199568012425,8.775841463361266],[78.027819920115817,8.776050690689164],[78.027524992988347,8.776269531244459],[78.027387301552977,8.776498067014556],[78.0275896789679,8.776826890702623]]]]}},
{"type":"Feature","properties":{"Land_id":"1062","dist_name":"Thoothukkudi","taluk_name":"Thoothukudi","vil_name":"Allikulam","unit_id":8,"block_id":1,"survey_no":22,"sub_div":"1","KIDE":"22/1"},"geometry":{"type":"MultiPolygon","coordinates":[[[[78.027071189689053,8.775906559391094],[78.02705634338605,8.776197078311434],[78.027377754144368,8.776921837792525],[78.0275896789679,8.776826890702623],[78.027387301552977,8.776498067014556],[78.027524992988347,8.776269531244459],[78.027138404859954,8.775653966099343],[78.027003631816754,8.775451739507188],[78.027001882085315,8.77572215574757],[78.027071189689053,8.775906559391094]]]]}},
{"type":"Feature","properties":{"Land_id":"1063","dist_name":"Thoothukkudi","taluk_name":"Thoothukudi","vil_name":"Allikulam","unit_id":8,"block_id":1,"survey_no":22,"sub_div":"2A","KIDE":"22/2A"},"geometry":{"type":"MultiPolygon","coordinates":[[[[78.027138404859954,8.775653966099343],[78.027524992988347,8.776269531244459],[78.027819920115817,8.776050690689164],[78.028199568012425,8.775841463361266],[78.027837827737386,8.775158345867055],[78.027138404859954,8.775653966099343]]]]}},
{"type":"Feature","properties":{"Land_id":"1064","dist_name":"Thoothukkudi","taluk_name":"Thoothukudi","vil_name":"Allikulam","unit_id":8,"block_id":1,"survey_no":22,"sub_div":"2B","KIDE":"22/2B"},"geometry":{"type":"MultiPolygon","coordinates":[[[[78.027199554816136,8.775061632381547],[78.0270042713761,8.775352897682563],[78.027003631816754,8.775451739507188],[78.027138404859954,8.775653966099343],[78.027837827737386,8.775158345867055],[78.027641118904214,8.774786877013607],[78.027348750292873,8.774916523275486],[78.027199554816136,8.775061632381547]]]]}},
{"type":"Feature","properties":{"Land_id":"1065","dist_name":"Thoothukkudi","taluk_name":"Thoothukudi","vil_name":"Allikulam","unit_id":8,"block_id":1,"survey_no":22,"sub_div":"4","KIDE":"22/4"},"geometry":{"type":"MultiPolygon","coordinates":[[[[78.027568079382974,8.774648947736241],[78.02752311713094,8.774564040129709],[78.027127858029189,8.774707288787438],[78.027245398146661,8.77472629558568],[78.027568079382974,8.774648947736241]]]]}},
{"type":"Feature","properties":{"Land_id":"1066","dist_name":"Thoothukkudi","taluk_name":"Thoothukudi","vil_name":"Allikulam","unit_id":8,"block_id":1,"survey_no":23,"sub_div":"1","KIDE":"23/1"},"geometry":{"type":"MultiPolygon","coordinates":[[[[78.026472756859363,8.777158991695982],[78.026455240584056,8.776795976206762],[78.02682503686097,8.775997765432926],[78.026314847596211,8.776486872174878],[78.025896217390923,8.776865155829606],[78.025471550293886,8.777204076519908],[78.02584407014136,8.777872076857673],[78.026472756859363,8.777158991695982]]]]}},
{"type":"Feature","properties":{"Land_id":"1067","dist_name":"Thoothukkudi","taluk_name":"Thoothukudi","vil_name":"Allikulam","unit_id":8,"block_id":1,"survey_no":23,"sub_div":"3B","KIDE":"23/3B"},"geometry":{"type":"MultiPolygon","coordinates":[[[[78.026765445525058,8.776496564076504],[78.02713993297138,8.777003990654315],[78.02733232619974,8.776937530405631],[78.027377754144368,8.776921837792525],[78.026997790056413,8.776031312076061],[78.026765445525058,8.776496564076504]]]]}},
{"type":"Feature","properties":{"Land_id":"1068","dist_name":"Thoothukkudi","taluk_name":"Thoothukudi","vil_name":"Allikulam","unit_id":8,"block_id":1,"survey_no":24,"sub_div":null,"KIDE":"24"},"geometry":{"type":"MultiPolygon","coordinates":[[[[78.02682503686097,8.775997765432926],[78.026806061299212,8.775485692091435],[78.026001386629844,8.776079637182626],[78.02623949813831,8.776388981329314],[78.026314847596211,8.776486872174878],[78.026626931059127,8.776187142426977],[78.02682503686097,8.775997765432926]]]]}},
{"type":"Feature","properties":{"Land_id":"1069","dist_name":"Thoothukkudi","taluk_name":"Thoothukudi","vil_name":"Allikulam","unit_id":8,"block_id":2,"survey_no":25,"sub_div":"4C","KIDE":"25/4C"},"geometry":{"type":"MultiPolygon","coordinates":[[[[78.026389736596528,8.775660821813327],[78.026259754602989,8.775796171847393],[78.026287531219978,8.775874349185329],[78.026806061299212,8.775485692091435],[78.026797893169572,8.775265273619503],[78.026611250255414,8.774763389311339],[78.026240218053331,8.775222468052547],[78.026389736596528,8.775660821813327]]]]}},
{"type":"Feature","properties":{"Land_id":"1070","dist_name":"Thoothukkudi","taluk_name":"Thoothukudi","vil_name":"Allikulam","unit_id":8,"block_id":2,"survey_no":25,"sub_div":"4D","KIDE":"25/4D"},"geometry":{"type":"MultiPolygon","coordinates":[[[[78.02675043481716,8.774569427619905],[78.026611250255414,8.774763389311339],[78.026797893169572,8.775265273619503],[78.026936027833472,8.775031681935436],[78.02675043481716,8.774569427619905]]]]}},
{"type":"Feature","properties":{"Land_id":"1071","dist_name":"Thoothukkudi","taluk_name":"Thoothukudi","vil_name":"Allikulam","unit_id":8,"block_id":2,"survey_no":25,"sub_div":"4E","KIDE":"25/4E"},"geometry":{"type":"MultiPolygon","coordinates":[[[[78.026666967633517,8.77431444210853],[78.02675043481716,8.774569427619905],[78.026936027833472,8.775031681935436],[78.027127858029189,8.774707288787438],[78.026993838247819,8.774353862779215],[78.02684610192469,8.773964264628734],[78.026666967633517,8.77431444210853]]]]}},
{"type":"Feature","properties":{"Land_id":"1072","dist_name":"Thoothukkudi","taluk_name":"Thoothukudi","vil_name":"Allikulam","unit_id":8,"block_id":1,"survey_no":23,"sub_div":"2A1","KIDE":"23/2A1"},"geometry":{"type":"MultiPolygon","coordinates":[[[[78.025918042835656,8.778004724245744],[78.0262041144817,8.777818663718394],[78.026140658622126,8.777730135883258],[78.02590646395744,8.777983961071342],[78.025918042835656,8.778004724245744]]]]}},
{"type":"Feature","properties":{"Land_id":"1073","dist_name":"Thoothukkudi","taluk_name":"Thoothukudi","vil_name":"Allikulam","unit_id":8,"block_id":1,"survey_no":23,"sub_div":"2B","KIDE":"23/2B"},"geometry":{"type":"MultiPolygon","coordinates":[[[[78.026591006247543,8.777234589135135],[78.026140658622126,8.777730135883258],[78.0262041144817,8.777818663718394],[78.026394897522167,8.777694578743148],[78.026697982973531,8.77735578971987],[78.02666204265293,8.776634648671097],[78.026591006247543,8.777234589135135]]]]}},
{"type":"Feature","properties":{"Land_id":"1074","dist_name":"Thoothukkudi","taluk_name":"Thoothukudi","vil_name":"Allikulam","unit_id":8,"block_id":1,"survey_no":23,"sub_div":"3A","KIDE":"23/3A"},"geometry":{"type":"MultiPolygon","coordinates":[[[[78.02666204265293,8.776634648671097],[78.026697982973531,8.77735578971987],[78.026955805534968,8.777067595570751],[78.02713993297138,8.777003990654315],[78.026765445525058,8.776496564076504],[78.02666204265293,8.776634648671097]]]]}},
{"type":"Feature","properties":{"Land_id":"1075","dist_name":"Thoothukkudi","taluk_name":"Thoothukudi","vil_name":"Allikulam","unit_id":8,"block_id":1,"survey_no":23,"sub_div":"4A","KIDE":"23/4A"},"geometry":{"type":"MultiPolygon","coordinates":[[[[78.025853608703258,8.776584099628133],[78.025348027827107,8.777030557700433],[78.025471550293886,8.777204076519908],[78.025896217390923,8.776865155829606],[78.025853608703258,8.776584099628133]]]]}},
{"type":"Feature","properties":{"Land_id":"1076","dist_name":"Thoothukkudi","taluk_name":"Thoothukudi","vil_name":"Allikulam","unit_id":8,"block_id":1,"survey_no":23,"sub_div":"4B","KIDE":"23/4B"},"geometry":{"type":"MultiPolygon","coordinates":[[[[78.025348027827107,8.777030557700433],[78.025853608703258,8.776584099628133],[78.025833927923401,8.776211238310614],[78.025745815978581,8.776280483031146],[78.02563860914745,8.776639287701569],[78.025202656835717,8.77682634705384],[78.025348027827107,8.777030557700433]]]]}},
{"type":"Feature","properties":{"Land_id":"1077","dist_name":"Thoothukkudi","taluk_name":"Thoothukudi","vil_name":"Allikulam","unit_id":8,"block_id":1,"survey_no":23,"sub_div":"4C","KIDE":"23/4C"},"geometry":{"type":"MultiPolygon","coordinates":[[[[78.025853608703258,8.776584099628133],[78.025896217390923,8.776865155829606],[78.026314847596211,8.776486872174878],[78.026001386629844,8.776079637182626],[78.025833927923401,8.776211238310614],[78.025853608703258,8.776584099628133]]]]}},
{"type":"Feature","properties":{"Land_id":"1078","dist_name":"Thoothukkudi","taluk_name":"Thoothukudi","vil_name":"Allikulam","unit_id":8,"block_id":1,"survey_no":23,"sub_div":"4D","KIDE":"23/4D"},"geometry":{"type":"MultiPolygon","coordinates":[[[[78.025745815978581,8.776280483031146],[78.025148329748504,8.776750030799125],[78.025202656835717,8.77682634705384],[78.02563860914745,8.776639287701569],[78.025745815978581,8.776280483031146]]]]}},
{"type":"Feature","properties":{"Land_id":"1079","dist_name":"Thoothukkudi","taluk_name":"Thoothukudi","vil_name":"Allikulam","unit_id":8,"block_id":2,"survey_no":25,"sub_div":"3A","KIDE":"25/3A"},"geometry":{"type":"MultiPolygon","coordinates":[[[[78.025341953881423,8.775940328958701],[78.025177841144199,8.776076722641633],[78.02488311339043,8.776108145039677],[78.025148329748504,8.776750030799125],[78.025562031797065,8.776424914204952],[78.025341953881423,8.775940328958701]]]]}},
{"type":"Feature","properties":{"Land_id":"1080","dist_name":"Thoothukkudi","taluk_name":"Thoothukudi","vil_name":"Allikulam","unit_id":8,"block_id":2,"survey_no":25,"sub_div":"3B","KIDE":"25/3B"},"geometry":{"type":"MultiPolygon","coordinates":[[[[78.0256412749779,8.775641350917489],[78.025341953881423,8.775940328958701],[78.025562031797065,8.776424914204952],[78.025748542824644,8.776278340528869],[78.025761887635255,8.775975926646112],[78.0256412749779,8.775641350917489]]]]}},
{"type":"Feature","properties":{"Land_id":"1081","dist_name":"Thoothukkudi","taluk_name":"Thoothukudi","vil_name":"Allikulam","unit_id":8,"block_id":2,"survey_no":25,"sub_div":"3C","KIDE":"25/3C"},"geometry":{"type":"MultiPolygon","coordinates":[[[[78.025761887635255,8.775975926646112],[78.025748542824644,8.776278340528869],[78.025793391196842,8.776244725047917],[78.025852049799141,8.776200758298796],[78.025761887635255,8.775975926646112]]]]}},
{"type":"Feature","properties":{"Land_id":"1082","dist_name":"Thoothukkudi","taluk_name":"Thoothukudi","vil_name":"Allikulam","unit_id":8,"block_id":2,"survey_no":25,"sub_div":"4A","KIDE":"25/4A"},"geometry":{"type":"MultiPolygon","coordinates":[[[[78.025991713284441,8.776096075453015],[78.026287531219978,8.775874349185329],[78.026259754602989,8.775796171847393],[78.025957181493425,8.776039161737632],[78.025852049799141,8.776200758298796],[78.025991713284441,8.776096075453015]]]]}},
{"type":"Feature","properties":{"Land_id":"1083","dist_name":"Thoothukkudi","taluk_name":"Thoothukudi","vil_name":"Allikulam","unit_id":8,"block_id":2,"survey_no":25,"sub_div":"4B","KIDE":"25/4B"},"geometry":{"type":"MultiPolygon","coordinates":[[[[78.026240218053331,8.775222468052547],[78.026611250255414,8.774763389311339],[78.02675043481716,8.774569427619905],[78.026666967633517,8.77431444210853],[78.02684610192469,8.773964264628734],[78.026807936702866,8.773863618426622],[78.026617212494884,8.774247862024856],[78.026603529115675,8.7745034372135],[78.026528742560401,8.774682424530674],[78.026053009369207,8.775267525649271],[78.025761887635255,8.775975926646112],[78.025852049799141,8.776200758298796],[78.025957181493425,8.776039161737632],[78.026259754602989,8.775796171847393],[78.026389736596528,8.775660821813327],[78.026240218053331,8.775222468052547]]]]}},
{"type":"Feature","properties":{"Land_id":"1084","dist_name":"Thoothukkudi","taluk_name":"Thoothukudi","vil_name":"Allikulam","unit_id":8,"block_id":1,"survey_no":30,"sub_div":"4A","KIDE":"30/4A"},"geometry":{"type":"MultiPolygon","coordinates":[[[[78.024336401609787,8.777400541369643],[78.024723250743861,8.778584206433496],[78.025078430762377,8.778285144128551],[78.025207496075893,8.778176470869536],[78.025819307805463,8.777827673186671],[78.025471550293886,8.777204076519908],[78.025346798053846,8.777028830170133],[78.025096382301697,8.777001115408547],[78.025199767214318,8.777169085131222],[78.02424761427082,8.777364390037397],[78.024263351549678,8.777416759812452],[78.024336401609787,8.777400541369643]]]]}},
{"type":"Feature","properties":{"Land_id":"1085","dist_name":"Thoothukkudi","taluk_name":"Thoothukudi","vil_name":"Allikulam","unit_id":8,"block_id":1,"survey_no":30,"sub_div":"4C","KIDE":"30/4C"},"geometry":{"type":"MultiPolygon","coordinates":[[[[78.025148329748504,8.776750030799125],[78.025001533742568,8.776847014715942],[78.025206515247021,8.776831767176933],[78.025148329748504,8.776750030799125]]]]}},
{"type":"Feature","properties":{"Land_id":"1086","dist_name":"Thoothukkudi","taluk_name":"Thoothukudi","vil_name":"Allikulam","unit_id":8,"block_id":1,"survey_no":30,"sub_div":"6C","KIDE":"30/6C"},"geometry":{"type":"MultiPolygon","coordinates":[[[[78.025001533742568,8.776847014715942],[78.025148329748504,8.776750030799125],[78.024828941211837,8.775977035668273],[78.023540465363297,8.776467687193371],[78.023544941912476,8.77673454133121],[78.023546124822417,8.776805056453075],[78.025001533742568,8.776847014715942]]]]}},
{"type":"Feature","properties":{"Land_id":"1087","dist_name":"Thoothukkudi","taluk_name":"Thoothukudi","vil_name":"Allikulam","unit_id":8,"block_id":1,"survey_no":30,"sub_div":"7A","KIDE":"30/7A"},"geometry":{"type":"MultiPolygon","coordinates":[[[[78.025878868078777,8.777934476308607],[78.025763978505765,8.778041963214385],[78.025918042835656,8.778004724245744],[78.025878868078777,8.777934476308607]]]]}},
{"type":"Feature","properties":{"Land_id":"1088","dist_name":"Thoothukkudi","taluk_name":"Thoothukudi","vil_name":"Allikulam","unit_id":8,"block_id":2,"survey_no":25,"sub_div":"3D","KIDE":"25/3D"},"geometry":{"type":"MultiPolygon","coordinates":[[[[78.025341953881423,8.775940328958701],[78.0256412749779,8.775641350917489],[78.025630473843748,8.775611388909523],[78.025314422003362,8.775889950302233],[78.025201727504637,8.775937452869535],[78.024858350464058,8.776048212952862],[78.02488311339043,8.776108145039677],[78.025177841144199,8.776076722641633],[78.025341953881423,8.775940328958701]]]]}},
{"type":"Feature","properties":{"Land_id":"1089","dist_name":"Thoothukkudi","taluk_name":"Thoothukudi","vil_name":"Allikulam","unit_id":8,"block_id":2,"survey_no":25,"sub_div":"3E","KIDE":"25/3E"},"geometry":{"type":"MultiPolygon","coordinates":[[[[78.024858350464058,8.776048212952862],[78.025201727504637,8.775937452869535],[78.025314422003362,8.775889950302233],[78.025294052908677,8.775836388741807],[78.025242790372346,8.775856212891556],[78.024828941211837,8.775977035668273],[78.024858350464058,8.776048212952862]]]]}},
{"type":"Feature","properties":{"Land_id":"1090","dist_name":"Thoothukkudi","taluk_name":"Thoothukudi","vil_name":"Allikulam","unit_id":8,"block_id":2,"survey_no":25,"sub_div":"3F","KIDE":"25/3F"},"geometry":{"type":"MultiPolygon","coordinates":[[[[78.025314422003362,8.775889950302233],[78.025630473843748,8.775611388909523],[78.025577668211085,8.77546490799844],[78.02515758405049,8.775586820695921],[78.025242790372346,8.775856212891556],[78.025294052908677,8.775836388741807],[78.025314422003362,8.775889950302233]]]]}},
{"type":"Feature","properties":{"Land_id":"1091","dist_name":"Thoothukkudi","taluk_name":"Thoothukudi","vil_name":"Allikulam","unit_id":8,"block_id":2,"survey_no":25,"sub_div":"3G","KIDE":"25/3G"},"geometry":{"type":"MultiPolygon","coordinates":[[[[78.025088319502274,8.775367830912273],[78.025151537112549,8.77556770253668],[78.02515758405049,8.775586820695921],[78.025577668211085,8.77546490799844],[78.02550866088167,8.775273484091517],[78.025088319502274,8.775367830912273]]]]}},
{"type":"Feature","properties":{"Land_id":"1092","dist_name":"Thoothukkudi","taluk_name":"Thoothukudi","vil_name":"Allikulam","unit_id":8,"block_id":2,"survey_no":25,"sub_div":"3H","KIDE":"25/3H"},"geometry":{"type":"MultiPolygon","coordinates":[[[[78.025025101892012,8.775167959287867],[78.025071827968574,8.775315690483852],[78.025088319502274,8.775367830912273],[78.02550866088167,8.775273484091517],[78.025439653678859,8.775082060140804],[78.025025101892012,8.775167959287867]]]]}},
{"type":"Feature","properties":{"Land_id":"1093","dist_name":"Thoothukkudi","taluk_name":"Thoothukudi","vil_name":"Allikulam","unit_id":8,"block_id":2,"survey_no":25,"sub_div":"3I","KIDE":"25/3I"},"geometry":{"type":"MultiPolygon","coordinates":[[[[78.024961884161826,8.774968087731427],[78.024985522140071,8.775042822303657],[78.025025101892012,8.775167959287867],[78.025439653678859,8.775082060140804],[78.025370646471558,8.774890636173993],[78.024961884161826,8.774968087731427]]]]}},
{"type":"Feature","properties":{"Land_id":"1094","dist_name":"Thoothukkudi","taluk_name":"Thoothukudi","vil_name":"Allikulam","unit_id":8,"block_id":2,"survey_no":25,"sub_div":"3J","KIDE":"25/3J"},"geometry":{"type":"MultiPolygon","coordinates":[[[[78.024961884161826,8.774968087731427],[78.025370646471558,8.774890636173993],[78.025301639142128,8.774699212267066],[78.025079187142254,8.774635178729763],[78.024891767379415,8.774757658965278],[78.024961884161826,8.774968087731427]]]]}},
{"type":"Feature","properties":{"Land_id":"1095","dist_name":"Thoothukkudi","taluk_name":"Thoothukudi","vil_name":"Allikulam","unit_id":8,"block_id":2,"survey_no":25,"sub_div":"2A","KIDE":"25/2A"},"geometry":{"type":"MultiPolygon","coordinates":[[[[78.025151537112549,8.77556770253668],[78.024770074998059,8.775717568816052],[78.024828941211837,8.775977035668273],[78.025242790372346,8.775856212891556],[78.02515758405049,8.775586820695921],[78.025151537112549,8.77556770253668]]]]}},
{"type":"Feature","properties":{"Land_id":"1096","dist_name":"Thoothukkudi","taluk_name":"Thoothukudi","vil_name":"Allikulam","unit_id":8,"block_id":2,"survey_no":25,"sub_div":"2B","KIDE":"25/2B"},"geometry":{"type":"MultiPolygon","coordinates":[[[[78.025151537112549,8.77556770253668],[78.025088319502274,8.775367830912273],[78.025071827968574,8.775315690483852],[78.024703388920599,8.775423634052824],[78.024770074998059,8.775717568816052],[78.025151537112549,8.77556770253668]]]]}},
{"type":"Feature","properties":{"Land_id":"1097","dist_name":"Thoothukkudi","taluk_name":"Thoothukudi","vil_name":"Allikulam","unit_id":8,"block_id":2,"survey_no":25,"sub_div":"2C","KIDE":"25/2C"},"geometry":{"type":"MultiPolygon","coordinates":[[[[78.025071827968574,8.775315690483852],[78.025025101892012,8.775167959287867],[78.024985522140071,8.775042822303657],[78.024635303321631,8.775123530565427],[78.024688655948751,8.775358694971738],[78.024703388920599,8.775423634052824],[78.025071827968574,8.775315690483852]]]]}},
{"type":"Feature","properties":{"Land_id":"1098","dist_name":"Thoothukkudi","taluk_name":"Thoothukudi","vil_name":"Allikulam","unit_id":8,"block_id":2,"survey_no":25,"sub_div":"2D","KIDE":"25/2D"},"geometry":{"type":"MultiPolygon","coordinates":[[[[78.024891767379415,8.774757658965278],[78.024596129093027,8.774950860826138],[78.024635303321631,8.775123530565427],[78.024985522140071,8.775042822303657],[78.024961884161826,8.774968087731427],[78.024891767379415,8.774757658965278]]]]}},
{"type":"Feature","properties":{"Land_id":"1099","dist_name":"Thoothukkudi","taluk_name":"Thoothukudi","vil_name":"Allikulam","unit_id":8,"block_id":2,"survey_no":25,"sub_div":"4F","KIDE":"25/4F"},"geometry":{"type":"MultiPolygon","coordinates":[[[[78.026617212494884,8.774247862024856],[78.026807936702866,8.773863618426622],[78.026790992044383,8.773818933358905],[78.026570758180711,8.773935354628831],[78.026459911548343,8.77385368247969],[78.026617212494884,8.774247862024856]]]]}},
{"type":"Feature","properties":{"Land_id":"1100","dist_name":"Thoothukkudi","taluk_name":"Thoothukudi","vil_name":"Allikulam","unit_id":8,"block_id":2,"survey_no":25,"sub_div":"4G","KIDE":"25/4G"},"geometry":{"type":"MultiPolygon","coordinates":[[[[78.026528742560401,8.774682424530674],[78.026603529115675,8.7745034372135],[78.026617212494884,8.774247862024856],[78.026459911548343,8.77385368247969],[78.02614693245134,8.773927246786723],[78.026528742560401,8.774682424530674]]]]}},
{"type":"Feature","properties":{"Land_id":"1101","dist_name":"Thoothukkudi","taluk_name":"Thoothukudi","vil_name":"Allikulam","unit_id":8,"block_id":2,"survey_no":25,"sub_div":"4H","KIDE":"25/4H"},"geometry":{"type":"MultiPolygon","coordinates":[[[[78.025610617080659,8.774111009768641],[78.026053009369207,8.775267525649271],[78.026528742560401,8.774682424530674],[78.02614693245134,8.773927246786723],[78.026125085716956,8.773844050721449],[78.025610617080659,8.774111009768641]]]]}},
{"type":"Feature","properties":{"Land_id":"1102","dist_name":"Thoothukkudi","taluk_name":"Thoothukudi","vil_name":"Allikulam","unit_id":8,"block_id":2,"survey_no":25,"sub_div":"4I","KIDE":"25/4I"},"geometry":{"type":"MultiPolygon","coordinates":[[[[78.025301639142128,8.774699212267066],[78.025370646471558,8.774890636173993],[78.025439653678859,8.775082060140804],[78.02550866088167,8.775273484091517],[78.025577668211085,8.77546490799844],[78.025630473843748,8.775611388909523],[78.0256412749779,8.775641350917489],[78.025761887635255,8.775975926646112],[78.026053009369207,8.775267525649271],[78.025610617080659,8.774111009768641],[78.025595283684822,8.774118880599479],[78.024994259508802,8.774314376745977],[78.025079187142254,8.774635178729763],[78.025301639142128,8.774699212267066]]]]}},
{"type":"Feature","properties":{"Land_id":"1103","dist_name":"Thoothukkudi","taluk_name":"Thoothukudi","vil_name":"Allikulam","unit_id":8,"block_id":2,"survey_no":25,"sub_div":"7A","KIDE":"25/7A"},"geometry":{"type":"MultiPolygon","coordinates":[[[[78.024737733498483,8.773345386446103],[78.024994259508802,8.774314376745977],[78.025595283684822,8.774118880599479],[78.025367035636293,8.77313385694705],[78.024737733498483,8.773345386446103]]]]}},
{"type":"Feature","properties":{"Land_id":"1104","dist_name":"Thoothukkudi","taluk_name":"Thoothukudi","vil_name":"Allikulam","unit_id":8,"block_id":2,"survey_no":25,"sub_div":"7B","KIDE":"25/7B"},"geometry":{"type":"MultiPolygon","coordinates":[[[[78.025367035636293,8.77313385694705],[78.025358380705441,8.773021678821653],[78.025476928395562,8.772982123935416],[78.025306432997496,8.772391390520093],[78.025112579308399,8.772454305040291],[78.02495020614171,8.772507002473304],[78.024549850275449,8.772635684453748],[78.024731029852902,8.773320064384132],[78.024737733498483,8.773345386446103],[78.025367035636293,8.77313385694705]]]]}},
{"type":"Feature","properties":{"Land_id":"1105","dist_name":"Thoothukkudi","taluk_name":"Thoothukudi","vil_name":"Allikulam","unit_id":8,"block_id":2,"survey_no":25,"sub_div":"6","KIDE":"25/6"},"geometry":{"type":"MultiPolygon","coordinates":[[[[78.025595283684822,8.774118880599479],[78.025610617080659,8.774111009768641],[78.026125085716956,8.773844050721449],[78.025863875731147,8.772849318847978],[78.025476928395562,8.772982123935416],[78.025358380705441,8.773021678821653],[78.025367035636293,8.77313385694705],[78.025595283684822,8.774118880599479]]]]}},
{"type":"Feature","properties":{"Land_id":"1106","dist_name":"Thoothukkudi","taluk_name":"Thoothukudi","vil_name":"Allikulam","unit_id":8,"block_id":2,"survey_no":25,"sub_div":"8A","KIDE":"25/8A"},"geometry":{"type":"MultiPolygon","coordinates":[[[[78.024194666515044,8.771294028619044],[78.024549850275449,8.772635684453748],[78.02495020614171,8.772507002473304],[78.024419718945211,8.7708457789292],[78.024101257911113,8.770941190982718],[78.024194666515044,8.771294028619044]]]]}},
{"type":"Feature","properties":{"Land_id":"1107","dist_name":"Thoothukkudi","taluk_name":"Thoothukudi","vil_name":"Allikulam","unit_id":8,"block_id":2,"survey_no":25,"sub_div":"8B","KIDE":"25/8B"},"geometry":{"type":"MultiPolygon","coordinates":[[[[78.024419718945211,8.7708457789292],[78.02495020614171,8.772507002473304],[78.025112579308399,8.772454305040291],[78.024573656641934,8.770799658650155],[78.024419718945211,8.7708457789292]]]]}},
{"type":"Feature","properties":{"Land_id":"1108","dist_name":"Thoothukkudi","taluk_name":"Thoothukudi","vil_name":"Allikulam","unit_id":8,"block_id":2,"survey_no":25,"sub_div":"9B","KIDE":"25/9B"},"geometry":{"type":"MultiPolygon","coordinates":[[[[78.025112579308399,8.772454305040291],[78.025306432997496,8.772391390520093],[78.025425870454654,8.772369427871597],[78.025180798394985,8.771576448345645],[78.024909976940947,8.770698895897633],[78.024573656641934,8.770799658650155],[78.025112579308399,8.772454305040291]]]]}},
{"type":"Feature","properties":{"Land_id":"1109","dist_name":"Thoothukkudi","taluk_name":"Thoothukudi","vil_name":"Allikulam","unit_id":8,"block_id":2,"survey_no":25,"sub_div":"9C","KIDE":"25/9C"},"geometry":{"type":"MultiPolygon","coordinates":[[[[78.025476928395562,8.772982123935416],[78.025863875731147,8.772849318847978],[78.025766285979216,8.77247768054144],[78.025799641882131,8.772423014396031],[78.025425870454654,8.772369427871597],[78.025306432997496,8.772391390520093],[78.025476928395562,8.772982123935416]]]]}},
{"type":"Feature","properties":{"Land_id":"1110","dist_name":"Thoothukkudi","taluk_name":"Thoothukudi","vil_name":"Allikulam","unit_id":8,"block_id":2,"survey_no":25,"sub_div":"10C3","KIDE":"25/10C3"},"geometry":{"type":"MultiPolygon","coordinates":[[[[78.025180798394985,8.771576448345645],[78.025489412332334,8.771475676668837],[78.02520599300631,8.770610208436228],[78.024909976940947,8.770698895897633],[78.025180798394985,8.771576448345645]]]]}},
{"type":"Feature","properties":{"Land_id":"1111","dist_name":"Thoothukkudi","taluk_name":"Thoothukudi","vil_name":"Allikulam","unit_id":8,"block_id":2,"survey_no":25,"sub_div":"10C2","KIDE":"25/10C2"},"geometry":{"type":"MultiPolygon","coordinates":[[[[78.025655695103623,8.771983448874053],[78.025489412332334,8.771475676668837],[78.025180798394985,8.771576448345645],[78.025425870454654,8.772369427871597],[78.025799641882131,8.772423014396031],[78.025655695103623,8.771983448874053]]]]}},
{"type":"Feature","properties":{"Land_id":"1112","dist_name":"Thoothukkudi","taluk_name":"Thoothukudi","vil_name":"Allikulam","unit_id":8,"block_id":3,"survey_no":26,"sub_div":"2","KIDE":"26/2"},"geometry":{"type":"MultiPolygon","coordinates":[[[[78.024101257911113,8.770941190982718],[78.023329421563588,8.771157904404863],[78.023208278919938,8.77136028903197],[78.023293073464899,8.771601738109593],[78.024169288198976,8.771216079961313],[78.024101257911113,8.770941190982718]]]]}},
{"type":"Feature","properties":{"Land_id":"1113","dist_name":"Thoothukkudi","taluk_name":"Thoothukudi","vil_name":"Allikulam","unit_id":8,"block_id":3,"survey_no":28,"sub_div":"8","KIDE":"28/8"},"geometry":{"type":"MultiPolygon","coordinates":[[[[78.023818611809943,8.77137042706549],[78.023984070056699,8.772143689156152],[78.024394513934311,8.772066510929978],[78.024128271369548,8.771234133155206],[78.023818611809943,8.77137042706549]]]]}},
{"type":"Feature","properties":{"Land_id":"1114","dist_name":"Thoothukkudi","taluk_name":"Thoothukudi","vil_name":"Allikulam","unit_id":8,"block_id":3,"survey_no":28,"sub_div":"10","KIDE":"28/10"},"geometry":{"type":"MultiPolygon","coordinates":[[[[78.023984070056699,8.772143689156152],[78.024040191384941,8.772239198193423],[78.024417680592208,8.772153986028158],[78.024394513934311,8.772066510929978],[78.023984070056699,8.772143689156152]]]]}},
{"type":"Feature","properties":{"Land_id":"1115","dist_name":"Thoothukkudi","taluk_name":"Thoothukudi","vil_name":"Allikulam","unit_id":8,"block_id":4,"survey_no":29,"sub_div":"3B","KIDE":"29/3B"},"geometry":{"type":"MultiPolygon","coordinates":[[[[78.02388925926482,8.77558412543552],[78.024061534572041,8.776269264070235],[78.024828941211837,8.775977035668273],[78.024690491317983,8.77536678479864],[78.02388925926482,8.77558412543552]]]]}},
{"type":"Feature","properties":{"Land_id":"1116","dist_name":"Thoothukkudi","taluk_name":"Thoothukudi","vil_name":"Allikulam","unit_id":8,"block_id":4,"survey_no":29,"sub_div":"4","KIDE":"29/4"},"geometry":{"type":"MultiPolygon","coordinates":[[[[78.023168184561769,8.775784512825716],[78.02388925926482,8.77558412543552],[78.024690491317983,8.77536678479864],[78.024596129093027,8.774950860826138],[78.024011119759706,8.774891971520727],[78.023694356686889,8.774924055461051],[78.023395317944747,8.775014009485101],[78.023424984472328,8.775198977318752],[78.022578776868315,8.775381726697436],[78.022670114218101,8.775693230745707],[78.023120341966518,8.775605388800622],[78.023168184561769,8.775784512825716]]]]}},
{"type":"Feature","properties":{"Land_id":"1117","dist_name":"Thoothukkudi","taluk_name":"Thoothukudi","vil_name":"Allikulam","unit_id":8,"block_id":4,"survey_no":29,"sub_div":"8","KIDE":"29/8"},"geometry":{"type":"MultiPolygon","coordinates":[[[[78.025079187142254,8.774635178729763],[78.024724456410198,8.773312342357507],[78.02382521296272,8.773531986316462],[78.024011119759706,8.774891971520727],[78.024596129093027,8.774950860826138],[78.025079187142254,8.774635178729763]]]]}},
{"type":"Feature","properties":{"Land_id":"1118","dist_name":"Thoothukkudi","taluk_name":"Thoothukudi","vil_name":"Allikulam","unit_id":8,"block_id":3,"survey_no":26,"sub_div":"1A","KIDE":"26/1A"},"geometry":{"type":"MultiPolygon","coordinates":[[[[78.022789166842486,8.773020711396139],[78.022581723027585,8.77217389270684],[78.022358686856805,8.772323304921246],[78.02191666384644,8.772429277262837],[78.022083637314395,8.77326283280663],[78.022789166842486,8.773020711396139]]]]}},
{"type":"Feature","properties":{"Land_id":"1119","dist_name":"Thoothukkudi","taluk_name":"Thoothukudi","vil_name":"Allikulam","unit_id":8,"block_id":3,"survey_no":26,"sub_div":"1B","KIDE":"26/1B"},"geometry":{"type":"MultiPolygon","coordinates":[[[[78.022571846774881,8.77198500562848],[78.022358686856805,8.772323304921246],[78.022581723027585,8.77217389270684],[78.022571846774881,8.77198500562848]]]]}},
{"type":"Feature","properties":{"Land_id":"1120","dist_name":"Thoothukkudi","taluk_name":"Thoothukudi","vil_name":"Allikulam","unit_id":8,"block_id":3,"survey_no":26,"sub_div":"1C","KIDE":"26/1C"},"geometry":{"type":"MultiPolygon","coordinates":[[[[78.022789166842486,8.773020711396139],[78.023065884820895,8.772925748188262],[78.022769223250094,8.77170070909245],[78.022700738770538,8.77178044526195],[78.022571846774881,8.77198500562848],[78.022581723027585,8.77217389270684],[78.022789166842486,8.773020711396139]]]]}},
{"type":"Feature","properties":{"Land_id":"1121","dist_name":"Thoothukkudi","taluk_name":"Thoothukudi","vil_name":"Allikulam","unit_id":8,"block_id":3,"survey_no":26,"sub_div":"1D","KIDE":"26/1D"},"geometry":{"type":"MultiPolygon","coordinates":[[[[78.022769223250094,8.77170070909245],[78.023065884820895,8.772925748188262],[78.02330903631119,8.77284230422249],[78.023238175734903,8.772556818718023],[78.023029868949834,8.771717585243806],[78.022948326262537,8.771603422582938],[78.022853728195287,8.771633223145519],[78.022769223250094,8.77170070909245]]]]}},
{"type":"Feature","properties":{"Land_id":"1122","dist_name":"Thoothukkudi","taluk_name":"Thoothukudi","vil_name":"Allikulam","unit_id":8,"block_id":3,"survey_no":26,"sub_div":"1E","KIDE":"26/1E"},"geometry":{"type":"MultiPolygon","coordinates":[[[[78.022824560400466,8.771583931910797],[78.022700738770538,8.77178044526195],[78.022769223250094,8.77170070909245],[78.022853728195287,8.771633223145519],[78.022824560400466,8.771583931910797]]]]}},
{"type":"Feature","properties":{"Land_id":"1123","dist_name":"Thoothukkudi","taluk_name":"Thoothukudi","vil_name":"Allikulam","unit_id":8,"block_id":3,"survey_no":26,"sub_div":"1F","KIDE":"26/1F"},"geometry":{"type":"MultiPolygon","coordinates":[[[[78.022818643978567,8.771513588928345],[78.022824560400466,8.771583931910797],[78.022853728195287,8.771633223145519],[78.022948326262537,8.771603422582938],[78.023029868949834,8.771717585243806],[78.023293073464899,8.771601738109593],[78.023208278919938,8.77136028903197],[78.022818643978567,8.771513588928345]]]]}},
{"type":"Feature","properties":{"Land_id":"1124","dist_name":"Thoothukkudi","taluk_name":"Thoothukudi","vil_name":"Allikulam","unit_id":8,"block_id":3,"survey_no":26,"sub_div":"1G","KIDE":"26/1G"},"geometry":{"type":"MultiPolygon","coordinates":[[[[78.022818643978567,8.771513588928345],[78.023208278919938,8.77136028903197],[78.023329421563588,8.771157904404863],[78.022802950825721,8.771327006025217],[78.022818643978567,8.771513588928345]]]]}},
{"type":"Feature","properties":{"Land_id":"1125","dist_name":"Thoothukkudi","taluk_name":"Thoothukudi","vil_name":"Allikulam","unit_id":8,"block_id":3,"survey_no":27,"sub_div":null,"KIDE":"27"},"geometry":{"type":"MultiPolygon","coordinates":[[[[78.022147227317646,8.773583323967612],[78.023347691673592,8.773144252392152],[78.02330903631119,8.77284230422249],[78.022083637314395,8.77326283280663],[78.022147227317646,8.773583323967612]]]]}},
{"type":"Feature","properties":{"Land_id":"1126","dist_name":"Thoothukkudi","taluk_name":"Thoothukudi","vil_name":"Allikulam","unit_id":8,"block_id":3,"survey_no":28,"sub_div":"1C","KIDE":"28/1C"},"geometry":{"type":"MultiPolygon","coordinates":[[[[78.023242244144384,8.772573209664762],[78.023318283046407,8.772914533134667],[78.023346368087346,8.773133913478793],[78.023507710580404,8.773085413990273],[78.023314534998477,8.772297861637673],[78.023179607779895,8.772320858145031],[78.023242244144384,8.772573209664762]]]]}},
{"type":"Feature","properties":{"Land_id":"1127","dist_name":"Thoothukkudi","taluk_name":"Thoothukudi","vil_name":"Allikulam","unit_id":8,"block_id":3,"survey_no":28,"sub_div":"5","KIDE":"28/5"},"geometry":{"type":"MultiPolygon","coordinates":[[[[78.023258889544522,8.772265318204392],[78.023092741462975,8.77168991246446],[78.023029868949834,8.771717585243806],[78.023168298452944,8.772275294743212],[78.023258889544522,8.772265318204392]]]]}},
{"type":"Feature","properties":{"Land_id":"1128","dist_name":"Thoothukkudi","taluk_name":"Thoothukudi","vil_name":"Allikulam","unit_id":8,"block_id":3,"survey_no":28,"sub_div":"6","KIDE":"28/6"},"geometry":{"type":"MultiPolygon","coordinates":[[[[78.023258889544522,8.772265318204392],[78.023522243576778,8.772224779443015],[78.023606677715733,8.772211782345957],[78.023724612822136,8.772190503241942],[78.023490638240872,8.771514781724699],[78.023092741462975,8.77168991246446],[78.023258889544522,8.772265318204392]]]]}},
{"type":"Feature","properties":{"Land_id":"1129","dist_name":"Thoothukkudi","taluk_name":"Thoothukudi","vil_name":"Allikulam","unit_id":8,"block_id":3,"survey_no":42,"sub_div":"1G","KIDE":"42/1G"},"geometry":{"type":"MultiPolygon","coordinates":[[[[78.02197985644149,8.772745577176677],[78.02191666384644,8.772429277262837],[78.021658218862413,8.772477240978695],[78.02170197094884,8.772803688625652],[78.02197985644149,8.772745577176677]]]]}},
{"type":"Feature","properties":{"Land_id":"1130","dist_name":"Thoothukkudi","taluk_name":"Thoothukudi","vil_name":"Allikulam","unit_id":8,"block_id":3,"survey_no":42,"sub_div":"4A1","KIDE":"42/4A1"},"geometry":{"type":"MultiPolygon","coordinates":[[[[78.021386080580442,8.772261006906083],[78.021403285554243,8.772322993465368],[78.021198661051102,8.772388945841806],[78.021237309758718,8.772594169488553],[78.021372479775735,8.772556619220172],[78.021658218862413,8.772477240978695],[78.02191666384644,8.772429277262837],[78.022358686856805,8.772323304921246],[78.022275359106928,8.772039022077688],[78.021386080580442,8.772261006906083]]]]}},
{"type":"Feature","properties":{"Land_id":"1131","dist_name":"Thoothukkudi","taluk_name":"Thoothukudi","vil_name":"Allikulam","unit_id":8,"block_id":3,"survey_no":42,"sub_div":"4B","KIDE":"42/4B"},"geometry":{"type":"MultiPolygon","coordinates":[[[[78.022275359106928,8.772039022077688],[78.022358686856805,8.772323304921246],[78.022398882501363,8.772259511698545],[78.022565418785987,8.77199520728421],[78.022514017015453,8.771717787497892],[78.022201203278811,8.771793516555418],[78.022275359106928,8.772039022077688]]]]}},
{"type":"Feature","properties":{"Land_id":"1132","dist_name":"Thoothukkudi","taluk_name":"Thoothukudi","vil_name":"Allikulam","unit_id":8,"block_id":3,"survey_no":42,"sub_div":"4C","KIDE":"42/4C"},"geometry":{"type":"MultiPolygon","coordinates":[[[[78.022514017015453,8.771717787497892],[78.022565418785987,8.77199520728421],[78.022824560400466,8.771583931910797],[78.022802950825721,8.771327006025217],[78.022753768015036,8.771130749258068],[78.022414188761758,8.771222216893163],[78.022461489305996,8.771459443421632],[78.022514017015453,8.771717787497892]]]]}},
{"type":"Feature","properties":{"Land_id":"1133","dist_name":"Thoothukkudi","taluk_name":"Thoothukudi","vil_name":"Allikulam","unit_id":8,"block_id":3,"survey_no":28,"sub_div":"1A","KIDE":"28/1A"},"geometry":{"type":"MultiPolygon","coordinates":[[[[78.02207568459373,8.773621250804055],[78.021235705324045,8.77414897549979],[78.022560074715301,8.773841001604888],[78.022185172753581,8.773569445369505],[78.02207568459373,8.773621250804055]]]]}},
{"type":"Feature","properties":{"Land_id":"1134","dist_name":"Thoothukkudi","taluk_name":"Thoothukudi","vil_name":"Allikulam","unit_id":8,"block_id":3,"survey_no":28,"sub_div":"1B","KIDE":"28/1B"},"geometry":{"type":"MultiPolygon","coordinates":[[[[78.022560074715301,8.773841001604888],[78.023629019949993,8.773579907277302],[78.023507710580404,8.773085413990273],[78.023346368087346,8.773133913478793],[78.022185172753581,8.773569445369505],[78.022560074715301,8.773841001604888]]]]}},
{"type":"Feature","properties":{"Land_id":"1135","dist_name":"Thoothukkudi","taluk_name":"Thoothukudi","vil_name":"Allikulam","unit_id":8,"block_id":3,"survey_no":42,"sub_div":"1B","KIDE":"42/1B"},"geometry":{"type":"MultiPolygon","coordinates":[[[[78.021589540130279,8.773739126727074],[78.02190466093748,8.773711915317278],[78.022147227317646,8.773583323967612],[78.02207341062244,8.773213846906014],[78.022065063770384,8.773172068140843],[78.021761272246778,8.773237107521],[78.02149940082785,8.773293474900219],[78.021228800358244,8.773351721125096],[78.021400993862386,8.773868567125202],[78.021589540130279,8.773739126727074]]]]}},
{"type":"Feature","properties":{"Land_id":"1136","dist_name":"Thoothukkudi","taluk_name":"Thoothukudi","vil_name":"Allikulam","unit_id":8,"block_id":3,"survey_no":28,"sub_div":"2A","KIDE":"28/2A"},"geometry":{"type":"MultiPolygon","coordinates":[[[[78.023629019949993,8.773579907277302],[78.023839996022843,8.773528375492429],[78.023692283566064,8.772911112626065],[78.023535447880775,8.772256092405817],[78.023314534998477,8.772297861637673],[78.023507710580404,8.773085413990273],[78.023629019949993,8.773579907277302]]]]}},
{"type":"Feature","properties":{"Land_id":"1137","dist_name":"Thoothukkudi","taluk_name":"Thoothukudi","vil_name":"Allikulam","unit_id":8,"block_id":3,"survey_no":28,"sub_div":"2B","KIDE":"28/2B"},"geometry":{"type":"MultiPolygon","coordinates":[[[[78.023692283566064,8.772911112626065],[78.023839996022843,8.773528375492429],[78.024397324469433,8.773392245697112],[78.024209094902503,8.772764516028161],[78.023979781154551,8.772829562162066],[78.023692283566064,8.772911112626065]]]]}},
{"type":"Feature","properties":{"Land_id":"1138","dist_name":"Thoothukkudi","taluk_name":"Thoothukudi","vil_name":"Allikulam","unit_id":8,"block_id":3,"survey_no":28,"sub_div":"2C","KIDE":"28/2C"},"geometry":{"type":"MultiPolygon","coordinates":[[[[78.023979781154551,8.772829562162066],[78.024209094902503,8.772764516028161],[78.02407098046389,8.772301410181111],[78.023848002237983,8.77233505844293],[78.023979781154551,8.772829562162066]]]]}},
{"type":"Feature","properties":{"Land_id":"1139","dist_name":"Thoothukkudi","taluk_name":"Thoothukudi","vil_name":"Allikulam","unit_id":8,"block_id":3,"survey_no":28,"sub_div":"2D","KIDE":"28/2D"},"geometry":{"type":"MultiPolygon","coordinates":[[[[78.023979781154551,8.772829562162066],[78.023848002237983,8.77233505844293],[78.023641078435375,8.772366283924143],[78.023589770716441,8.772245821267935],[78.023535447880775,8.772256092405817],[78.023692283566064,8.772911112626065],[78.023979781154551,8.772829562162066]]]]}},
{"type":"Feature","properties":{"Land_id":"1140","dist_name":"Thoothukkudi","taluk_name":"Thoothukudi","vil_name":"Allikulam","unit_id":8,"block_id":3,"survey_no":28,"sub_div":"3A","KIDE":"28/3A"},"geometry":{"type":"MultiPolygon","coordinates":[[[[78.024209094902503,8.772764516028161],[78.024397324469433,8.773392245697112],[78.024474682413086,8.773373350697042],[78.024314226410453,8.772758448514841],[78.024209094902503,8.772764516028161]]]]}},
{"type":"Feature","properties":{"Land_id":"1141","dist_name":"Thoothukkudi","taluk_name":"Thoothukudi","vil_name":"Allikulam","unit_id":8,"block_id":3,"survey_no":28,"sub_div":"3B","KIDE":"28/3B"},"geometry":{"type":"MultiPolygon","coordinates":[[[[78.024474682413086,8.773373350697042],[78.024692691005043,8.773320101190075],[78.024440847250091,8.772241461126329],[78.024190496838159,8.772283374718899],[78.024314226410453,8.772758448514841],[78.024474682413086,8.773373350697042]]]]}},
{"type":"Feature","properties":{"Land_id":"1142","dist_name":"Thoothukkudi","taluk_name":"Thoothukudi","vil_name":"Allikulam","unit_id":8,"block_id":3,"survey_no":28,"sub_div":"3C","KIDE":"28/3C"},"geometry":{"type":"MultiPolygon","coordinates":[[[[78.02407098046389,8.772301410181111],[78.024209094902503,8.772764516028161],[78.024314226410453,8.772758448514841],[78.024190496838159,8.772283374718899],[78.02407098046389,8.772301410181111]]]]}},
{"type":"Feature","properties":{"Land_id":"1143","dist_name":"Thoothukkudi","taluk_name":"Thoothukudi","vil_name":"Allikulam","unit_id":8,"block_id":3,"survey_no":28,"sub_div":"4A","KIDE":"28/4A"},"geometry":{"type":"MultiPolygon","coordinates":[[[[78.023258889544522,8.772265318204392],[78.023168298452944,8.772275294743212],[78.023179607779895,8.772320858145031],[78.023314534998477,8.772297861637673],[78.023535447880775,8.772256092405817],[78.023522243576778,8.772224779443015],[78.023258889544522,8.772265318204392]]]]}},
{"type":"Feature","properties":{"Land_id":"1144","dist_name":"Thoothukkudi","taluk_name":"Thoothukudi","vil_name":"Allikulam","unit_id":8,"block_id":3,"survey_no":28,"sub_div":"4B","KIDE":"28/4B"},"geometry":{"type":"MultiPolygon","coordinates":[[[[78.023660389875133,8.772323336076855],[78.023606677715733,8.772211782345957],[78.023522243576778,8.772224779443015],[78.023535447880775,8.772256092405817],[78.023589770716441,8.772245821267935],[78.023641078435375,8.772366283924143],[78.023848002237983,8.77233505844293],[78.023845923387015,8.772282234583153],[78.023660389875133,8.772323336076855]]]]}},
{"type":"Feature","properties":{"Land_id":"1145","dist_name":"Thoothukkudi","taluk_name":"Thoothukudi","vil_name":"Allikulam","unit_id":8,"block_id":3,"survey_no":28,"sub_div":"4C","KIDE":"28/4C"},"geometry":{"type":"MultiPolygon","coordinates":[[[[78.024040191384941,8.772239198193423],[78.023845923387015,8.772282234583153],[78.023848002237983,8.77233505844293],[78.02407098046389,8.772301410181111],[78.024190496838159,8.772283374718899],[78.02416761608292,8.772225685498769],[78.024053626083983,8.772276166731265],[78.024040191384941,8.772239198193423]]]]}},
{"type":"Feature","properties":{"Land_id":"1146","dist_name":"Thoothukkudi","taluk_name":"Thoothukudi","vil_name":"Allikulam","unit_id":8,"block_id":3,"survey_no":28,"sub_div":"4D","KIDE":"28/4D"},"geometry":{"type":"MultiPolygon","coordinates":[[[[78.024190496838159,8.772283374718899],[78.024440847250091,8.772241461126329],[78.024417680592208,8.772153986028158],[78.024040191384941,8.772239198193423],[78.024053626083983,8.772276166731265],[78.02416761608292,8.772225685498769],[78.024190496838159,8.772283374718899]]]]}},
{"type":"Feature","properties":{"Land_id":"1147","dist_name":"Thoothukkudi","taluk_name":"Thoothukudi","vil_name":"Allikulam","unit_id":8,"block_id":3,"survey_no":28,"sub_div":"7","KIDE":"28/7"},"geometry":{"type":"MultiPolygon","coordinates":[[[[78.023818611809943,8.77137042706549],[78.023490638240872,8.771514781724699],[78.023724612822136,8.772190503241942],[78.023805963496542,8.77217582501866],[78.023984070056699,8.772143689156152],[78.023818611809943,8.77137042706549]]]]}},
{"type":"Feature","properties":{"Land_id":"1148","dist_name":"Thoothukkudi","taluk_name":"Thoothukudi","vil_name":"Allikulam","unit_id":8,"block_id":3,"survey_no":28,"sub_div":"9A","KIDE":"28/9A"},"geometry":{"type":"MultiPolygon","coordinates":[[[[78.023845923387015,8.772282234583153],[78.023805963496542,8.77217582501866],[78.023724612822136,8.772190503241942],[78.023606677715733,8.772211782345957],[78.023660389875133,8.772323336076855],[78.023845923387015,8.772282234583153]]]]}},
{"type":"Feature","properties":{"Land_id":"1149","dist_name":"Thoothukkudi","taluk_name":"Thoothukudi","vil_name":"Allikulam","unit_id":8,"block_id":3,"survey_no":28,"sub_div":"9B","KIDE":"28/9B"},"geometry":{"type":"MultiPolygon","coordinates":[[[[78.024040191384941,8.772239198193423],[78.023984070056699,8.772143689156152],[78.023805963496542,8.77217582501866],[78.023845923387015,8.772282234583153],[78.024040191384941,8.772239198193423]]]]}},
{"type":"Feature","properties":{"Land_id":"1150","dist_name":"Thoothukkudi","taluk_name":"Thoothukudi","vil_name":"Allikulam","unit_id":8,"block_id":4,"survey_no":29,"sub_div":"7","KIDE":"29/7"},"geometry":{"type":"MultiPolygon","coordinates":[[[[78.023295272925381,8.774665376350409],[78.023395317944747,8.775014009485101],[78.023694356686889,8.774924055461051],[78.024011119759706,8.774891971520727],[78.02382521296272,8.773531986316462],[78.023024431717928,8.773727580472144],[78.02314147238998,8.77412941813081],[78.023295272925381,8.774665376350409]]]]}},
{"type":"Feature","properties":{"Land_id":"1151","dist_name":"Thoothukkudi","taluk_name":"Thoothukudi","vil_name":"Allikulam","unit_id":8,"block_id":4,"survey_no":29,"sub_div":"9","KIDE":"29/9"},"geometry":{"type":"MultiPolygon","coordinates":[[[[78.021269044414822,8.774666062187549],[78.022091232753922,8.774471261725528],[78.02206900622464,8.774380921640873],[78.021742713986313,8.774040645368666],[78.021235705324045,8.77414897549979],[78.021233894840833,8.774186837179023],[78.021232396859986,8.774218163661303],[78.021269044414822,8.774666062187549]]]]}},
{"type":"Feature","properties":{"Land_id":"1152","dist_name":"Thoothukkudi","taluk_name":"Thoothukudi","vil_name":"Allikulam","unit_id":8,"block_id":4,"survey_no":29,"sub_div":"10","KIDE":"29/10"},"geometry":{"type":"MultiPolygon","coordinates":[[[[78.023024431717928,8.773727580472144],[78.021742713986313,8.774040645368666],[78.02206900622464,8.774380921640873],[78.02314147238998,8.77412941813081],[78.023024431717928,8.773727580472144]]]]}},
{"type":"Feature","properties":{"Land_id":"1153","dist_name":"Thoothukkudi","taluk_name":"Thoothukudi","vil_name":"Allikulam","unit_id":8,"block_id":7,"survey_no":41,"sub_div":"2","KIDE":"41/2"},"geometry":{"type":"MultiPolygon","coordinates":[[[[78.021217452660181,8.774530683818883],[78.021230169710279,8.774264738866954],[78.021231503466879,8.774236846719509],[78.021235705324045,8.77414897549979],[78.021223155738653,8.774022809187525],[78.021027170197868,8.774154194022536],[78.020937648247809,8.774300201511721],[78.021112280275659,8.774889642254479],[78.021136171532774,8.774887770286439],[78.021153951596403,8.774690140110426],[78.021217452660181,8.774530683818883]]]]}},
{"type":"Feature","properties":{"Land_id":"1154","dist_name":"Thoothukkudi","taluk_name":"Thoothukudi","vil_name":"Allikulam","unit_id":8,"block_id":3,"survey_no":42,"sub_div":"1A","KIDE":"42/1A"},"geometry":{"type":"MultiPolygon","coordinates":[[[[78.021088636039082,8.773800124635081],[78.021379676414554,8.77386618055292],[78.021222889812449,8.774020135718484],[78.021400993862386,8.773868567125202],[78.021228800358244,8.773351721125096],[78.02122356292459,8.773352848503478],[78.020871234680641,8.773428096357938],[78.020938393411058,8.773762132038991],[78.021088636039082,8.773800124635081]]]]}},
{"type":"Feature","properties":{"Land_id":"1155","dist_name":"Thoothukkudi","taluk_name":"Thoothukudi","vil_name":"Allikulam","unit_id":8,"block_id":3,"survey_no":42,"sub_div":"5","KIDE":"42/5"},"geometry":{"type":"MultiPolygon","coordinates":[[[[78.021400993862386,8.773868567125202],[78.021222889812449,8.774020135718484],[78.021235705324045,8.77414897549979],[78.02190466093748,8.773711915317278],[78.021589540130279,8.773739126727074],[78.021400993862386,8.773868567125202]]]]}},
{"type":"Feature","properties":{"Land_id":"1156","dist_name":"Thoothukkudi","taluk_name":"Thoothukudi","vil_name":"Allikulam","unit_id":8,"block_id":4,"survey_no":29,"sub_div":"1A","KIDE":"29/1A"},"geometry":{"type":"MultiPolygon","coordinates":[[[[78.022624505697181,8.776844616239982],[78.022648691979043,8.776967826829717],[78.022670200180031,8.777077394647721],[78.023113759379029,8.776939485396596],[78.022624505697181,8.776844616239982]]]]}},
{"type":"Feature","properties":{"Land_id":"1157","dist_name":"Thoothukkudi","taluk_name":"Thoothukudi","vil_name":"Allikulam","unit_id":8,"block_id":4,"survey_no":29,"sub_div":"1B","KIDE":"29/1B"},"geometry":{"type":"MultiPolygon","coordinates":[[[[78.022624505697181,8.776844616239982],[78.023113759379029,8.776939485396596],[78.023346929227799,8.776866989370584],[78.023411942894469,8.77684677564014],[78.022588226221828,8.776659800087568],[78.022624505697181,8.776844616239982]]]]}},
{"type":"Feature","properties":{"Land_id":"1158","dist_name":"Thoothukkudi","taluk_name":"Thoothukudi","vil_name":"Allikulam","unit_id":8,"block_id":4,"survey_no":29,"sub_div":"1C","KIDE":"29/1C"},"geometry":{"type":"MultiPolygon","coordinates":[[[[78.022580970336534,8.776622836906933],[78.022588226221828,8.776659800087568],[78.023411942894469,8.77684677564014],[78.023546124822417,8.776805056453075],[78.023540465363297,8.776467687193371],[78.023351381623357,8.776561871490406],[78.022580970336534,8.776622836906933]]]]}},
{"type":"Feature","properties":{"Land_id":"1159","dist_name":"Thoothukkudi","taluk_name":"Thoothukudi","vil_name":"Allikulam","unit_id":8,"block_id":4,"survey_no":29,"sub_div":"2","KIDE":"29/2"},"geometry":{"type":"MultiPolygon","coordinates":[[[[78.023351381623357,8.776561871490406],[78.023168184561769,8.775784512825716],[78.023120341966518,8.775605388800622],[78.022670114218101,8.775693230745707],[78.022423261392845,8.775819430576277],[78.022580970336534,8.776622836906933],[78.023351381623357,8.776561871490406]]]]}},
{"type":"Feature","properties":{"Land_id":"1160","dist_name":"Thoothukkudi","taluk_name":"Thoothukudi","vil_name":"Allikulam","unit_id":8,"block_id":4,"survey_no":29,"sub_div":"3A","KIDE":"29/3A"},"geometry":{"type":"MultiPolygon","coordinates":[[[[78.023540465363297,8.776467687193371],[78.024061534572041,8.776269264070235],[78.02388925926482,8.77558412543552],[78.023168184561769,8.775784512825716],[78.023351381623357,8.776561871490406],[78.023540465363297,8.776467687193371]]]]}},
{"type":"Feature","properties":{"Land_id":"1161","dist_name":"Thoothukkudi","taluk_name":"Thoothukudi","vil_name":"Allikulam","unit_id":8,"block_id":4,"survey_no":29,"sub_div":"5","KIDE":"29/5"},"geometry":{"type":"MultiPolygon","coordinates":[[[[78.023295272925381,8.774665376350409],[78.022423959918939,8.774853726853019],[78.022578776868315,8.775381726697436],[78.023424984472328,8.775198977318752],[78.023395317944747,8.775014009485101],[78.023295272925381,8.774665376350409]]]]}},
{"type":"Feature","properties":{"Land_id":"1162","dist_name":"Thoothukkudi","taluk_name":"Thoothukudi","vil_name":"Allikulam","unit_id":8,"block_id":4,"survey_no":29,"sub_div":"6","KIDE":"29/6"},"geometry":{"type":"MultiPolygon","coordinates":[[[[78.02314147238998,8.77412941813081],[78.02206900622464,8.774380921640873],[78.022091232753922,8.774471261725528],[78.022297487097006,8.774422394039846],[78.022423959918939,8.774853726853019],[78.023295272925381,8.774665376350409],[78.02314147238998,8.77412941813081]]]]}},
{"type":"Feature","properties":{"Land_id":"1163","dist_name":"Thoothukkudi","taluk_name":"Thoothukudi","vil_name":"Allikulam","unit_id":8,"block_id":1,"survey_no":30,"sub_div":"6B","KIDE":"30/6B"},"geometry":{"type":"MultiPolygon","coordinates":[[[[78.023592657236392,8.776976577616324],[78.02443142522867,8.776967323116873],[78.025001533742568,8.776847014715942],[78.023546124822417,8.776805056453075],[78.023592657236392,8.776976577616324]]]]}},
{"type":"Feature","properties":{"Land_id":"1164","dist_name":"Thoothukkudi","taluk_name":"Thoothukudi","vil_name":"Allikulam","unit_id":8,"block_id":5,"survey_no":33,"sub_div":"2B","KIDE":"33/2B"},"geometry":{"type":"MultiPolygon","coordinates":[[[[78.023415643968008,8.776845624920504],[78.023350833494192,8.776865775475219],[78.023116652034659,8.776938586026292],[78.023624270749863,8.777093106851364],[78.023579556824231,8.776928288741066],[78.023415643968008,8.776845624920504]]]]}},
{"type":"Feature","properties":{"Land_id":"1165","dist_name":"Thoothukkudi","taluk_name":"Thoothukudi","vil_name":"Allikulam","unit_id":8,"block_id":5,"survey_no":33,"sub_div":"2C","KIDE":"33/2C"},"geometry":{"type":"MultiPolygon","coordinates":[[[[78.023546124822417,8.776805056453075],[78.023415643968008,8.776845624920504],[78.023579556824231,8.776928288741066],[78.023546124822417,8.776805056453075]]]]}},
{"type":"Feature","properties":{"Land_id":"1166","dist_name":"Thoothukkudi","taluk_name":"Thoothukudi","vil_name":"Allikulam","unit_id":8,"block_id":5,"survey_no":38,"sub_div":"4","KIDE":"38/4"},"geometry":{"type":"MultiPolygon","coordinates":[[[[78.022665077749366,8.778044467890432],[78.022792944114755,8.778016339882083],[78.022644302889887,8.776973739861308],[78.022581132530092,8.776978381518603],[78.022453623020908,8.776987750713989],[78.022665077749366,8.778044467890432]]]]}},
{"type":"Feature","properties":{"Land_id":"1167","dist_name":"Thoothukkudi","taluk_name":"Thoothukudi","vil_name":"Allikulam","unit_id":8,"block_id":4,"survey_no":39,"sub_div":"1A","KIDE":"39/1A"},"geometry":{"type":"MultiPolygon","coordinates":[[[[78.021390850285798,8.777064264636712],[78.022644302889887,8.776973739861308],[78.022625903163927,8.776877653946215],[78.021390850285798,8.777064264636712]]]]}},
{"type":"Feature","properties":{"Land_id":"1168","dist_name":"Thoothukkudi","taluk_name":"Thoothukudi","vil_name":"Allikulam","unit_id":8,"block_id":4,"survey_no":39,"sub_div":"1C","KIDE":"39/1C"},"geometry":{"type":"MultiPolygon","coordinates":[[[[78.020957773785781,8.775017005097091],[78.021354344373094,8.776891692174239],[78.022591313143963,8.776697020075416],[78.022423261392845,8.775819430576277],[78.022505095339795,8.775777594189639],[78.022115759417247,8.77446494354718],[78.021346635640938,8.774645025292598],[78.021153951596403,8.774690140110426],[78.021136171532774,8.774887770286439],[78.021000028836255,8.774898437568428],[78.020957773785781,8.775017005097091]]]]}},
{"type":"Feature","properties":{"Land_id":"1169","dist_name":"Thoothukkudi","taluk_name":"Thoothukudi","vil_name":"Allikulam","unit_id":8,"block_id":4,"survey_no":39,"sub_div":"2","KIDE":"39/2"},"geometry":{"type":"MultiPolygon","coordinates":[[[[78.022115759417247,8.77446494354718],[78.022505095339795,8.775777594189639],[78.022670114218101,8.775693230745707],[78.022297487097006,8.774422394039846],[78.022115759417247,8.77446494354718]]]]}},
{"type":"Feature","properties":{"Land_id":"1170","dist_name":"Thoothukkudi","taluk_name":"Thoothukudi","vil_name":"Allikulam","unit_id":8,"block_id":1,"survey_no":30,"sub_div":"1","KIDE":"30/1"},"geometry":{"type":"MultiPolygon","coordinates":[[[[78.023279812979865,8.778507195881685],[78.023763941039761,8.779406490787068],[78.024298641192345,8.778948165840029],[78.023953046643001,8.778175898317322],[78.02381411753484,8.777792893056644],[78.02309259671992,8.778035733623403],[78.023279812979865,8.778507195881685]]]]}},
{"type":"Feature","properties":{"Land_id":"1171","dist_name":"Thoothukkudi","taluk_name":"Thoothukudi","vil_name":"Allikulam","unit_id":8,"block_id":1,"survey_no":30,"sub_div":"2","KIDE":"30/2"},"geometry":{"type":"MultiPolygon","coordinates":[[[[78.023953046643001,8.778175898317322],[78.024298641192345,8.778948165840029],[78.024723250743861,8.778584206433496],[78.024336401609787,8.777400541369643],[78.024263351549678,8.777416759812452],[78.02424761427082,8.777364390037397],[78.024146371093167,8.777027477346758],[78.023654190064704,8.777203391172451],[78.02381411753484,8.777792893056644],[78.023953046643001,8.778175898317322]]]]}},
{"type":"Feature","properties":{"Land_id":"1172","dist_name":"Thoothukkudi","taluk_name":"Thoothukudi","vil_name":"Allikulam","unit_id":8,"block_id":1,"survey_no":30,"sub_div":"4B","KIDE":"30/4B"},"geometry":{"type":"MultiPolygon","coordinates":[[[[78.025096382301697,8.777001115408547],[78.025346798053846,8.777028830170133],[78.025206515247021,8.776831767176933],[78.025001533742568,8.776847014715942],[78.025096382301697,8.777001115408547]]]]}},
{"type":"Feature","properties":{"Land_id":"1173","dist_name":"Thoothukkudi","taluk_name":"Thoothukudi","vil_name":"Allikulam","unit_id":8,"block_id":1,"survey_no":30,"sub_div":"5A","KIDE":"30/5A"},"geometry":{"type":"MultiPolygon","coordinates":[[[[78.02443142522867,8.776967323116873],[78.024146371093167,8.777027477346758],[78.02424761427082,8.777364390037397],[78.025199767214318,8.777169085131222],[78.025096382301697,8.777001115408547],[78.02443142522867,8.776967323116873]]]]}},
{"type":"Feature","properties":{"Land_id":"1174","dist_name":"Thoothukkudi","taluk_name":"Thoothukudi","vil_name":"Allikulam","unit_id":8,"block_id":1,"survey_no":30,"sub_div":"5B","KIDE":"30/5B"},"geometry":{"type":"MultiPolygon","coordinates":[[[[78.025001533742568,8.776847014715942],[78.02443142522867,8.776967323116873],[78.025096382301697,8.777001115408547],[78.025001533742568,8.776847014715942]]]]}},
{"type":"Feature","properties":{"Land_id":"1175","dist_name":"Thoothukkudi","taluk_name":"Thoothukudi","vil_name":"Allikulam","unit_id":8,"block_id":1,"survey_no":30,"sub_div":"6A","KIDE":"30/6A"},"geometry":{"type":"MultiPolygon","coordinates":[[[[78.024146371093167,8.777027477346758],[78.02443142522867,8.776967323116873],[78.023592657236392,8.776976577616324],[78.023654190064704,8.777203391172451],[78.024146371093167,8.777027477346758]]]]}},
{"type":"Feature","properties":{"Land_id":"1176","dist_name":"Thoothukkudi","taluk_name":"Thoothukudi","vil_name":"Allikulam","unit_id":8,"block_id":5,"survey_no":33,"sub_div":"1","KIDE":"33/1"},"geometry":{"type":"MultiPolygon","coordinates":[[[[78.022792944114755,8.778016339882083],[78.021667296395918,8.778263959561722],[78.021459945356241,8.778325863883438],[78.021555666452358,8.778964120959561],[78.021893388049207,8.778912769052994],[78.022717086258226,8.77870229325476],[78.023279812979865,8.778507195881685],[78.02309259671992,8.778035733623403],[78.022792944114755,8.778016339882083]]]]}},
{"type":"Feature","properties":{"Land_id":"1177","dist_name":"Thoothukkudi","taluk_name":"Thoothukudi","vil_name":"Allikulam","unit_id":8,"block_id":5,"survey_no":33,"sub_div":"2A","KIDE":"33/2A"},"geometry":{"type":"MultiPolygon","coordinates":[[[[78.022696955024657,8.777184780074096],[78.022792944114755,8.778016339882083],[78.02309259671992,8.778035733623403],[78.02381411753484,8.777792893056644],[78.023624270749863,8.777093106851364],[78.023116652034659,8.776938586026292],[78.022696955024657,8.777184780074096]]]]}},
{"type":"Feature","properties":{"Land_id":"1178","dist_name":"Thoothukkudi","taluk_name":"Thoothukudi","vil_name":"Allikulam","unit_id":8,"block_id":5,"survey_no":31,"sub_div":"1","KIDE":"31/1"},"geometry":{"type":"MultiPolygon","coordinates":[[[[78.021090063857258,8.779874933435623],[78.021169553877357,8.780007936740473],[78.021836870417104,8.781124495838752],[78.021858949086919,8.781161438036635],[78.022090093466957,8.780966175409544],[78.021572889883899,8.779609683752293],[78.021090063857258,8.779874933435623]]]]}},
{"type":"Feature","properties":{"Land_id":"1179","dist_name":"Thoothukkudi","taluk_name":"Thoothukudi","vil_name":"Allikulam","unit_id":8,"block_id":5,"survey_no":31,"sub_div":"2","KIDE":"31/2"},"geometry":{"type":"MultiPolygon","coordinates":[[[[78.021572889883899,8.779609683752293],[78.022090093466957,8.780966175409544],[78.022440495741449,8.78063912907098],[78.021679278554814,8.778945325249737],[78.021555666452358,8.778964120959561],[78.021660399535619,8.779522311053913],[78.021572889883899,8.779609683752293]]]]}},
{"type":"Feature","properties":{"Land_id":"1180","dist_name":"Thoothukkudi","taluk_name":"Thoothukudi","vil_name":"Allikulam","unit_id":8,"block_id":5,"survey_no":31,"sub_div":"3","KIDE":"31/3"},"geometry":{"type":"MultiPolygon","coordinates":[[[[78.022833305296373,8.779199451734678],[78.022115389351228,8.779525407074626],[78.021824748359691,8.778923205989678],[78.021679278554814,8.778945325249737],[78.022440495741449,8.78063912907098],[78.02270165694614,8.780395375471235],[78.023038682282021,8.780081614721389],[78.022833305296373,8.779199451734678]]]]}},
{"type":"Feature","properties":{"Land_id":"1181","dist_name":"Thoothukkudi","taluk_name":"Thoothukudi","vil_name":"Allikulam","unit_id":8,"block_id":5,"survey_no":31,"sub_div":"4","KIDE":"31/4"},"geometry":{"type":"MultiPolygon","coordinates":[[[[78.022833305296373,8.779199451734678],[78.023038682282021,8.780081614721389],[78.023562854049814,8.779593677275129],[78.023421341471519,8.77902685107958],[78.022831265210399,8.779190724713219],[78.022833305296373,8.779199451734678]]]]}},
{"type":"Feature","properties":{"Land_id":"1182","dist_name":"Thoothukkudi","taluk_name":"Thoothukudi","vil_name":"Allikulam","unit_id":8,"block_id":5,"survey_no":31,"sub_div":"5","KIDE":"31/5"},"geometry":{"type":"MultiPolygon","coordinates":[[[[78.022717086258226,8.77870229325476],[78.022831265210399,8.779190724713219],[78.023421341471519,8.77902685107958],[78.02325880009387,8.778514481049958],[78.022717086258226,8.77870229325476]]]]}},
{"type":"Feature","properties":{"Land_id":"1183","dist_name":"Thoothukkudi","taluk_name":"Thoothukudi","vil_name":"Allikulam","unit_id":8,"block_id":5,"survey_no":31,"sub_div":"6","KIDE":"31/6"},"geometry":{"type":"MultiPolygon","coordinates":[[[[78.023562854049814,8.779593677275129],[78.02375958352566,8.77941054708012],[78.02325880009387,8.778514481049958],[78.023421341471519,8.77902685107958],[78.023562854049814,8.779593677275129]]]]}},
{"type":"Feature","properties":{"Land_id":"1184","dist_name":"Thoothukkudi","taluk_name":"Thoothukudi","vil_name":"Allikulam","unit_id":8,"block_id":5,"survey_no":32,"sub_div":null,"KIDE":"32"},"geometry":{"type":"MultiPolygon","coordinates":[[[[78.021893388049207,8.778912769052994],[78.022094224475225,8.779533116588404],[78.022847188747093,8.77925884196342],[78.022717086258226,8.77870229325476],[78.021893388049207,8.778912769052994]]]]}},
{"type":"Feature","properties":{"Land_id":"1185","dist_name":"Thoothukkudi","taluk_name":"Thoothukudi","vil_name":"Allikulam","unit_id":8,"block_id":6,"survey_no":34,"sub_div":"1","KIDE":"34/1"},"geometry":{"type":"MultiPolygon","coordinates":[[[[78.020411851092547,8.77878131518905],[78.021082346669843,8.779879173019667],[78.02166708392285,8.779557936461083],[78.021553818175263,8.77895427107492],[78.021459945356241,8.778325863883438],[78.020829553794727,8.778523094299855],[78.020380120560873,8.778583272524125],[78.020411851092547,8.77878131518905]]]]}},
{"type":"Feature","properties":{"Land_id":"1186","dist_name":"Thoothukkudi","taluk_name":"Thoothukudi","vil_name":"Allikulam","unit_id":8,"block_id":6,"survey_no":34,"sub_div":"2","KIDE":"34/2"},"geometry":{"type":"MultiPolygon","coordinates":[[[[78.021569195203,8.777948068075688],[78.020798287103673,8.778098541637156],[78.020829553794727,8.778523094299855],[78.021459945356241,8.778325863883438],[78.021667296395918,8.778263959561722],[78.021569195203,8.777948068075688]]]]}},
{"type":"Feature","properties":{"Land_id":"1187","dist_name":"Thoothukkudi","taluk_name":"Thoothukudi","vil_name":"Allikulam","unit_id":8,"block_id":5,"survey_no":38,"sub_div":"2","KIDE":"38/2"},"geometry":{"type":"MultiPolygon","coordinates":[[[[78.022007633974397,8.777619725722829],[78.021905157141632,8.77702805111212],[78.021372411787738,8.777067196391116],[78.021311607028707,8.77707166422784],[78.021505498898577,8.777960291307505],[78.021569195203,8.777948068075688],[78.021667296395918,8.778263959561722],[78.022144360370064,8.778159015158185],[78.022007633974397,8.777619725722829]]]]}},
{"type":"Feature","properties":{"Land_id":"1188","dist_name":"Thoothukkudi","taluk_name":"Thoothukudi","vil_name":"Allikulam","unit_id":8,"block_id":5,"survey_no":35,"sub_div":null,"KIDE":"35"},"geometry":{"type":"MultiPolygon","coordinates":[[[[78.020643230481909,8.778125759411818],[78.020295633627285,8.778186775733417],[78.020380120560873,8.778583272524125],[78.020491872602932,8.778568309145934],[78.020829553794727,8.778523094299855],[78.020798287103673,8.778098541637156],[78.020643230481909,8.778125759411818]]]]}},
{"type":"Feature","properties":{"Land_id":"1189","dist_name":"Thoothukkudi","taluk_name":"Thoothukudi","vil_name":"Allikulam","unit_id":8,"block_id":5,"survey_no":36,"sub_div":null,"KIDE":"36"},"geometry":{"type":"MultiPolygon","coordinates":[[[[78.020295633627285,8.778186775733417],[78.020643230481909,8.778125759411818],[78.020519266100138,8.777438563940407],[78.020497586037948,8.777318731728986],[78.020146841702655,8.777359641271715],[78.020295633627285,8.778186775733417]]]]}},
{"type":"Feature","properties":{"Land_id":"1190","dist_name":"Thoothukkudi","taluk_name":"Thoothukudi","vil_name":"Allikulam","unit_id":8,"block_id":5,"survey_no":38,"sub_div":"1","KIDE":"38/1"},"geometry":{"type":"MultiPolygon","coordinates":[[[[78.020929279664017,8.777366415912191],[78.020519266100138,8.777438563940407],[78.020643230481909,8.778125759411818],[78.020805084951405,8.778094699765282],[78.021505498898577,8.777960291307505],[78.021311607028707,8.77707166422784],[78.020947658907545,8.777098406555368],[78.020929279664017,8.777366415912191]]]]}},
{"type":"Feature","properties":{"Land_id":"1191","dist_name":"Thoothukkudi","taluk_name":"Thoothukudi","vil_name":"Allikulam","unit_id":8,"block_id":5,"survey_no":37,"sub_div":"1","KIDE":"37/1"},"geometry":{"type":"MultiPolygon","coordinates":[[[[78.020146841702655,8.777359641271715],[78.020497586037948,8.777318731728986],[78.020519266100138,8.777438563940407],[78.020929279664017,8.777366415912191],[78.020947658907545,8.777098406555368],[78.020050119809085,8.776782844596484],[78.020146841702655,8.777359641271715]]]]}},
{"type":"Feature","properties":{"Land_id":"1192","dist_name":"Thoothukkudi","taluk_name":"Thoothukudi","vil_name":"Allikulam","unit_id":8,"block_id":5,"survey_no":37,"sub_div":"2","KIDE":"37/2"},"geometry":{"type":"MultiPolygon","coordinates":[[[[78.020300536761354,8.776615087638096],[78.020027255137308,8.776646492151617],[78.020050119809085,8.776782844596484],[78.020947658907545,8.777098406555368],[78.020909074796293,8.776801512126788],[78.020300536761354,8.776615087638096]]]]}},
{"type":"Feature","properties":{"Land_id":"1193","dist_name":"Thoothukkudi","taluk_name":"Thoothukudi","vil_name":"Allikulam","unit_id":8,"block_id":5,"survey_no":37,"sub_div":"3","KIDE":"37/3"},"geometry":{"type":"MultiPolygon","coordinates":[[[[78.020876249323095,8.776548928879734],[78.020300536761354,8.776615087638096],[78.020909074796293,8.776801512126788],[78.020876249323095,8.776548928879734]]]]}},
{"type":"Feature","properties":{"Land_id":"1194","dist_name":"Thoothukkudi","taluk_name":"Thoothukudi","vil_name":"Allikulam","unit_id":8,"block_id":7,"survey_no":40,"sub_div":"1A","KIDE":"40/1A"},"geometry":{"type":"MultiPolygon","coordinates":[[[[78.020027255137308,8.776646492151617],[78.020277593841598,8.77661772415358],[78.020017310999918,8.776526706494943],[78.020027255137308,8.776646492151617]]]]}},
{"type":"Feature","properties":{"Land_id":"1195","dist_name":"Thoothukkudi","taluk_name":"Thoothukudi","vil_name":"Allikulam","unit_id":8,"block_id":7,"survey_no":40,"sub_div":"1D","KIDE":"40/1D"},"geometry":{"type":"MultiPolygon","coordinates":[[[[78.020691939008216,8.775836727314225],[78.020534088903204,8.775852455930362],[78.020275008926831,8.775878271354443],[78.020428730909586,8.776600356040698],[78.020876249323095,8.776548928879734],[78.020691939008216,8.775836727314225]]]]}},
{"type":"Feature","properties":{"Land_id":"1196","dist_name":"Thoothukkudi","taluk_name":"Thoothukudi","vil_name":"Allikulam","unit_id":8,"block_id":7,"survey_no":40,"sub_div":"3A","KIDE":"40/3A"},"geometry":{"type":"MultiPolygon","coordinates":[[[[78.020947658907545,8.777098406555368],[78.021390850285798,8.777064264636712],[78.021346365378434,8.776853973496554],[78.021185383921519,8.77681904087261],[78.020901447520316,8.776742822275766],[78.020947658907545,8.777098406555368]]]]}},
{"type":"Feature","properties":{"Land_id":"1197","dist_name":"Thoothukkudi","taluk_name":"Thoothukudi","vil_name":"Allikulam","unit_id":8,"block_id":7,"survey_no":40,"sub_div":"3B","KIDE":"40/3B"},"geometry":{"type":"MultiPolygon","coordinates":[[[[78.021185383921519,8.77681904087261],[78.020966460971167,8.77580937321105],[78.020691939008216,8.775836727314225],[78.020876249323095,8.776548928879734],[78.020901447520316,8.776742822275766],[78.021185383921519,8.77681904087261]]]]}},
{"type":"Feature","properties":{"Land_id":"1198","dist_name":"Thoothukkudi","taluk_name":"Thoothukudi","vil_name":"Allikulam","unit_id":8,"block_id":7,"survey_no":40,"sub_div":"1B","KIDE":"40/1B"},"geometry":{"type":"MultiPolygon","coordinates":[[[[78.020275008926831,8.775878271354443],[78.019593318681927,8.775951422164319],[78.019652203278909,8.776121103669446],[78.019992647746975,8.776229616477707],[78.020017310999918,8.776526706494943],[78.020277593841598,8.77661772415358],[78.020428730909586,8.776600356040698],[78.020275008926831,8.775878271354443]]]]}},
{"type":"Feature","properties":{"Land_id":"1199","dist_name":"Thoothukkudi","taluk_name":"Thoothukudi","vil_name":"Allikulam","unit_id":8,"block_id":5,"survey_no":38,"sub_div":"3","KIDE":"38/3"},"geometry":{"type":"MultiPolygon","coordinates":[[[[78.022007633974397,8.777619725722829],[78.022144360370064,8.778159015158185],[78.022665077749366,8.778044467890432],[78.022453623020908,8.776987750713989],[78.021905157141632,8.77702805111212],[78.022007633974397,8.777619725722829]]]]}},
{"type":"Feature","properties":{"Land_id":"1200","dist_name":"Thoothukkudi","taluk_name":"Thoothukudi","vil_name":"Allikulam","unit_id":8,"block_id":4,"survey_no":39,"sub_div":"1B","KIDE":"39/1B"},"geometry":{"type":"MultiPolygon","coordinates":[[[[78.021354344373094,8.776891692174239],[78.021390850285798,8.777064264636712],[78.022625903163927,8.776877653946215],[78.022591313143963,8.776697020075416],[78.021354344373094,8.776891692174239]]]]}},
{"type":"Feature","properties":{"Land_id":"1201","dist_name":"Thoothukkudi","taluk_name":"Thoothukudi","vil_name":"Allikulam","unit_id":8,"block_id":7,"survey_no":40,"sub_div":"4C","KIDE":"40/4C"},"geometry":{"type":"MultiPolygon","coordinates":[[[[78.020957773785781,8.775017005097091],[78.020376165317131,8.775049129818825],[78.02020515147349,8.775058575644387],[78.020064532864126,8.775170789433769],[78.020191025209328,8.775515799715585],[78.020447475030366,8.775497279765574],[78.021049683897516,8.775451486887352],[78.020957773785781,8.775017005097091]]]]}},
{"type":"Feature","properties":{"Land_id":"1202","dist_name":"Thoothukkudi","taluk_name":"Thoothukudi","vil_name":"Allikulam","unit_id":8,"block_id":7,"survey_no":41,"sub_div":"1A","KIDE":"41/1A"},"geometry":{"type":"MultiPolygon","coordinates":[[[[78.020382367303057,8.775048787256633],[78.020957773785781,8.775017005097091],[78.021000028836255,8.774898437568428],[78.021112280275659,8.774889642254479],[78.020937648247809,8.774300201511721],[78.020146512635961,8.77456980036666],[78.02020515147349,8.775058575644387],[78.020382367303057,8.775048787256633]]]]}},
{"type":"Feature","properties":{"Land_id":"1203","dist_name":"Thoothukkudi","taluk_name":"Thoothukudi","vil_name":"Allikulam","unit_id":8,"block_id":7,"survey_no":40,"sub_div":"3C","KIDE":"40/3C"},"geometry":{"type":"MultiPolygon","coordinates":[[[[78.021346365378434,8.776853973496554],[78.021121771328396,8.775792261971089],[78.020966460971167,8.77580937321105],[78.021185383921519,8.77681904087261],[78.021346365378434,8.776853973496554]]]]}},
{"type":"Feature","properties":{"Land_id":"1204","dist_name":"Thoothukkudi","taluk_name":"Thoothukudi","vil_name":"Allikulam","unit_id":8,"block_id":7,"survey_no":40,"sub_div":"4A","KIDE":"40/4A"},"geometry":{"type":"MultiPolygon","coordinates":[[[[78.019556172273866,8.775844381295308],[78.019593318681927,8.775951422164319],[78.020275008926831,8.775878271354443],[78.020534088903204,8.775852455930362],[78.020447475030366,8.775497279765574],[78.020191025209328,8.775515799715585],[78.019556172273866,8.775844381295308]]]]}},
{"type":"Feature","properties":{"Land_id":"1205","dist_name":"Thoothukkudi","taluk_name":"Thoothukudi","vil_name":"Allikulam","unit_id":8,"block_id":7,"survey_no":40,"sub_div":"4B","KIDE":"40/4B"},"geometry":{"type":"MultiPolygon","coordinates":[[[[78.020447475030366,8.775497279765574],[78.020534088903204,8.775852455930362],[78.020691939008216,8.775836727314225],[78.020966460971167,8.77580937321105],[78.021121771328396,8.775792261971089],[78.021049683897516,8.775451486887352],[78.020447475030366,8.775497279765574]]]]}},
{"type":"Feature","properties":{"Land_id":"1206","dist_name":"Thoothukkudi","taluk_name":"Thoothukudi","vil_name":"Allikulam","unit_id":8,"block_id":7,"survey_no":40,"sub_div":"4D","KIDE":"40/4D"},"geometry":{"type":"MultiPolygon","coordinates":[[[[78.019273859567377,8.77503087067605],[78.019556172273866,8.775844381295308],[78.020191025209328,8.775515799715585],[78.020064532864126,8.775170789433769],[78.02020515147349,8.775058575644387],[78.020197278531242,8.774992951909445],[78.019273859567377,8.77503087067605]]]]}},
{"type":"Feature","properties":{"Land_id":"1207","dist_name":"Thoothukkudi","taluk_name":"Thoothukudi","vil_name":"Allikulam","unit_id":8,"block_id":7,"survey_no":40,"sub_div":"5","KIDE":"40/5"},"geometry":{"type":"MultiPolygon","coordinates":[[[[78.019383249915151,8.7748177598159],[78.019222853634417,8.774883892282379],[78.019273859567377,8.77503087067605],[78.020197278531242,8.774992951909445],[78.020158514463375,8.774669839807625],[78.019383249915151,8.7748177598159]]]]}},
{"type":"Feature","properties":{"Land_id":"1208","dist_name":"Thoothukkudi","taluk_name":"Thoothukudi","vil_name":"Allikulam","unit_id":8,"block_id":7,"survey_no":40,"sub_div":"6","KIDE":"40/6"},"geometry":{"type":"MultiPolygon","coordinates":[[[[78.020146361403178,8.774568539788408],[78.019394221087225,8.774763504816868],[78.019383249915151,8.7748177598159],[78.020158514463375,8.774669839807625],[78.020146361403178,8.774568539788408]]]]}},
{"type":"Feature","properties":{"Land_id":"1209","dist_name":"Thoothukkudi","taluk_name":"Thoothukudi","vil_name":"Allikulam","unit_id":8,"block_id":7,"survey_no":40,"sub_div":"7","KIDE":"40/7"},"geometry":{"type":"MultiPolygon","coordinates":[[[[78.01950033505274,8.774238746563258],[78.019491360313339,8.774283128738169],[78.019394221087225,8.774763504816868],[78.020146361403178,8.774568539788408],[78.020119657661496,8.774345954735391],[78.019865577442474,8.774352002543385],[78.01950033505274,8.774238746563258]]]]}},
{"type":"Feature","properties":{"Land_id":"1210","dist_name":"Thoothukkudi","taluk_name":"Thoothukudi","vil_name":"Allikulam","unit_id":8,"block_id":7,"survey_no":40,"sub_div":"2","KIDE":"40/2"},"geometry":{"type":"MultiPolygon","coordinates":[[[[78.020254746528678,8.773989129888033],[78.019555052461911,8.774202109976763],[78.01950033505274,8.774238746563258],[78.019865577442474,8.774352002543385],[78.020119657661496,8.774345954735391],[78.020290090169055,8.774312141063668],[78.020254746528678,8.773989129888033]]]]}},
{"type":"Feature","properties":{"Land_id":"1211","dist_name":"Thoothukkudi","taluk_name":"Thoothukudi","vil_name":"Allikulam","unit_id":8,"block_id":7,"survey_no":40,"sub_div":"1C","KIDE":"40/1C"},"geometry":{"type":"MultiPolygon","coordinates":[[[[78.020108747844503,8.776221245825809],[78.020158608963982,8.776239896728903],[78.020183072980444,8.776092360238025],[78.020137583942116,8.776066127858797],[78.020108747844503,8.776221245825809]]]]}},
{"type":"Feature","properties":{"Land_id":"1212","dist_name":"Thoothukkudi","taluk_name":"Thoothukudi","vil_name":"Allikulam","unit_id":8,"block_id":7,"survey_no":41,"sub_div":"1B","KIDE":"41/1B"},"geometry":{"type":"MultiPolygon","coordinates":[[[[78.020938393411058,8.773762132038991],[78.020254746528678,8.773989129888033],[78.020290090169055,8.774312141063668],[78.020119657661496,8.774345954735391],[78.020146512635961,8.77456980036666],[78.020937648247809,8.774300201511721],[78.021027170197868,8.774154194022536],[78.021223155738653,8.774022809187525],[78.02120390499303,8.773829273265308],[78.021089948275559,8.773800456466804],[78.020938393411058,8.773762132038991]]]]}},
{"type":"Feature","properties":{"Land_id":"1213","dist_name":"Thoothukkudi","taluk_name":"Thoothukudi","vil_name":"Allikulam","unit_id":8,"block_id":7,"survey_no":45,"sub_div":"2A","KIDE":"45/2A"},"geometry":{"type":"MultiPolygon","coordinates":[[[[78.020304365400207,8.773972654456934],[78.01994313663252,8.772314473245972],[78.019899178481452,8.772334335220128],[78.019701004564411,8.772423877776472],[78.01962071194022,8.772282452556157],[78.01961436370901,8.772293381782328],[78.019482075083303,8.772521132200115],[78.01937638771949,8.772703085418947],[78.019548979208878,8.773494244775378],[78.019555052461911,8.774202109976763],[78.020254746528678,8.773989129888033],[78.020304365400207,8.773972654456934]]]]}},
{"type":"Feature","properties":{"Land_id":"1214","dist_name":"Thoothukkudi","taluk_name":"Thoothukudi","vil_name":"Allikulam","unit_id":8,"block_id":7,"survey_no":45,"sub_div":"2B","KIDE":"45/2B"},"geometry":{"type":"MultiPolygon","coordinates":[[[[78.020304365400207,8.773972654456934],[78.020938393411058,8.773762132038991],[78.020748415125411,8.772817213550464],[78.020662645844865,8.772215943929437],[78.020375577767879,8.77222478266158],[78.020124531053611,8.772232512307752],[78.01994313663252,8.772314473245972],[78.020304365400207,8.773972654456934]]]]}},
{"type":"Feature","properties":{"Land_id":"1215","dist_name":"Thoothukkudi","taluk_name":"Thoothukudi","vil_name":"Allikulam","unit_id":8,"block_id":3,"survey_no":42,"sub_div":"1C","KIDE":"42/1C"},"geometry":{"type":"MultiPolygon","coordinates":[[[[78.02122356292459,8.773352848503478],[78.021082965635401,8.772932742079806],[78.020784083466751,8.772994621589906],[78.020871234680641,8.773428096357938],[78.02122356292459,8.773352848503478]]]]}},
{"type":"Feature","properties":{"Land_id":"1216","dist_name":"Thoothukkudi","taluk_name":"Thoothukudi","vil_name":"Allikulam","unit_id":8,"block_id":3,"survey_no":42,"sub_div":"1D","KIDE":"42/1D"},"geometry":{"type":"MultiPolygon","coordinates":[[[[78.02122356292459,8.773352848503478],[78.021228800358244,8.773351721125096],[78.02149940082785,8.773293474900219],[78.021403802176479,8.772865852407493],[78.021082965635401,8.772932742079806],[78.02122356292459,8.773352848503478]]]]}},
{"type":"Feature","properties":{"Land_id":"1217","dist_name":"Thoothukkudi","taluk_name":"Thoothukudi","vil_name":"Allikulam","unit_id":8,"block_id":3,"survey_no":42,"sub_div":"1E","KIDE":"42/1E"},"geometry":{"type":"MultiPolygon","coordinates":[[[[78.021403802176479,8.772865852407493],[78.02149940082785,8.773293474900219],[78.021761272246778,8.773237107521],[78.02170197094884,8.772803688625652],[78.021422982594842,8.772861853545054],[78.021403802176479,8.772865852407493]]]]}},
{"type":"Feature","properties":{"Land_id":"1218","dist_name":"Thoothukkudi","taluk_name":"Thoothukudi","vil_name":"Allikulam","unit_id":8,"block_id":3,"survey_no":42,"sub_div":"1F","KIDE":"42/1F"},"geometry":{"type":"MultiPolygon","coordinates":[[[[78.021761272246778,8.773237107521],[78.022065063770384,8.773172068140843],[78.02197985644149,8.772745577176677],[78.02170197094884,8.772803688625652],[78.021761272246778,8.773237107521]]]]}},
{"type":"Feature","properties":{"Land_id":"1219","dist_name":"Thoothukkudi","taluk_name":"Thoothukudi","vil_name":"Allikulam","unit_id":8,"block_id":3,"survey_no":42,"sub_div":"1H","KIDE":"42/1H"},"geometry":{"type":"MultiPolygon","coordinates":[[[[78.021422982594842,8.772861853545054],[78.02170197094884,8.772803688625652],[78.021658218862413,8.772477240978695],[78.021372479775735,8.772556619220172],[78.021422982594842,8.772861853545054]]]]}},
{"type":"Feature","properties":{"Land_id":"1220","dist_name":"Thoothukkudi","taluk_name":"Thoothukudi","vil_name":"Allikulam","unit_id":8,"block_id":3,"survey_no":42,"sub_div":"1I","KIDE":"42/1I"},"geometry":{"type":"MultiPolygon","coordinates":[[[[78.021237309758718,8.772594169488553],[78.021001200720619,8.772689391797087],[78.020748415125411,8.772817213550464],[78.020784083466751,8.772994621589906],[78.021082965635401,8.772932742079806],[78.021403802176479,8.772865852407493],[78.021422982594842,8.772861853545054],[78.021372479775735,8.772556619220172],[78.021237309758718,8.772594169488553]]]]}},
{"type":"Feature","properties":{"Land_id":"1221","dist_name":"Thoothukkudi","taluk_name":"Thoothukudi","vil_name":"Allikulam","unit_id":8,"block_id":3,"survey_no":42,"sub_div":"2","KIDE":"42/2"},"geometry":{"type":"MultiPolygon","coordinates":[[[[78.021168418788037,8.772189170191096],[78.020956005553117,8.772281421795693],[78.021001200720619,8.772689391797087],[78.021237309758718,8.772594169488553],[78.021198661051102,8.772388945841806],[78.021168418788037,8.772189170191096]]]]}},
{"type":"Feature","properties":{"Land_id":"1222","dist_name":"Thoothukkudi","taluk_name":"Thoothukudi","vil_name":"Allikulam","unit_id":8,"block_id":3,"survey_no":42,"sub_div":"4A2","KIDE":"42/4A2"},"geometry":{"type":"MultiPolygon","coordinates":[[[[78.021386080580442,8.772261006906083],[78.022275359106928,8.772039022077688],[78.022201203278811,8.771793516555418],[78.02130227722995,8.771993152522576],[78.021329128504718,8.7721193735551],[78.021168418788037,8.772189170191096],[78.021198661051102,8.772388945841806],[78.021403285554243,8.772322993465368],[78.021386080580442,8.772261006906083]]]]}},
{"type":"Feature","properties":{"Land_id":"1223","dist_name":"Thoothukkudi","taluk_name":"Thoothukudi","vil_name":"Allikulam","unit_id":8,"block_id":3,"survey_no":42,"sub_div":"4A3","KIDE":"42/4A3"},"geometry":{"type":"MultiPolygon","coordinates":[[[[78.022201203278811,8.771793516555418],[78.022514017015453,8.771717787497892],[78.022461489305996,8.771459443421632],[78.021250245784998,8.771748565896448],[78.021261011626578,8.771799173387214],[78.02130227722995,8.771993152522576],[78.022201203278811,8.771793516555418]]]]}},
{"type":"Feature","properties":{"Land_id":"1224","dist_name":"Thoothukkudi","taluk_name":"Thoothukudi","vil_name":"Allikulam","unit_id":8,"block_id":3,"survey_no":42,"sub_div":"4A4","KIDE":"42/4A4"},"geometry":{"type":"MultiPolygon","coordinates":[[[[78.022414188761758,8.771222216893163],[78.02120742287579,8.771547266261271],[78.021250245784998,8.771748565896448],[78.022461489305996,8.771459443421632],[78.022414188761758,8.771222216893163]]]]}},
{"type":"Feature","properties":{"Land_id":"1225","dist_name":"Thoothukkudi","taluk_name":"Thoothukudi","vil_name":"Allikulam","unit_id":8,"block_id":7,"survey_no":43,"sub_div":null,"KIDE":"43"},"geometry":{"type":"MultiPolygon","coordinates":[[[[78.020748415125411,8.772817213550464],[78.021001200720619,8.772689391797087],[78.020956005553117,8.772281421795693],[78.021329128504718,8.7721193735551],[78.021264104585597,8.771807680559549],[78.020811544688485,8.771879476894714],[78.020411109741971,8.77194769470208],[78.020436533100877,8.772216123391891],[78.020662645844865,8.772215943929437],[78.020748415125411,8.772817213550464]]]]}},
{"type":"Feature","properties":{"Land_id":"1226","dist_name":"Thoothukkudi","taluk_name":"Thoothukudi","vil_name":"Allikulam","unit_id":8,"block_id":8,"survey_no":47,"sub_div":"3D","KIDE":"47/3D"},"geometry":{"type":"MultiPolygon","coordinates":[[[[78.02137818632167,8.781551132425918],[78.021743651696909,8.781242867672024],[78.021727698620708,8.781218385940745],[78.02112485751077,8.780293260662425],[78.020861092658734,8.780361626173091],[78.02137818632167,8.781551132425918]]]]}},
{"type":"Feature","properties":{"Land_id":"1227","dist_name":"Thoothukkudi","taluk_name":"Thoothukudi","vil_name":"Allikulam","unit_id":8,"block_id":6,"survey_no":55,"sub_div":"4","KIDE":"55/4"},"geometry":{"type":"MultiPolygon","coordinates":[[[[78.020235655432955,8.778724730115098],[78.01999310229516,8.777389104794068],[78.019802193168275,8.776899183393901],[78.018975851446072,8.777031455147029],[78.018911656306813,8.776936490974727],[78.018609603618359,8.777014749403817],[78.018303131774928,8.777069819963241],[78.018590739839979,8.778550016112652],[78.018701865628984,8.779012701986376],[78.019432099236809,8.778891021196138],[78.019539359385362,8.779340321848064],[78.020448783279335,8.779100682382735],[78.020235655432955,8.778724730115098]]]]}},
{"type":"Feature","properties":{"Land_id":"1228","dist_name":"Thoothukkudi","taluk_name":"Thoothukudi","vil_name":"Allikulam","unit_id":8,"block_id":6,"survey_no":55,"sub_div":"3A","KIDE":"55/3A"},"geometry":{"type":"MultiPolygon","coordinates":[[[[78.02017613492022,8.78003327520341],[78.020309027569482,8.78050667980305],[78.02112485751077,8.780293260662425],[78.02085776124359,8.779822109430768],[78.02017613492022,8.78003327520341]]]]}},
{"type":"Feature","properties":{"Land_id":"1229","dist_name":"Thoothukkudi","taluk_name":"Thoothukudi","vil_name":"Allikulam","unit_id":8,"block_id":6,"survey_no":56,"sub_div":"1","KIDE":"56/1"},"geometry":{"type":"MultiPolygon","coordinates":[[[[78.019758321674487,8.776790415716512],[78.018911656306813,8.776936490974727],[78.018975851446072,8.777031455147029],[78.019802193168275,8.776899183393901],[78.019758321674487,8.776790415716512]]]]}},
{"type":"Feature","properties":{"Land_id":"1230","dist_name":"Thoothukkudi","taluk_name":"Thoothukudi","vil_name":"Allikulam","unit_id":8,"block_id":6,"survey_no":56,"sub_div":"2","KIDE":"56/2"},"geometry":{"type":"MultiPolygon","coordinates":[[[[78.018599783833068,8.776742002842665],[78.018609603618359,8.777014749403817],[78.018911656306813,8.776936490974727],[78.019758321674487,8.776790415716512],[78.019644961580553,8.776509369573326],[78.018599783833068,8.776742002842665]]]]}},
{"type":"Feature","properties":{"Land_id":"1231","dist_name":"Thoothukkudi","taluk_name":"Thoothukudi","vil_name":"Allikulam","unit_id":8,"block_id":6,"survey_no":56,"sub_div":"3","KIDE":"56/3"},"geometry":{"type":"MultiPolygon","coordinates":[[[[78.019644961580553,8.776509369573326],[78.01859712310312,8.776668100519766],[78.018599783833068,8.776742002842665],[78.019644961580553,8.776509369573326]]]]}},
{"type":"Feature","properties":{"Land_id":"1232","dist_name":"Thoothukkudi","taluk_name":"Thoothukudi","vil_name":"Allikulam","unit_id":8,"block_id":8,"survey_no":47,"sub_div":"1","KIDE":"47/1"},"geometry":{"type":"MultiPolygon","coordinates":[[[[78.020453216009329,8.782331331495422],[78.020209982008765,8.781755717184694],[78.019837922798487,8.781833216901617],[78.019793388257611,8.781842493420559],[78.020007359916576,8.782707404655891],[78.020453216009329,8.782331331495422]]]]}},
{"type":"Feature","properties":{"Land_id":"1233","dist_name":"Thoothukkudi","taluk_name":"Thoothukudi","vil_name":"Allikulam","unit_id":8,"block_id":8,"survey_no":47,"sub_div":"3A","KIDE":"47/3A"},"geometry":{"type":"MultiPolygon","coordinates":[[[[78.020777626019665,8.782057696347543],[78.020270684035907,8.780514654852569],[78.020023957321939,8.780578604228936],[78.020051992810863,8.780859887102357],[78.020209982008765,8.781755717184694],[78.020453216009329,8.782331331495422],[78.020777626019665,8.782057696347543]]]]}},
{"type":"Feature","properties":{"Land_id":"1234","dist_name":"Thoothukkudi","taluk_name":"Thoothukudi","vil_name":"Allikulam","unit_id":8,"block_id":8,"survey_no":47,"sub_div":"3B","KIDE":"47/3B"},"geometry":{"type":"MultiPolygon","coordinates":[[[[78.021067181894807,8.781813460158185],[78.02057014199201,8.780437038005847],[78.020270684035907,8.780514654852569],[78.020777626019665,8.782057696347543],[78.021067181894807,8.781813460158185]]]]}},
{"type":"Feature","properties":{"Land_id":"1235","dist_name":"Thoothukkudi","taluk_name":"Thoothukudi","vil_name":"Allikulam","unit_id":8,"block_id":8,"survey_no":47,"sub_div":"3C","KIDE":"47/3C"},"geometry":{"type":"MultiPolygon","coordinates":[[[[78.021067181894807,8.781813460158185],[78.02137818632167,8.781551132425918],[78.020861092658734,8.780361626173091],[78.02057014199201,8.780437038005847],[78.021067181894807,8.781813460158185]]]]}},
{"type":"Feature","properties":{"Land_id":"1236","dist_name":"Thoothukkudi","taluk_name":"Thoothukudi","vil_name":"Allikulam","unit_id":8,"block_id":8,"survey_no":48,"sub_div":"1","KIDE":"48/1"},"geometry":{"type":"MultiPolygon","coordinates":[[[[78.020209982008765,8.781755717184694],[78.020051992810863,8.780859887102357],[78.019917962951638,8.780909065351677],[78.020151639903943,8.781767869854221],[78.020209982008765,8.781755717184694]]]]}},
{"type":"Feature","properties":{"Land_id":"1237","dist_name":"Thoothukkudi","taluk_name":"Thoothukudi","vil_name":"Allikulam","unit_id":8,"block_id":8,"survey_no":48,"sub_div":"2","KIDE":"48/2"},"geometry":{"type":"MultiPolygon","coordinates":[[[[78.019917962951638,8.780909065351677],[78.019666172200132,8.781001452439346],[78.019838077762557,8.781833184897142],[78.020151639903943,8.781767869854221],[78.019917962951638,8.780909065351677]]]]}},
{"type":"Feature","properties":{"Land_id":"1238","dist_name":"Thoothukkudi","taluk_name":"Thoothukudi","vil_name":"Allikulam","unit_id":8,"block_id":8,"survey_no":49,"sub_div":null,"KIDE":"49"},"geometry":{"type":"MultiPolygon","coordinates":[[[[78.019572566175512,8.783060180779826],[78.020007359916576,8.782707404655891],[78.019793388257611,8.781842493420559],[78.019344865663726,8.781934504148742],[78.019551869327231,8.782795968070182],[78.019572566175512,8.783060180779826]]]]}},
{"type":"Feature","properties":{"Land_id":"1239","dist_name":"Thoothukkudi","taluk_name":"Thoothukudi","vil_name":"Allikulam","unit_id":8,"block_id":8,"survey_no":51,"sub_div":"4B","KIDE":"51/4B"},"geometry":{"type":"MultiPolygon","coordinates":[[[[78.019838077762557,8.781833184897142],[78.019666172200132,8.781001452439346],[78.01957787575553,8.781063985967307],[78.01939056356953,8.781090911046896],[78.019598778067575,8.781882343597955],[78.01974500763005,8.781852304047289],[78.019838077762557,8.781833184897142]]]]}},
{"type":"Feature","properties":{"Land_id":"1240","dist_name":"Thoothukkudi","taluk_name":"Thoothukudi","vil_name":"Allikulam","unit_id":8,"block_id":8,"survey_no":51,"sub_div":"10","KIDE":"51/10"},"geometry":{"type":"MultiPolygon","coordinates":[[[[78.020023957321939,8.780578604228936],[78.019653644803228,8.780676580043426],[78.019647670673777,8.780678160654851],[78.01967575495577,8.781047816784914],[78.020051992810863,8.780859887102357],[78.020023957321939,8.780578604228936]]]]}},
{"type":"Feature","properties":{"Land_id":"1241","dist_name":"Thoothukkudi","taluk_name":"Thoothukudi","vil_name":"Allikulam","unit_id":8,"block_id":6,"survey_no":55,"sub_div":"2","KIDE":"55/2"},"geometry":{"type":"MultiPolygon","coordinates":[[[[78.019641127801933,8.779753460385415],[78.01946007468932,8.77980020524905],[78.01964694143912,8.780679879934365],[78.019974509105936,8.780594189024521],[78.020309027569482,8.78050667980305],[78.02017613492022,8.78003327520341],[78.020159804977425,8.779975100301796],[78.020074783911156,8.779672215391924],[78.019641127801933,8.779753460385415]]]]}},
{"type":"Feature","properties":{"Land_id":"1242","dist_name":"Thoothukkudi","taluk_name":"Thoothukudi","vil_name":"Allikulam","unit_id":8,"block_id":8,"survey_no":51,"sub_div":"9","KIDE":"51/9"},"geometry":{"type":"MultiPolygon","coordinates":[[[[78.01957787575553,8.781063985967307],[78.019666172200132,8.781001452439346],[78.01967575495577,8.781047816784914],[78.019647670673777,8.780678160654851],[78.0195130040279,8.780713790220823],[78.01957787575553,8.781063985967307]]]]}},
{"type":"Feature","properties":{"Land_id":"1243","dist_name":"Thoothukkudi","taluk_name":"Thoothukudi","vil_name":"Allikulam","unit_id":8,"block_id":8,"survey_no":50,"sub_div":"2B","KIDE":"50/2B"},"geometry":{"type":"MultiPolygon","coordinates":[[[[78.019551869327231,8.782795968070182],[78.018718485010751,8.782962683964559],[78.01881722909792,8.7833823470183],[78.018947570910058,8.783428646897368],[78.019165239856989,8.783389786551888],[78.019572566175512,8.783060180779826],[78.019551869327231,8.782795968070182]]]]}},
{"type":"Feature","properties":{"Land_id":"1244","dist_name":"Thoothukkudi","taluk_name":"Thoothukudi","vil_name":"Allikulam","unit_id":8,"block_id":8,"survey_no":51,"sub_div":"2C","KIDE":"51/2C"},"geometry":{"type":"MultiPolygon","coordinates":[[[[78.019141671628773,8.78177014035179],[78.019286861734585,8.782848982000191],[78.019551869327231,8.782795968070182],[78.019344865663726,8.781934504148742],[78.01928645717399,8.781756689339316],[78.019141671628773,8.78177014035179]]]]}},
{"type":"Feature","properties":{"Land_id":"1245","dist_name":"Thoothukkudi","taluk_name":"Thoothukudi","vil_name":"Allikulam","unit_id":8,"block_id":8,"survey_no":51,"sub_div":"4A","KIDE":"51/4A"},"geometry":{"type":"MultiPolygon","coordinates":[[[[78.01939056356953,8.781090911046896],[78.019183247227915,8.781120711603688],[78.019019731601162,8.781144351420938],[78.018925797083895,8.781157931658502],[78.019025136923631,8.781780966896813],[78.019141671628773,8.78177014035179],[78.01928645717399,8.781756689339316],[78.019344865663726,8.781934504148742],[78.019598778067575,8.781882343597955],[78.01939056356953,8.781090911046896]]]]}},
{"type":"Feature","properties":{"Land_id":"1246","dist_name":"Thoothukkudi","taluk_name":"Thoothukudi","vil_name":"Allikulam","unit_id":8,"block_id":8,"survey_no":50,"sub_div":"1A","KIDE":"50/1A"},"geometry":{"type":"MultiPolygon","coordinates":[[[[78.017948311125537,8.783403840283965],[78.017962030894452,8.783477987379335],[78.018735372184821,8.783466530646473],[78.018832749402137,8.783449145932853],[78.017948311125537,8.783403840283965]]]]}},
{"type":"Feature","properties":{"Land_id":"1247","dist_name":"Thoothukkudi","taluk_name":"Thoothukudi","vil_name":"Allikulam","unit_id":8,"block_id":8,"survey_no":50,"sub_div":"1B","KIDE":"50/1B"},"geometry":{"type":"MultiPolygon","coordinates":[[[[78.017948311125537,8.783403840283965],[78.018832749402137,8.783449145932853],[78.01881722909792,8.7833823470183],[78.017936912225863,8.783342236090274],[78.017948311125537,8.783403840283965]]]]}},
{"type":"Feature","properties":{"Land_id":"1248","dist_name":"Thoothukkudi","taluk_name":"Thoothukudi","vil_name":"Allikulam","unit_id":8,"block_id":8,"survey_no":50,"sub_div":"1C","KIDE":"50/1C"},"geometry":{"type":"MultiPolygon","coordinates":[[[[78.018718485010751,8.782962683964559],[78.017980977261487,8.783110220055166],[78.017897086523206,8.783127002131797],[78.017936912225863,8.783342236090274],[78.01881722909792,8.7833823470183],[78.018718485010751,8.782962683964559]]]]}},
{"type":"Feature","properties":{"Land_id":"1249","dist_name":"Thoothukkudi","taluk_name":"Thoothukudi","vil_name":"Allikulam","unit_id":8,"block_id":8,"survey_no":50,"sub_div":"2A","KIDE":"50/2A"},"geometry":{"type":"MultiPolygon","coordinates":[[[[78.01881722909792,8.7833823470183],[78.018832749402137,8.783449145932853],[78.018947570910058,8.783428646897368],[78.01881722909792,8.7833823470183]]]]}},
{"type":"Feature","properties":{"Land_id":"1250","dist_name":"Thoothukkudi","taluk_name":"Thoothukudi","vil_name":"Allikulam","unit_id":8,"block_id":8,"survey_no":51,"sub_div":"1A","KIDE":"51/1A"},"geometry":{"type":"MultiPolygon","coordinates":[[[[78.018331740669026,8.781900420723298],[78.017800931715669,8.781974460188396],[78.017810063729314,8.782083919393036],[78.017897086523206,8.783127002131797],[78.018379480724946,8.783030500698791],[78.018331740669026,8.781900420723298]]]]}},
{"type":"Feature","properties":{"Land_id":"1251","dist_name":"Thoothukkudi","taluk_name":"Thoothukudi","vil_name":"Allikulam","unit_id":8,"block_id":8,"survey_no":51,"sub_div":"1B","KIDE":"51/1B"},"geometry":{"type":"MultiPolygon","coordinates":[[[[78.018331740669026,8.781900420723298],[78.018379480724946,8.783030500698791],[78.018622916357785,8.782981802171054],[78.018662394195999,8.78297390475449],[78.018577361647758,8.781865377205394],[78.018331740669026,8.781900420723298]]]]}},
{"type":"Feature","properties":{"Land_id":"1252","dist_name":"Thoothukkudi","taluk_name":"Thoothukudi","vil_name":"Allikulam","unit_id":8,"block_id":8,"survey_no":51,"sub_div":"1C","KIDE":"51/1C"},"geometry":{"type":"MultiPolygon","coordinates":[[[[78.018662394195999,8.78297390475449],[78.018924383454873,8.782921494632598],[78.018821149743772,8.781830595220372],[78.018577361647758,8.781865377205394],[78.018662394195999,8.78297390475449]]]]}},
{"type":"Feature","properties":{"Land_id":"1253","dist_name":"Thoothukkudi","taluk_name":"Thoothukudi","vil_name":"Allikulam","unit_id":8,"block_id":8,"survey_no":51,"sub_div":"1D","KIDE":"51/1D"},"geometry":{"type":"MultiPolygon","coordinates":[[[[78.018924383454873,8.782921494632598],[78.019089472577804,8.782888469076156],[78.018888970486344,8.781820919110681],[78.018821149743772,8.781830595220372],[78.018924383454873,8.782921494632598]]]]}},
{"type":"Feature","properties":{"Land_id":"1254","dist_name":"Thoothukkudi","taluk_name":"Thoothukudi","vil_name":"Allikulam","unit_id":8,"block_id":8,"survey_no":51,"sub_div":"2A","KIDE":"51/2A"},"geometry":{"type":"MultiPolygon","coordinates":[[[[78.018888970486344,8.781820919110681],[78.019089472577804,8.782888469076156],[78.019119978186254,8.782882366525753],[78.018977478671104,8.78179495017512],[78.018888970486344,8.781820919110681]]]]}},
{"type":"Feature","properties":{"Land_id":"1255","dist_name":"Thoothukkudi","taluk_name":"Thoothukudi","vil_name":"Allikulam","unit_id":8,"block_id":8,"survey_no":51,"sub_div":"2B","KIDE":"51/2B"},"geometry":{"type":"MultiPolygon","coordinates":[[[[78.018977478671104,8.78179495017512],[78.019119978186254,8.782882366525753],[78.019286861734585,8.782848982000191],[78.019141671628773,8.78177014035179],[78.019025136923631,8.781780966896813],[78.018977478671104,8.78179495017512]]]]}},
{"type":"Feature","properties":{"Land_id":"1256","dist_name":"Thoothukkudi","taluk_name":"Thoothukudi","vil_name":"Allikulam","unit_id":8,"block_id":8,"survey_no":51,"sub_div":"3","KIDE":"51/3"},"geometry":{"type":"MultiPolygon","coordinates":[[[[78.018279498986232,8.781209388874181],[78.018193398802183,8.781028710956386],[78.017730836463343,8.781134276318268],[78.017800931715669,8.781974460188396],[78.018331740669026,8.781900420723298],[78.018577361647758,8.781865377205394],[78.018821149743772,8.781830595220372],[78.018888970486344,8.781820919110681],[78.018977478671104,8.78179495017512],[78.019025136923631,8.781780966896813],[78.018925797083895,8.781157931658502],[78.018512978351282,8.781190799569643],[78.018279498986232,8.781209388874181]]]]}},
{"type":"Feature","properties":{"Land_id":"1257","dist_name":"Thoothukkudi","taluk_name":"Thoothukudi","vil_name":"Allikulam","unit_id":8,"block_id":8,"survey_no":51,"sub_div":"5","KIDE":"51/5"},"geometry":{"type":"MultiPolygon","coordinates":[[[[78.018445322952005,8.780971217161909],[78.018193398802183,8.781028710956386],[78.018279498986232,8.781209388874181],[78.018512978351282,8.781190799569643],[78.018445322952005,8.780971217161909]]]]}},
{"type":"Feature","properties":{"Land_id":"1258","dist_name":"Thoothukkudi","taluk_name":"Thoothukudi","vil_name":"Allikulam","unit_id":8,"block_id":8,"survey_no":51,"sub_div":"6","KIDE":"51/6"},"geometry":{"type":"MultiPolygon","coordinates":[[[[78.018961677819703,8.780853375340625],[78.018445322952005,8.780971217161909],[78.018512978351282,8.781190799569643],[78.018925797083895,8.781157931658502],[78.019019731601162,8.781144351420938],[78.018961677819703,8.780853375340625]]]]}},
{"type":"Feature","properties":{"Land_id":"1259","dist_name":"Thoothukkudi","taluk_name":"Thoothukudi","vil_name":"Allikulam","unit_id":8,"block_id":8,"survey_no":51,"sub_div":"7","KIDE":"51/7"},"geometry":{"type":"MultiPolygon","coordinates":[[[[78.019019731601162,8.781144351420938],[78.019183247227915,8.781120711603688],[78.019134478541048,8.78081393898978],[78.018961677819703,8.780853375340625],[78.019019731601162,8.781144351420938]]]]}},
{"type":"Feature","properties":{"Land_id":"1260","dist_name":"Thoothukkudi","taluk_name":"Thoothukudi","vil_name":"Allikulam","unit_id":8,"block_id":8,"survey_no":51,"sub_div":"8","KIDE":"51/8"},"geometry":{"type":"MultiPolygon","coordinates":[[[[78.0195130040279,8.780713790220823],[78.019134478541048,8.78081393898978],[78.019183247227915,8.781120711603688],[78.01939056356953,8.781090911046896],[78.01957787575553,8.781063985967307],[78.0195130040279,8.780713790220823]]]]}},
{"type":"Feature","properties":{"Land_id":"1261","dist_name":"Thoothukkudi","taluk_name":"Thoothukudi","vil_name":"Allikulam","unit_id":8,"block_id":9,"survey_no":52,"sub_div":"1","KIDE":"52/1"},"geometry":{"type":"MultiPolygon","coordinates":[[[[78.017491698356352,8.778688054552093],[78.017543599744045,8.780113764813819],[78.017730836463343,8.781134276318268],[78.018731707809437,8.78090585880644],[78.018455722245577,8.779735494924582],[78.018243721972425,8.778607769283903],[78.018071450154167,8.778636439980001],[78.017491698356352,8.778688054552093]]]]}},
{"type":"Feature","properties":{"Land_id":"1262","dist_name":"Thoothukkudi","taluk_name":"Thoothukudi","vil_name":"Allikulam","unit_id":8,"block_id":9,"survey_no":52,"sub_div":"2","KIDE":"52/2"},"geometry":{"type":"MultiPolygon","coordinates":[[[[78.018455722245577,8.779735494924582],[78.018731707809437,8.78090585880644],[78.01913100893276,8.780814730841378],[78.018590739839979,8.778550016112652],[78.018243721972425,8.778607769283903],[78.018455722245577,8.779735494924582]]]]}},
{"type":"Feature","properties":{"Land_id":"1263","dist_name":"Thoothukkudi","taluk_name":"Thoothukudi","vil_name":"Allikulam","unit_id":8,"block_id":6,"survey_no":55,"sub_div":"1","KIDE":"55/1"},"geometry":{"type":"MultiPolygon","coordinates":[[[[78.018701865628984,8.779012701986376],[78.019134478541048,8.78081393898978],[78.019636538728776,8.780682601258246],[78.01964694143912,8.780679879934365],[78.01946007468932,8.77980020524905],[78.019641127801933,8.779753460385415],[78.019539359385362,8.779340321848064],[78.019432099236809,8.778891021196138],[78.018701865628984,8.779012701986376]]]]}},
{"type":"Feature","properties":{"Land_id":"1264","dist_name":"Thoothukkudi","taluk_name":"Thoothukudi","vil_name":"Allikulam","unit_id":8,"block_id":9,"survey_no":53,"sub_div":"1","KIDE":"53/1"},"geometry":{"type":"MultiPolygon","coordinates":[[[[78.017271213160342,8.777304147322136],[78.017423764678853,8.777886616992483],[78.017491698356352,8.778688054552093],[78.018071450154167,8.778636439980001],[78.017721247322982,8.777089930465699],[78.017240711909523,8.777187687953603],[78.017271213160342,8.777304147322136]]]]}},
{"type":"Feature","properties":{"Land_id":"1265","dist_name":"Thoothukkudi","taluk_name":"Thoothukudi","vil_name":"Allikulam","unit_id":8,"block_id":9,"survey_no":54,"sub_div":"1","KIDE":"54/1"},"geometry":{"type":"MultiPolygon","coordinates":[[[[78.018590739839979,8.778550016112652],[78.01827449904485,8.777061228675716],[78.017827329223337,8.776922736949805],[78.017683954451869,8.776944751835238],[78.018071450154167,8.778636439980001],[78.018590739839979,8.778550016112652]]]]}},
{"type":"Feature","properties":{"Land_id":"1266","dist_name":"Thoothukkudi","taluk_name":"Thoothukudi","vil_name":"Allikulam","unit_id":8,"block_id":9,"survey_no":53,"sub_div":"2","KIDE":"53/2"},"geometry":{"type":"MultiPolygon","coordinates":[[[[78.017703179935978,8.777010144172095],[78.017212207523244,8.777078852980086],[78.017240711909523,8.777187687953603],[78.017721247322982,8.777089930465699],[78.017703179935978,8.777010144172095]]]]}},
{"type":"Feature","properties":{"Land_id":"1267","dist_name":"Thoothukkudi","taluk_name":"Thoothukudi","vil_name":"Allikulam","unit_id":8,"block_id":9,"survey_no":54,"sub_div":"2","KIDE":"54/2"},"geometry":{"type":"MultiPolygon","coordinates":[[[[78.018257364028784,8.776856706037412],[78.017827329223337,8.776922736949805],[78.01827449904485,8.777061228675716],[78.018257364028784,8.776856706037412]]]]}},
{"type":"Feature","properties":{"Land_id":"1268","dist_name":"Thoothukkudi","taluk_name":"Thoothukudi","vil_name":"Allikulam","unit_id":8,"block_id":6,"survey_no":55,"sub_div":"3B","KIDE":"55/3B"},"geometry":{"type":"MultiPolygon","coordinates":[[[[78.019641127801933,8.779753460385415],[78.020074783911156,8.779672215391924],[78.020159804977425,8.779975100301796],[78.02017613492022,8.78003327520341],[78.02085776124359,8.779822109430768],[78.020765452557342,8.77965927918356],[78.020448783279335,8.779100682382735],[78.019539359385362,8.779340321848064],[78.019641127801933,8.779753460385415]]]]}},
{"type":"Feature","properties":{"Land_id":"125","dist_name":"Thoothukkudi","taluk_name":"Thoothukudi","vil_name":"Allikulam","unit_id":9,"block_id":1,"survey_no":1,"sub_div":"1","KIDE":"1/1"},"geometry":{"type":"MultiPolygon","coordinates":[[[[78.034348772918079,8.770788813043172],[78.033489379184047,8.771068712636428],[78.033903921991978,8.771770208000669],[78.034528563320166,8.77112708485712],[78.034348772918079,8.770788813043172]]]]}},
{"type":"Feature","properties":{"Land_id":"126","dist_name":"Thoothukkudi","taluk_name":"Thoothukudi","vil_name":"Allikulam","unit_id":9,"block_id":1,"survey_no":1,"sub_div":"2","KIDE":"1/2"},"geometry":{"type":"MultiPolygon","coordinates":[[[[78.033818142419847,8.770202715424206],[78.033216897742861,8.770607615581595],[78.033489379184047,8.771068712636428],[78.034348772918079,8.770788813043172],[78.034304639071649,8.77080057143756],[78.034169021788557,8.770836703377764],[78.033962334018142,8.770103332208596],[78.033818142419847,8.770202715424206]]]]}},
{"type":"Feature","properties":{"Land_id":"127","dist_name":"Thoothukkudi","taluk_name":"Thoothukudi","vil_name":"Allikulam","unit_id":9,"block_id":1,"survey_no":1,"sub_div":"3A","KIDE":"1/3A"},"geometry":{"type":"MultiPolygon","coordinates":[[[[78.033385822391708,8.769790658624032],[78.032844414719662,8.769977294396353],[78.033216897742861,8.770607615581595],[78.033818142419847,8.770202715424206],[78.033541589764766,8.769628104396237],[78.033359396871347,8.769765376682995],[78.033385822391708,8.769790658624032]]]]}},
{"type":"Feature","properties":{"Land_id":"128","dist_name":"Thoothukkudi","taluk_name":"Thoothukudi","vil_name":"Allikulam","unit_id":9,"block_id":1,"survey_no":1,"sub_div":"3B","KIDE":"1/3B"},"geometry":{"type":"MultiPolygon","coordinates":[[[[78.032582360941817,8.769399255844686],[78.032747801305106,8.769813803772134],[78.032844414719662,8.769977294396353],[78.033385822391708,8.769790658624032],[78.033359396871347,8.769765376682995],[78.032891672173591,8.769115424934535],[78.032582360941817,8.769399255844686]]]]}},
{"type":"Feature","properties":{"Land_id":"129","dist_name":"Thoothukkudi","taluk_name":"Thoothukudi","vil_name":"Allikulam","unit_id":9,"block_id":1,"survey_no":1,"sub_div":"3C","KIDE":"1/3C"},"geometry":{"type":"MultiPolygon","coordinates":[[[[78.03285260712606,8.769061140004689],[78.032556930412582,8.769335533951308],[78.032582360941817,8.769399255844686],[78.032891672173591,8.769115424934535],[78.03285260712606,8.769061140004689]]]]}},
{"type":"Feature","properties":{"Land_id":"130","dist_name":"Thoothukkudi","taluk_name":"Thoothukudi","vil_name":"Allikulam","unit_id":9,"block_id":1,"survey_no":1,"sub_div":"3D","KIDE":"1/3D"},"geometry":{"type":"MultiPolygon","coordinates":[[[[78.032696346955845,8.768844000438037],[78.032449185217729,8.769065554205556],[78.032556930412582,8.769335533951308],[78.03285260712606,8.769061140004689],[78.032696346955845,8.768844000438037]]]]}},
{"type":"Feature","properties":{"Land_id":"131","dist_name":"Thoothukkudi","taluk_name":"Thoothukudi","vil_name":"Allikulam","unit_id":9,"block_id":1,"survey_no":1,"sub_div":"4","KIDE":"1/4"},"geometry":{"type":"MultiPolygon","coordinates":[[[[78.033541589764766,8.769628104396237],[78.033818142419847,8.770202715424206],[78.033962334018142,8.770103332208596],[78.033828047259533,8.769626854877771],[78.033855301612661,8.769527574709306],[78.033541589764766,8.769628104396237]]]]}},
{"type":"Feature","properties":{"Land_id":"132","dist_name":"Thoothukkudi","taluk_name":"Thoothukudi","vil_name":"Allikulam","unit_id":9,"block_id":1,"survey_no":1,"sub_div":"5A","KIDE":"1/5A"},"geometry":{"type":"MultiPolygon","coordinates":[[[[78.032891672173591,8.769115424934535],[78.033359396871347,8.769765376682995],[78.033541589764766,8.769628104396237],[78.033855301612661,8.769527574709306],[78.033910507357319,8.769326475251752],[78.033526182664104,8.768631642575107],[78.032891672173591,8.769115424934535]]]]}},
{"type":"Feature","properties":{"Land_id":"133","dist_name":"Thoothukkudi","taluk_name":"Thoothukudi","vil_name":"Allikulam","unit_id":9,"block_id":1,"survey_no":1,"sub_div":"5B","KIDE":"1/5B"},"geometry":{"type":"MultiPolygon","coordinates":[[[[78.033500819201294,8.768585787174548],[78.03285260712606,8.769061140004689],[78.032891672173591,8.769115424934535],[78.033526182664104,8.768631642575107],[78.033500819201294,8.768585787174548]]]]}},
{"type":"Feature","properties":{"Land_id":"134","dist_name":"Thoothukkudi","taluk_name":"Thoothukudi","vil_name":"Allikulam","unit_id":9,"block_id":1,"survey_no":1,"sub_div":"5C","KIDE":"1/5C"},"geometry":{"type":"MultiPolygon","coordinates":[[[[78.032521370035269,8.768562366784836],[78.032696346955845,8.768844000438037],[78.03285260712606,8.769061140004689],[78.033500819201294,8.768585787174548],[78.033167595560997,8.767983341695498],[78.032521370035269,8.768562366784836]]]]}},
{"type":"Feature","properties":{"Land_id":"135","dist_name":"Thoothukkudi","taluk_name":"Thoothukudi","vil_name":"Allikulam","unit_id":9,"block_id":1,"survey_no":1,"sub_div":"9","KIDE":"1/9"},"geometry":{"type":"MultiPolygon","coordinates":[[[[78.03289870415918,8.766810446750826],[78.03306177087363,8.767234997322143],[78.032982104447143,8.766630655044199],[78.032777340523694,8.766185445947151],[78.032741005862462,8.766193702573284],[78.03289870415918,8.766810446750826]]]]}},
{"type":"Feature","properties":{"Land_id":"136","dist_name":"Thoothukkudi","taluk_name":"Thoothukudi","vil_name":"Allikulam","unit_id":9,"block_id":1,"survey_no":1,"sub_div":"6","KIDE":"1/6"},"geometry":{"type":"MultiPolygon","coordinates":[[[[78.032018978876664,8.76798757575143],[78.032449185217729,8.769065554205556],[78.032696346955845,8.768844000438037],[78.032521370035269,8.768562366784836],[78.033167595560997,8.767983341695498],[78.032922468831856,8.767540169387473],[78.03306177087363,8.767234997322143],[78.03289870415918,8.766810446750826],[78.031881880184429,8.767169792108986],[78.032018978876664,8.76798757575143]]]]}},
{"type":"Feature","properties":{"Land_id":"137","dist_name":"Thoothukkudi","taluk_name":"Thoothukudi","vil_name":"Allikulam","unit_id":9,"block_id":1,"survey_no":1,"sub_div":"10B","KIDE":"1/10B"},"geometry":{"type":"MultiPolygon","coordinates":[[[[78.032619837319672,8.76622123670524],[78.032336237873423,8.76628568135726],[78.031760401338573,8.76644517970448],[78.031881880184429,8.767169792108986],[78.03289870415918,8.766810446750826],[78.032741005862462,8.766193702573284],[78.032619837319672,8.76622123670524]]]]}},
{"type":"Feature","properties":{"Land_id":"138","dist_name":"Thoothukkudi","taluk_name":"Thoothukudi","vil_name":"Allikulam","unit_id":9,"block_id":1,"survey_no":13,"sub_div":"2A","KIDE":"13/2A"},"geometry":{"type":"MultiPolygon","coordinates":[[[[78.031326563824422,8.768004019940529],[78.031375536971041,8.768157504326499],[78.032018978876664,8.76798757575143],[78.031979160635601,8.767750062864298],[78.031326563824422,8.768004019940529]]]]}},
{"type":"Feature","properties":{"Land_id":"139","dist_name":"Thoothukkudi","taluk_name":"Thoothukudi","vil_name":"Allikulam","unit_id":9,"block_id":1,"survey_no":13,"sub_div":"2B","KIDE":"13/2B"},"geometry":{"type":"MultiPolygon","coordinates":[[[[78.03117060879714,8.76714799807301],[78.031251651945269,8.76779043851322],[78.031326563824422,8.768004019940529],[78.031979160635601,8.767750062864298],[78.031842542651944,8.766935146613285],[78.031443894403125,8.767076257524574],[78.03117060879714,8.76714799807301]]]]}},
{"type":"Feature","properties":{"Land_id":"140","dist_name":"Thoothukkudi","taluk_name":"Thoothukudi","vil_name":"Allikulam","unit_id":9,"block_id":1,"survey_no":13,"sub_div":"3","KIDE":"13/3"},"geometry":{"type":"MultiPolygon","coordinates":[[[[78.029685436340714,8.767255087659215],[78.029790508882115,8.767606591489558],[78.030470986863961,8.767380475460424],[78.03117060879714,8.76714799807301],[78.031443894403125,8.767076257524574],[78.031842542651944,8.766935146613285],[78.031787410787345,8.766606289085143],[78.031589187375616,8.766673493089613],[78.029685436340714,8.767255087659215]]]]}},
{"type":"Feature","properties":{"Land_id":"141","dist_name":"Thoothukkudi","taluk_name":"Thoothukudi","vil_name":"Allikulam","unit_id":9,"block_id":1,"survey_no":13,"sub_div":"5","KIDE":"13/5"},"geometry":{"type":"MultiPolygon","coordinates":[[[[78.031787410787345,8.766606289085143],[78.031723526074188,8.766455091925387],[78.031665777685475,8.766305882945929],[78.031489182110676,8.766351572025215],[78.031589187375616,8.766673493089613],[78.031787410787345,8.766606289085143]]]]}},
{"type":"Feature","properties":{"Land_id":"142","dist_name":"Thoothukkudi","taluk_name":"Thoothukudi","vil_name":"Allikulam","unit_id":9,"block_id":2,"survey_no":14,"sub_div":"15","KIDE":"14/15"},"geometry":{"type":"MultiPolygon","coordinates":[[[[78.031918211419892,8.769557701139474],[78.031819650153423,8.769620104462936],[78.032124189199891,8.770143057590843],[78.032743798669529,8.769803686995621],[78.032550014387581,8.76931814035788],[78.031918211419892,8.769557701139474]]]]}},
{"type":"Feature","properties":{"Land_id":"143","dist_name":"Thoothukkudi","taluk_name":"Thoothukudi","vil_name":"Allikulam","unit_id":9,"block_id":2,"survey_no":14,"sub_div":"10","KIDE":"14/10"},"geometry":{"type":"MultiPolygon","coordinates":[[[[78.032299350713899,8.768690076498741],[78.032018978876664,8.76798757575143],[78.031667991171446,8.768080269186676],[78.031798525156972,8.768326135919272],[78.031981820845374,8.768660201270071],[78.032145777935099,8.768959021238819],[78.032299350713899,8.768690076498741]]]]}},
{"type":"Feature","properties":{"Land_id":"144","dist_name":"Thoothukkudi","taluk_name":"Thoothukudi","vil_name":"Allikulam","unit_id":9,"block_id":2,"survey_no":14,"sub_div":"4","KIDE":"14/4"},"geometry":{"type":"MultiPolygon","coordinates":[[[[78.03147965555938,8.769690836243141],[78.03104270568312,8.769989973560987],[78.030910701471086,8.769776988762933],[78.03071733068046,8.769864341507157],[78.030349580860687,8.77021677912049],[78.030379563880501,8.770219237915205],[78.030905467229459,8.769888912992952],[78.030942695005493,8.769955176138259],[78.031010635629471,8.770076106458879],[78.031085589570779,8.770084869386372],[78.031819650153423,8.769620104462936],[78.031918211419892,8.769557701139474],[78.032042628221461,8.769361479088991],[78.032379666710838,8.768891316567732],[78.032299350713899,8.768690076498741],[78.032145777935099,8.768959021238819],[78.032028255388639,8.769151899711394],[78.031857480386364,8.769432176138471],[78.03147965555938,8.769690836243141]]]]}},
{"type":"Feature","properties":{"Land_id":"145","dist_name":"Thoothukkudi","taluk_name":"Thoothukudi","vil_name":"Allikulam","unit_id":9,"block_id":2,"survey_no":19,"sub_div":"2","KIDE":"19/2"},"geometry":{"type":"MultiPolygon","coordinates":[[[[78.033747500535696,8.771909984549643],[78.03380122862032,8.771861927008489],[78.033897051681379,8.771776217258509],[78.033463439692667,8.771009939317313],[78.033365975986541,8.771138148121485],[78.033328487434815,8.771200844225088],[78.033747500535696,8.771909984549643]]]]}},
{"type":"Feature","properties":{"Land_id":"146","dist_name":"Thoothukkudi","taluk_name":"Thoothukudi","vil_name":"Allikulam","unit_id":9,"block_id":2,"survey_no":19,"sub_div":"8B","KIDE":"19/8B"},"geometry":{"type":"MultiPolygon","coordinates":[[[[78.032659411640651,8.77155907602644],[78.032716624773954,8.771528443395438],[78.032996333419604,8.771378683808104],[78.033094867137493,8.771325927542359],[78.033328487434815,8.771200844225088],[78.033365975986541,8.771138148121485],[78.033062136382114,8.770557896654795],[78.033163113234409,8.770506536265115],[78.033048580656597,8.770314558343548],[78.032725062995468,8.770521378019225],[78.032364629681297,8.770734260249878],[78.032659411640651,8.77155907602644]]]]}},
{"type":"Feature","properties":{"Land_id":"147","dist_name":"Thoothukkudi","taluk_name":"Thoothukudi","vil_name":"Allikulam","unit_id":9,"block_id":2,"survey_no":19,"sub_div":"8C","KIDE":"19/8C"},"geometry":{"type":"MultiPolygon","coordinates":[[[[78.032725062995468,8.770521378019225],[78.033048580656597,8.770314558343548],[78.032743798669529,8.769803686995621],[78.032453005715809,8.769962959218896],[78.032725062995468,8.770521378019225]]]]}},
{"type":"Feature","properties":{"Land_id":"148","dist_name":"Thoothukkudi","taluk_name":"Thoothukudi","vil_name":"Allikulam","unit_id":9,"block_id":2,"survey_no":19,"sub_div":"6","KIDE":"19/6"},"geometry":{"type":"MultiPolygon","coordinates":[[[[78.033365975986541,8.771138148121485],[78.033463439692667,8.771009939317313],[78.033163113234409,8.770506536265115],[78.033062136382114,8.770557896654795],[78.033365975986541,8.771138148121485]]]]}},
{"type":"Feature","properties":{"Land_id":"149","dist_name":"Thoothukkudi","taluk_name":"Thoothukudi","vil_name":"Allikulam","unit_id":9,"block_id":8,"survey_no":6,"sub_div":"3","KIDE":"6/3"},"geometry":{"type":"MultiPolygon","coordinates":[[[[78.031062086011175,8.765486507772721],[78.030833591986053,8.765522099300666],[78.030257001069728,8.765611912423376],[78.030133828420063,8.765631098504098],[78.030128470169188,8.765631873777416],[78.030235028486118,8.766192973358098],[78.029839374503041,8.766293983622836],[78.030618059096753,8.766579457357803],[78.031665777685475,8.766305882945929],[78.031723526074188,8.766455091925387],[78.032062683033956,8.766347843490053],[78.032124904637897,8.765910114757473],[78.032019767076036,8.765518368186218],[78.031137477070459,8.76579446023986],[78.031062086011175,8.765486507772721]]]]}},
{"type":"Feature","properties":{"Land_id":"150","dist_name":"Thoothukkudi","taluk_name":"Thoothukudi","vil_name":"Allikulam","unit_id":9,"block_id":1,"survey_no":13,"sub_div":"4","KIDE":"13/4"},"geometry":{"type":"MultiPolygon","coordinates":[[[[78.029685436340714,8.767255087659215],[78.031589187375616,8.766673493089613],[78.031489182110676,8.766351572025215],[78.029550328363626,8.76690762862531],[78.029685436340714,8.767255087659215]]]]}},
{"type":"Feature","properties":{"Land_id":"151","dist_name":"Thoothukkudi","taluk_name":"Thoothukudi","vil_name":"Allikulam","unit_id":9,"block_id":8,"survey_no":6,"sub_div":"1","KIDE":"6/1"},"geometry":{"type":"MultiPolygon","coordinates":[[[[78.029366394533994,8.766208008681367],[78.029538097583469,8.766856359621165],[78.030618059096753,8.766579457357803],[78.029839374503041,8.766293983622836],[78.029810230950503,8.76608609731262],[78.029366394533994,8.766208008681367]]]]}},
{"type":"Feature","properties":{"Land_id":"152","dist_name":"Thoothukkudi","taluk_name":"Thoothukudi","vil_name":"Allikulam","unit_id":9,"block_id":8,"survey_no":6,"sub_div":"2","KIDE":"6/2"},"geometry":{"type":"MultiPolygon","coordinates":[[[[78.030128470169188,8.765631873777416],[78.029697965520143,8.765692664045737],[78.029810230950503,8.76608609731262],[78.029839374503041,8.766293983622836],[78.030235028486118,8.766192973358098],[78.030128470169188,8.765631873777416]]]]}},
{"type":"Feature","properties":{"Land_id":"153","dist_name":"Thoothukkudi","taluk_name":"Thoothukudi","vil_name":"Allikulam","unit_id":9,"block_id":8,"survey_no":6,"sub_div":"4A","KIDE":"6/4A"},"geometry":{"type":"MultiPolygon","coordinates":[[[[78.030257001069728,8.765611912423376],[78.030055115478802,8.764561958063403],[78.029406207095676,8.764670199073965],[78.029697965520143,8.765692664045737],[78.030128470169188,8.765631873777416],[78.030133828420063,8.765631098504098],[78.030257001069728,8.765611912423376]]]]}},
{"type":"Feature","properties":{"Land_id":"154","dist_name":"Thoothukkudi","taluk_name":"Thoothukudi","vil_name":"Allikulam","unit_id":9,"block_id":8,"survey_no":6,"sub_div":"4B","KIDE":"6/4B"},"geometry":{"type":"MultiPolygon","coordinates":[[[[78.030833591986053,8.765522099300666],[78.030666733729632,8.764459937224608],[78.030055115478802,8.764561958063403],[78.030257001069728,8.765611912423376],[78.030833591986053,8.765522099300666]]]]}},
{"type":"Feature","properties":{"Land_id":"155","dist_name":"Thoothukkudi","taluk_name":"Thoothukudi","vil_name":"Allikulam","unit_id":9,"block_id":8,"survey_no":6,"sub_div":"4C","KIDE":"6/4C"},"geometry":{"type":"MultiPolygon","coordinates":[[[[78.030833591986053,8.765522099300666],[78.031062086011175,8.765486507772721],[78.031128275458897,8.765476783625457],[78.030962735582733,8.764410562704969],[78.030666733729632,8.764459937224608],[78.030833591986053,8.765522099300666]]]]}},
{"type":"Feature","properties":{"Land_id":"156","dist_name":"Thoothukkudi","taluk_name":"Thoothukudi","vil_name":"Allikulam","unit_id":9,"block_id":8,"survey_no":6,"sub_div":"4D","KIDE":"6/4D"},"geometry":{"type":"MultiPolygon","coordinates":[[[[78.031439544733345,8.765431053869005],[78.031273002634379,8.764358808682232],[78.030962735582733,8.764410562704969],[78.031128275458897,8.765476783625457],[78.031439544733345,8.765431053869005]]]]}},
{"type":"Feature","properties":{"Land_id":"157","dist_name":"Thoothukkudi","taluk_name":"Thoothukudi","vil_name":"Allikulam","unit_id":9,"block_id":8,"survey_no":6,"sub_div":"4E","KIDE":"6/4E"},"geometry":{"type":"MultiPolygon","coordinates":[[[[78.031570787603556,8.764309136730335],[78.031273002634379,8.764358808682232],[78.031439544733345,8.765431053869005],[78.031727558263441,8.765388740679198],[78.031570787603556,8.764309136730335]]]]}},
{"type":"Feature","properties":{"Land_id":"158","dist_name":"Thoothukkudi","taluk_name":"Thoothukudi","vil_name":"Allikulam","unit_id":9,"block_id":8,"survey_no":6,"sub_div":"4F","KIDE":"6/4F"},"geometry":{"type":"MultiPolygon","coordinates":[[[[78.031570787603556,8.764309136730335],[78.031727558263441,8.765388740679198],[78.031990527098301,8.765350106910876],[78.031939932988195,8.764819441374732],[78.03190063118187,8.764407864467374],[78.03188640400343,8.764256490410821],[78.031570787603556,8.764309136730335]]]]}},
{"type":"Feature","properties":{"Land_id":"159","dist_name":"Thoothukkudi","taluk_name":"Thoothukudi","vil_name":"Allikulam","unit_id":9,"block_id":8,"survey_no":6,"sub_div":"6A","KIDE":"6/6A"},"geometry":{"type":"MultiPolygon","coordinates":[[[[78.032198711694761,8.764352145356149],[78.03190063118187,8.764407864467374],[78.031939932988195,8.764819441374732],[78.032200519286476,8.764719630672921],[78.032196639984633,8.764667936090937],[78.032198711694761,8.764352145356149]]]]}},
{"type":"Feature","properties":{"Land_id":"160","dist_name":"Thoothukkudi","taluk_name":"Thoothukudi","vil_name":"Allikulam","unit_id":9,"block_id":8,"survey_no":6,"sub_div":"6B","KIDE":"6/6B"},"geometry":{"type":"MultiPolygon","coordinates":[[[[78.032199682049907,8.764204234139799],[78.03188640400343,8.764256490410821],[78.03190063118187,8.764407864467374],[78.032198711694761,8.764352145356149],[78.032199682049907,8.764204234139799]]]]}},
{"type":"Feature","properties":{"Land_id":"161","dist_name":"Thoothukkudi","taluk_name":"Thoothukudi","vil_name":"Allikulam","unit_id":9,"block_id":8,"survey_no":6,"sub_div":"5","KIDE":"6/5"},"geometry":{"type":"MultiPolygon","coordinates":[[[[78.031439544733345,8.765431053869005],[78.031128275458897,8.765476783625457],[78.031062086011175,8.765486507772721],[78.031137477070459,8.76579446023986],[78.032019767076036,8.765518368186218],[78.032253350543058,8.765423646455874],[78.032245505607207,8.765319106851527],[78.032200519286476,8.764719630672921],[78.031939932988195,8.764819441374732],[78.031990527098301,8.765350106910876],[78.031727558263441,8.765388740679198],[78.031439544733345,8.765431053869005]]]]}},
{"type":"Feature","properties":{"Land_id":"162","dist_name":"Thoothukkudi","taluk_name":"Thoothukudi","vil_name":"Allikulam","unit_id":9,"block_id":8,"survey_no":7,"sub_div":null,"KIDE":"7"},"geometry":{"type":"MultiPolygon","coordinates":[[[[78.029366394533994,8.766208008681367],[78.029810230950503,8.76608609731262],[78.029406207095676,8.764670199073965],[78.029014601425501,8.764755218081968],[78.029366394533994,8.766208008681367]]]]}},
{"type":"Feature","properties":{"Land_id":"163","dist_name":"Thoothukkudi","taluk_name":"Thoothukudi","vil_name":"Allikulam","unit_id":9,"block_id":8,"survey_no":8,"sub_div":"3","KIDE":"8/3"},"geometry":{"type":"MultiPolygon","coordinates":[[[[78.028994317799771,8.765448335630797],[78.029109971737995,8.765425902508294],[78.029222953850905,8.765908190790995],[78.029327906839413,8.76633023544966],[78.029476782516127,8.766931663226925],[78.029550328363626,8.76690762862531],[78.029367269306974,8.766172145274465],[78.029014601425501,8.764755218081968],[78.028864518684145,8.764787801815929],[78.028994317799771,8.765448335630797]]]]}},
{"type":"Feature","properties":{"Land_id":"164","dist_name":"Thoothukkudi","taluk_name":"Thoothukudi","vil_name":"Allikulam","unit_id":9,"block_id":1,"survey_no":10,"sub_div":"3","KIDE":"10/3"},"geometry":{"type":"MultiPolygon","coordinates":[[[[78.028177621647714,8.767369464983499],[78.02820943418061,8.767540679961879],[78.02823604030435,8.767534449406796],[78.02824617639746,8.767295554232152],[78.028207819875846,8.766812526675324],[78.028147183587095,8.766048927757261],[78.028122135835446,8.766540373471321],[78.028119506414953,8.766820529867713],[78.028177621647714,8.767369464983499]]]]}},
{"type":"Feature","properties":{"Land_id":"165","dist_name":"Thoothukkudi","taluk_name":"Thoothukudi","vil_name":"Allikulam","unit_id":9,"block_id":6,"survey_no":12,"sub_div":"6","KIDE":"12/6"},"geometry":{"type":"MultiPolygon","coordinates":[[[[78.028238039293072,8.767487335715817],[78.028793133393648,8.76734953346468],[78.028740482510273,8.767161060153393],[78.02824617639746,8.767295554232152],[78.028238039293072,8.767487335715817]]]]}},
{"type":"Feature","properties":{"Land_id":"166","dist_name":"Thoothukkudi","taluk_name":"Thoothukudi","vil_name":"Allikulam","unit_id":9,"block_id":6,"survey_no":12,"sub_div":"7","KIDE":"12/7"},"geometry":{"type":"MultiPolygon","coordinates":[[[[78.029056222425922,8.768291336395471],[78.029258223582531,8.76901085556665],[78.029481895809198,8.768922389495373],[78.029429969593266,8.768729625619367],[78.029339367296316,8.768393285879943],[78.029253426784138,8.768112142185647],[78.028945635353324,8.767105240810045],[78.028740482510273,8.767161060153393],[78.028793133393648,8.76734953346468],[78.029056222425922,8.768291336395471]]]]}},
{"type":"Feature","properties":{"Land_id":"167","dist_name":"Thoothukkudi","taluk_name":"Thoothukudi","vil_name":"Allikulam","unit_id":9,"block_id":1,"survey_no":13,"sub_div":"1A","KIDE":"13/1A"},"geometry":{"type":"MultiPolygon","coordinates":[[[[78.029773236203241,8.768607810462909],[78.029502571474879,8.767710286565753],[78.029815726258761,8.767690952298949],[78.029790508882115,8.767606591489558],[78.029685436340714,8.767255087659215],[78.029550328363626,8.76690762862531],[78.028945635353324,8.767105240810045],[78.029251287993503,8.768131800615278],[78.029370500384402,8.768532185341916],[78.029423507813192,8.768710215198773],[78.029773236203241,8.768607810462909]]]]}},
{"type":"Feature","properties":{"Land_id":"168","dist_name":"Thoothukkudi","taluk_name":"Thoothukudi","vil_name":"Allikulam","unit_id":9,"block_id":8,"survey_no":8,"sub_div":"4A","KIDE":"8/4A"},"geometry":{"type":"MultiPolygon","coordinates":[[[[78.028793677799939,8.766498177415356],[78.028768715561128,8.766401821374023],[78.028668199577339,8.766400724099382],[78.02818345059643,8.766501201934011],[78.028201431253649,8.766728906899996],[78.02824617639746,8.767295554232152],[78.028945635353324,8.767105240810045],[78.029476782516127,8.766931663226925],[78.029327906839413,8.76633023544966],[78.028937851470971,8.766454263515476],[78.028793677799939,8.766498177415356]]]]}},
{"type":"Feature","properties":{"Land_id":"169","dist_name":"Thoothukkudi","taluk_name":"Thoothukudi","vil_name":"Allikulam","unit_id":9,"block_id":8,"survey_no":8,"sub_div":"4B","KIDE":"8/4B"},"geometry":{"type":"MultiPolygon","coordinates":[[[[78.028180025707925,8.766457829541572],[78.02818345059643,8.766501201934011],[78.028668199577339,8.766400724099382],[78.028625047091964,8.766060889063324],[78.028491151987069,8.765150364932568],[78.028394801499232,8.765099720381194],[78.028075339061303,8.765132089942242],[78.028156951291621,8.765964540698318],[78.028180025707925,8.766457829541572]]]]}},
{"type":"Feature","properties":{"Land_id":"170","dist_name":"Thoothukkudi","taluk_name":"Thoothukudi","vil_name":"Allikulam","unit_id":9,"block_id":8,"survey_no":8,"sub_div":"6","KIDE":"8/6"},"geometry":{"type":"MultiPolygon","coordinates":[[[[78.028491151987069,8.765150364932568],[78.028625047091964,8.766060889063324],[78.028668199577339,8.766400724099382],[78.028768715561128,8.766401821374023],[78.028793677799939,8.766498177415356],[78.028937851470971,8.766454263515476],[78.028858574630519,8.765998216161282],[78.028784145458047,8.765479161376682],[78.028732966652527,8.765110609884655],[78.028491151987069,8.765150364932568]]]]}},
{"type":"Feature","properties":{"Land_id":"171","dist_name":"Thoothukkudi","taluk_name":"Thoothukudi","vil_name":"Allikulam","unit_id":9,"block_id":8,"survey_no":8,"sub_div":"7","KIDE":"8/7"},"geometry":{"type":"MultiPolygon","coordinates":[[[[78.028937851470971,8.766454263515476],[78.029327906839413,8.76633023544966],[78.029222953850905,8.765908190790995],[78.028858574630519,8.765998216161282],[78.028937851470971,8.766454263515476]]]]}},
{"type":"Feature","properties":{"Land_id":"173","dist_name":"Thoothukkudi","taluk_name":"Thoothukudi","vil_name":"Allikulam","unit_id":9,"block_id":8,"survey_no":8,"sub_div":"9","KIDE":"8/9"},"geometry":{"type":"MultiPolygon","coordinates":[[[[78.029109971737995,8.765425902508294],[78.028994317799771,8.765448335630797],[78.028784145458047,8.765479161376682],[78.028858574630519,8.765998216161282],[78.029222953850905,8.765908190790995],[78.029109971737995,8.765425902508294]]]]}},
{"type":"Feature","properties":{"Land_id":"174","dist_name":"Thoothukkudi","taluk_name":"Thoothukudi","vil_name":"Allikulam","unit_id":9,"block_id":8,"survey_no":8,"sub_div":"10","KIDE":"8/10"},"geometry":{"type":"MultiPolygon","coordinates":[[[[78.028694548696237,8.764824703173254],[78.028732966652527,8.765110609884655],[78.028784145458047,8.765479161376682],[78.028994317799771,8.765448335630797],[78.028864518684145,8.764787801815929],[78.028694548696237,8.764824703173254]]]]}},
{"type":"Feature","properties":{"Land_id":"175","dist_name":"Thoothukkudi","taluk_name":"Thoothukudi","vil_name":"Allikulam","unit_id":9,"block_id":8,"survey_no":8,"sub_div":"11","KIDE":"8/11"},"geometry":{"type":"MultiPolygon","coordinates":[[[[78.028414523072371,8.764885498174383],[78.028398604937763,8.765058406182328],[78.028394801499232,8.765099720381194],[78.028491151987069,8.765150364932568],[78.028732966652527,8.765110609884655],[78.028694548696237,8.764824703173254],[78.028414523072371,8.764885498174383]]]]}},
{"type":"Feature","properties":{"Land_id":"176","dist_name":"Thoothukkudi","taluk_name":"Thoothukudi","vil_name":"Allikulam","unit_id":9,"block_id":7,"survey_no":10,"sub_div":"1","KIDE":"10/1"},"geometry":{"type":"MultiPolygon","coordinates":[[[[78.02693467367763,8.76716038135798],[78.026681076032773,8.767233020819175],[78.026529959572443,8.767276305959252],[78.026456741446424,8.767335224393317],[78.026607651985529,8.767915781284154],[78.027378584055754,8.767735246352618],[78.027357749773159,8.767059676421136],[78.027006649300134,8.767143248975346],[78.02693467367763,8.76716038135798]]]]}},
{"type":"Feature","properties":{"Land_id":"177","dist_name":"Thoothukkudi","taluk_name":"Thoothukudi","vil_name":"Allikulam","unit_id":9,"block_id":7,"survey_no":10,"sub_div":"2","KIDE":"10/2"},"geometry":{"type":"MultiPolygon","coordinates":[[[[78.027357749773159,8.767059676421136],[78.027378584055754,8.767735246352618],[78.02820943418061,8.767540679961879],[78.028177621647714,8.767369464983499],[78.028119506414953,8.766820529867713],[78.028122135835446,8.766540373471321],[78.027730318179678,8.766619035520042],[78.027322057648348,8.766715750444435],[78.027357749773159,8.767059676421136]]]]}},
{"type":"Feature","properties":{"Land_id":"178","dist_name":"Thoothukkudi","taluk_name":"Thoothukudi","vil_name":"Allikulam","unit_id":9,"block_id":7,"survey_no":10,"sub_div":"5","KIDE":"10/5"},"geometry":{"type":"MultiPolygon","coordinates":[[[[78.02610218590705,8.767413856237315],[78.026456741446424,8.767335224393317],[78.026529959572443,8.767276305959252],[78.026289547544053,8.765924082461359],[78.026110665035276,8.765965890268101],[78.025737135590632,8.766064632020436],[78.02610218590705,8.767413856237315]]]]}},
{"type":"Feature","properties":{"Land_id":"179","dist_name":"Thoothukkudi","taluk_name":"Thoothukudi","vil_name":"Allikulam","unit_id":9,"block_id":7,"survey_no":10,"sub_div":"6A","KIDE":"10/6A"},"geometry":{"type":"MultiPolygon","coordinates":[[[[78.026289547544053,8.765924082461359],[78.026529959572443,8.767276305959252],[78.026681076032773,8.767233020819175],[78.02644523469867,8.765776273864804],[78.026411997275972,8.765570972528224],[78.026335218564242,8.765597975071341],[78.026012140801399,8.765668196857614],[78.026110665035276,8.765965890268101],[78.026289547544053,8.765924082461359]]]]}},
{"type":"Feature","properties":{"Land_id":"180","dist_name":"Thoothukkudi","taluk_name":"Thoothukudi","vil_name":"Allikulam","unit_id":9,"block_id":7,"survey_no":10,"sub_div":"6B","KIDE":"10/6B"},"geometry":{"type":"MultiPolygon","coordinates":[[[[78.02644523469867,8.765776273864804],[78.026681076032773,8.767233020819175],[78.02693467367763,8.76716038135798],[78.026734189425738,8.76572639390452],[78.02644523469867,8.765776273864804]]]]}},
{"type":"Feature","properties":{"Land_id":"181","dist_name":"Thoothukkudi","taluk_name":"Thoothukudi","vil_name":"Allikulam","unit_id":9,"block_id":7,"survey_no":10,"sub_div":"6C","KIDE":"10/6C"},"geometry":{"type":"MultiPolygon","coordinates":[[[[78.026553611202161,8.765521167896841],[78.026411997275972,8.765570972528224],[78.02644523469867,8.765776273864804],[78.026734189425738,8.76572639390452],[78.026704654879282,8.765515144850497],[78.026553611202161,8.765521167896841]]]]}},
{"type":"Feature","properties":{"Land_id":"182","dist_name":"Thoothukkudi","taluk_name":"Thoothukudi","vil_name":"Allikulam","unit_id":9,"block_id":7,"survey_no":10,"sub_div":"7A","KIDE":"10/7A"},"geometry":{"type":"MultiPolygon","coordinates":[[[[78.026734189425738,8.76572639390452],[78.02693467367763,8.76716038135798],[78.027006649300134,8.767143248975346],[78.026829327531857,8.76571492443777],[78.026734189425738,8.76572639390452]]]]}},
{"type":"Feature","properties":{"Land_id":"183","dist_name":"Thoothukkudi","taluk_name":"Thoothukudi","vil_name":"Allikulam","unit_id":9,"block_id":7,"survey_no":10,"sub_div":"7B","KIDE":"10/7B"},"geometry":{"type":"MultiPolygon","coordinates":[[[[78.026829327531857,8.76571492443777],[78.027006649300134,8.767143248975346],[78.027357749773159,8.767059676421136],[78.027322057648348,8.766715750444435],[78.027114741596492,8.765680516166315],[78.026829327531857,8.76571492443777]]]]}},
{"type":"Feature","properties":{"Land_id":"184","dist_name":"Thoothukkudi","taluk_name":"Thoothukudi","vil_name":"Allikulam","unit_id":9,"block_id":7,"survey_no":10,"sub_div":"8","KIDE":"10/8"},"geometry":{"type":"MultiPolygon","coordinates":[[[[78.027114741596492,8.765680516166315],[78.027322057648348,8.766715750444435],[78.027730318179678,8.766619035520042],[78.027534070146132,8.765629813254133],[78.027286632556454,8.765650111664126],[78.027114741596492,8.765680516166315]]]]}},
{"type":"Feature","properties":{"Land_id":"185","dist_name":"Thoothukkudi","taluk_name":"Thoothukudi","vil_name":"Allikulam","unit_id":9,"block_id":7,"survey_no":10,"sub_div":"9A","KIDE":"10/9A"},"geometry":{"type":"MultiPolygon","coordinates":[[[[78.027534070146132,8.765629813254133],[78.027730318179678,8.766619035520042],[78.028122135835446,8.766540373471321],[78.028147183587095,8.766048927757261],[78.028105424096935,8.76552304627338],[78.027534070146132,8.765629813254133]]]]}},
{"type":"Feature","properties":{"Land_id":"186","dist_name":"Thoothukkudi","taluk_name":"Thoothukudi","vil_name":"Allikulam","unit_id":9,"block_id":7,"survey_no":10,"sub_div":"9B","KIDE":"10/9B"},"geometry":{"type":"MultiPolygon","coordinates":[[[[78.027249392347841,8.765259540079885],[78.027286632556454,8.765650111664126],[78.027534070146132,8.765629813254133],[78.028105424096935,8.76552304627338],[78.028084544277334,8.765260104593064],[78.028057735185016,8.764922494981485],[78.028074875333317,8.764780044589536],[78.028095812485461,8.764606037604386],[78.027201702766959,8.764632491643113],[78.027249392347841,8.765259540079885]]]]}},
{"type":"Feature","properties":{"Land_id":"187","dist_name":"Thoothukkudi","taluk_name":"Thoothukudi","vil_name":"Allikulam","unit_id":9,"block_id":7,"survey_no":10,"sub_div":"7C","KIDE":"10/7C"},"geometry":{"type":"MultiPolygon","coordinates":[[[[78.026679884713602,8.765371669124725],[78.026704654879282,8.765515144850497],[78.026734189425738,8.76572639390452],[78.026829327531857,8.76571492443777],[78.027114741596492,8.765680516166315],[78.027286632556454,8.765650111664126],[78.027249392347841,8.765259540079885],[78.026679884713602,8.765371669124725]]]]}},
{"type":"Feature","properties":{"Land_id":"188","dist_name":"Thoothukkudi","taluk_name":"Thoothukudi","vil_name":"Allikulam","unit_id":9,"block_id":7,"survey_no":10,"sub_div":"4","KIDE":"10/4"},"geometry":{"type":"MultiPolygon","coordinates":[[[[78.025626080138437,8.765901622112747],[78.025291922851039,8.765987922759786],[78.024752465207939,8.766127245005343],[78.024942992873278,8.766998883143735],[78.025005212100879,8.767283527642059],[78.025461146797923,8.767097237419041],[78.025603842632179,8.767524376723655],[78.02610218590705,8.767413856237315],[78.025737135590632,8.766064632020436],[78.026110665035276,8.765965890268101],[78.026012140801399,8.765668196857614],[78.025976779045848,8.765498475925257],[78.025587964767254,8.76560384587064],[78.025626080138437,8.765901622112747]]]]}},
{"type":"Feature","properties":{"Land_id":"190","dist_name":"Thoothukkudi","taluk_name":"Thoothukudi","vil_name":"Allikulam","unit_id":9,"block_id":7,"survey_no":10,"sub_div":"11","KIDE":"10/11"},"geometry":{"type":"MultiPolygon","coordinates":[[[[78.025965661018375,8.765379541552628],[78.025976779045848,8.765498475925257],[78.026012140801399,8.765668196857614],[78.026335218564242,8.765597975071341],[78.026411997275972,8.765570972528224],[78.026553611202161,8.765521167896841],[78.026318639043552,8.764800505407162],[78.025932485388722,8.764945983495094],[78.025965661018375,8.765379541552628]]]]}},
{"type":"Feature","properties":{"Land_id":"191","dist_name":"Thoothukkudi","taluk_name":"Thoothukudi","vil_name":"Allikulam","unit_id":9,"block_id":7,"survey_no":10,"sub_div":"13","KIDE":"10/13"},"geometry":{"type":"MultiPolygon","coordinates":[[[[78.026553611202161,8.765521167896841],[78.026704654879282,8.765515144850497],[78.026679884713602,8.765371669124725],[78.026591285000094,8.764709977471702],[78.026318639043552,8.764800505407162],[78.026553611202161,8.765521167896841]]]]}},
{"type":"Feature","properties":{"Land_id":"192","dist_name":"Thoothukkudi","taluk_name":"Thoothukudi","vil_name":"Allikulam","unit_id":9,"block_id":7,"survey_no":10,"sub_div":"14","KIDE":"10/14"},"geometry":{"type":"MultiPolygon","coordinates":[[[[78.02678776650454,8.764644738782016],[78.026591285000094,8.764709977471702],[78.026679884713602,8.765371669124725],[78.027249392347841,8.765259540079885],[78.027201702766959,8.764632491643113],[78.02678776650454,8.764644738782016]]]]}},
{"type":"Feature","properties":{"Land_id":"194","dist_name":"Thoothukkudi","taluk_name":"Thoothukudi","vil_name":"Allikulam","unit_id":9,"block_id":6,"survey_no":11,"sub_div":"5","KIDE":"11/5"},"geometry":{"type":"MultiPolygon","coordinates":[[[[78.025227731229975,8.76719041425434],[78.025017964937319,8.767274150568388],[78.0249122512935,8.767316350250551],[78.025112288309529,8.767991518667893],[78.025399072476858,8.767898710703472],[78.025227731229975,8.76719041425434]]]]}},
{"type":"Feature","properties":{"Land_id":"195","dist_name":"Thoothukkudi","taluk_name":"Thoothukudi","vil_name":"Allikulam","unit_id":9,"block_id":6,"survey_no":11,"sub_div":"6","KIDE":"11/6"},"geometry":{"type":"MultiPolygon","coordinates":[[[[78.025603842632179,8.767524376723655],[78.025461146797923,8.767097237419041],[78.025227731229975,8.76719041425434],[78.025399072476858,8.767898710703472],[78.025644141345509,8.767824362640811],[78.025714709654579,8.768047629665363],[78.025748569398985,8.768142186290314],[78.026002050152499,8.768075383269904],[78.02587331585309,8.767464614080247],[78.025603842632179,8.767524376723655]]]]}},
{"type":"Feature","properties":{"Land_id":"196","dist_name":"Thoothukkudi","taluk_name":"Thoothukudi","vil_name":"Allikulam","unit_id":9,"block_id":6,"survey_no":11,"sub_div":"7","KIDE":"11/7"},"geometry":{"type":"MultiPolygon","coordinates":[[[[78.026456741446424,8.767335224393317],[78.02587331585309,8.767464614080247],[78.026002050152499,8.768075383269904],[78.026607651985529,8.767915781284154],[78.026456741446424,8.767335224393317]]]]}},
{"type":"Feature","properties":{"Land_id":"197","dist_name":"Thoothukkudi","taluk_name":"Thoothukudi","vil_name":"Allikulam","unit_id":9,"block_id":6,"survey_no":12,"sub_div":"1E","KIDE":"12/1E"},"geometry":{"type":"MultiPolygon","coordinates":[[[[78.028397373904838,8.768004823792879],[78.02823604030435,8.767534449406796],[78.027504540492515,8.767705750191327],[78.027980902216257,8.769516057328707],[78.028714298444058,8.769225986970259],[78.028534972044994,8.768402012702161],[78.028397373904838,8.768004823792879]]]]}},
{"type":"Feature","properties":{"Land_id":"198","dist_name":"Thoothukkudi","taluk_name":"Thoothukudi","vil_name":"Allikulam","unit_id":9,"block_id":6,"survey_no":12,"sub_div":"2B","KIDE":"12/2B"},"geometry":{"type":"MultiPolygon","coordinates":[[[[78.026607651985529,8.767915781284154],[78.025748569398985,8.768142186290314],[78.025868322607522,8.768593158464808],[78.027249356498785,8.768256565641728],[78.027130400493235,8.767793365354535],[78.026607651985529,8.767915781284154]]]]}},
{"type":"Feature","properties":{"Land_id":"199","dist_name":"Thoothukkudi","taluk_name":"Thoothukudi","vil_name":"Allikulam","unit_id":9,"block_id":6,"survey_no":12,"sub_div":"3","KIDE":"12/3"},"geometry":{"type":"MultiPolygon","coordinates":[[[[78.028714298444058,8.769225986970259],[78.028744165142271,8.769214174196305],[78.028567640564106,8.768394311156007],[78.028428644145222,8.767998233304073],[78.028238039293072,8.767487335715817],[78.02823604030435,8.767534449406796],[78.028397373904838,8.768004823792879],[78.028534972044994,8.768402012702161],[78.028714298444058,8.769225986970259]]]]}},
{"type":"Feature","properties":{"Land_id":"200","dist_name":"Thoothukkudi","taluk_name":"Thoothukudi","vil_name":"Allikulam","unit_id":9,"block_id":6,"survey_no":11,"sub_div":"1A","KIDE":"11/1A"},"geometry":{"type":"MultiPolygon","coordinates":[[[[78.025076664700293,8.769909085731479],[78.02520599300631,8.770610208436228],[78.025755673539578,8.770393616799783],[78.025769128971561,8.770388314931052],[78.0258605651115,8.770352286179842],[78.025517146263041,8.768966774363529],[78.024917961579845,8.769164548425373],[78.024920225887826,8.769176767821429],[78.025076664700293,8.769909085731479]]]]}},
{"type":"Feature","properties":{"Land_id":"201","dist_name":"Thoothukkudi","taluk_name":"Thoothukudi","vil_name":"Allikulam","unit_id":9,"block_id":6,"survey_no":11,"sub_div":"1B","KIDE":"11/1B"},"geometry":{"type":"MultiPolygon","coordinates":[[[[78.025517146263041,8.768966774363529],[78.0258605651115,8.770352286179842],[78.026290467430456,8.770182890974556],[78.025930478030929,8.76882722623467],[78.025517146263041,8.768966774363529]]]]}},
{"type":"Feature","properties":{"Land_id":"202","dist_name":"Thoothukkudi","taluk_name":"Thoothukudi","vil_name":"Allikulam","unit_id":9,"block_id":6,"survey_no":11,"sub_div":"2","KIDE":"11/2"},"geometry":{"type":"MultiPolygon","coordinates":[[[[78.024766437372875,8.768346844159051],[78.024917961579845,8.769164548425373],[78.025517146263041,8.768966774363529],[78.025930478030929,8.76882722623467],[78.025748569398985,8.768142186290314],[78.025714709654579,8.768047629665363],[78.024766437372875,8.768346844159051]]]]}},
{"type":"Feature","properties":{"Land_id":"203","dist_name":"Thoothukkudi","taluk_name":"Thoothukudi","vil_name":"Allikulam","unit_id":9,"block_id":6,"survey_no":11,"sub_div":"3","KIDE":"11/3"},"geometry":{"type":"MultiPolygon","coordinates":[[[[78.025399072476858,8.767898710703472],[78.025112288309529,8.767991518667893],[78.024724420818529,8.768120100746648],[78.024766437372875,8.768346844159051],[78.025714709654579,8.768047629665363],[78.025644141345509,8.767824362640811],[78.025399072476858,8.767898710703472]]]]}},
{"type":"Feature","properties":{"Land_id":"204","dist_name":"Thoothukkudi","taluk_name":"Thoothukudi","vil_name":"Allikulam","unit_id":9,"block_id":6,"survey_no":11,"sub_div":"4","KIDE":"11/4"},"geometry":{"type":"MultiPolygon","coordinates":[[[[78.024598677781356,8.767441525223893],[78.024724420818529,8.768120100746648],[78.025112288309529,8.767991518667893],[78.0249122512935,8.767316350250551],[78.024598677781356,8.767441525223893]]]]}},
{"type":"Feature","properties":{"Land_id":"205","dist_name":"Thoothukkudi","taluk_name":"Thoothukudi","vil_name":"Allikulam","unit_id":9,"block_id":6,"survey_no":12,"sub_div":"1A","KIDE":"12/1A"},"geometry":{"type":"MultiPolygon","coordinates":[[[[78.026714424713333,8.770015831010545],[78.026444367024055,8.76890893951291],[78.025989407578351,8.769049145851389],[78.026290467430456,8.770182890974556],[78.026714424713333,8.770015831010545]]]]}},
{"type":"Feature","properties":{"Land_id":"206","dist_name":"Thoothukkudi","taluk_name":"Thoothukudi","vil_name":"Allikulam","unit_id":9,"block_id":4,"survey_no":15,"sub_div":"1A","KIDE":"15/1A"},"geometry":{"type":"MultiPolygon","coordinates":[[[[78.027430058393932,8.770730335369715],[78.026675136581645,8.770030960247457],[78.026290467430456,8.770182890974556],[78.026550212817185,8.771116261508672],[78.027430058393932,8.770730335369715]]]]}},
{"type":"Feature","properties":{"Land_id":"207","dist_name":"Thoothukkudi","taluk_name":"Thoothukudi","vil_name":"Allikulam","unit_id":9,"block_id":4,"survey_no":16,"sub_div":"6A","KIDE":"16/6A"},"geometry":{"type":"MultiPolygon","coordinates":[[[[78.02520599300631,8.770610208436228],[78.025567263123449,8.771713407057689],[78.026205879858907,8.771474713567892],[78.025823323650584,8.770366960501514],[78.025731462791995,8.770403156605404],[78.025718311069255,8.770408338803021],[78.02520599300631,8.770610208436228]]]]}},
{"type":"Feature","properties":{"Land_id":"208","dist_name":"Thoothukkudi","taluk_name":"Thoothukudi","vil_name":"Allikulam","unit_id":9,"block_id":4,"survey_no":16,"sub_div":"6B","KIDE":"16/6B"},"geometry":{"type":"MultiPolygon","coordinates":[[[[78.025823323650584,8.770366960501514],[78.026205879858907,8.771474713567892],[78.026587311033992,8.771332403247598],[78.026505049431677,8.770991623219119],[78.026290467430456,8.770182890974556],[78.025823323650584,8.770366960501514]]]]}},
{"type":"Feature","properties":{"Land_id":"209","dist_name":"Thoothukkudi","taluk_name":"Thoothukudi","vil_name":"Allikulam","unit_id":9,"block_id":6,"survey_no":12,"sub_div":"1B","KIDE":"12/1B"},"geometry":{"type":"MultiPolygon","coordinates":[[[[78.026714424713333,8.770015831010545],[78.027147754875472,8.76984507767237],[78.026861563788373,8.768779148652914],[78.026444367024055,8.76890893951291],[78.026714424713333,8.770015831010545]]]]}},
{"type":"Feature","properties":{"Land_id":"210","dist_name":"Thoothukkudi","taluk_name":"Thoothukudi","vil_name":"Allikulam","unit_id":9,"block_id":6,"survey_no":12,"sub_div":"1C","KIDE":"12/1C"},"geometry":{"type":"MultiPolygon","coordinates":[[[[78.026861563788373,8.768779148652914],[78.027147754875472,8.76984507767237],[78.027490668821869,8.769709952758003],[78.027539537038649,8.769690624568653],[78.027265137940844,8.768653595890555],[78.026861563788373,8.768779148652914]]]]}},
{"type":"Feature","properties":{"Land_id":"211","dist_name":"Thoothukkudi","taluk_name":"Thoothukudi","vil_name":"Allikulam","unit_id":9,"block_id":6,"survey_no":12,"sub_div":"1D","KIDE":"12/1D"},"geometry":{"type":"MultiPolygon","coordinates":[[[[78.027539537038649,8.769690624568653],[78.027980902216257,8.769516057328707],[78.027504540492515,8.767705750191327],[78.027130400493235,8.767793365354535],[78.027249356498785,8.768256565641728],[78.027345171615977,8.768628697228099],[78.027265137940844,8.768653595890555],[78.027539537038649,8.769690624568653]]]]}},
{"type":"Feature","properties":{"Land_id":"212","dist_name":"Thoothukkudi","taluk_name":"Thoothukudi","vil_name":"Allikulam","unit_id":9,"block_id":6,"survey_no":12,"sub_div":"2A","KIDE":"12/2A"},"geometry":{"type":"MultiPolygon","coordinates":[[[[78.025868322607522,8.768593158464808],[78.025989407578351,8.769049145851389],[78.026444367024055,8.76890893951291],[78.026861563788373,8.768779148652914],[78.027265137940844,8.768653595890555],[78.027345171615977,8.768628697228099],[78.027249356498785,8.768256565641728],[78.025868322607522,8.768593158464808]]]]}},
{"type":"Feature","properties":{"Land_id":"213","dist_name":"Thoothukkudi","taluk_name":"Thoothukudi","vil_name":"Allikulam","unit_id":9,"block_id":6,"survey_no":12,"sub_div":"4","KIDE":"12/4"},"geometry":{"type":"MultiPolygon","coordinates":[[[[78.028567640564106,8.768394311156007],[78.028744165142271,8.769214174196305],[78.029258223582531,8.76901085556665],[78.029056222425922,8.768291336395471],[78.028567640564106,8.768394311156007]]]]}},
{"type":"Feature","properties":{"Land_id":"214","dist_name":"Thoothukkudi","taluk_name":"Thoothukudi","vil_name":"Allikulam","unit_id":9,"block_id":6,"survey_no":12,"sub_div":"5","KIDE":"12/5"},"geometry":{"type":"MultiPolygon","coordinates":[[[[78.028238039293072,8.767487335715817],[78.028428644145222,8.767998233304073],[78.028567640564106,8.768394311156007],[78.029056222425922,8.768291336395471],[78.028793133393648,8.76734953346468],[78.028238039293072,8.767487335715817]]]]}},
{"type":"Feature","properties":{"Land_id":"215","dist_name":"Thoothukkudi","taluk_name":"Thoothukudi","vil_name":"Allikulam","unit_id":9,"block_id":4,"survey_no":15,"sub_div":"1B","KIDE":"15/1B"},"geometry":{"type":"MultiPolygon","coordinates":[[[[78.027430058393932,8.770730335369715],[78.028444010184273,8.770305286354967],[78.028634687105267,8.769434358506706],[78.028790796499933,8.769195349310918],[78.027477817203874,8.769713929754662],[78.026675136581645,8.770030960247457],[78.027430058393932,8.770730335369715]]]]}},
{"type":"Feature","properties":{"Land_id":"216","dist_name":"Thoothukkudi","taluk_name":"Thoothukudi","vil_name":"Allikulam","unit_id":9,"block_id":4,"survey_no":15,"sub_div":"3C","KIDE":"15/3C"},"geometry":{"type":"MultiPolygon","coordinates":[[[[78.029554432261293,8.769999290277646],[78.029977112829897,8.769804182210841],[78.029567908830188,8.768667932820719],[78.029423507813192,8.768710215198773],[78.029481895809198,8.768922389495373],[78.029315920182228,8.768987944005287],[78.029554432261293,8.769999290277646]]]]}},
{"type":"Feature","properties":{"Land_id":"217","dist_name":"Thoothukkudi","taluk_name":"Thoothukudi","vil_name":"Allikulam","unit_id":9,"block_id":1,"survey_no":13,"sub_div":"1B","KIDE":"13/1B"},"geometry":{"type":"MultiPolygon","coordinates":[[[[78.030052087733679,8.768526159335542],[78.029815726258761,8.767690952298949],[78.029502571474879,8.767710286565753],[78.029773236203241,8.768607810462909],[78.030052087733679,8.768526159335542]]]]}},
{"type":"Feature","properties":{"Land_id":"218","dist_name":"Thoothukkudi","taluk_name":"Thoothukudi","vil_name":"Allikulam","unit_id":9,"block_id":1,"survey_no":13,"sub_div":"1C","KIDE":"13/1C"},"geometry":{"type":"MultiPolygon","coordinates":[[[[78.030718570192434,8.768331004727361],[78.030470986863961,8.767380475460424],[78.029790508882115,8.767606591489558],[78.029815726258761,8.767690952298949],[78.030052087733679,8.768526159335542],[78.030718570192434,8.768331004727361]]]]}},
{"type":"Feature","properties":{"Land_id":"219","dist_name":"Thoothukkudi","taluk_name":"Thoothukudi","vil_name":"Allikulam","unit_id":9,"block_id":1,"survey_no":13,"sub_div":"1D","KIDE":"13/1D"},"geometry":{"type":"MultiPolygon","coordinates":[[[[78.03117060879714,8.76714799807301],[78.030470986863961,8.767380475460424],[78.030718570192434,8.768331004727361],[78.031100130910161,8.768230237170105],[78.031101896841946,8.768229770799683],[78.031375536971041,8.768157504326499],[78.031326563824422,8.768004019940529],[78.031251651945269,8.76779043851322],[78.03117060879714,8.76714799807301]]]]}},
{"type":"Feature","properties":{"Land_id":"220","dist_name":"Thoothukkudi","taluk_name":"Thoothukudi","vil_name":"Allikulam","unit_id":9,"block_id":2,"survey_no":14,"sub_div":"6","KIDE":"14/6"},"geometry":{"type":"MultiPolygon","coordinates":[[[[78.03147965555938,8.769690836243141],[78.031127671137725,8.768990795304225],[78.031323967501976,8.768808529098868],[78.031085354375634,8.768234139551089],[78.031084291541916,8.768234420238153],[78.030718570192434,8.768331004727361],[78.030805137824828,8.768999034885686],[78.030720813894774,8.769057314296296],[78.030910701471086,8.769776988762933],[78.03104270568312,8.769989973560987],[78.03147965555938,8.769690836243141]]]]}},
{"type":"Feature","properties":{"Land_id":"221","dist_name":"Thoothukkudi","taluk_name":"Thoothukudi","vil_name":"Allikulam","unit_id":9,"block_id":2,"survey_no":14,"sub_div":"11","KIDE":"14/11"},"geometry":{"type":"MultiPolygon","coordinates":[[[[78.030805137824828,8.768999034885686],[78.030718570192434,8.768331004727361],[78.030052087733679,8.768526159335542],[78.030253122700373,8.769236261448729],[78.030720813894774,8.769057314296296],[78.030805137824828,8.768999034885686]]]]}},
{"type":"Feature","properties":{"Land_id":"222","dist_name":"Thoothukkudi","taluk_name":"Thoothukudi","vil_name":"Allikulam","unit_id":9,"block_id":2,"survey_no":14,"sub_div":"12","KIDE":"14/12"},"geometry":{"type":"MultiPolygon","coordinates":[[[[78.031667991171446,8.768080269186676],[78.031085354375634,8.768234139551089],[78.031323967501976,8.768808529098868],[78.031440454842709,8.768694652239828],[78.031630193680556,8.768492274071688],[78.031798525156972,8.768326135919272],[78.031667991171446,8.768080269186676]]]]}},
{"type":"Feature","properties":{"Land_id":"223","dist_name":"Thoothukkudi","taluk_name":"Thoothukudi","vil_name":"Allikulam","unit_id":9,"block_id":4,"survey_no":15,"sub_div":"3D","KIDE":"15/3D"},"geometry":{"type":"MultiPolygon","coordinates":[[[[78.029977112829897,8.769804182210841],[78.030079743790438,8.769683449347363],[78.029765783876485,8.76860999259503],[78.029567908830188,8.768667932820719],[78.029977112829897,8.769804182210841]]]]}},
{"type":"Feature","properties":{"Land_id":"224","dist_name":"Thoothukkudi","taluk_name":"Thoothukudi","vil_name":"Allikulam","unit_id":9,"block_id":4,"survey_no":15,"sub_div":"4","KIDE":"15/4"},"geometry":{"type":"MultiPolygon","coordinates":[[[[78.03030477884532,8.769418722929363],[78.030052087733679,8.768526159335542],[78.029765783876485,8.76860999259503],[78.030079743790438,8.769683449347363],[78.03030477884532,8.769418722929363]]]]}},
{"type":"Feature","properties":{"Land_id":"225","dist_name":"Thoothukkudi","taluk_name":"Thoothukudi","vil_name":"Allikulam","unit_id":9,"block_id":2,"survey_no":14,"sub_div":"1","KIDE":"14/1"},"geometry":{"type":"MultiPolygon","coordinates":[[[[78.030379563880501,8.770219237915205],[78.030408268491769,8.770221591872442],[78.030942695005493,8.769955176138259],[78.030905467229459,8.769888912992952],[78.030379563880501,8.770219237915205]]]]}},
{"type":"Feature","properties":{"Land_id":"226","dist_name":"Thoothukkudi","taluk_name":"Thoothukudi","vil_name":"Allikulam","unit_id":9,"block_id":2,"survey_no":14,"sub_div":"2","KIDE":"14/2"},"geometry":{"type":"MultiPolygon","coordinates":[[[[78.030408268491769,8.770221591872442],[78.030473111164312,8.770343325444214],[78.031010635629471,8.770076106458879],[78.030942695005493,8.769955176138259],[78.030408268491769,8.770221591872442]]]]}},
{"type":"Feature","properties":{"Land_id":"227","dist_name":"Thoothukkudi","taluk_name":"Thoothukudi","vil_name":"Allikulam","unit_id":9,"block_id":2,"survey_no":14,"sub_div":"3","KIDE":"14/3"},"geometry":{"type":"MultiPolygon","coordinates":[[[[78.030473111164312,8.770343325444214],[78.030781495786556,8.770922276928973],[78.031299682524747,8.770613592137479],[78.031085589570779,8.770084869386372],[78.031010635629471,8.770076106458879],[78.030473111164312,8.770343325444214]]]]}},
{"type":"Feature","properties":{"Land_id":"228","dist_name":"Thoothukkudi","taluk_name":"Thoothukudi","vil_name":"Allikulam","unit_id":9,"block_id":2,"survey_no":14,"sub_div":"14","KIDE":"14/14"},"geometry":{"type":"MultiPolygon","coordinates":[[[[78.031696061976618,8.770402786184963],[78.032124189199891,8.770143057590843],[78.031819650153423,8.769620104462936],[78.031085589570779,8.770084869386372],[78.031299682524747,8.770613592137479],[78.031696061976618,8.770402786184963]]]]}},
{"type":"Feature","properties":{"Land_id":"229","dist_name":"Thoothukkudi","taluk_name":"Thoothukudi","vil_name":"Allikulam","unit_id":9,"block_id":2,"survey_no":14,"sub_div":"16","KIDE":"14/16"},"geometry":{"type":"MultiPolygon","coordinates":[[[[78.032042628221461,8.769361479088991],[78.031918211419892,8.769557701139474],[78.032550014387581,8.76931814035788],[78.03251568576286,8.769232126424525],[78.032042628221461,8.769361479088991]]]]}},
{"type":"Feature","properties":{"Land_id":"230","dist_name":"Thoothukkudi","taluk_name":"Thoothukudi","vil_name":"Allikulam","unit_id":9,"block_id":2,"survey_no":14,"sub_div":"17","KIDE":"14/17"},"geometry":{"type":"MultiPolygon","coordinates":[[[[78.032042628221461,8.769361479088991],[78.03251568576286,8.769232126424525],[78.032379666710838,8.768891316567732],[78.032042628221461,8.769361479088991]]]]}},
{"type":"Feature","properties":{"Land_id":"231","dist_name":"Thoothukkudi","taluk_name":"Thoothukudi","vil_name":"Allikulam","unit_id":9,"block_id":2,"survey_no":14,"sub_div":"5","KIDE":"14/5"},"geometry":{"type":"MultiPolygon","coordinates":[[[[78.03030477884532,8.769418722929363],[78.029977112829897,8.769804182210841],[78.030208188288384,8.770205184047292],[78.030349580860687,8.77021677912049],[78.03071733068046,8.769864341507157],[78.030910701471086,8.769776988762933],[78.030720813894774,8.769057314296296],[78.030253122700373,8.769236261448729],[78.03030477884532,8.769418722929363]]]]}},
{"type":"Feature","properties":{"Land_id":"232","dist_name":"Thoothukkudi","taluk_name":"Thoothukudi","vil_name":"Allikulam","unit_id":9,"block_id":2,"survey_no":14,"sub_div":"7","KIDE":"14/7"},"geometry":{"type":"MultiPolygon","coordinates":[[[[78.03147965555938,8.769690836243141],[78.031857480386364,8.769432176138471],[78.031440454842709,8.768694652239828],[78.031323967501976,8.768808529098868],[78.031127671137725,8.768990795304225],[78.03147965555938,8.769690836243141]]]]}},
{"type":"Feature","properties":{"Land_id":"233","dist_name":"Thoothukkudi","taluk_name":"Thoothukudi","vil_name":"Allikulam","unit_id":9,"block_id":2,"survey_no":14,"sub_div":"8","KIDE":"14/8"},"geometry":{"type":"MultiPolygon","coordinates":[[[[78.031440454842709,8.768694652239828],[78.031857480386364,8.769432176138471],[78.032028255388639,8.769151899711394],[78.031816558879314,8.768801098813581],[78.031630193680556,8.768492274071688],[78.031440454842709,8.768694652239828]]]]}},
{"type":"Feature","properties":{"Land_id":"234","dist_name":"Thoothukkudi","taluk_name":"Thoothukudi","vil_name":"Allikulam","unit_id":9,"block_id":2,"survey_no":14,"sub_div":"9","KIDE":"14/9"},"geometry":{"type":"MultiPolygon","coordinates":[[[[78.031981820845374,8.768660201270071],[78.031816558879314,8.768801098813581],[78.032028255388639,8.769151899711394],[78.032145777935099,8.768959021238819],[78.031981820845374,8.768660201270071]]]]}},
{"type":"Feature","properties":{"Land_id":"235","dist_name":"Thoothukkudi","taluk_name":"Thoothukudi","vil_name":"Allikulam","unit_id":9,"block_id":2,"survey_no":14,"sub_div":"13","KIDE":"14/13"},"geometry":{"type":"MultiPolygon","coordinates":[[[[78.031630193680556,8.768492274071688],[78.031816558879314,8.768801098813581],[78.031981820845374,8.768660201270071],[78.031798525156972,8.768326135919272],[78.031630193680556,8.768492274071688]]]]}},
{"type":"Feature","properties":{"Land_id":"236","dist_name":"Thoothukkudi","taluk_name":"Thoothukudi","vil_name":"Allikulam","unit_id":9,"block_id":5,"survey_no":18,"sub_div":"7A","KIDE":"18/7A"},"geometry":{"type":"MultiPolygon","coordinates":[[[[78.029752586854684,8.770787394823245],[78.030105643868581,8.771731900116821],[78.030173696233902,8.771650378156933],[78.030248395467822,8.771560893714724],[78.030722855262027,8.770992524163821],[78.030470699369715,8.770338797617711],[78.029752586854684,8.770787394823245]]]]}},
{"type":"Feature","properties":{"Land_id":"237","dist_name":"Thoothukkudi","taluk_name":"Thoothukudi","vil_name":"Allikulam","unit_id":9,"block_id":5,"survey_no":18,"sub_div":"7B","KIDE":"18/7B"},"geometry":{"type":"MultiPolygon","coordinates":[[[[78.029724302741343,8.770703507071028],[78.029752586854684,8.770787394823245],[78.030470699369715,8.770338797617711],[78.030299030477835,8.770212633673669],[78.029724302741343,8.770703507071028]]]]}},
{"type":"Feature","properties":{"Land_id":"238","dist_name":"Thoothukkudi","taluk_name":"Thoothukudi","vil_name":"Allikulam","unit_id":9,"block_id":5,"survey_no":18,"sub_div":"7C","KIDE":"18/7C"},"geometry":{"type":"MultiPolygon","coordinates":[[[[78.029938249397887,8.770520775813278],[78.029696018188218,8.770619619660527],[78.029724302741343,8.770703507071028],[78.029938249397887,8.770520775813278]]],[[[78.029939436250302,8.770519762125856],[78.030299030477835,8.770212633673669],[78.030283475180781,8.770211358042248],[78.029939436250302,8.770519762125856]]]]}},
{"type":"Feature","properties":{"Land_id":"239","dist_name":"Thoothukkudi","taluk_name":"Thoothukudi","vil_name":"Allikulam","unit_id":9,"block_id":5,"survey_no":18,"sub_div":"19","KIDE":"18/19"},"geometry":{"type":"MultiPolygon","coordinates":[[[[78.028450381282781,8.771439355061265],[78.02843306920937,8.771613524253594],[78.028515370516587,8.771692309176837],[78.028611733725342,8.771605888460511],[78.028930451895732,8.771547597641652],[78.028894967745202,8.771384017036416],[78.02891782082682,8.771216751457544],[78.028975919543811,8.771097929389656],[78.029291582464694,8.770784651945364],[78.029696018188218,8.770619619660527],[78.029938352257687,8.770520733840742],[78.030283475180781,8.770211358042248],[78.030253170278556,8.770208872851168],[78.030207525127679,8.770204033216903],[78.029833919209054,8.770469247192082],[78.029692857102077,8.770531560527647],[78.02926642971596,8.770719933287939],[78.028877523054703,8.771122417052306],[78.028813712297222,8.771337084992448],[78.028450381282781,8.771439355061265]]]]}},
{"type":"Feature","properties":{"Land_id":"240","dist_name":"Thoothukkudi","taluk_name":"Thoothukudi","vil_name":"Allikulam","unit_id":9,"block_id":2,"survey_no":19,"sub_div":"7","KIDE":"19/7"},"geometry":{"type":"MultiPolygon","coordinates":[[[[78.031599364252926,8.770447634751751],[78.030781495786556,8.770922276928973],[78.030949332622356,8.771224424956868],[78.031274264715577,8.771809383501258],[78.031784747971074,8.771528312412888],[78.031684407954316,8.771321204839142],[78.031709502518325,8.771296179541318],[78.031668057909116,8.771127716603804],[78.032035268172535,8.770928790492272],[78.03186574239696,8.770522312356931],[78.031923639006465,8.770466342052435],[78.032124189199891,8.770143057590843],[78.031599364252926,8.770447634751751]]]]}},
{"type":"Feature","properties":{"Land_id":"241","dist_name":"Thoothukkudi","taluk_name":"Thoothukudi","vil_name":"Allikulam","unit_id":9,"block_id":2,"survey_no":19,"sub_div":"9","KIDE":"19/9"},"geometry":{"type":"MultiPolygon","coordinates":[[[[78.032453005715809,8.769962959218896],[78.032124189199891,8.770143057590843],[78.031923639006465,8.770466342052435],[78.03186574239696,8.770522312356931],[78.032035268172535,8.770928790492272],[78.032364629681297,8.770734260249878],[78.032725062995468,8.770521378019225],[78.032453005715809,8.769962959218896]]]]}},
{"type":"Feature","properties":{"Land_id":"242","dist_name":"Thoothukkudi","taluk_name":"Thoothukudi","vil_name":"Allikulam","unit_id":9,"block_id":3,"survey_no":20,"sub_div":"20","KIDE":"20/20"},"geometry":{"type":"MultiPolygon","coordinates":[[[[78.030680018644148,8.771262400743773],[78.030943249103629,8.771213473110816],[78.030781495786556,8.770922276928973],[78.030622183991426,8.771112549715843],[78.030680018644148,8.771262400743773]]]]}},
{"type":"Feature","properties":{"Land_id":"243","dist_name":"Thoothukkudi","taluk_name":"Thoothukudi","vil_name":"Allikulam","unit_id":9,"block_id":4,"survey_no":15,"sub_div":"2","KIDE":"15/2"},"geometry":{"type":"MultiPolygon","coordinates":[[[[78.02866314721345,8.769460772349673],[78.028784552192946,8.769209334515905],[78.028790796499933,8.769195349310918],[78.028634687105267,8.769434358506706],[78.028444010184273,8.770305286354967],[78.028477762212432,8.770291137490638],[78.02866314721345,8.769460772349673]]]]}},
{"type":"Feature","properties":{"Land_id":"244","dist_name":"Thoothukkudi","taluk_name":"Thoothukudi","vil_name":"Allikulam","unit_id":9,"block_id":4,"survey_no":15,"sub_div":"3A","KIDE":"15/3A"},"geometry":{"type":"MultiPolygon","coordinates":[[[[78.029029582955076,8.770059814004442],[78.028969815890392,8.769124642975166],[78.028790796499933,8.769195349310918],[78.028784552192946,8.769209334515905],[78.02866314721345,8.769460772349673],[78.028477762212432,8.770291137490638],[78.029029582955076,8.770059814004442]]]]}},
{"type":"Feature","properties":{"Land_id":"245","dist_name":"Thoothukkudi","taluk_name":"Thoothukudi","vil_name":"Allikulam","unit_id":9,"block_id":4,"survey_no":15,"sub_div":"3B","KIDE":"15/3B"},"geometry":{"type":"MultiPolygon","coordinates":[[[[78.029029582955076,8.770059814004442],[78.029174484084933,8.77017467320197],[78.029391383207809,8.770074553225561],[78.029554432261293,8.769999290277646],[78.029315920182228,8.768987944005287],[78.028969815890392,8.769124642975166],[78.029029582955076,8.770059814004442]]]]}},
{"type":"Feature","properties":{"Land_id":"246","dist_name":"Thoothukkudi","taluk_name":"Thoothukudi","vil_name":"Allikulam","unit_id":9,"block_id":5,"survey_no":18,"sub_div":"15","KIDE":"18/15"},"geometry":{"type":"MultiPolygon","coordinates":[[[[78.0276641837592,8.771865909612872],[78.028068746183777,8.771577654213532],[78.02778237922324,8.770582642330661],[78.02738749000072,8.770749007118564],[78.027440245785385,8.770941079399522],[78.027524618238303,8.771352826988215],[78.0276641837592,8.771865909612872]]]]}},
{"type":"Feature","properties":{"Land_id":"247","dist_name":"Thoothukkudi","taluk_name":"Thoothukudi","vil_name":"Allikulam","unit_id":9,"block_id":5,"survey_no":18,"sub_div":"17","KIDE":"18/17"},"geometry":{"type":"MultiPolygon","coordinates":[[[[78.028457710146157,8.770299543325212],[78.028450381282781,8.771439355061265],[78.028813712297222,8.771337084992448],[78.028877523054703,8.771122417052306],[78.02926642971596,8.770719933287939],[78.029173593055319,8.770482063853551],[78.029106888769221,8.770121092227635],[78.029088449718174,8.770106476091739],[78.028457710146157,8.770299543325212]]]]}},
{"type":"Feature","properties":{"Land_id":"248","dist_name":"Thoothukkudi","taluk_name":"Thoothukudi","vil_name":"Allikulam","unit_id":9,"block_id":5,"survey_no":18,"sub_div":"18A","KIDE":"18/18A"},"geometry":{"type":"MultiPolygon","coordinates":[[[[78.029692857102077,8.770531560527647],[78.029497089269512,8.770025759628503],[78.02934499669017,8.770095965101232],[78.029106888769221,8.770121092227635],[78.029173593055319,8.770482063853551],[78.02926642971596,8.770719933287939],[78.029692857102077,8.770531560527647]]]]}},
{"type":"Feature","properties":{"Land_id":"249","dist_name":"Thoothukkudi","taluk_name":"Thoothukudi","vil_name":"Allikulam","unit_id":9,"block_id":5,"survey_no":18,"sub_div":"18B","KIDE":"18/18B"},"geometry":{"type":"MultiPolygon","coordinates":[[[[78.029692857102077,8.770531560527647],[78.029833919209054,8.770469247192082],[78.030207525127679,8.770204033216903],[78.029962973198806,8.769810709021609],[78.029497089269512,8.770025759628503],[78.029692857102077,8.770531560527647]]]]}},
{"type":"Feature","properties":{"Land_id":"250","dist_name":"Thoothukkudi","taluk_name":"Thoothukudi","vil_name":"Allikulam","unit_id":9,"block_id":5,"survey_no":18,"sub_div":"2","KIDE":"18/2"},"geometry":{"type":"MultiPolygon","coordinates":[[[[78.028450381282781,8.771439355061265],[78.028457710146157,8.770299543325212],[78.028425085900878,8.770313219422482],[78.028408179064442,8.771610797669316],[78.028490407790429,8.772210129162753],[78.028502429528558,8.772297750758737],[78.028495073676908,8.77245347630492],[78.028492983974559,8.772497716673074],[78.028487968703772,8.772603893121891],[78.028480194698361,8.772768467027797],[78.028465984606754,8.773069301168791],[78.028496307028902,8.773220466098024],[78.028518875057614,8.773190553903728],[78.028504243250453,8.772836761644806],[78.028515025305765,8.772526325056264],[78.028523527808559,8.77228152252955],[78.028500672630599,8.772112746901952],[78.02843306920937,8.771613524253594],[78.028450381282781,8.771439355061265]]]]}},
{"type":"Feature","properties":{"Land_id":"251","dist_name":"Thoothukkudi","taluk_name":"Thoothukudi","vil_name":"Allikulam","unit_id":9,"block_id":5,"survey_no":18,"sub_div":"16","KIDE":"18/16"},"geometry":{"type":"MultiPolygon","coordinates":[[[[78.028068746183777,8.771577654213532],[78.028416759693101,8.771440458038631],[78.028425085900878,8.770313219422482],[78.02778237922324,8.770582642330661],[78.028068746183777,8.771577654213532]]]]}},
{"type":"Feature","properties":{"Land_id":"252","dist_name":"Thoothukkudi","taluk_name":"Thoothukudi","vil_name":"Allikulam","unit_id":9,"block_id":4,"survey_no":16,"sub_div":"1","KIDE":"16/1"},"geometry":{"type":"MultiPolygon","coordinates":[[[[78.026114328531747,8.773803085537962],[78.02614693245134,8.773927246786723],[78.026459911548343,8.77385368247969],[78.026570758180711,8.773935354628831],[78.026790992044383,8.773818933358905],[78.027231735194704,8.773417967898119],[78.027191003943159,8.773313280618103],[78.026114328531747,8.773803085537962]]]]}},
{"type":"Feature","properties":{"Land_id":"253","dist_name":"Thoothukkudi","taluk_name":"Thoothukudi","vil_name":"Allikulam","unit_id":9,"block_id":4,"survey_no":16,"sub_div":"2A","KIDE":"16/2A"},"geometry":{"type":"MultiPolygon","coordinates":[[[[78.026043181898643,8.773532147107304],[78.026114328531747,8.773803085537962],[78.027191003943159,8.773313280618103],[78.027101242125582,8.773082575197225],[78.026043181898643,8.773532147107304]]]]}},
{"type":"Feature","properties":{"Land_id":"254","dist_name":"Thoothukkudi","taluk_name":"Thoothukudi","vil_name":"Allikulam","unit_id":9,"block_id":4,"survey_no":16,"sub_div":"2B","KIDE":"16/2B"},"geometry":{"type":"MultiPolygon","coordinates":[[[[78.026154667549875,8.772594268767303],[78.025766285979216,8.77247768054144],[78.026043181898643,8.773532147107304],[78.027101242125582,8.773082575197225],[78.026897001483619,8.772557636815458],[78.026633628150819,8.772585720821079],[78.026449000817905,8.772579754140279],[78.026154667549875,8.772594268767303]]]]}},
{"type":"Feature","properties":{"Land_id":"255","dist_name":"Thoothukkudi","taluk_name":"Thoothukudi","vil_name":"Allikulam","unit_id":9,"block_id":4,"survey_no":16,"sub_div":"38415","KIDE":"16/3-4-5"},"geometry":{"type":"MultiPolygon","coordinates":[[[[78.026719149973673,8.772100523662434],[78.026628236664692,8.77157084427656],[78.026587311033992,8.771332403247598],[78.026205879858907,8.771474713567892],[78.025567263123449,8.771713407057689],[78.025646764458926,8.771956177659362],[78.025693286925062,8.772098241777261],[78.025799641882131,8.772423014396031],[78.025766285979216,8.77247768054144],[78.026154667549875,8.772594268767303],[78.026449000817905,8.772579754140279],[78.026633628150819,8.772585720821079],[78.026897001483619,8.772557636815458],[78.02683024975525,8.772386071822678],[78.026719149973673,8.772100523662434]]]]}},
{"type":"Feature","properties":{"Land_id":"256","dist_name":"Thoothukkudi","taluk_name":"Thoothukudi","vil_name":"Allikulam","unit_id":9,"block_id":4,"survey_no":17,"sub_div":"1D","KIDE":"17/1D"},"geometry":{"type":"MultiPolygon","coordinates":[[[[78.027231735194704,8.773417967898119],[78.026790992044383,8.773818933358905],[78.026830708982843,8.773923671621233],[78.027115021881983,8.77362767025215],[78.027397122688583,8.773332108436044],[78.027395201099296,8.77333027145848],[78.027231735194704,8.773417967898119]]]]}},
{"type":"Feature","properties":{"Land_id":"257","dist_name":"Thoothukkudi","taluk_name":"Thoothukudi","vil_name":"Allikulam","unit_id":9,"block_id":4,"survey_no":17,"sub_div":"1A","KIDE":"17/1A"},"geometry":{"type":"MultiPolygon","coordinates":[[[[78.02752311713094,8.774564040129709],[78.027628370914698,8.77475964953306],[78.027695792746186,8.774674457779653],[78.027775524418757,8.774573711762567],[78.027683419046653,8.774402919603531],[78.027655638488213,8.77442786435174],[78.02752311713094,8.774564040129709]]]]}},
{"type":"Feature","properties":{"Land_id":"258","dist_name":"Thoothukkudi","taluk_name":"Thoothukudi","vil_name":"Allikulam","unit_id":9,"block_id":4,"survey_no":17,"sub_div":"1B","KIDE":"17/1B"},"geometry":{"type":"MultiPolygon","coordinates":[[[[78.027655638488213,8.77442786435174],[78.027115021881983,8.77362767025215],[78.026830708982843,8.773923671621233],[78.027001184886529,8.774373236734064],[78.027127858029189,8.774707288787438],[78.02752311713094,8.774564040129709],[78.027655638488213,8.77442786435174]]]]}},
{"type":"Feature","properties":{"Land_id":"259","dist_name":"Thoothukkudi","taluk_name":"Thoothukudi","vil_name":"Allikulam","unit_id":9,"block_id":4,"survey_no":17,"sub_div":"1C","KIDE":"17/1C"},"geometry":{"type":"MultiPolygon","coordinates":[[[[78.027115021881983,8.77362767025215],[78.027655638488213,8.77442786435174],[78.027683419046653,8.774402919603531],[78.027775524418757,8.774573711762567],[78.0284532584445,8.77371735190528],[78.028498148689096,8.773218025118434],[78.027986781447083,8.773895803248529],[78.027397122688583,8.773332108436044],[78.027115021881983,8.77362767025215]]]]}},
{"type":"Feature","properties":{"Land_id":"260","dist_name":"Thoothukkudi","taluk_name":"Thoothukudi","vil_name":"Allikulam","unit_id":9,"block_id":4,"survey_no":17,"sub_div":"2","KIDE":"17/2"},"geometry":{"type":"MultiPolygon","coordinates":[[[[78.0284532584445,8.77371735190528],[78.028527176385595,8.773627210997418],[78.028518875057614,8.773190553903728],[78.028498148689096,8.773218025118434],[78.0284532584445,8.77371735190528]]]]}},
{"type":"Feature","properties":{"Land_id":"261","dist_name":"Thoothukkudi","taluk_name":"Thoothukudi","vil_name":"Allikulam","unit_id":9,"block_id":4,"survey_no":17,"sub_div":"3","KIDE":"17/3"},"geometry":{"type":"MultiPolygon","coordinates":[[[[78.028527176385595,8.773627210997418],[78.028732236183245,8.773377146181613],[78.028518875057614,8.773190553903728],[78.028527176385595,8.773627210997418]]]]}},
{"type":"Feature","properties":{"Land_id":"262","dist_name":"Thoothukkudi","taluk_name":"Thoothukudi","vil_name":"Allikulam","unit_id":9,"block_id":5,"survey_no":18,"sub_div":"1A","KIDE":"18/1A"},"geometry":{"type":"MultiPolygon","coordinates":[[[[78.027395201099296,8.77333027145848],[78.027966058913691,8.773875993172942],[78.028190698427423,8.773625526902542],[78.02769239529988,8.773091511767314],[78.027395201099296,8.77333027145848]]]]}},
{"type":"Feature","properties":{"Land_id":"263","dist_name":"Thoothukkudi","taluk_name":"Thoothukudi","vil_name":"Allikulam","unit_id":9,"block_id":5,"survey_no":18,"sub_div":"1B","KIDE":"18/1B"},"geometry":{"type":"MultiPolygon","coordinates":[[[[78.028454633135837,8.773275701652823],[78.028109042702297,8.772782485121089],[78.02769239529988,8.773091511767314],[78.028190698427423,8.773625526902542],[78.028454633135837,8.773275701652823]]]]}},
{"type":"Feature","properties":{"Land_id":"264","dist_name":"Thoothukkudi","taluk_name":"Thoothukudi","vil_name":"Allikulam","unit_id":9,"block_id":5,"survey_no":18,"sub_div":"1C","KIDE":"18/1C"},"geometry":{"type":"MultiPolygon","coordinates":[[[[78.028454633135837,8.773275701652823],[78.028496307028902,8.773220466098024],[78.028465984606754,8.773069301168791],[78.028256931304256,8.772672796525873],[78.028109042702297,8.772782485121089],[78.028454633135837,8.773275701652823]]]]}},
{"type":"Feature","properties":{"Land_id":"265","dist_name":"Thoothukkudi","taluk_name":"Thoothukudi","vil_name":"Allikulam","unit_id":9,"block_id":5,"survey_no":18,"sub_div":"1F","KIDE":"18/1F"},"geometry":{"type":"MultiPolygon","coordinates":[[[[78.027620471846888,8.773010283799112],[78.027395201099296,8.77333027145848],[78.02769239529988,8.773091511767314],[78.028109042702297,8.772782485121089],[78.028256931304256,8.772672796525873],[78.02839628758025,8.772569436105419],[78.028492983974559,8.772497716673074],[78.028480581202757,8.772462721699236],[78.028416795434552,8.772282747690999],[78.028288651235954,8.772399822797931],[78.028161814759017,8.77251570307947],[78.028012749279213,8.772651891661498],[78.027620471846888,8.773010283799112]]]]}},
{"type":"Feature","properties":{"Land_id":"266","dist_name":"Thoothukkudi","taluk_name":"Thoothukudi","vil_name":"Allikulam","unit_id":9,"block_id":5,"survey_no":18,"sub_div":"1G","KIDE":"18/1G"},"geometry":{"type":"MultiPolygon","coordinates":[[[[78.027495178190705,8.772951590318092],[78.027272323426828,8.77311751035225],[78.027395201099296,8.77333027145848],[78.027620471846888,8.773010283799112],[78.027567896057079,8.772932353964908],[78.027495178190705,8.772951590318092]]]]}},
{"type":"Feature","properties":{"Land_id":"267","dist_name":"Thoothukkudi","taluk_name":"Thoothukudi","vil_name":"Allikulam","unit_id":9,"block_id":5,"survey_no":18,"sub_div":"3A","KIDE":"18/3A"},"geometry":{"type":"MultiPolygon","coordinates":[[[[78.028518875057614,8.773190553903728],[78.028719998582176,8.773366443942148],[78.028717552802874,8.77336430501674],[78.028544178550248,8.773081885526947],[78.028518875057614,8.773190553903728]]]]}},
{"type":"Feature","properties":{"Land_id":"268","dist_name":"Thoothukkudi","taluk_name":"Thoothukudi","vil_name":"Allikulam","unit_id":9,"block_id":5,"survey_no":18,"sub_div":"3F","KIDE":"18/3F"},"geometry":{"type":"MultiPolygon","coordinates":[[[[78.028504243250453,8.772836761644806],[78.028518875057614,8.773190553903728],[78.028544178550248,8.773081885526947],[78.028604819068391,8.773003793869453],[78.028504243250453,8.772836761644806]]]]}},
{"type":"Feature","properties":{"Land_id":"269","dist_name":"Thoothukkudi","taluk_name":"Thoothukudi","vil_name":"Allikulam","unit_id":9,"block_id":5,"survey_no":18,"sub_div":"8","KIDE":"18/8"},"geometry":{"type":"MultiPolygon","coordinates":[[[[78.027495178190705,8.772951590318092],[78.027306207348815,8.772289847808102],[78.0268218259489,8.772364420993377],[78.026887491827878,8.77253319514096],[78.027215509096521,8.773376263653377],[78.027395201099296,8.77333027145848],[78.027272323426828,8.77311751035225],[78.027495178190705,8.772951590318092]]]]}},
{"type":"Feature","properties":{"Land_id":"270","dist_name":"Thoothukkudi","taluk_name":"Thoothukudi","vil_name":"Allikulam","unit_id":9,"block_id":3,"survey_no":20,"sub_div":"2","KIDE":"20/2"},"geometry":{"type":"MultiPolygon","coordinates":[[[[78.027628370914698,8.77475964953306],[78.027865259455339,8.775208302546224],[78.028283882402363,8.774966000930467],[78.027917405675339,8.774545832561655],[78.027852565300833,8.77462225308251],[78.027628370914698,8.77475964953306]]]]}},
{"type":"Feature","properties":{"Land_id":"272","dist_name":"Thoothukkudi","taluk_name":"Thoothukudi","vil_name":"Allikulam","unit_id":9,"block_id":5,"survey_no":18,"sub_div":"1D","KIDE":"18/1D"},"geometry":{"type":"MultiPolygon","coordinates":[[[[78.028465984606754,8.773069301168791],[78.028480194698361,8.772768467027797],[78.02839628758025,8.772569436105419],[78.028256931304256,8.772672796525873],[78.028465984606754,8.773069301168791]]]]}},
{"type":"Feature","properties":{"Land_id":"273","dist_name":"Thoothukkudi","taluk_name":"Thoothukudi","vil_name":"Allikulam","unit_id":9,"block_id":5,"survey_no":18,"sub_div":"1E","KIDE":"18/1E"},"geometry":{"type":"MultiPolygon","coordinates":[[[[78.028487968703772,8.772603893121891],[78.028492983974559,8.772497716673074],[78.02839628758025,8.772569436105419],[78.028480194698361,8.772768467027797],[78.028487968703772,8.772603893121891]]]]}},
{"type":"Feature","properties":{"Land_id":"274","dist_name":"Thoothukkudi","taluk_name":"Thoothukudi","vil_name":"Allikulam","unit_id":9,"block_id":5,"survey_no":18,"sub_div":"1H","KIDE":"18/1H"},"geometry":{"type":"MultiPolygon","coordinates":[[[[78.027620471846888,8.773010283799112],[78.028012749279213,8.772651891661498],[78.027809687122129,8.772264674032817],[78.027643975494314,8.772483064024822],[78.02754049122936,8.77271109793239],[78.027521770081179,8.772788942687324],[78.027567896057079,8.772932353964908],[78.027620471846888,8.773010283799112]]]]}},
{"type":"Feature","properties":{"Land_id":"275","dist_name":"Thoothukkudi","taluk_name":"Thoothukudi","vil_name":"Allikulam","unit_id":9,"block_id":5,"survey_no":18,"sub_div":"1I","KIDE":"18/1I"},"geometry":{"type":"MultiPolygon","coordinates":[[[[78.028012749279213,8.772651891661498],[78.028161814759017,8.77251570307947],[78.027994460208419,8.772134731955964],[78.027849244256956,8.772212542423812],[78.027809687122129,8.772264674032817],[78.028012749279213,8.772651891661498]]]]}},
{"type":"Feature","properties":{"Land_id":"276","dist_name":"Thoothukkudi","taluk_name":"Thoothukudi","vil_name":"Allikulam","unit_id":9,"block_id":5,"survey_no":18,"sub_div":"1J","KIDE":"18/1J"},"geometry":{"type":"MultiPolygon","coordinates":[[[[78.028161814759017,8.77251570307947],[78.028288651235954,8.772399822797931],[78.028158413935827,8.772046881434106],[78.027994460208419,8.772134731955964],[78.028161814759017,8.77251570307947]]]]}},
{"type":"Feature","properties":{"Land_id":"277","dist_name":"Thoothukkudi","taluk_name":"Thoothukudi","vil_name":"Allikulam","unit_id":9,"block_id":5,"survey_no":18,"sub_div":"1K","KIDE":"18/1K"},"geometry":{"type":"MultiPolygon","coordinates":[[[[78.028158413935827,8.772046881434106],[78.028288651235954,8.772399822797931],[78.028416795434552,8.772282747690999],[78.028309303942422,8.771979459109046],[78.028211503468526,8.772018434317365],[78.028158413935827,8.772046881434106]]]]}},
{"type":"Feature","properties":{"Land_id":"278","dist_name":"Thoothukkudi","taluk_name":"Thoothukudi","vil_name":"Allikulam","unit_id":9,"block_id":5,"survey_no":18,"sub_div":"3B","KIDE":"18/3B"},"geometry":{"type":"MultiPolygon","coordinates":[[[[78.028717552802874,8.77336430501674],[78.028830624205412,8.773259284232813],[78.02863017800037,8.77297113725635],[78.028604819068391,8.773003793869453],[78.028544178550248,8.773081885526947],[78.028717552802874,8.77336430501674]]]]}},
{"type":"Feature","properties":{"Land_id":"279","dist_name":"Thoothukkudi","taluk_name":"Thoothukudi","vil_name":"Allikulam","unit_id":9,"block_id":5,"survey_no":18,"sub_div":"3C","KIDE":"18/3C"},"geometry":{"type":"MultiPolygon","coordinates":[[[[78.028830624205412,8.773259284232813],[78.028856716217334,8.773228027832836],[78.02865553697238,8.77293848106849],[78.02863017800037,8.77297113725635],[78.028830624205412,8.773259284232813]]]]}},
{"type":"Feature","properties":{"Land_id":"280","dist_name":"Thoothukkudi","taluk_name":"Thoothukudi","vil_name":"Allikulam","unit_id":9,"block_id":5,"survey_no":18,"sub_div":"3D","KIDE":"18/3D"},"geometry":{"type":"MultiPolygon","coordinates":[[[[78.028882808154023,8.773196771522985],[78.028680895671712,8.772905824262752],[78.02865553697238,8.77293848106849],[78.028856716217334,8.773228027832836],[78.028882808154023,8.773196771522985]]]]}},
{"type":"Feature","properties":{"Land_id":"281","dist_name":"Thoothukkudi","taluk_name":"Thoothukudi","vil_name":"Allikulam","unit_id":9,"block_id":5,"survey_no":18,"sub_div":"3E","KIDE":"18/3E"},"geometry":{"type":"MultiPolygon","coordinates":[[[[78.028716177381455,8.772860389163851],[78.028680895671712,8.772905824262752],[78.028882808154023,8.773196771522985],[78.028908900165959,8.773165515123003],[78.028743607264474,8.772905943369812],[78.028716177381455,8.772860389163851]]]]}},
{"type":"Feature","properties":{"Land_id":"282","dist_name":"Thoothukkudi","taluk_name":"Thoothukudi","vil_name":"Allikulam","unit_id":9,"block_id":5,"survey_no":18,"sub_div":"3G","KIDE":"18/3G"},"geometry":{"type":"MultiPolygon","coordinates":[[[[78.028515025305765,8.772526325056264],[78.028504243250453,8.772836761644806],[78.028604819068391,8.773003793869453],[78.02863017800037,8.77297113725635],[78.02865553697238,8.77293848106849],[78.028680895671712,8.772905824262752],[78.028716177381455,8.772860389163851],[78.028515025305765,8.772526325056264]]]]}},
{"type":"Feature","properties":{"Land_id":"283","dist_name":"Thoothukkudi","taluk_name":"Thoothukudi","vil_name":"Allikulam","unit_id":9,"block_id":5,"survey_no":18,"sub_div":"4B","KIDE":"18/4B"},"geometry":{"type":"MultiPolygon","coordinates":[[[[78.028500672630599,8.772112746901952],[78.028523527808559,8.77228152252955],[78.02898828401662,8.771811220085118],[78.028979341684845,8.771795765150111],[78.029033790539557,8.77178157885122],[78.028955568768112,8.771604468125282],[78.028500672630599,8.772112746901952]]]]}},
{"type":"Feature","properties":{"Land_id":"284","dist_name":"Thoothukkudi","taluk_name":"Thoothukudi","vil_name":"Allikulam","unit_id":9,"block_id":5,"survey_no":18,"sub_div":"4C","KIDE":"18/4C"},"geometry":{"type":"MultiPolygon","coordinates":[[[[78.028515370516587,8.771692309176837],[78.02843306920937,8.771613524253594],[78.028500672630599,8.772112746901952],[78.028955568768112,8.771604468125282],[78.028930451895732,8.771547597641652],[78.028611733725342,8.771605888460511],[78.028515370516587,8.771692309176837]]]]}},
{"type":"Feature","properties":{"Land_id":"285","dist_name":"Thoothukkudi","taluk_name":"Thoothukudi","vil_name":"Allikulam","unit_id":9,"block_id":5,"survey_no":18,"sub_div":"5A","KIDE":"18/5A"},"geometry":{"type":"MultiPolygon","coordinates":[[[[78.029763115861002,8.772142224642142],[78.029387272443969,8.771076428282916],[78.029033790539557,8.77178157885122],[78.028979341684845,8.771795765150111],[78.02898828401662,8.771811220085118],[78.029254767837827,8.772271773135669],[78.029427335715923,8.772544465701523],[78.029706405447513,8.772210159739361],[78.029763115861002,8.772142224642142]]]]}},
{"type":"Feature","properties":{"Land_id":"286","dist_name":"Thoothukkudi","taluk_name":"Thoothukudi","vil_name":"Allikulam","unit_id":9,"block_id":5,"survey_no":18,"sub_div":"5B","KIDE":"18/5B"},"geometry":{"type":"MultiPolygon","coordinates":[[[[78.028955568768112,8.771604468125282],[78.029033790539557,8.77178157885122],[78.029387272443969,8.771076428282916],[78.029346894646935,8.770953308971649],[78.028955568768112,8.771604468125282]]]]}},
{"type":"Feature","properties":{"Land_id":"287","dist_name":"Thoothukkudi","taluk_name":"Thoothukudi","vil_name":"Allikulam","unit_id":9,"block_id":5,"survey_no":18,"sub_div":"5C","KIDE":"18/5C"},"geometry":{"type":"MultiPolygon","coordinates":[[[[78.028955568768112,8.771604468125282],[78.029346894646935,8.770953308971649],[78.029291582464694,8.770784651945364],[78.028975919543811,8.771097929389656],[78.02891782082682,8.771216751457544],[78.028894967745202,8.771384017036416],[78.028930451895732,8.771547597641652],[78.028955568768112,8.771604468125282]]]]}},
{"type":"Feature","properties":{"Land_id":"288","dist_name":"Thoothukkudi","taluk_name":"Thoothukudi","vil_name":"Allikulam","unit_id":9,"block_id":5,"survey_no":18,"sub_div":"6A","KIDE":"18/6A"},"geometry":{"type":"MultiPolygon","coordinates":[[[[78.030105643868581,8.771731900116821],[78.029752586854684,8.770787394823245],[78.029387272443969,8.771076428282916],[78.029763115861002,8.772142224642142],[78.030105643868581,8.771731900116821]]]]}},
{"type":"Feature","properties":{"Land_id":"289","dist_name":"Thoothukkudi","taluk_name":"Thoothukudi","vil_name":"Allikulam","unit_id":9,"block_id":5,"survey_no":18,"sub_div":"6B","KIDE":"18/6B"},"geometry":{"type":"MultiPolygon","coordinates":[[[[78.029387272443969,8.771076428282916],[78.029752586854684,8.770787394823245],[78.029724302741343,8.770703507071028],[78.029346894646935,8.770953308971649],[78.029387272443969,8.771076428282916]]]]}},
{"type":"Feature","properties":{"Land_id":"290","dist_name":"Thoothukkudi","taluk_name":"Thoothukudi","vil_name":"Allikulam","unit_id":9,"block_id":5,"survey_no":18,"sub_div":"6C","KIDE":"18/6C"},"geometry":{"type":"MultiPolygon","coordinates":[[[[78.029291582464694,8.770784651945364],[78.029346894646935,8.770953308971649],[78.029724302741343,8.770703507071028],[78.029696018188218,8.770619619660527],[78.029291582464694,8.770784651945364]]]]}},
{"type":"Feature","properties":{"Land_id":"291","dist_name":"Thoothukkudi","taluk_name":"Thoothukudi","vil_name":"Allikulam","unit_id":9,"block_id":5,"survey_no":18,"sub_div":"9","KIDE":"18/9"},"geometry":{"type":"MultiPolygon","coordinates":[[[[78.027306207348815,8.772289847808102],[78.027495178190705,8.772951590318092],[78.027567896057079,8.772932353964908],[78.027521770081179,8.772788942687324],[78.02754049122936,8.77271109793239],[78.027643975494314,8.772483064024822],[78.027809687122129,8.772264674032817],[78.027849244256956,8.772212542423812],[78.027766073794453,8.772057811700787],[78.027616909703568,8.772117568318677],[78.027306207348815,8.772289847808102]]]]}},
{"type":"Feature","properties":{"Land_id":"292","dist_name":"Thoothukkudi","taluk_name":"Thoothukudi","vil_name":"Allikulam","unit_id":9,"block_id":5,"survey_no":18,"sub_div":"10","KIDE":"18/10"},"geometry":{"type":"MultiPolygon","coordinates":[[[[78.02780529562574,8.771975186320146],[78.027766073794453,8.772057811700787],[78.027849244256956,8.772212542423812],[78.027994460208419,8.772134731955964],[78.028158413935827,8.772046881434106],[78.028211503468526,8.772018434317365],[78.028069030277308,8.771703738309622],[78.02780529562574,8.771975186320146]]]]}},
{"type":"Feature","properties":{"Land_id":"293","dist_name":"Thoothukkudi","taluk_name":"Thoothukudi","vil_name":"Allikulam","unit_id":9,"block_id":5,"survey_no":18,"sub_div":"11A","KIDE":"18/11A"},"geometry":{"type":"MultiPolygon","coordinates":[[[[78.028492983974559,8.772497716673074],[78.028495073676908,8.77245347630492],[78.028480581202757,8.772462721699236],[78.028492983974559,8.772497716673074]]]]}},
{"type":"Feature","properties":{"Land_id":"294","dist_name":"Thoothukkudi","taluk_name":"Thoothukudi","vil_name":"Allikulam","unit_id":9,"block_id":5,"survey_no":18,"sub_div":"11B","KIDE":"18/11B"},"geometry":{"type":"MultiPolygon","coordinates":[[[[78.028480581202757,8.772462721699236],[78.028495073676908,8.77245347630492],[78.028502429528558,8.772297750758737],[78.028490407790429,8.772210129162753],[78.028416795434552,8.772282747690999],[78.028480581202757,8.772462721699236]]]]}},
{"type":"Feature","properties":{"Land_id":"295","dist_name":"Thoothukkudi","taluk_name":"Thoothukudi","vil_name":"Allikulam","unit_id":9,"block_id":5,"survey_no":18,"sub_div":"11C","KIDE":"18/11C"},"geometry":{"type":"MultiPolygon","coordinates":[[[[78.028211503468526,8.772018434317365],[78.028309303942422,8.771979459109046],[78.028416795434552,8.772282747690999],[78.028490407790429,8.772210129162753],[78.028408179064442,8.771610797669316],[78.028163576634626,8.771606426921123],[78.028069030277308,8.771703738309622],[78.028211503468526,8.772018434317365]]]]}},
{"type":"Feature","properties":{"Land_id":"296","dist_name":"Thoothukkudi","taluk_name":"Thoothukudi","vil_name":"Allikulam","unit_id":9,"block_id":5,"survey_no":18,"sub_div":"12A","KIDE":"18/12A"},"geometry":{"type":"MultiPolygon","coordinates":[[[[78.026787798099505,8.77227696276751],[78.0268218259489,8.772364420993377],[78.027306207348815,8.772289847808102],[78.027289915821555,8.772249931426847],[78.027422063239129,8.772124064491098],[78.026787798099505,8.77227696276751]]]]}},
{"type":"Feature","properties":{"Land_id":"297","dist_name":"Thoothukkudi","taluk_name":"Thoothukudi","vil_name":"Allikulam","unit_id":9,"block_id":5,"survey_no":18,"sub_div":"12B","KIDE":"18/12B"},"geometry":{"type":"MultiPolygon","coordinates":[[[[78.027422063239129,8.772124064491098],[78.027289915821555,8.772249931426847],[78.027306207348815,8.772289847808102],[78.027616909703568,8.772117568318677],[78.027766073794453,8.772057811700787],[78.027708946604761,8.771951531840736],[78.027422063239129,8.772124064491098]]]]}},
{"type":"Feature","properties":{"Land_id":"298","dist_name":"Thoothukkudi","taluk_name":"Thoothukudi","vil_name":"Allikulam","unit_id":9,"block_id":5,"survey_no":18,"sub_div":"13","KIDE":"18/13"},"geometry":{"type":"MultiPolygon","coordinates":[[[[78.027422063239129,8.772124064491098],[78.027117131095721,8.77086759448332],[78.026620123938429,8.771085596435386],[78.026623811759578,8.771545063881458],[78.026787798099505,8.77227696276751],[78.027422063239129,8.772124064491098]]]]}},
{"type":"Feature","properties":{"Land_id":"299","dist_name":"Thoothukkudi","taluk_name":"Thoothukudi","vil_name":"Allikulam","unit_id":9,"block_id":5,"survey_no":18,"sub_div":"14","KIDE":"18/14"},"geometry":{"type":"MultiPolygon","coordinates":[[[[78.027422063239129,8.772124064491098],[78.027708946604761,8.771951531840736],[78.0276641837592,8.771865909612872],[78.027524618238303,8.771352826988215],[78.027440245785385,8.770941079399522],[78.02738749000072,8.770749007118564],[78.027117131095721,8.77086759448332],[78.027422063239129,8.772124064491098]]]]}},
{"type":"Feature","properties":{"Land_id":"300","dist_name":"Thoothukkudi","taluk_name":"Thoothukudi","vil_name":"Allikulam","unit_id":9,"block_id":5,"survey_no":18,"sub_div":"12C","KIDE":"18/12C"},"geometry":{"type":"MultiPolygon","coordinates":[[[[78.028068746183777,8.771577654213532],[78.0276641837592,8.771865909612872],[78.027708946604761,8.771951531840736],[78.027766073794453,8.772057811700787],[78.02780529562574,8.771975186320146],[78.028069030277308,8.771703738309622],[78.028163576634626,8.771606426921123],[78.028408179064442,8.771610797669316],[78.028413456921442,8.771441760079],[78.028068746183777,8.771577654213532]]]]}},
{"type":"Feature","properties":{"Land_id":"301","dist_name":"Thoothukkudi","taluk_name":"Thoothukudi","vil_name":"Allikulam","unit_id":9,"block_id":5,"survey_no":18,"sub_div":"4A1","KIDE":"18/4A1"},"geometry":{"type":"MultiPolygon","coordinates":[[[[78.028743607264474,8.772905943369812],[78.028908900165959,8.773165515123003],[78.029427335715923,8.772544465701523],[78.029254767837827,8.772271773135669],[78.028743607264474,8.772905943369812]]]]}},
{"type":"Feature","properties":{"Land_id":"302","dist_name":"Thoothukkudi","taluk_name":"Thoothukudi","vil_name":"Allikulam","unit_id":9,"block_id":5,"survey_no":18,"sub_div":"4A2","KIDE":"18/4A2"},"geometry":{"type":"MultiPolygon","coordinates":[[[[78.028743607264474,8.772905943369812],[78.029254767837827,8.772271773135669],[78.02898828401662,8.771811220085118],[78.028523527808559,8.77228152252955],[78.028515025305765,8.772526325056264],[78.028716177381455,8.772860389163851],[78.028743607264474,8.772905943369812]]]]}},
{"type":"Feature","properties":{"Land_id":"303","dist_name":"Thoothukkudi","taluk_name":"Thoothukudi","vil_name":"Allikulam","unit_id":9,"block_id":3,"survey_no":20,"sub_div":"21","KIDE":"20/21"},"geometry":{"type":"MultiPolygon","coordinates":[[[[78.03029081040782,8.771508323143646],[78.03057331957848,8.771279770547354],[78.030680018644148,8.771262400743773],[78.030622183991426,8.771112549715843],[78.03029081040782,8.771508323143646]]]]}},
{"type":"Feature","properties":{"Land_id":"304","dist_name":"Thoothukkudi","taluk_name":"Thoothukudi","vil_name":"Allikulam","unit_id":9,"block_id":3,"survey_no":20,"sub_div":"22","KIDE":"20/22"},"geometry":{"type":"MultiPolygon","coordinates":[[[[78.030160854270932,8.771773012018764],[78.030215598843981,8.771598151482124],[78.030129877345402,8.771700532278324],[78.030160854270932,8.771773012018764]]]]}},
{"type":"Feature","properties":{"Land_id":"305","dist_name":"Thoothukkudi","taluk_name":"Thoothukudi","vil_name":"Allikulam","unit_id":9,"block_id":3,"survey_no":20,"sub_div":"23","KIDE":"20/23"},"geometry":{"type":"MultiPolygon","coordinates":[[[[78.030129877345402,8.771700532278324],[78.029744702165672,8.772160563218405],[78.029866758216045,8.772119859142212],[78.030140106749727,8.771834304750016],[78.030160854270932,8.771773012018764],[78.030129877345402,8.771700532278324]]]]}},
{"type":"Feature","properties":{"Land_id":"306","dist_name":"Thoothukkudi","taluk_name":"Thoothukudi","vil_name":"Allikulam","unit_id":9,"block_id":2,"survey_no":19,"sub_div":"1A","KIDE":"19/1A"},"geometry":{"type":"MultiPolygon","coordinates":[[[[78.032542760964887,8.772465138827009],[78.032219442394805,8.772660490741565],[78.031934788249387,8.77203620380342],[78.031881475628126,8.771998734886832],[78.031503114761733,8.772221370475396],[78.03186341776059,8.772870005442977],[78.031612684652913,8.773184183192736],[78.031908818792687,8.773576154459631],[78.032713227746072,8.772835098621725],[78.032542760964887,8.772465138827009]]]]}},
{"type":"Feature","properties":{"Land_id":"307","dist_name":"Thoothukkudi","taluk_name":"Thoothukudi","vil_name":"Allikulam","unit_id":9,"block_id":2,"survey_no":19,"sub_div":"1B","KIDE":"19/1B"},"geometry":{"type":"MultiPolygon","coordinates":[[[[78.032716624773954,8.771528443395438],[78.032659411640651,8.77155907602644],[78.032220777576867,8.771793926404836],[78.032542760964887,8.772465138827009],[78.032713227746072,8.772835098621725],[78.033231704276901,8.772371342889656],[78.032974209964209,8.771917155939938],[78.032916121543565,8.771952132623737],[78.032716624773954,8.771528443395438]]]]}},
{"type":"Feature","properties":{"Land_id":"308","dist_name":"Thoothukkudi","taluk_name":"Thoothukudi","vil_name":"Allikulam","unit_id":9,"block_id":2,"survey_no":19,"sub_div":"1C","KIDE":"19/1C"},"geometry":{"type":"MultiPolygon","coordinates":[[[[78.032916121543565,8.771952132623737],[78.032974209964209,8.771917155939938],[78.033231704276901,8.772371342889656],[78.033298870958575,8.772311265081346],[78.033417072787842,8.77220553845226],[78.032996333419604,8.771378683808104],[78.032716624773954,8.771528443395438],[78.032916121543565,8.771952132623737]]]]}},
{"type":"Feature","properties":{"Land_id":"309","dist_name":"Thoothukkudi","taluk_name":"Thoothukudi","vil_name":"Allikulam","unit_id":9,"block_id":2,"survey_no":19,"sub_div":"1D","KIDE":"19/1D"},"geometry":{"type":"MultiPolygon","coordinates":[[[[78.033417072787842,8.77220553845226],[78.033532588174964,8.772102214734154],[78.033094867137493,8.771325927542359],[78.032996333419604,8.771378683808104],[78.033417072787842,8.77220553845226]]]]}},
{"type":"Feature","properties":{"Land_id":"310","dist_name":"Thoothukkudi","taluk_name":"Thoothukudi","vil_name":"Allikulam","unit_id":9,"block_id":2,"survey_no":19,"sub_div":"1E","KIDE":"19/1E"},"geometry":{"type":"MultiPolygon","coordinates":[[[[78.033747500535696,8.771909984549643],[78.033328487434815,8.771200844225088],[78.033094867137493,8.771325927542359],[78.033532588174964,8.772102214734154],[78.033747500535696,8.771909984549643]]]]}},
{"type":"Feature","properties":{"Land_id":"311","dist_name":"Thoothukkudi","taluk_name":"Thoothukudi","vil_name":"Allikulam","unit_id":9,"block_id":2,"survey_no":19,"sub_div":"3","KIDE":"19/3"},"geometry":{"type":"MultiPolygon","coordinates":[[[[78.031934788249387,8.77203620380342],[78.032219442394805,8.772660490741565],[78.032542760964887,8.772465138827009],[78.032220777576867,8.771793926404836],[78.031991158548152,8.771929162558616],[78.031881475628126,8.771998734886832],[78.031934788249387,8.77203620380342]]]]}},
{"type":"Feature","properties":{"Land_id":"312","dist_name":"Thoothukkudi","taluk_name":"Thoothukudi","vil_name":"Allikulam","unit_id":9,"block_id":2,"survey_no":19,"sub_div":"4","KIDE":"19/4"},"geometry":{"type":"MultiPolygon","coordinates":[[[[78.031274264715577,8.771809383501258],[78.031503114761733,8.772221370475396],[78.031881475628126,8.771998734886832],[78.031991158548152,8.771929162558616],[78.031784747971074,8.771528312412888],[78.031274264715577,8.771809383501258]]]]}},
{"type":"Feature","properties":{"Land_id":"313","dist_name":"Thoothukkudi","taluk_name":"Thoothukudi","vil_name":"Allikulam","unit_id":9,"block_id":2,"survey_no":19,"sub_div":"8A","KIDE":"19/8A"},"geometry":{"type":"MultiPolygon","coordinates":[[[[78.031991158548152,8.771929162558616],[78.032220777576867,8.771793926404836],[78.032659411640651,8.77155907602644],[78.032364629681297,8.770734260249878],[78.032035268172535,8.770928790492272],[78.031668057909116,8.771127716603804],[78.031709502518325,8.771296179541318],[78.031684407954316,8.771321204839142],[78.031784747971074,8.771528312412888],[78.031991158548152,8.771929162558616]]]]}},
{"type":"Feature","properties":{"Land_id":"314","dist_name":"Thoothukkudi","taluk_name":"Thoothukudi","vil_name":"Allikulam","unit_id":9,"block_id":3,"survey_no":20,"sub_div":"11","KIDE":"20/11"},"geometry":{"type":"MultiPolygon","coordinates":[[[[78.030850527984398,8.773736810492309],[78.031052519161747,8.774181443469633],[78.031291801649076,8.774061251206469],[78.032005989822508,8.773702512487874],[78.031909502004268,8.773575353053708],[78.031716130220843,8.773320512110983],[78.031286223295908,8.773543703233628],[78.030850527984398,8.773736810492309]]]]}},
{"type":"Feature","properties":{"Land_id":"315","dist_name":"Thoothukkudi","taluk_name":"Thoothukudi","vil_name":"Allikulam","unit_id":9,"block_id":3,"survey_no":20,"sub_div":"13","KIDE":"20/13"},"geometry":{"type":"MultiPolygon","coordinates":[[[[78.030934801434498,8.772457099497673],[78.030908927399608,8.772551665217568],[78.030893074197024,8.77258679191301],[78.031286223295908,8.773543703233628],[78.031716130220843,8.773320512110983],[78.031612684652913,8.773184183192736],[78.031271937215209,8.772538546996433],[78.031636675967732,8.77246181384888],[78.03123018803231,8.771730034514135],[78.030999060362944,8.771920650763878],[78.03118009458845,8.772302736283381],[78.031086260226772,8.772412163513865],[78.031070175259401,8.772391353105743],[78.030934801434498,8.772457099497673]]]]}},
{"type":"Feature","properties":{"Land_id":"316","dist_name":"Thoothukkudi","taluk_name":"Thoothukudi","vil_name":"Allikulam","unit_id":9,"block_id":3,"survey_no":20,"sub_div":"14","KIDE":"20/14"},"geometry":{"type":"MultiPolygon","coordinates":[[[[78.031612684652913,8.773184183192736],[78.03186341776059,8.772870005442977],[78.031636675967732,8.77246181384888],[78.031271937215209,8.772538546996433],[78.031612684652913,8.773184183192736]]]]}},
{"type":"Feature","properties":{"Land_id":"317","dist_name":"Thoothukkudi","taluk_name":"Thoothukudi","vil_name":"Allikulam","unit_id":9,"block_id":3,"survey_no":20,"sub_div":"24","KIDE":"20/24"},"geometry":{"type":"MultiPolygon","coordinates":[[[[78.03123018803231,8.771730034514135],[78.031091534278076,8.771480423287841],[78.030961492582605,8.771246315908217],[78.030719488696462,8.771330594589566],[78.030999060362944,8.771920650763878],[78.03123018803231,8.771730034514135]]]]}},
{"type":"Feature","properties":{"Land_id":"318","dist_name":"Thoothukkudi","taluk_name":"Thoothukudi","vil_name":"Allikulam","unit_id":9,"block_id":3,"survey_no":20,"sub_div":"1","KIDE":"20/1"},"geometry":{"type":"MultiPolygon","coordinates":[[[[78.028541403255133,8.775541370208458],[78.028634039327372,8.775480493942428],[78.028462358991874,8.775026575196881],[78.028381212097628,8.775093466495356],[78.028283882402363,8.774966000930467],[78.027865259455339,8.775208302546224],[78.028199568012425,8.775841463361266],[78.028302580903713,8.776457198483772],[78.028781895383574,8.77617782556761],[78.028541403255133,8.775541370208458]]]]}},
{"type":"Feature","properties":{"Land_id":"319","dist_name":"Thoothukkudi","taluk_name":"Thoothukudi","vil_name":"Allikulam","unit_id":9,"block_id":3,"survey_no":20,"sub_div":"3","KIDE":"20/3"},"geometry":{"type":"MultiPolygon","coordinates":[[[[78.028775665568091,8.774653308836584],[78.028657496088229,8.774734046717452],[78.028698040369179,8.774837029669044],[78.028462358991874,8.775026575196881],[78.028634039327372,8.775480493942428],[78.028541403255133,8.775541370208458],[78.028781895383574,8.77617782556761],[78.028839624653799,8.7761441775239],[78.029096596362308,8.775892798396727],[78.028775665568091,8.774653308836584]]]]}},
{"type":"Feature","properties":{"Land_id":"320","dist_name":"Thoothukkudi","taluk_name":"Thoothukudi","vil_name":"Allikulam","unit_id":9,"block_id":3,"survey_no":20,"sub_div":"4","KIDE":"20/4"},"geometry":{"type":"MultiPolygon","coordinates":[[[[78.028748868575491,8.774547389496384],[78.028775665568091,8.774653308836584],[78.029096596362308,8.775892798396727],[78.029122064814644,8.775867884224835],[78.028804207387921,8.774546039330923],[78.028795246715177,8.774507868476213],[78.028798889126733,8.774436530633793],[78.028814915790363,8.774122644083365],[78.02865688947746,8.773717029017954],[78.028636377432491,8.77375462464556],[78.028779605216656,8.774126253402546],[78.028769359672012,8.774266632082504],[78.028751073306069,8.774517181435815],[78.028748868575491,8.774547389496384]]]]}},
{"type":"Feature","properties":{"Land_id":"321","dist_name":"Thoothukkudi","taluk_name":"Thoothukudi","vil_name":"Allikulam","unit_id":9,"block_id":3,"survey_no":20,"sub_div":"5","KIDE":"20/5"},"geometry":{"type":"MultiPolygon","coordinates":[[[[78.029122064814644,8.775867884224835],[78.029327085770888,8.775667325224271],[78.028804207387921,8.774546039330923],[78.029122064814644,8.775867884224835]]]]}},
{"type":"Feature","properties":{"Land_id":"322","dist_name":"Thoothukkudi","taluk_name":"Thoothukudi","vil_name":"Allikulam","unit_id":9,"block_id":3,"survey_no":20,"sub_div":"6","KIDE":"20/6"},"geometry":{"type":"MultiPolygon","coordinates":[[[[78.027917405675339,8.774545832561655],[78.028283882402363,8.774966000930467],[78.028381212097628,8.775093466495356],[78.028462358991874,8.775026575196881],[78.028698040369179,8.774837029669044],[78.028657496088229,8.774734046717452],[78.028775665568091,8.774653308836584],[78.028748868575491,8.774547389496384],[78.028751073306069,8.774517181435815],[78.028459285913584,8.773907175322726],[78.027917405675339,8.774545832561655]]]]}},
{"type":"Feature","properties":{"Land_id":"323","dist_name":"Thoothukkudi","taluk_name":"Thoothukudi","vil_name":"Allikulam","unit_id":9,"block_id":3,"survey_no":20,"sub_div":"7A","KIDE":"20/7A"},"geometry":{"type":"MultiPolygon","coordinates":[[[[78.028751073306069,8.774517181435815],[78.028769359672012,8.774266632082504],[78.028541556759862,8.773836305321073],[78.028459285913584,8.773907175322726],[78.028751073306069,8.774517181435815]]]]}},
{"type":"Feature","properties":{"Land_id":"324","dist_name":"Thoothukkudi","taluk_name":"Thoothukudi","vil_name":"Allikulam","unit_id":9,"block_id":3,"survey_no":20,"sub_div":"7B","KIDE":"20/7B"},"geometry":{"type":"MultiPolygon","coordinates":[[[[78.028541556759862,8.773836305321073],[78.028769359672012,8.774266632082504],[78.028779605216656,8.774126253402546],[78.028636377432491,8.77375462464556],[78.028541556759862,8.773836305321073]]]]}},
{"type":"Feature","properties":{"Land_id":"325","dist_name":"Thoothukkudi","taluk_name":"Thoothukudi","vil_name":"Allikulam","unit_id":9,"block_id":3,"survey_no":20,"sub_div":"8A","KIDE":"20/8A"},"geometry":{"type":"MultiPolygon","coordinates":[[[[78.029327085770888,8.775667325224271],[78.029417498748757,8.775578879941355],[78.028798889126733,8.774436530633793],[78.028795246715177,8.774507868476213],[78.028804207387921,8.774546039330923],[78.029327085770888,8.775667325224271]]]]}},
{"type":"Feature","properties":{"Land_id":"326","dist_name":"Thoothukkudi","taluk_name":"Thoothukudi","vil_name":"Allikulam","unit_id":9,"block_id":3,"survey_no":20,"sub_div":"8B","KIDE":"20/8B"},"geometry":{"type":"MultiPolygon","coordinates":[[[[78.028814915790363,8.774122644083365],[78.028798889126733,8.774436530633793],[78.029417498748757,8.775578879941355],[78.029527013082614,8.775471749013144],[78.028814915790363,8.774122644083365]]]]}},
{"type":"Feature","properties":{"Land_id":"327","dist_name":"Thoothukkudi","taluk_name":"Thoothukudi","vil_name":"Allikulam","unit_id":9,"block_id":3,"survey_no":20,"sub_div":"8C","KIDE":"20/8C"},"geometry":{"type":"MultiPolygon","coordinates":[[[[78.028814915790363,8.774122644083365],[78.029527013082614,8.775471749013144],[78.029731975021249,8.775271247745758],[78.028795414213207,8.773520813850249],[78.02865688947746,8.773717029017954],[78.028814915790363,8.774122644083365]]]]}},
{"type":"Feature","properties":{"Land_id":"328","dist_name":"Thoothukkudi","taluk_name":"Thoothukudi","vil_name":"Allikulam","unit_id":9,"block_id":3,"survey_no":20,"sub_div":"8D","KIDE":"20/8D"},"geometry":{"type":"MultiPolygon","coordinates":[[[[78.030360934409444,8.774655976660299],[78.029832214427728,8.774356125785461],[78.029010331320634,8.773216391789449],[78.028795414213207,8.773520813850249],[78.029731975021249,8.775271247745758],[78.0299458474651,8.775062029896175],[78.030360934409444,8.774655976660299]]]]}},
{"type":"Feature","properties":{"Land_id":"329","dist_name":"Thoothukkudi","taluk_name":"Thoothukudi","vil_name":"Allikulam","unit_id":9,"block_id":3,"survey_no":20,"sub_div":"9A","KIDE":"20/9A"},"geometry":{"type":"MultiPolygon","coordinates":[[[[78.030094483629981,8.774195890650748],[78.029832214427728,8.774356125785461],[78.030360934409444,8.774655976660299],[78.030939799225422,8.774238063009163],[78.031052519161747,8.774181443469633],[78.030850527984398,8.773736810492309],[78.030094483629981,8.774195890650748]]]]}},
{"type":"Feature","properties":{"Land_id":"330","dist_name":"Thoothukkudi","taluk_name":"Thoothukudi","vil_name":"Allikulam","unit_id":9,"block_id":3,"survey_no":20,"sub_div":"9B","KIDE":"20/9B"},"geometry":{"type":"MultiPolygon","coordinates":[[[[78.029832214427728,8.774356125785461],[78.030094483629981,8.774195890650748],[78.02936481614762,8.772799586713987],[78.029010331320634,8.773216391789449],[78.029832214427728,8.774356125785461]]]]}},
{"type":"Feature","properties":{"Land_id":"331","dist_name":"Thoothukkudi","taluk_name":"Thoothukudi","vil_name":"Allikulam","unit_id":9,"block_id":3,"survey_no":20,"sub_div":"10","KIDE":"20/10"},"geometry":{"type":"MultiPolygon","coordinates":[[[[78.030094483629981,8.774195890650748],[78.030850527984398,8.773736810492309],[78.030543177817847,8.772878392813919],[78.030301411722419,8.773057988267601],[78.030191773669301,8.773139432682195],[78.029817448304655,8.772267379508287],[78.02936481614762,8.772799586713987],[78.030094483629981,8.774195890650748]]]]}},
{"type":"Feature","properties":{"Land_id":"332","dist_name":"Thoothukkudi","taluk_name":"Thoothukudi","vil_name":"Allikulam","unit_id":9,"block_id":3,"survey_no":20,"sub_div":"12","KIDE":"20/12"},"geometry":{"type":"MultiPolygon","coordinates":[[[[78.030543177817847,8.772878392813919],[78.030850527984398,8.773736810492309],[78.031286223295908,8.773543703233628],[78.030893074197024,8.77258679191301],[78.030776426347629,8.772683250542148],[78.030556853913097,8.772864819737197],[78.030543177817847,8.772878392813919]]]]}},
{"type":"Feature","properties":{"Land_id":"333","dist_name":"Thoothukkudi","taluk_name":"Thoothukudi","vil_name":"Allikulam","unit_id":9,"block_id":3,"survey_no":20,"sub_div":"15A","KIDE":"20/15A"},"geometry":{"type":"MultiPolygon","coordinates":[[[[78.030191773669301,8.773139432682195],[78.030301411722419,8.773057988267601],[78.029993664557594,8.772408159222877],[78.029958686027456,8.77241920678169],[78.029897962082927,8.772178215189244],[78.029817448304655,8.772267379508287],[78.030191773669301,8.773139432682195]]]]}},
{"type":"Feature","properties":{"Land_id":"334","dist_name":"Thoothukkudi","taluk_name":"Thoothukudi","vil_name":"Allikulam","unit_id":9,"block_id":3,"survey_no":20,"sub_div":"15B","KIDE":"20/15B"},"geometry":{"type":"MultiPolygon","coordinates":[[[[78.029993664557594,8.772408159222877],[78.030301411722419,8.773057988267601],[78.030543177817847,8.772878392813919],[78.030325418165432,8.772261289127897],[78.030273019550677,8.772259692858469],[78.030169103997054,8.771877941395262],[78.029897962082927,8.772178215189244],[78.029958686027456,8.77241920678169],[78.029993664557594,8.772408159222877]]]]}},
{"type":"Feature","properties":{"Land_id":"335","dist_name":"Thoothukkudi","taluk_name":"Thoothukudi","vil_name":"Allikulam","unit_id":9,"block_id":3,"survey_no":20,"sub_div":"15C","KIDE":"20/15C"},"geometry":{"type":"MultiPolygon","coordinates":[[[[78.030169103997054,8.771877941395262],[78.030273019550677,8.772259692858469],[78.030325418165432,8.772261289127897],[78.030186367227131,8.771840019391879],[78.030169103997054,8.771877941395262]]]]}},
{"type":"Feature","properties":{"Land_id":"336","dist_name":"Thoothukkudi","taluk_name":"Thoothukudi","vil_name":"Allikulam","unit_id":9,"block_id":3,"survey_no":20,"sub_div":"16A","KIDE":"20/16A"},"geometry":{"type":"MultiPolygon","coordinates":[[[[78.030325418165432,8.772261289127897],[78.030543177817847,8.772878392813919],[78.030556853913097,8.772864819737197],[78.030776426347629,8.772683250542148],[78.03056813168952,8.77219459145833],[78.030542690159834,8.772160883127897],[78.030325418165432,8.772261289127897]]]]}},
{"type":"Feature","properties":{"Land_id":"337","dist_name":"Thoothukkudi","taluk_name":"Thoothukudi","vil_name":"Allikulam","unit_id":9,"block_id":3,"survey_no":20,"sub_div":"16B","KIDE":"20/16B"},"geometry":{"type":"MultiPolygon","coordinates":[[[[78.030776426347629,8.772683250542148],[78.030893074197024,8.77258679191301],[78.030908927399608,8.772551665217568],[78.030934801434498,8.772457099497673],[78.030941781627789,8.771964807595076],[78.03056813168952,8.77219459145833],[78.030776426347629,8.772683250542148]]]]}},
{"type":"Feature","properties":{"Land_id":"338","dist_name":"Thoothukkudi","taluk_name":"Thoothukudi","vil_name":"Allikulam","unit_id":9,"block_id":3,"survey_no":20,"sub_div":"17","KIDE":"20/17"},"geometry":{"type":"MultiPolygon","coordinates":[[[[78.030542690159834,8.772160883127897],[78.030302174987099,8.77158562587609],[78.030186367227131,8.771840019391879],[78.030325418165432,8.772261289127897],[78.030542690159834,8.772160883127897]]]]}},
{"type":"Feature","properties":{"Land_id":"339","dist_name":"Thoothukkudi","taluk_name":"Thoothukudi","vil_name":"Allikulam","unit_id":9,"block_id":3,"survey_no":20,"sub_div":"18","KIDE":"20/18"},"geometry":{"type":"MultiPolygon","coordinates":[[[[78.030999060362944,8.771920650763878],[78.030719488696462,8.771330594589566],[78.030474189952884,8.771412617143241],[78.030326631210286,8.771531903049661],[78.030302174987099,8.77158562587609],[78.030542690159834,8.772160883127897],[78.03056813168952,8.77219459145833],[78.030941781627789,8.771964807595076],[78.030934801434498,8.772457099497673],[78.031070175259401,8.772391353105743],[78.031086260226772,8.772412163513865],[78.03118009458845,8.772302736283381],[78.030999060362944,8.771920650763878]]]]}},
{"type":"Feature","properties":{"Land_id":"A1","dist_name":"Thoothukkudi","taluk_name":"Thoothukudi","vil_name":"Keelathattaparai","unit_id":6,"block_id":5,"survey_no":420,"sub_div":"2","KIDE":"420/2"},"geometry":{"type":"MultiPolygon","coordinates":[[[[78.021931507864636,8.7883075723059],[78.022712980974759,8.787302087127111],[78.022644730230652,8.787237262696857],[78.022637460144011,8.787230357582038],[78.02345448843387,8.786315393731915],[78.023252594014807,8.786139151912682],[78.023117885980824,8.786022160324322],[78.02270980144273,8.785505144631275],[78.022226085880092,8.78568682359546],[78.021593284589727,8.785924497740858],[78.021219073408901,8.786333968916715],[78.021146410250736,8.786486006946163],[78.021018342211875,8.786753972346418],[78.021931507864636,8.7883075723059]]]]}},
{"type":"Feature","properties":{"Land_id":"A2","dist_name":"Thoothukkudi","taluk_name":"Thoothukudi","vil_name":"Keelathattaparai","unit_id":6,"block_id":4,"survey_no":408,"sub_div":"1","KIDE":"408/1"},"geometry":{"type":"MultiPolygon","coordinates":[[[[78.026229200802646,8.78427024058051],[78.026176969241348,8.784306891271967],[78.024785635902845,8.78528224653726],[78.024778611453328,8.785288618714509],[78.024639612809409,8.785401326079471],[78.02463262767499,8.785406795146102],[78.024632701751202,8.785406929926662],[78.024890662386255,8.785876285451341],[78.024926856888797,8.785855817665816],[78.025578796044712,8.785487149777506],[78.026505075702758,8.784643099332968],[78.026229200802646,8.78427024058051]]]]}},
{"type":"Feature","properties":{"Land_id":"A4","dist_name":"Thoothukkudi","taluk_name":"Thoothukudi","vil_name":"Keelathattaparai","unit_id":6,"block_id":4,"survey_no":408,"sub_div":"2","KIDE":"408/2"},"geometry":{"type":"MultiPolygon","coordinates":[[[[78.02466039403717,8.785570998094705],[78.024858734463649,8.785885097900096],[78.024863035083939,8.78589190853382],[78.024607552396503,8.785434966678354],[78.024607142660855,8.785436146969477],[78.02466039403717,8.785570998094705]]]]}},
{"type":"Feature","properties":{"Land_id":"A3","dist_name":"Thoothukkudi","taluk_name":"Thoothukudi","vil_name":"Allikulam","unit_id":8,"block_id":null,"survey_no":46,"sub_div":null,"KIDE":"46"},"geometry":{"type":"MultiPolygon","coordinates":[[[[78.01931028041102,8.772806907621998],[78.019348358241217,8.773150985037981],[78.019387767816227,8.773832349613143],[78.019347242012145,8.77426884864329],[78.019250814808061,8.7747617679796],[78.019104658857259,8.774849871838153],[78.019272564184178,8.775368417434898],[78.019433382965033,8.77588983179926],[78.019613808427465,8.776418145770602],[78.019644961580553,8.776509369573326],[78.019758321674487,8.776790415716512],[78.019802193168275,8.776899183393901],[78.01999310229516,8.777389104794068],[78.020235655432955,8.778724730115098],[78.020668428846577,8.779486619200384],[78.02112485751077,8.780293260662425],[78.021727698620708,8.781218385940745],[78.021727908775716,8.781218208082212],[78.021770751587525,8.781181949322121],[78.021836870417104,8.781124495838752],[78.021169553877357,8.780007936740473],[78.021082346669843,8.779879173019667],[78.020411851092547,8.77878131518905],[78.020380120560873,8.778583272524125],[78.020295633627285,8.778186775733417],[78.020146841702655,8.777359641271715],[78.020082129829717,8.77699990898966],[78.020034035929427,8.776728172866829],[78.020027255137308,8.776646492151617],[78.019992647746975,8.776229616477707],[78.019652203278909,8.776121103669446],[78.019593318681927,8.775951422164319],[78.019556172273866,8.775844381295308],[78.019273859567377,8.77503087067605],[78.019222853634417,8.774883892282379],[78.019383249915151,8.7748177598159],[78.019394221087225,8.774763504816868],[78.01950033505274,8.774238746563258],[78.019555052461911,8.774202109976763],[78.019548979208878,8.773494244775378],[78.01937638771949,8.772703085418947],[78.01931028041102,8.772806907621998]]]]}},
{"type":"Feature","properties":{"Land_id":"J1","dist_name":"Thoothukkudi","taluk_name":"Thoothukudi","vil_name":"Melathattaparai","unit_id":4,"block_id":6,"survey_no":258,"sub_div":"2","KIDE":"258/2"},"geometry":{"type":"MultiPolygon","coordinates":[[[[78.01501644337263,8.796079598543095],[78.015080968715537,8.796551520250381],[78.014629255308463,8.797175398943287],[78.014192842472397,8.79786083172695],[78.015362633992453,8.796733577601623],[78.015356519256244,8.795696110531656],[78.01519050504433,8.79560573147946],[78.01501644337263,8.796079598543095]]]]}},
{"type":"Feature","properties":{"Land_id":"J2","dist_name":"Thoothukkudi","taluk_name":"Thoothukudi","vil_name":"Melathattaparai","unit_id":4,"block_id":6,"survey_no":258,"sub_div":"1","KIDE":"258/1"},"geometry":{"type":"MultiPolygon","coordinates":[[[[78.015362633992453,8.796733577601623],[78.014192842472397,8.79786083172695],[78.014282751009432,8.797927302094687],[78.015363014727342,8.796798175629821],[78.015362633992453,8.796733577601623]]]]}},
{"type":"Feature","properties":{"Land_id":"J5","dist_name":"Thoothukkudi","taluk_name":"Thoothukudi","vil_name":"Peroorani","unit_id":4,"block_id":8,"survey_no":211,"sub_div":"1","KIDE":"211/1"},"geometry":{"type":"MultiPolygon","coordinates":[[[[78.007602852147343,8.790356937889765],[78.007844455052776,8.791833748896069],[78.007927165842872,8.791799817194519],[78.008276855229667,8.791656358815088],[78.007853509809237,8.790418081224743],[78.007602852147343,8.790356937889765]]]]}}
]
}
