{
"type": "FeatureCollection",
"name": "Allikulam_Park_Cadastral_Map",
"crs": { "type": "name", "properties": { "name": "urn:ogc:def:crs:OGC:1.3:CRS84" } },
"features": [
{"type":"Feature","properties":{"dist_name":"Thoothukudi","taluk_name":"Thoothukudi","vil_name":"Keelathattaparai","unit_id":"6","block_id":"2","survey_no":"384"},"geometry":{"type":"MultiPolygon","coordinates":[[[[78.026714331264031,8.782647763930264,0.0],[78.027162503311359,8.782317333755364,0.0],[78.027115240960626,8.782189656596604,0.0],[78.027020063215872,8.7819325373938,0.0],[78.027310496109592,8.781639921756442,0.0],[78.027778118630707,8.781155192419581,0.0],[78.028015698192149,8.780891270500483,0.0],[78.0279155857408,8.780697245741171,0.0],[78.027589387666538,8.780042930200329,0.0],[78.027378256910595,8.779604036203045,0.0],[78.027112393160891,8.779351896531566,0.0],[78.026759835259256,8.778956128744884,0.0],[78.02673987854233,8.77893588459219,0.0],[78.026417662674405,8.780080870452295,0.0],[78.026681208242863,8.780990764925972,0.0],[78.026358863507625,8.781548837637082,0.0],[78.026402624226165,8.781683848164725,0.0],[78.026218765717601,8.782297311571021,0.0],[78.026454994396175,8.78284654895784,0.0],[78.026714331264031,8.782647763930264,0.0]]]]}},
{"type":"Feature","properties":{"dist_name":"Thoothukudi","taluk_name":"Thoothukudi","vil_name":"Keelathattaparai","unit_id":"6","block_id":"1","survey_no":"381"},"geometry":{"type":"MultiPolygon","coordinates":[[[[78.027956810145312,8.783067993907535,0.0],[78.028018874885134,8.783127117901893,0.0],[78.028513912671983,8.782837071702357,0.0],[78.028861754538582,8.782552456364325,0.0],[78.029524340294088,8.782036070859379,0.0],[78.029240575348155,8.781816821271844,0.0],[78.029118655189421,8.7819011357071,0.0],[78.028783967830378,8.78144774756039,0.0],[78.028431348178117,8.781726976112889,0.0],[78.028282225151329,8.781821205029519,0.0],[78.028397806532027,8.782053131634786,0.0],[78.0280533449492,8.782455851855021,0.0],[78.027510792705385,8.783032972870792,0.0],[78.027662751517269,8.783335285468194,0.0],[78.027956810145312,8.783067993907535,0.0]]]]}},
{"type":"Feature","properties":{"dist_name":"Thoothukudi","taluk_name":"Thoothukudi","vil_name":"Peroorani","unit_id":"5","block_id":"1","survey_no":"176"},"geometry":{"type":"MultiPolygon","coordinates":[[[[78.009120778715697,8.782567540766793,0.0],[78.008917087654652,8.781941643733536,0.0],[78.008915394841793,8.781935446215748,0.0],[78.00847223375078,8.780338067658219,0.0],[78.007832406578046,8.780503498879737,0.0],[78.00785323215959,8.78058474671634,0.0],[78.007910784479463,8.7808431220671,0.0],[78.00812272582678,8.781839303961355,0.0],[78.008320697874055,8.782735082179949,0.0],[78.009120778715697,8.782567540766793,0.0]]]]}},
{"type":"Feature","properties":{"dist_name":"Thoothukudi","taluk_name":"Thoothukudi","vil_name":"Keelathattaparai","unit_id":"6","block_id":"1","survey_no":"382"},"geometry":{"type":"MultiPolygon","coordinates":[[[[78.0280533449492,8.782455851855021,0.0],[78.028397806532027,8.782053131634786,0.0],[78.028282225151329,8.781821205029519,0.0],[78.028072368775639,8.781400102489824,0.0],[78.027628288867291,8.781598405509536,0.0],[78.027724446607664,8.781913422598226,0.0],[78.027115240960626,8.782189656596604,0.0],[78.027162503311359,8.782317333755364,0.0],[78.027491270296593,8.782994134393302,0.0],[78.027510792705385,8.783032972870792,0.0],[78.0280533449492,8.782455851855021,0.0]]]]}},
{"type":"Feature","properties":{"dist_name":"Thoothukudi","taluk_name":"Thoothukudi","vil_name":"Keelathattaparai","unit_id":"6","block_id":"2","survey_no":"387"},"geometry":{"type":"MultiPolygon","coordinates":[[[[78.026593265701834,8.77878715220125,0.0],[78.02682689480288,8.778558342963422,0.0],[78.026058137585423,8.778107930976404,0.0],[78.025447508249115,8.778538067260438,0.0],[78.025265718609717,8.77876900858374,0.0],[78.0253453324747,8.778910356182767,0.0],[78.025476167869243,8.77888994356082,0.0],[78.025818194411954,8.779344420955379,0.0],[78.025998657139667,8.779521658351467,0.0],[78.026593265701834,8.77878715220125,0.0]]]]}},
{"type":"Feature","properties":{"dist_name":"Thoothukudi","taluk_name":"Thoothukudi","vil_name":"Peroorani","unit_id":"5","block_id":"1","survey_no":"174"},"geometry":{"type":"MultiPolygon","coordinates":[[[[78.00918467841808,8.781869946743894,0.0],[78.009532413525307,8.78178684206944,0.0],[78.010430874595301,8.781583470702163,0.0],[78.010484371237595,8.78157158136823,0.0],[78.010069495530018,8.780090032221256,0.0],[78.009912055171526,8.780120146207052,0.0],[78.008455862247871,8.780252313337938,0.0],[78.00847223375078,8.780338067658219,0.0],[78.008915394841793,8.781935446215748,0.0],[78.00918467841808,8.781869946743894,0.0]]]]}},
{"type":"Feature","properties":{"dist_name":"Thoothukudi","taluk_name":"Thoothukudi","vil_name":"Keelathattaparai","unit_id":"6","block_id":"2","survey_no":"388"},"geometry":{"type":"MultiPolygon","coordinates":[[[[78.027149297046577,8.778242593210198,0.0],[78.027312513272861,8.778086461451137,0.0],[78.027259533878379,8.778034764367501,0.0],[78.027274637181492,8.77796154512596,0.0],[78.027144308864365,8.777740532279068,0.0],[78.027213745711464,8.777680142287798,0.0],[78.027274585849597,8.77749889468792,0.0],[78.027402082312307,8.777375730276903,0.0],[78.027218514327416,8.776961681994866,0.0],[78.027057428312105,8.777021641704259,0.0],[78.026678944223576,8.777282779064613,0.0],[78.026549444719564,8.777361975440005,0.0],[78.026387114276986,8.777589496499182,0.0],[78.026107703619132,8.77783810412604,0.0],[78.026159521961276,8.778036515245011,0.0],[78.026076791689846,8.778094791067643,0.0],[78.026058137585423,8.778107930976404,0.0],[78.02682689480288,8.778558342963422,0.0],[78.027149297046577,8.778242593210198,0.0]]]]}},
{"type":"Feature","properties":{"dist_name":"Thoothukudi","taluk_name":"Thoothukudi","vil_name":"Peroorani","unit_id":"5","block_id":"2","survey_no":"175"},"geometry":{"type":"MultiPolygon","coordinates":[[[[78.010149801039859,8.7828037427468,0.0],[78.010087140284639,8.782506800144397,0.0],[78.010681733763249,8.782320621809891,0.0],[78.010430874595301,8.781583470702163,0.0],[78.009532413525307,8.78178684206944,0.0],[78.00918467841808,8.781869946743894,0.0],[78.008915394841793,8.781935446215748,0.0],[78.008917087654652,8.781941643733536,0.0],[78.009120778715697,8.782567540766793,0.0],[78.009269336244927,8.783038296114647,0.0],[78.010149801039859,8.7828037427468,0.0]]]]}},
{"type":"Feature","properties":{"dist_name":"Thoothukudi","taluk_name":"Thoothukudi","vil_name":"Keelathattaparai","unit_id":"6","block_id":"2","survey_no":"385"},"geometry":{"type":"MultiPolygon","coordinates":[[[[78.026218765717601,8.782297311571021,0.0],[78.026402624226165,8.781683848164725,0.0],[78.026358863507625,8.781548837637082,0.0],[78.026681208242863,8.780990764925972,0.0],[78.026417662674405,8.780080870452295,0.0],[78.025953287071829,8.780525653742474,0.0],[78.025749402964223,8.780854877400269,0.0],[78.026045645142815,8.7812071414305,0.0],[78.025967290795904,8.781369369808079,0.0],[78.02626768108766,8.781622589710693,0.0],[78.025995563274307,8.782143856903822,0.0],[78.026098319696416,8.782344253799522,0.0],[78.026218765717601,8.782297311571021,0.0]]]]}},
{"type":"Feature","properties":{"dist_name":"Thoothukudi","taluk_name":"Thoothukudi","vil_name":"Keelathattaparai","unit_id":"6","block_id":"2","survey_no":"386"},"geometry":{"type":"MultiPolygon","coordinates":[[[[78.026417662674405,8.780080870452295,0.0],[78.02673987854233,8.77893588459219,0.0],[78.026593265701834,8.77878715220125,0.0],[78.025998657139667,8.779521658351467,0.0],[78.025818194411954,8.779344420955379,0.0],[78.025381737784869,8.779759990134437,0.0],[78.025953287071829,8.780525653742474,0.0],[78.026417662674405,8.780080870452295,0.0]]]]}},
{"type":"Feature","properties":{"dist_name":"Thoothukudi","taluk_name":"Thoothukudi","vil_name":"Peroorani","unit_id":"4","block_id":"8","survey_no":"213"},"geometry":{"type":"MultiPolygon","coordinates":[[[[78.010048850641851,8.790831867947094,0.0],[78.010511065771425,8.790703798976324,0.0],[78.011095201070546,8.789218640830201,0.0],[78.010947473186206,8.788877586251051,0.0],[78.010277109102645,8.789158229044794,0.0],[78.009431337197313,8.78949150998665,0.0],[78.009475033726346,8.78986638983878,0.0],[78.009071728826058,8.789960346827211,0.0],[78.008667575052314,8.790069499064677,0.0],[78.008312516492822,8.790157342955933,0.0],[78.008324457668266,8.790163304538185,0.0],[78.008989284983471,8.790572281961259,0.0],[78.009623011442699,8.790949858344735,0.0],[78.010048850641851,8.790831867947094,0.0]]]]}},
{"type":"Feature","properties":{"dist_name":"Thoothukudi","taluk_name":"Thoothukudi","vil_name":"Keelathattaparai","unit_id":"6","block_id":"3","survey_no":"391"},"geometry":{"type":"MultiPolygon","coordinates":[[[[78.024679669543758,8.778615974278894,0.0],[78.024658058145917,8.778635009398684,0.0],[78.024271218501156,8.77897573769636,0.0],[78.023712358360029,8.779459751185012,0.0],[78.023863660353967,8.779661626830087,0.0],[78.024513595059432,8.779702609801575,0.0],[78.024679669543758,8.778615974278894,0.0]]]]}},
{"type":"Feature","properties":{"dist_name":"Thoothukudi","taluk_name":"Thoothukudi","vil_name":"Keelathattaparai","unit_id":"6","block_id":"3","survey_no":"392"},"geometry":{"type":"MultiPolygon","coordinates":[[[[78.022694840423711,8.780786773223353,0.0],[78.023313871739248,8.780196065684724,0.0],[78.023863660353967,8.779661626830087,0.0],[78.023712358360029,8.779459751185012,0.0],[78.02317254240765,8.779963873229644,0.0],[78.021960159863028,8.781021649638035,0.0],[78.021770751587525,8.781181949322121,0.0],[78.021940092793983,8.781460697654872,0.0],[78.022694840423711,8.780786773223353,0.0]]]]}},
{"type":"Feature","properties":{"dist_name":"Thoothukudi","taluk_name":"Thoothukudi","vil_name":"Peroorani","unit_id":"4","block_id":"8","survey_no":"211"},"geometry":{"type":"MultiPolygon","coordinates":[[[[78.008276855229667,8.791656358815088,0.0],[78.008904611036229,8.791482762346106,0.0],[78.009248144787435,8.791401616697236,0.0],[78.00880793003752,8.790985819169173,0.0],[78.008510942387517,8.790708802150634,0.0],[78.008131572123361,8.790485909421534,0.0],[78.007943468721507,8.790436792946064,0.0],[78.007602852147343,8.790356937889765,0.0],[78.007786254869146,8.791488584983714,0.0],[78.007844455052776,8.791833748896069,0.0],[78.008276855229667,8.791656358815088,0.0]]]]}},
{"type":"Feature","properties":{"dist_name":"Thoothukudi","taluk_name":"Thoothukudi","vil_name":"Keelathattaparai","unit_id":"6","block_id":"2","survey_no":"389"},"geometry":{"type":"MultiPolygon","coordinates":[[[[78.025447508249115,8.778538067260438,0.0],[78.026058137585423,8.778107930976404,0.0],[78.026076791689846,8.778094791067643,0.0],[78.026159521961276,8.778036515245011,0.0],[78.026107703619132,8.77783810412604,0.0],[78.025851241397021,8.778025655464518,0.0],[78.025599724846685,8.77811591306773,0.0],[78.025172549595027,8.778292595837625,0.0],[78.02525702973935,8.778753582405962,0.0],[78.025265718609717,8.77876900858374,0.0],[78.025447508249115,8.778538067260438,0.0]]]]}},
{"type":"Feature","properties":{"dist_name":"Thoothukudi","taluk_name":"Thoothukudi","vil_name":"Keelathattaparai","unit_id":"6","block_id":"2","survey_no":"390"},"geometry":{"type":"MultiPolygon","coordinates":[[[[78.0253453324747,8.778910356182767,0.0],[78.025265718609717,8.77876900858374,0.0],[78.02525702973935,8.778753582405962,0.0],[78.025172549595027,8.778292595837625,0.0],[78.025035441776907,8.778302608848007,0.0],[78.024679669543758,8.778615974278894,0.0],[78.024513595059432,8.779702609801575,0.0],[78.0253453324747,8.778910356182767,0.0]]]]}},
{"type":"Feature","properties":{"dist_name":"Thoothukudi","taluk_name":"Thoothukudi","vil_name":"Ramasamypuram","unit_id":"2","block_id":"9","survey_no":"129"},"geometry":{"type":"MultiPolygon","coordinates":[[[[78.005629916649127,8.786875226014905,0.0],[78.005341709038476,8.785514415433168,0.0],[78.005112327748535,8.784558971596844,0.0],[78.003870630892166,8.784777291039752,0.0],[78.003176338980097,8.784890893533271,0.0],[78.003400476015699,8.786072489941104,0.0],[78.003500797426383,8.786063828955783,0.0],[78.003937023021749,8.786026168878374,0.0],[78.004186175641621,8.786977605846918,0.0],[78.004249349852245,8.78718829058027,0.0],[78.005629916649127,8.786875226014905,0.0]]]]}},
{"type":"Feature","properties":{"dist_name":"Thoothukudi","taluk_name":"Thoothukudi","vil_name":"Peroorani","unit_id":"4","block_id":"8","survey_no":"214"},"geometry":{"type":"MultiPolygon","coordinates":[[[[78.009475033726346,8.78986638983878,0.0],[78.009431337197313,8.78949150998665,0.0],[78.010277109102645,8.789158229044794,0.0],[78.010947473186206,8.788877586251051,0.0],[78.01113549415922,8.788853812093901,0.0],[78.010931300773308,8.788206749273307,0.0],[78.010785939518072,8.787727126208006,0.0],[78.010643087176391,8.787726427653691,0.0],[78.010537118829376,8.787353720574657,0.0],[78.010445808863267,8.787147672548212,0.0],[78.009850413536924,8.787384110681167,0.0],[78.009813693243274,8.787346103591503,0.0],[78.008998734015151,8.78755106100447,0.0],[78.008991685036378,8.78755258449659,0.0],[78.008568213117201,8.787642382183643,0.0],[78.008698046526689,8.788238899678261,0.0],[78.008879859030714,8.789083716160697,0.0],[78.008977621059259,8.789533583257597,0.0],[78.009071728826058,8.789960346827211,0.0],[78.009475033726346,8.78986638983878,0.0]]]]}},
{"type":"Feature","properties":{"dist_name":"Thoothukudi","taluk_name":"Thoothukudi","vil_name":"Peroorani","unit_id":"4","block_id":"11","survey_no":"215"},"geometry":{"type":"MultiPolygon","coordinates":[[[[78.011760392962699,8.788878166735003,0.0],[78.012165070677241,8.788677175085819,0.0],[78.012342709880713,8.788635257674136,0.0],[78.012676307972185,8.788523420678645,0.0],[78.012735815585273,8.788714822773692,0.0],[78.012734559057122,8.788722449819359,0.0],[78.013202856847357,8.788535019389375,0.0],[78.013025301356464,8.787920880365487,0.0],[78.013233155807825,8.787811115930541,0.0],[78.013335845401187,8.787771415084036,0.0],[78.013344937311871,8.787768676527808,0.0],[78.013262935159062,8.787541124264564,0.0],[78.013120693112398,8.787018052289032,0.0],[78.013042778354631,8.786699650495446,0.0],[78.012552327235738,8.786733661942275,0.0],[78.012290222659061,8.786821292032046,0.0],[78.011914076886114,8.786928289159519,0.0],[78.011428923113925,8.787068559736381,0.0],[78.011189878315179,8.787136883841571,0.0],[78.011209597351765,8.787220582084728,0.0],[78.010537118829376,8.787353720574657,0.0],[78.010643087176391,8.787726427653691,0.0],[78.010785939518072,8.787727126208006,0.0],[78.010931300773308,8.788206749273307,0.0],[78.01113549415922,8.788853812093901,0.0],[78.010947473186206,8.788877586251051,0.0],[78.011095201070546,8.789218640830201,0.0],[78.011760392962699,8.788878166735003,0.0]]]]}},
{"type":"Feature","properties":{"dist_name":"Thoothukudi","taluk_name":"Thoothukudi","vil_name":"Peroorani","unit_id":"4","block_id":"11","survey_no":"218"},"geometry":{"type":"MultiPolygon","coordinates":[[[[78.010727492270661,8.791039153519169,0.0],[78.01137521583712,8.790743862383632,0.0],[78.011715521895582,8.790592705910303,0.0],[78.011617454337568,8.790053475158155,0.0],[78.012625619884943,8.789674530360926,0.0],[78.01285187593011,8.789591103204653,0.0],[78.01269106935635,8.788982908228295,0.0],[78.012400301838014,8.78906143027306,0.0],[78.012256356749944,8.789123374026454,0.0],[78.011760072941541,8.789497123636199,0.0],[78.011287049457621,8.789863802957477,0.0],[78.010993983441239,8.790459084027201,0.0],[78.01080286623268,8.790848930357367,0.0],[78.010721704247345,8.791040606101827,0.0],[78.010727492270661,8.791039153519169,0.0]]]]}},
{"type":"Feature","properties":{"dist_name":"Thoothukudi","taluk_name":"Thoothukudi","vil_name":"Peroorani","unit_id":"4","block_id":"11","survey_no":"219"},"geometry":{"type":"MultiPolygon","coordinates":[[[[78.013818461215735,8.789197435438682,0.0],[78.014570349139831,8.788742684817697,0.0],[78.015019919879691,8.788523215359549,0.0],[78.015045835488039,8.788513605987122,0.0],[78.014501648804924,8.788571014715009,0.0],[78.014299757446508,8.788704672829713,0.0],[78.013961397788705,8.78892867791723,0.0],[78.013672563350667,8.789126047984144,0.0],[78.01354407725789,8.789106577376481,0.0],[78.013243467799867,8.78906374277469,0.0],[78.012962792603417,8.789023411549897,0.0],[78.01269106935635,8.788982908228295,0.0],[78.01285187593011,8.789591103204653,0.0],[78.013818461215735,8.789197435438682,0.0]]]]}},
{"type":"Feature","properties":{"dist_name":"Thoothukudi","taluk_name":"Thoothukudi","vil_name":"Peroorani","unit_id":"5","block_id":"4","survey_no":"224"},"geometry":{"type":"MultiPolygon","coordinates":[[[[78.014431403974925,8.787441403999528,0.0],[78.01547467252027,8.787032292883914,0.0],[78.015781350108895,8.786945362486133,0.0],[78.015659593224456,8.786656772149323,0.0],[78.015530651913195,8.786326184804535,0.0],[78.015433296586039,8.786066295941154,0.0],[78.015102403074934,8.786164142155284,0.0],[78.01437647050534,8.786371480356181,0.0],[78.014193654290381,8.786425008958082,0.0],[78.013621808782304,8.786592743674078,0.0],[78.013042778354631,8.786699650495446,0.0],[78.013120693112398,8.787018052289032,0.0],[78.013262935159062,8.787541124264564,0.0],[78.013344937311871,8.787768676527808,0.0],[78.014431403974925,8.787441403999528,0.0]]]]}},
{"type":"Feature","properties":{"dist_name":"Thoothukudi","taluk_name":"Thoothukudi","vil_name":"Peroorani","unit_id":"5","block_id":"4","survey_no":"225"},"geometry":{"type":"MultiPolygon","coordinates":[[[[78.013042778354631,8.786699650495446,0.0],[78.013621808782304,8.786592743674078,0.0],[78.014193654290381,8.786425008958082,0.0],[78.01437647050534,8.786371480356181,0.0],[78.014060325660438,8.78549425380292,0.0],[78.0138341088917,8.784982494764716,0.0],[78.01343683542855,8.785079606933879,0.0],[78.013145047817233,8.784443632530818,0.0],[78.012094951341766,8.784717654514631,0.0],[78.012203011317325,8.785218965887356,0.0],[78.01242312110783,8.786177598767141,0.0],[78.012552327235738,8.786733661942275,0.0],[78.013042778354631,8.786699650495446,0.0]]]]}},
{"type":"Feature","properties":{"dist_name":"Thoothukudi","taluk_name":"Thoothukudi","vil_name":"Peroorani","unit_id":"4","block_id":"11","survey_no":"222"},"geometry":{"type":"MultiPolygon","coordinates":[[[[78.014165699141259,8.788580761222711,0.0],[78.014436773685674,8.788406634252276,0.0],[78.014747755707845,8.788341355154326,0.0],[78.014431403974925,8.787441403999528,0.0],[78.013344937311871,8.787768676527808,0.0],[78.013335845401187,8.787771415084036,0.0],[78.013233155807825,8.787811115930541,0.0],[78.013025301356464,8.787920880365487,0.0],[78.013202856847357,8.788535019389375,0.0],[78.012734559057122,8.788722449819359,0.0],[78.012730323990155,8.788748155827395,0.0],[78.013680073988297,8.788916744303172,0.0],[78.014165699141259,8.788580761222711,0.0]]]]}},
{"type":"Feature","properties":{"dist_name":"Thoothukudi","taluk_name":"Thoothukudi","vil_name":"Peroorani","unit_id":"5","block_id":"4","survey_no":"223"},"geometry":{"type":"MultiPolygon","coordinates":[[[[78.015433343224558,8.78803075227324,0.0],[78.015751029777334,8.78788080233492,0.0],[78.01547467252027,8.787032292883914,0.0],[78.014431403974925,8.787441403999528,0.0],[78.014747755707845,8.788341355154326,0.0],[78.015433343224558,8.78803075227324,0.0]]]]}},
{"type":"Feature","properties":{"dist_name":"Thoothukudi","taluk_name":"Thoothukudi","vil_name":"Peroorani","unit_id":"5","block_id":"2","survey_no":"197"},"geometry":{"type":"MultiPolygon","coordinates":[[[[78.006584459593313,8.784775601130388,0.0],[78.007322824552432,8.784585717186634,0.0],[78.00737712344646,8.784625372193673,0.0],[78.008250177341438,8.784435408296901,0.0],[78.008583828219145,8.784364389275138,0.0],[78.008564767443758,8.784220001592562,0.0],[78.0084503642681,8.784039924450052,0.0],[78.008430976077832,8.783841513931467,0.0],[78.008320697874055,8.782735082179949,0.0],[78.007941569750187,8.78279346831971,0.0],[78.006656911350717,8.783004561421063,0.0],[78.005991028971636,8.783077820727895,0.0],[78.005938906116853,8.783391537349912,0.0],[78.006355759623688,8.78484154972536,0.0],[78.006584459593313,8.784775601130388,0.0]]]]}},
{"type":"Feature","properties":{"dist_name":"Thoothukudi","taluk_name":"Thoothukudi","vil_name":"Peroorani","unit_id":"5","block_id":"3","survey_no":"200"},"geometry":{"type":"MultiPolygon","coordinates":[[[[78.009777447039568,8.785013822120181,0.0],[78.00980458835437,8.785118832653255,0.0],[78.010607078196514,8.784946908718879,0.0],[78.010571938014351,8.784719073777818,0.0],[78.010518934281748,8.784340012949283,0.0],[78.010416899454157,8.78397555698057,0.0],[78.009913849154941,8.784080087584751,0.0],[78.009581608956438,8.784149508863596,0.0],[78.009461874243954,8.783980739317808,0.0],[78.009253333964253,8.784037136061951,0.0],[78.008952911767494,8.784114964208305,0.0],[78.008564767443758,8.784220001592562,0.0],[78.008583828219145,8.784364389275138,0.0],[78.008739786438497,8.785223407704894,0.0],[78.009777447039568,8.785013822120181,0.0]]]]}},
{"type":"Feature","properties":{"dist_name":"Thoothukudi","taluk_name":"Thoothukudi","vil_name":"Peroorani","unit_id":"4","block_id":"9","survey_no":"201"},"geometry":{"type":"MultiPolygon","coordinates":[[[[78.011189878315179,8.787136883841571,0.0],[78.011428923113925,8.787068559736381,0.0],[78.011914076886114,8.786928289159519,0.0],[78.012290222659061,8.786821292032046,0.0],[78.012552327235738,8.786733661942275,0.0],[78.01242312110783,8.786177598767141,0.0],[78.012203011317325,8.785218965887356,0.0],[78.012094951341766,8.784717654514631,0.0],[78.0119124613704,8.784749346768084,0.0],[78.011473210698995,8.784827303663644,0.0],[78.011054244983754,8.784888552090345,0.0],[78.010607078196514,8.784946908718879,0.0],[78.010702061863228,8.785361848773848,0.0],[78.01083596492407,8.785916979353345,0.0],[78.010981401976878,8.786536853785709,0.0],[78.011084230519558,8.786943620687429,0.0],[78.011134961132313,8.787151827351178,0.0],[78.011189878315179,8.787136883841571,0.0]]]]}},
{"type":"Feature","properties":{"dist_name":"Thoothukudi","taluk_name":"Thoothukudi","vil_name":"Peroorani","unit_id":"5","block_id":"2","survey_no":"198"},"geometry":{"type":"MultiPolygon","coordinates":[[[[78.008952911767494,8.784114964208305,0.0],[78.009253333964253,8.784037136061951,0.0],[78.009461874243954,8.783980739317808,0.0],[78.009269336244927,8.783038296114647,0.0],[78.009120778715697,8.782567540766793,0.0],[78.008320697874055,8.782735082179949,0.0],[78.008430976077832,8.783841513931467,0.0],[78.0084503642681,8.784039924450052,0.0],[78.008564767443758,8.784220001592562,0.0],[78.008952911767494,8.784114964208305,0.0]]]]}},
{"type":"Feature","properties":{"dist_name":"Thoothukudi","taluk_name":"Thoothukudi","vil_name":"Peroorani","unit_id":"5","block_id":"2","survey_no":"199"},"geometry":{"type":"MultiPolygon","coordinates":[[[[78.011719299712738,8.784071741783144,0.0],[78.011612446872221,8.783581508089979,0.0],[78.011181104465763,8.783689154050695,0.0],[78.011056844148527,8.783092659117409,0.0],[78.010872334762084,8.783120090975592,0.0],[78.010681733763249,8.782320621809891,0.0],[78.010087140284639,8.782506800144397,0.0],[78.010149801039859,8.7828037427468,0.0],[78.009269336244927,8.783038296114647,0.0],[78.009461874243954,8.783980739317808,0.0],[78.009581608956438,8.784149508863596,0.0],[78.009913849154941,8.784080087584751,0.0],[78.010416899454157,8.78397555698057,0.0],[78.010518934281748,8.784340012949283,0.0],[78.011719299712738,8.784071741783144,0.0]]]]}},
{"type":"Feature","properties":{"dist_name":"Thoothukudi","taluk_name":"Thoothukudi","vil_name":"Peroorani","unit_id":"5","block_id":"3","survey_no":"204"},"geometry":{"type":"MultiPolygon","coordinates":[[[[78.007106538203374,8.785600802811089,0.0],[78.007857634312899,8.785423191703174,0.0],[78.008440168728498,8.785297800269504,0.0],[78.008739786438497,8.785223407704894,0.0],[78.008583828219145,8.784364389275138,0.0],[78.008250177341438,8.784435408296901,0.0],[78.00737712344646,8.784625372193673,0.0],[78.007322824552432,8.784585717186634,0.0],[78.006584459593313,8.784775601130388,0.0],[78.006355759623688,8.78484154972536,0.0],[78.006579798900191,8.785720571304029,0.0],[78.007106538203374,8.785600802811089,0.0]]]]}},
{"type":"Feature","properties":{"dist_name":"Thoothukudi","taluk_name":"Thoothukudi","vil_name":"Peroorani","unit_id":"4","block_id":"9","survey_no":"202"},"geometry":{"type":"MultiPolygon","coordinates":[[[[78.011209597351765,8.787220582084728,0.0],[78.011189878315179,8.787136883841571,0.0],[78.011134961132313,8.787151827351178,0.0],[78.011084230519558,8.786943620687429,0.0],[78.010981401976878,8.786536853785709,0.0],[78.01083596492407,8.785916979353345,0.0],[78.010702061863228,8.785361848773848,0.0],[78.010607078196514,8.784946908718879,0.0],[78.00980458835437,8.785118832653255,0.0],[78.010193694125988,8.786622304540625,0.0],[78.010445808863267,8.787147672548212,0.0],[78.010537118829376,8.787353720574657,0.0],[78.011209597351765,8.787220582084728,0.0]]]]}},
{"type":"Feature","properties":{"dist_name":"Thoothukudi","taluk_name":"Thoothukudi","vil_name":"Peroorani","unit_id":"4","block_id":"9","survey_no":"203"},"geometry":{"type":"MultiPolygon","coordinates":[[[[78.008998734015151,8.78755106100447,0.0],[78.009813693243274,8.787346103591503,0.0],[78.009850413536924,8.787384110681167,0.0],[78.010445808863267,8.787147672548212,0.0],[78.010193694125988,8.786622304540625,0.0],[78.00980458835437,8.785118832653255,0.0],[78.009777447039568,8.785013822120181,0.0],[78.008739786438497,8.785223407704894,0.0],[78.008440168728498,8.785297800269504,0.0],[78.00860838091748,8.785994296655808,0.0],[78.008717002372322,8.786468589966937,0.0],[78.008991685036378,8.78755258449659,0.0],[78.008998734015151,8.78755106100447,0.0]]]]}},
{"type":"Feature","properties":{"dist_name":"Thoothukudi","taluk_name":"Thoothukudi","vil_name":"Keelathattaparai","unit_id":"7","block_id":"2","survey_no":"283"},"geometry":{"type":"MultiPolygon","coordinates":[[[[78.03813357243493,8.780029404376199,0.0],[78.038701120447044,8.779942955414528,0.0],[78.038558538599759,8.779229030067585,0.0],[78.038180146487292,8.778015098907273,0.0],[78.038061829941711,8.777704312656532,0.0],[78.037613298852932,8.776486826181811,0.0],[78.037024337411736,8.777008777431,0.0],[78.037166957560004,8.777283362727292,0.0],[78.036783727194972,8.777874851503057,0.0],[78.037029119403627,8.778659503333182,0.0],[78.037223266274964,8.779309299765766,0.0],[78.037483441175041,8.780187879360659,0.0],[78.03813357243493,8.780029404376199,0.0]]]]}},
{"type":"Feature","properties":{"dist_name":"Thoothukudi","taluk_name":"Thoothukudi","vil_name":"Peroorani","unit_id":"4","block_id":"10","survey_no":"206"},"geometry":{"type":"MultiPolygon","coordinates":[[[[78.008991685036378,8.78755258449659,0.0],[78.008717002372322,8.786468589966937,0.0],[78.00860838091748,8.785994296655808,0.0],[78.008440168728498,8.785297800269504,0.0],[78.007857634312899,8.785423191703174,0.0],[78.007106538203374,8.785600802811089,0.0],[78.006579798900191,8.785720571304029,0.0],[78.006581864821101,8.785728614803812,0.0],[78.006813055456973,8.786571758755912,0.0],[78.007021469117717,8.78723862774496,0.0],[78.007043615617363,8.787298680956303,0.0],[78.007055521191248,8.787363356170543,0.0],[78.007350830248058,8.787287950481995,0.0],[78.007343314506159,8.787206298093352,0.0],[78.007897128690502,8.787093041587664,0.0],[78.00801387009966,8.787388206020731,0.0],[78.008559794179689,8.787282424766362,0.0],[78.008568213117201,8.787642382183643,0.0],[78.008991685036378,8.78755258449659,0.0]]]]}},
{"type":"Feature","properties":{"dist_name":"Thoothukudi","taluk_name":"Thoothukudi","vil_name":"Peroorani","unit_id":"4","block_id":"10","survey_no":"207"},"geometry":{"type":"MultiPolygon","coordinates":[[[[78.008667575052314,8.790069499064677,0.0],[78.009071728826058,8.789960346827211,0.0],[78.008977621059259,8.789533583257597,0.0],[78.008879859030714,8.789083716160697,0.0],[78.008698046526689,8.788238899678261,0.0],[78.008568213117201,8.787642382183643,0.0],[78.008559794179689,8.787282424766362,0.0],[78.00801387009966,8.787388206020731,0.0],[78.007897128690502,8.787093041587664,0.0],[78.007343314506159,8.787206298093352,0.0],[78.007350830248058,8.787287950481995,0.0],[78.007055521191248,8.787363356170543,0.0],[78.007209796405945,8.787833797863968,0.0],[78.007356446352105,8.788261359516778,0.0],[78.007593517190699,8.788917688783418,0.0],[78.007698420938851,8.789277634613276,0.0],[78.0078930695596,8.789947948770857,0.0],[78.008312516492822,8.790157342955933,0.0],[78.008667575052314,8.790069499064677,0.0]]]]}},
{"type":"Feature","properties":{"dist_name":"Thoothukudi","taluk_name":"Thoothukudi","vil_name":"Keelathattaparai","unit_id":"7","block_id":"2","survey_no":"282"},"geometry":{"type":"MultiPolygon","coordinates":[[[[78.037091382485585,8.780302344061317,0.0],[78.037483441175041,8.780187879360659,0.0],[78.037223266274964,8.779309299765766,0.0],[78.037029119403627,8.778659503333182,0.0],[78.036783727194972,8.777874851503057,0.0],[78.037166957560004,8.777283362727292,0.0],[78.037024337411736,8.777008777431,0.0],[78.036879622520672,8.777148576684343,0.0],[78.0365853523449,8.777555437890856,0.0],[78.036348465455035,8.777867834054323,0.0],[78.035996253918057,8.778376268350893,0.0],[78.035646003886058,8.77887958869823,0.0],[78.035914636241031,8.779221060113379,0.0],[78.03652680720819,8.778781825098321,0.0],[78.036577629147786,8.779351580383596,0.0],[78.036668413241969,8.780102154170127,0.0],[78.036780337237289,8.780407339353063,0.0],[78.037091382485585,8.780302344061317,0.0]]]]}},
{"type":"Feature","properties":{"dist_name":"Thoothukudi","taluk_name":"Thoothukudi","vil_name":"Keelathattaparai","unit_id":"7","block_id":"3","survey_no":"335"},"geometry":{"type":"MultiPolygon","coordinates":[[[[78.040123994105443,8.780124719123133,0.0],[78.04074273389574,8.779961277351031,0.0],[78.040050128892773,8.777471905560496,0.0],[78.039768137050416,8.777545856054134,0.0],[78.039710821399154,8.777623392424628,0.0],[78.03987266886935,8.778372659702427,0.0],[78.0399629597173,8.778872405439227,0.0],[78.039987804559487,8.77887374735295,0.0],[78.040099574951029,8.780131098476691,0.0],[78.040123994105443,8.780124719123133,0.0]]]]}},
{"type":"Feature","properties":{"dist_name":"Thoothukudi","taluk_name":"Thoothukudi","vil_name":"Umarikottai","unit_id":"1","block_id":"10","survey_no":"211"},"geometry":{"type":"MultiPolygon","coordinates":[[[[77.997274328665782,8.800639931415382,0.0],[77.997662362237918,8.800546429173966,0.0],[77.998558977532525,8.800308078582386,0.0],[77.999364096177231,8.800094507207129,0.0],[77.999316777902749,8.799935439309872,0.0],[77.998578026299754,8.799935582673029,0.0],[77.998390609215903,8.799181957463205,0.0],[77.997856770490472,8.799074512471803,0.0],[77.997453840042738,8.799026988543682,0.0],[77.997421784642341,8.798931382758852,0.0],[77.996068691001426,8.799060749507216,0.0],[77.996179126168727,8.799575610707155,0.0],[77.996339050198955,8.800265813163568,0.0],[77.996525657608302,8.800276026815236,0.0],[77.99664222772661,8.800793642043566,0.0],[77.997274328665782,8.800639931415382,0.0]]]]}},
{"type":"Feature","properties":{"dist_name":"Thoothukudi","taluk_name":"Thoothukudi","vil_name":"Keelathattaparai","unit_id":"7","block_id":"2","survey_no":"333"},"geometry":{"type":"MultiPolygon","coordinates":[[[[78.0399924769915,8.78118489749941,0.0],[78.039931836759422,8.780483184047,0.0],[78.0401226330317,8.780434770582923,0.0],[78.040123994105443,8.780124719123133,0.0],[78.040099574951029,8.780131098476691,0.0],[78.039987804559487,8.77887374735295,0.0],[78.0399629597173,8.778872405439227,0.0],[78.039860986792988,8.778866894784819,0.0],[78.039477452146997,8.778974977992256,0.0],[78.038558538599759,8.779229030067585,0.0],[78.038701120447044,8.779942955414528,0.0],[78.039038249673936,8.781055462065048,0.0],[78.039150410094365,8.78141641453132,0.0],[78.0399924769915,8.78118489749941,0.0]]]]}},
{"type":"Feature","properties":{"dist_name":"Thoothukudi","taluk_name":"Thoothukudi","vil_name":"Umarikottai","unit_id":"1","block_id":"8","survey_no":"208"},"geometry":{"type":"MultiPolygon","coordinates":[[[[77.998954694116705,8.804789451028796,0.0],[77.99932686932452,8.804719931839838,0.0],[77.999387116605291,8.804709214564811,0.0],[77.999419477178634,8.804546872477111,0.0],[77.999279268490938,8.803126930905812,0.0],[77.999113616552449,8.802429475684166,0.0],[77.998007316393341,8.802710876245692,0.0],[77.998274367725969,8.803604602878004,0.0],[77.99845930096231,8.804818669315033,0.0],[77.998467186263568,8.80487565100788,0.0],[77.998954694116705,8.804789451028796,0.0]]]]}},
{"type":"Feature","properties":{"dist_name":"Thoothukudi","taluk_name":"Thoothukudi","vil_name":"Keelathattaparai","unit_id":"7","block_id":"3","survey_no":"338"},"geometry":{"type":"MultiPolygon","coordinates":[[[[78.038304851391771,8.77762762688841,0.0],[78.038037455316143,8.776634147967965,0.0],[78.037787888951627,8.776300440283897,0.0],[78.037613298852932,8.776486826181811,0.0],[78.038061829941711,8.777704312656532,0.0],[78.038304851391771,8.77762762688841,0.0]]]]}},
{"type":"Feature","properties":{"dist_name":"Thoothukudi","taluk_name":"Thoothukudi","vil_name":"Umarikottai","unit_id":"1","block_id":"8","survey_no":"209"},"geometry":{"type":"MultiPolygon","coordinates":[[[[77.999113616552449,8.802429475684166,0.0],[77.998827991336881,8.801286770940377,0.0],[77.998104422828618,8.801453389788019,0.0],[77.997667540892706,8.801555950699399,0.0],[77.998007316393341,8.802710876245692,0.0],[77.999113616552449,8.802429475684166,0.0]]]]}},
{"type":"Feature","properties":{"dist_name":"Thoothukudi","taluk_name":"Thoothukudi","vil_name":"Keelathattaparai","unit_id":"7","block_id":"3","survey_no":"339"},"geometry":{"type":"MultiPolygon","coordinates":[[[[78.039820410947442,8.777263475684775,0.0],[78.039830624589612,8.777207021832597,0.0],[78.039573828344203,8.776550050360203,0.0],[78.039363511655324,8.775913108027551,0.0],[78.039356730930649,8.775894282953766,0.0],[78.038726357462394,8.776207233496976,0.0],[78.038037455316143,8.776634147967965,0.0],[78.038304851391771,8.77762762688841,0.0],[78.039820410947442,8.777263475684775,0.0]]]]}},
{"type":"Feature","properties":{"dist_name":"Thoothukudi","taluk_name":"Thoothukudi","vil_name":"Umarikottai","unit_id":"1","block_id":"10","survey_no":"214"},"geometry":{"type":"MultiPolygon","coordinates":[[[[77.996905875866929,8.798350959968058,0.0],[77.997589496578811,8.798023880259626,0.0],[77.99847388649772,8.79765002223969,0.0],[77.998769734770391,8.797534196479415,0.0],[77.998857023798919,8.79723495587249,0.0],[77.999126181038974,8.796719019773573,0.0],[77.999254820231329,8.796353613746508,0.0],[77.999110257168098,8.796235858965872,0.0],[77.998397538542918,8.796638481317917,0.0],[77.997574856433133,8.796860586034978,0.0],[77.996630765004653,8.797190144996499,0.0],[77.996032703687604,8.797407072833179,0.0],[77.996365467945765,8.798618563197206,0.0],[77.996905875866929,8.798350959968058,0.0]]]]}},
{"type":"Feature","properties":{"dist_name":"Thoothukudi","taluk_name":"Thoothukudi","vil_name":"Keelathattaparai","unit_id":"7","block_id":"3","survey_no":"336"},"geometry":{"type":"MultiPolygon","coordinates":[[[[78.039477452146997,8.778974977992256,0.0],[78.039860986792988,8.778866894784819,0.0],[78.0399629597173,8.778872405439227,0.0],[78.03987266886935,8.778372659702427,0.0],[78.039710821399154,8.777623392424628,0.0],[78.038180146487292,8.778015098907273,0.0],[78.038558538599759,8.779229030067585,0.0],[78.039477452146997,8.778974977992256,0.0]]]]}},
{"type":"Feature","properties":{"dist_name":"Thoothukudi","taluk_name":"Thoothukudi","vil_name":"Umarikottai","unit_id":"1","block_id":"10","survey_no":"215"},"geometry":{"type":"MultiPolygon","coordinates":[[[[77.995973812033725,8.798757535707734,0.0],[77.996365467945765,8.798618563197206,0.0],[77.996032703687604,8.797407072833179,0.0],[77.995523127791245,8.797552850448493,0.0],[77.995709521208198,8.798514244285137,0.0],[77.995731748246484,8.798829441736073,0.0],[77.995973812033725,8.798757535707734,0.0]]]]}},
{"type":"Feature","properties":{"dist_name":"Thoothukudi","taluk_name":"Thoothukudi","vil_name":"Keelathattaparai","unit_id":"7","block_id":"3","survey_no":"337"},"geometry":{"type":"MultiPolygon","coordinates":[[[[78.039710821399154,8.777623392424628,0.0],[78.039768137050416,8.777545856054134,0.0],[78.040050128892773,8.777471905560496,0.0],[78.040000428143017,8.777197602035285,0.0],[78.039830624589612,8.777207021832597,0.0],[78.039820410947442,8.777263475684775,0.0],[78.038304851391771,8.77762762688841,0.0],[78.038061829941711,8.777704312656532,0.0],[78.038180146487292,8.778015098907273,0.0],[78.039710821399154,8.777623392424628,0.0]]]]}},
{"type":"Feature","properties":{"dist_name":"Thoothukudi","taluk_name":"Thoothukudi","vil_name":"Umarikottai","unit_id":"1","block_id":"10","survey_no":"212"},"geometry":{"type":"MultiPolygon","coordinates":[[[[77.998771489208792,8.799132149496229,0.0],[77.999168471671183,8.798967117501499,0.0],[77.999023760071594,8.798449771531487,0.0],[77.998929025862225,8.798499168735058,0.0],[77.998494046745833,8.798624351225614,0.0],[77.997421784642341,8.798931382758852,0.0],[77.997453840042738,8.799026988543682,0.0],[77.997856770490472,8.799074512471803,0.0],[77.998390609215903,8.799181957463205,0.0],[77.998771489208792,8.799132149496229,0.0]]]]}},
{"type":"Feature","properties":{"dist_name":"Thoothukudi","taluk_name":"Thoothukudi","vil_name":"Keelathattaparai","unit_id":"7","block_id":"4","survey_no":"342"},"geometry":{"type":"MultiPolygon","coordinates":[[[[78.036657381979921,8.776329467348262,0.0],[78.037205199266566,8.775737096612652,0.0],[78.037683426544731,8.775234096732149,0.0],[78.038300369523967,8.774594401782451,0.0],[78.038346053495999,8.774546835697818,0.0],[78.038316827710915,8.774507787366561,0.0],[78.038264211674743,8.774437489243192,0.0],[78.038118676213301,8.774243043122731,0.0],[78.037727975602351,8.774559557713671,0.0],[78.037289858547723,8.774912141530139,0.0],[78.037161059941582,8.775012174203063,0.0],[78.037070395162402,8.775203304486599,0.0],[78.036941359001347,8.775274176680851,0.0],[78.036874979335892,8.775378201874133,0.0],[78.03651783069084,8.775965067325558,0.0],[78.035896534056207,8.776364948621017,0.0],[78.035557125807387,8.776579934483644,0.0],[78.035738294346103,8.776955047384019,0.0],[78.035847726688957,8.777213960276361,0.0],[78.036657381979921,8.776329467348262,0.0]]]]}},
{"type":"Feature","properties":{"dist_name":"Thoothukudi","taluk_name":"Thoothukudi","vil_name":"Umarikottai","unit_id":"1","block_id":"10","survey_no":"213"},"geometry":{"type":"MultiPolygon","coordinates":[[[[77.997421784642341,8.798931382758852,0.0],[77.998494046745833,8.798624351225614,0.0],[77.998929025862225,8.798499168735058,0.0],[77.999023760071594,8.798449771531487,0.0],[77.99891472403381,8.798059964437201,0.0],[77.998769734770391,8.797534196479415,0.0],[77.99847388649772,8.79765002223969,0.0],[77.997589496578811,8.798023880259626,0.0],[77.996905875866929,8.798350959968058,0.0],[77.996365467945765,8.798618563197206,0.0],[77.995973812033725,8.798757535707734,0.0],[77.996068691001426,8.799060749507216,0.0],[77.997421784642341,8.798931382758852,0.0]]]]}},
{"type":"Feature","properties":{"dist_name":"Thoothukudi","taluk_name":"Thoothukudi","vil_name":"Keelathattaparai","unit_id":"7","block_id":"4","survey_no":"343"},"geometry":{"type":"MultiPolygon","coordinates":[[[[78.035896534056207,8.776364948621017,0.0],[78.03651783069084,8.775965067325558,0.0],[78.036874979335892,8.775378201874133,0.0],[78.036941359001347,8.775274176680851,0.0],[78.037070395162402,8.775203304486599,0.0],[78.037161059941582,8.775012174203063,0.0],[78.037289858547723,8.774912141530139,0.0],[78.037032696997187,8.774485173983757,0.0],[78.036329308609993,8.774676340210231,0.0],[78.036158614218849,8.774756975330012,0.0],[78.036186155786297,8.774803445933504,0.0],[78.035887291847729,8.775167016469556,0.0],[78.035135003354512,8.775705905113817,0.0],[78.035239616550996,8.775922512284957,0.0],[78.035425792835994,8.776308001877446,0.0],[78.035557125807387,8.776579934483644,0.0],[78.035896534056207,8.776364948621017,0.0]]]]}},
{"type":"Feature","properties":{"dist_name":"Thoothukudi","taluk_name":"Thoothukudi","vil_name":"Keelathattaparai","unit_id":"7","block_id":"3","survey_no":"340"},"geometry":{"type":"MultiPolygon","coordinates":[[[[78.038726357462394,8.776207233496976,0.0],[78.039356730930649,8.775894282953766,0.0],[78.039151132045575,8.775335956413716,0.0],[78.038910259709738,8.774987773179564,0.0],[78.038901437011575,8.774980947240305,0.0],[78.038380509536196,8.775384767543777,0.0],[78.038192198258429,8.77568284795689,0.0],[78.037787888951627,8.776300440283897,0.0],[78.038037455316143,8.776634147967965,0.0],[78.038726357462394,8.776207233496976,0.0]]]]}},
{"type":"Feature","properties":{"dist_name":"Thoothukudi","taluk_name":"Thoothukudi","vil_name":"Melathattaparai","unit_id":"3","block_id":"10","survey_no":"213"},"geometry":{"type":"MultiPolygon","coordinates":[[[[78.006037420728461,8.793387575063704,0.0],[78.006127938319025,8.793343672685502,0.0],[78.006361058598813,8.793305638832576,0.0],[78.00681740399358,8.793234553809397,0.0],[78.006806465413177,8.793000436119998,0.0],[78.007372298400853,8.792832577113678,0.0],[78.007341316926826,8.792697056450528,0.0],[78.007240152109986,8.792548666263517,0.0],[78.007126935538707,8.79243603804049,0.0],[78.006599805142386,8.79256100479442,0.0],[78.005876802639335,8.792936464334364,0.0],[78.005929496060517,8.793281219626184,0.0],[78.005948847609829,8.7933899656924,0.0],[78.006037420728461,8.793387575063704,0.0]]]]}},
{"type":"Feature","properties":{"dist_name":"Thoothukudi","taluk_name":"Thoothukudi","vil_name":"Keelathattaparai","unit_id":"7","block_id":"3","survey_no":"341"},"geometry":{"type":"MultiPolygon","coordinates":[[[[78.035996253918057,8.778376268350893,0.0],[78.036348465455035,8.777867834054323,0.0],[78.0365853523449,8.777555437890856,0.0],[78.036879622520672,8.777148576684343,0.0],[78.037024337411736,8.777008777431,0.0],[78.037613298852932,8.776486826181811,0.0],[78.037787888951627,8.776300440283897,0.0],[78.038192198258429,8.77568284795689,0.0],[78.038380509536196,8.775384767543777,0.0],[78.038901437011575,8.774980947240305,0.0],[78.038364466874384,8.774565548307709,0.0],[78.038353996273557,8.774557448179422,0.0],[78.038346053495999,8.774546835697818,0.0],[78.038300369523967,8.774594401782451,0.0],[78.037683426544731,8.775234096732149,0.0],[78.037205199266566,8.775737096612652,0.0],[78.036657381979921,8.776329467348262,0.0],[78.035847726688957,8.777213960276361,0.0],[78.035421765001445,8.777764106307636,0.0],[78.035183091611913,8.777990552017283,0.0],[78.035551063478039,8.778723223264709,0.0],[78.035646003886058,8.77887958869823,0.0],[78.035996253918057,8.778376268350893,0.0]]]]}},
{"type":"Feature","properties":{"dist_name":"Thoothukudi","taluk_name":"Thoothukudi","vil_name":"Melathattaparai","unit_id":"3","block_id":"10","survey_no":"214"},"geometry":{"type":"MultiPolygon","coordinates":[[[[78.006202724415402,8.794194441655497,0.0],[78.007555178325035,8.793670104960041,0.0],[78.007529523372909,8.793512260111772,0.0],[78.007372298400853,8.792832577113678,0.0],[78.006806465413177,8.793000436119998,0.0],[78.00681740399358,8.793234553809397,0.0],[78.006361058598813,8.793305638832576,0.0],[78.006127938319025,8.793343672685502,0.0],[78.006037420728461,8.793387575063704,0.0],[78.005948847609829,8.7933899656924,0.0],[78.005929496060517,8.793281219626184,0.0],[78.005251416305171,8.793420486902088,0.0],[78.005462749607005,8.794357069522421,0.0],[78.006202724415402,8.794194441655497,0.0]]]]}},
{"type":"Feature","properties":{"dist_name":"Thoothukudi","taluk_name":"Thoothukudi","vil_name":"Melathattaparai","unit_id":"3","block_id":"10","survey_no":"211"},"geometry":{"type":"MultiPolygon","coordinates":[[[[78.008621343067858,8.793310288609097,0.0],[78.008856796864762,8.793370948681675,0.0],[78.009038710300985,8.793436456608605,0.0],[78.008705952349317,8.792430052675556,0.0],[78.008553657135451,8.792451019767039,0.0],[78.008054489196908,8.7924678157315,0.0],[78.007844973401831,8.792520427167986,0.0],[78.008083817039193,8.793104155688878,0.0],[78.008140808403198,8.793215838135726,0.0],[78.008197798852677,8.793327519622361,0.0],[78.008196807252375,8.793428961751093,0.0],[78.008621343067858,8.793310288609097,0.0]]]]}},
{"type":"Feature","properties":{"dist_name":"Thoothukudi","taluk_name":"Thoothukudi","vil_name":"Melathattaparai","unit_id":"3","block_id":"10","survey_no":"212"},"geometry":{"type":"MultiPolygon","coordinates":[[[[78.007900742294808,8.793387959883475,0.0],[78.008140808403198,8.793215838135726,0.0],[78.008083817039193,8.793104155688878,0.0],[78.007844973401831,8.792520427167986,0.0],[78.007556313972685,8.792636779726692,0.0],[78.007483551580506,8.792666345130398,0.0],[78.007404682489494,8.792661645066497,0.0],[78.007341316926826,8.792697056450528,0.0],[78.007372298400853,8.792832577113678,0.0],[78.007529523372909,8.793512260111772,0.0],[78.007900742294808,8.793387959883475,0.0]]]]}},
{"type":"Feature","properties":{"dist_name":"Thoothukudi","taluk_name":"Thoothukudi","vil_name":"Melathattaparai","unit_id":"3","block_id":"10","survey_no":"218"},"geometry":{"type":"MultiPolygon","coordinates":[[[[78.007404682489494,8.792661645066497,0.0],[78.007483551580506,8.792666345130398,0.0],[78.007556313972685,8.792636779726692,0.0],[78.007844973401831,8.792520427167986,0.0],[78.008054489196908,8.7924678157315,0.0],[78.008553657135451,8.792451019767039,0.0],[78.008705952349317,8.792430052675556,0.0],[78.008564060312978,8.79212865530862,0.0],[78.008346124135528,8.792164374659752,0.0],[78.008139483017587,8.792195622230182,0.0],[78.007889148845763,8.792222311963318,0.0],[78.007534751560812,8.792407239970126,0.0],[78.007240152109986,8.792548666263517,0.0],[78.007341316926826,8.792697056450528,0.0],[78.007404682489494,8.792661645066497,0.0]]]]}},
{"type":"Feature","properties":{"dist_name":"Thoothukudi","taluk_name":"Thoothukudi","vil_name":"Melathattaparai","unit_id":"3","block_id":"10","survey_no":"215"},"geometry":{"type":"MultiPolygon","coordinates":[[[[78.005315652997183,8.794402443874821,0.0],[78.005462749607005,8.794357069522421,0.0],[78.005251416305171,8.793420486902088,0.0],[78.00495707939811,8.793346195721224,0.0],[78.004323915879908,8.793419416930984,0.0],[78.00369017372067,8.79378111931957,0.0],[78.003912082514148,8.794414231488295,0.0],[78.005315652997183,8.794402443874821,0.0]]]]}},
{"type":"Feature","properties":{"dist_name":"Thoothukudi","taluk_name":"Thoothukudi","vil_name":"Melathattaparai","unit_id":"3","block_id":"10","survey_no":"216"},"geometry":{"type":"MultiPolygon","coordinates":[[[[78.005251416305171,8.793420486902088,0.0],[78.005929496060517,8.793281219626184,0.0],[78.005876802639335,8.792936464334364,0.0],[78.00568227074227,8.792766064694721,0.0],[78.00547080754302,8.792897295441612,0.0],[78.005162106479716,8.79298564196799,0.0],[78.003438912603585,8.792930527304152,0.0],[78.003386649029451,8.792944899787036,0.0],[78.00369017372067,8.79378111931957,0.0],[78.004323915879908,8.793419416930984,0.0],[78.00495707939811,8.793346195721224,0.0],[78.005251416305171,8.793420486902088,0.0]]]]}},
{"type":"Feature","properties":{"dist_name":"Thoothukudi","taluk_name":"Thoothukudi","vil_name":"Umarikottai","unit_id":"1","block_id":"6","survey_no":"194"},"geometry":{"type":"MultiPolygon","coordinates":[[[[78.002316832371392,8.796288079559789,0.0],[78.002760459772418,8.796111313090933,0.0],[78.002576215988825,8.79562190635623,0.0],[78.002643069671706,8.795537199737272,0.0],[78.00247051326059,8.794854573979769,0.0],[78.00135590209824,8.795300218843304,0.0],[78.001340755014667,8.795305934608189,0.0],[78.001604828930141,8.795608354019116,0.0],[78.001736141502164,8.795795915727592,0.0],[78.0020446507381,8.796385655388232,0.0],[78.002316832371392,8.796288079559789,0.0]]]]}},
{"type":"Feature","properties":{"dist_name":"Thoothukudi","taluk_name":"Thoothukudi","vil_name":"Melathattaparai","unit_id":"4","block_id":"1","survey_no":"221"},"geometry":{"type":"MultiPolygon","coordinates":[[[[78.009741103969404,8.791681217574853,0.0],[78.0100185579673,8.791625237273786,0.0],[78.010289518921397,8.79155888063003,0.0],[78.010503000169635,8.791556829704207,0.0],[78.010684119645902,8.79156541687829,0.0],[78.010521651422323,8.79080419658324,0.0],[78.008395618838705,8.7914173789763,0.0],[78.008655251475886,8.791896499237161,0.0],[78.009741103969404,8.791681217574853,0.0]]]]}},
{"type":"Feature","properties":{"dist_name":"Thoothukudi","taluk_name":"Thoothukudi","vil_name":"Umarikottai","unit_id":"1","block_id":"6","survey_no":"195"},"geometry":{"type":"MultiPolygon","coordinates":[[[[78.001018535332662,8.796895017149843,0.0],[78.001984333971635,8.79660881874673,0.0],[78.001944490741664,8.796421561307701,0.0],[78.0020446507381,8.796385655388232,0.0],[78.001736141502164,8.795795915727592,0.0],[78.001604828930141,8.795608354019116,0.0],[78.001340755014667,8.795305934608189,0.0],[77.999809746763916,8.795883690002325,0.0],[77.999297673827328,8.79607729605979,0.0],[77.999110257168098,8.796235858965872,0.0],[77.999254820231329,8.796353613746508,0.0],[77.999484614987452,8.796307065698912,0.0],[77.999975788332563,8.796225834547247,0.0],[78.000073493159817,8.796684771975396,0.0],[78.000159022269145,8.797091497898949,0.0],[78.001018535332662,8.796895017149843,0.0]]]]}},
{"type":"Feature","properties":{"dist_name":"Thoothukudi","taluk_name":"Thoothukudi","vil_name":"Melathattaparai","unit_id":"4","block_id":"1","survey_no":"222"},"geometry":{"type":"MultiPolygon","coordinates":[[[[78.009777698639937,8.791844529649468,0.0],[78.010024067616001,8.791795355689532,0.0],[78.0100185579673,8.791625237273786,0.0],[78.009741103969404,8.791681217574853,0.0],[78.008655251475886,8.791896499237161,0.0],[78.008767581389932,8.792148696448301,0.0],[78.009777698639937,8.791844529649468,0.0]]]]}},
{"type":"Feature","properties":{"dist_name":"Thoothukudi","taluk_name":"Thoothukudi","vil_name":"Umarikottai","unit_id":"1","block_id":"5","survey_no":"192"},"geometry":{"type":"MultiPolygon","coordinates":[[[[78.004518299343644,8.796271902102475,0.0],[78.004245457274862,8.795519987697521,0.0],[78.003677311121692,8.794099791261926,0.0],[78.003222091946142,8.794390559820297,0.0],[78.003216959474059,8.794393728930434,0.0],[78.003348390727382,8.794727654139134,0.0],[78.003388137356254,8.79519398518055,0.0],[78.003481251860606,8.795206022406353,0.0],[78.003578134896273,8.795444625206256,0.0],[78.003618343052779,8.795543749688301,0.0],[78.003995208914176,8.79638615904523,0.0],[78.004518299343644,8.796271902102475,0.0]]]]}},
{"type":"Feature","properties":{"dist_name":"Thoothukudi","taluk_name":"Thoothukudi","vil_name":"Umarikottai","unit_id":"1","block_id":"6","survey_no":"193"},"geometry":{"type":"MultiPolygon","coordinates":[[[[78.003125746196517,8.79586964442584,0.0],[78.003618343052779,8.795543749688301,0.0],[78.003578134896273,8.795444625206256,0.0],[78.003481251860606,8.795206022406353,0.0],[78.003388137356254,8.79519398518055,0.0],[78.003348390727382,8.794727654139134,0.0],[78.003216959474059,8.794393728930434,0.0],[78.00247051326059,8.794854573979769,0.0],[78.002643069671706,8.795537199737272,0.0],[78.002576215988825,8.79562190635623,0.0],[78.002760459772418,8.796111313090933,0.0],[78.003125746196517,8.79586964442584,0.0]]]]}},
{"type":"Feature","properties":{"dist_name":"Thoothukudi","taluk_name":"Thoothukudi","vil_name":"Umarikottai","unit_id":"1","block_id":"7","survey_no":"198"},"geometry":{"type":"MultiPolygon","coordinates":[[[[78.001357282181175,8.799964696200707,0.0],[78.001332812309784,8.799370857235534,0.0],[78.001981936764196,8.79917163934941,0.0],[78.001917155502611,8.79891245271183,0.0],[78.001913847069318,8.798899947531714,0.0],[78.001843203489642,8.798632918961211,0.0],[78.00173828049968,8.798212521202938,0.0],[78.000485568018206,8.798556412796678,0.0],[78.000622259526736,8.799110526985867,0.0],[78.000753976113117,8.799693284247418,0.0],[78.00089650862401,8.799699927273924,0.0],[78.000958627902236,8.800051480630778,0.0],[78.001357282181175,8.799964696200707,0.0]]]]}},
{"type":"Feature","properties":{"dist_name":"Thoothukudi","taluk_name":"Thoothukudi","vil_name":"Melathattaparai","unit_id":"4","block_id":"1","survey_no":"225"},"geometry":{"type":"MultiPolygon","coordinates":[[[[78.010463127193347,8.793174504525958,0.0],[78.010426052954273,8.792767119896752,0.0],[78.009692061842514,8.792732594344631,0.0],[78.00906403332489,8.7930085642788,0.0],[78.009165403754139,8.79335414237654,0.0],[78.010463127193347,8.793174504525958,0.0]]]]}},
{"type":"Feature","properties":{"dist_name":"Thoothukudi","taluk_name":"Thoothukudi","vil_name":"Umarikottai","unit_id":"1","block_id":"7","survey_no":"199"},"geometry":{"type":"MultiPolygon","coordinates":[[[[77.999974428531743,8.799879740377971,0.0],[78.000753976113117,8.799693284247418,0.0],[78.000622259526736,8.799110526985867,0.0],[78.000485568018206,8.798556412796678,0.0],[77.999168471671183,8.798967117501499,0.0],[77.998771489208792,8.799132149496229,0.0],[77.998390609215903,8.799181957463205,0.0],[77.998578026299754,8.799935582673029,0.0],[77.999316777902749,8.799935439309872,0.0],[77.999364096177231,8.800094507207129,0.0],[77.999974428531743,8.799879740377971,0.0]]]]}},
{"type":"Feature","properties":{"dist_name":"Thoothukudi","taluk_name":"Thoothukudi","vil_name":"Melathattaparai","unit_id":"4","block_id":"1","survey_no":"226"},"geometry":{"type":"MultiPolygon","coordinates":[[[[78.010257738667619,8.793799540520352,0.0],[78.010273543318618,8.793796968580359,0.0],[78.011559604745116,8.79358627890028,0.0],[78.011512234914065,8.793286794036097,0.0],[78.011504806504547,8.793287834980202,0.0],[78.01145295473836,8.793068584061329,0.0],[78.010463127193347,8.793174504525958,0.0],[78.009165403754139,8.79335414237654,0.0],[78.009337177887176,8.793949351799771,0.0],[78.010257738667619,8.793799540520352,0.0]]]]}},
{"type":"Feature","properties":{"dist_name":"Thoothukudi","taluk_name":"Thoothukudi","vil_name":"Umarikottai","unit_id":"1","block_id":"6","survey_no":"196"},"geometry":{"type":"MultiPolygon","coordinates":[[[[77.999852322642354,8.79816032007049,0.0],[78.000476887116662,8.797951312165299,0.0],[78.001498623845066,8.797614473188521,0.0],[78.002181805119108,8.79740304334557,0.0],[78.001984333971635,8.79660881874673,0.0],[78.001018535332662,8.796895017149843,0.0],[78.000159022269145,8.797091497898949,0.0],[78.000073493159817,8.796684771975396,0.0],[77.999975788332563,8.796225834547247,0.0],[77.999484614987452,8.796307065698912,0.0],[77.999254820231329,8.796353613746508,0.0],[77.999126181038974,8.796719019773573,0.0],[77.998857023798919,8.79723495587249,0.0],[77.998769734770391,8.797534196479415,0.0],[77.99891472403381,8.798059964437201,0.0],[77.999023760071594,8.798449771531487,0.0],[77.999852322642354,8.79816032007049,0.0]]]]}},
{"type":"Feature","properties":{"dist_name":"Thoothukudi","taluk_name":"Thoothukudi","vil_name":"Melathattaparai","unit_id":"4","block_id":"1","survey_no":"223"},"geometry":{"type":"MultiPolygon","coordinates":[[[[78.009858262985247,8.792326268398458,0.0],[78.009777698639937,8.791844529649468,0.0],[78.008767581389932,8.792148696448301,0.0],[78.008893729439109,8.792434957277401,0.0],[78.009858262985247,8.792326268398458,0.0]]]]}},
{"type":"Feature","properties":{"dist_name":"Thoothukudi","taluk_name":"Thoothukudi","vil_name":"Umarikottai","unit_id":"1","block_id":"7","survey_no":"197"},"geometry":{"type":"MultiPolygon","coordinates":[[[[78.000485568018206,8.798556412796678,0.0],[78.00173828049968,8.798212521202938,0.0],[78.001498623845066,8.797614473188521,0.0],[78.000476887116662,8.797951312165299,0.0],[77.999852322642354,8.79816032007049,0.0],[77.999023760071594,8.798449771531487,0.0],[77.999168471671183,8.798967117501499,0.0],[78.000485568018206,8.798556412796678,0.0]]]]}},
{"type":"Feature","properties":{"dist_name":"Thoothukudi","taluk_name":"Thoothukudi","vil_name":"Melathattaparai","unit_id":"4","block_id":"1","survey_no":"224"},"geometry":{"type":"MultiPolygon","coordinates":[[[[78.009692061842514,8.792732594344631,0.0],[78.010426052954273,8.792767119896752,0.0],[78.010406366980533,8.792606175069526,0.0],[78.010269741022483,8.792598388552838,0.0],[78.010227221525156,8.792323150536589,0.0],[78.011259964190018,8.791974536829901,0.0],[78.011193128506989,8.791647076358915,0.0],[78.010684119645902,8.79156541687829,0.0],[78.010503000169635,8.791556829704207,0.0],[78.010289518921397,8.79155888063003,0.0],[78.0100185579673,8.791625237273786,0.0],[78.010024067616001,8.791795355689532,0.0],[78.009777698639937,8.791844529649468,0.0],[78.009858262985247,8.792326268398458,0.0],[78.008893729439109,8.792434957277401,0.0],[78.00906403332489,8.7930085642788,0.0],[78.009692061842514,8.792732594344631,0.0]]]]}},
{"type":"Feature","properties":{"dist_name":"Thoothukudi","taluk_name":"Thoothukudi","vil_name":"Umarikottai","unit_id":"1","block_id":"8","survey_no":"202"},"geometry":{"type":"MultiPolygon","coordinates":[[[[77.999764432461717,8.803079514655421,0.0],[78.00021580786273,8.803018621530605,0.0],[78.000852039141137,8.80293858443653,0.0],[78.000837893546375,8.802522847278631,0.0],[78.00078680969645,8.802017532573771,0.0],[78.000722002714681,8.801402266058759,0.0],[78.000652033186867,8.800874290977625,0.0],[77.999517342889675,8.801128031361312,0.0],[77.998827991336881,8.801286770940377,0.0],[77.999113616552449,8.802429475684166,0.0],[77.999279268490938,8.803126930905812,0.0],[77.999764432461717,8.803079514655421,0.0]]]]}},
{"type":"Feature","properties":{"dist_name":"Thoothukudi","taluk_name":"Thoothukudi","vil_name":"Melathattaparai","unit_id":"3","block_id":"6","survey_no":"197"},"geometry":{"type":"MultiPolygon","coordinates":[[[[78.008089129682276,8.800403334469614,0.0],[78.008437112409553,8.800303948108638,0.0],[78.008054831472634,8.799073526015961,0.0],[78.008294360556917,8.799012216035321,0.0],[78.008172973494524,8.798615628068031,0.0],[78.007988390093018,8.798033030925209,0.0],[78.0072451122887,8.798171983708173,0.0],[78.007377515323981,8.798978790158824,0.0],[78.007510332425397,8.799218126166023,0.0],[78.007547508126336,8.799309092409642,0.0],[78.007743540131884,8.800485766655665,0.0],[78.008089129682276,8.800403334469614,0.0]]]]}},
{"type":"Feature","properties":{"dist_name":"Thoothukudi","taluk_name":"Thoothukudi","vil_name":"Umarikottai","unit_id":"1","block_id":"8","survey_no":"203"},"geometry":{"type":"MultiPolygon","coordinates":[[[[78.000335749392278,8.804423389420641,0.0],[78.000272205510043,8.803701125890594,0.0],[78.00021580786273,8.803018621530605,0.0],[77.999764432461717,8.803079514655421,0.0],[77.999797686375814,8.803453606597893,0.0],[77.999880109520404,8.804484795135672,0.0],[78.000335749392278,8.804423389420641,0.0]]]]}},
{"type":"Feature","properties":{"dist_name":"Thoothukudi","taluk_name":"Thoothukudi","vil_name":"Melathattaparai","unit_id":"3","block_id":"6","survey_no":"198"},"geometry":{"type":"MultiPolygon","coordinates":[[[[78.009240234122473,8.798273415304712,0.0],[78.009094173817374,8.797838242337852,0.0],[78.008939944802592,8.797864114614768,0.0],[78.008878804571665,8.797887240906554,0.0],[78.008645438658419,8.79791714450154,0.0],[78.007988390093018,8.798033030925209,0.0],[78.008172973494524,8.798615628068031,0.0],[78.009240234122473,8.798273415304712,0.0]]]]}},
{"type":"Feature","properties":{"dist_name":"Thoothukudi","taluk_name":"Thoothukudi","vil_name":"Umarikottai","unit_id":"1","block_id":"7","survey_no":"200"},"geometry":{"type":"MultiPolygon","coordinates":[[[[77.998419989564439,8.800716855648741,0.0],[77.999393333459665,8.8004642546918,0.0],[78.000615857729528,8.80013483787441,0.0],[78.000958627902236,8.800051480630778,0.0],[78.00089650862401,8.799699927273924,0.0],[78.000753976113117,8.799693284247418,0.0],[77.999974428531743,8.799879740377971,0.0],[77.999364096177231,8.800094507207129,0.0],[77.998558977532525,8.800308078582386,0.0],[77.997662362237918,8.800546429173966,0.0],[77.997743929507052,8.800852351960444,0.0],[77.998419989564439,8.800716855648741,0.0]]]]}},
{"type":"Feature","properties":{"dist_name":"Thoothukudi","taluk_name":"Thoothukudi","vil_name":"Melathattaparai","unit_id":"3","block_id":"6","survey_no":"195"},"geometry":{"type":"MultiPolygon","coordinates":[[[[78.007743540131884,8.800485766655665,0.0],[78.007547508126336,8.799309092409642,0.0],[78.007510332425397,8.799218126166023,0.0],[78.006661905709606,8.799387394904818,0.0],[78.006986330809951,8.800680302548766,0.0],[78.007743540131884,8.800485766655665,0.0]]]]}},
{"type":"Feature","properties":{"dist_name":"Thoothukudi","taluk_name":"Thoothukudi","vil_name":"Umarikottai","unit_id":"1","block_id":"7","survey_no":"201"},"geometry":{"type":"MultiPolygon","coordinates":[[[[77.998104422828618,8.801453389788019,0.0],[77.998827991336881,8.801286770940377,0.0],[77.999517342889675,8.801128031361312,0.0],[78.000652033186867,8.800874290977625,0.0],[78.000615857729528,8.80013483787441,0.0],[77.999393333459665,8.8004642546918,0.0],[77.998419989564439,8.800716855648741,0.0],[77.997743929507052,8.800852351960444,0.0],[77.997491007596082,8.800905092777079,0.0],[77.997667540892706,8.801555950699399,0.0],[77.998104422828618,8.801453389788019,0.0]]]]}},
{"type":"Feature","properties":{"dist_name":"Thoothukudi","taluk_name":"Thoothukudi","vil_name":"Melathattaparai","unit_id":"3","block_id":"6","survey_no":"196"},"geometry":{"type":"MultiPolygon","coordinates":[[[[78.007510332425397,8.799218126166023,0.0],[78.007377515323981,8.798978790158824,0.0],[78.0072451122887,8.798171983708173,0.0],[78.006403205252951,8.798331614271522,0.0],[78.00661310965414,8.799220356869929,0.0],[78.006661905709606,8.799387394904818,0.0],[78.007510332425397,8.799218126166023,0.0]]]]}},
{"type":"Feature","properties":{"dist_name":"Thoothukudi","taluk_name":"Thoothukudi","vil_name":"Umarikottai","unit_id":"1","block_id":"9","survey_no":"206"},"geometry":{"type":"MultiPolygon","coordinates":[[[[78.000131717186946,8.806765311516781,0.0],[78.00069030704384,8.806794091716405,0.0],[78.000996879635565,8.806809886297534,0.0],[78.001022890375538,8.806121202056961,0.0],[78.000991069286115,8.806125653024974,0.0],[78.000913900683415,8.80589904579287,0.0],[77.999787376730822,8.805935902574841,0.0],[77.99920787954926,8.80601334277463,0.0],[77.998781950139005,8.806076239504973,0.0],[77.998876284597657,8.806400823425466,0.0],[77.999033940627527,8.806990097234792,0.0],[78.000131717186946,8.806765311516781,0.0]]]]}},
{"type":"Feature","properties":{"dist_name":"Thoothukudi","taluk_name":"Thoothukudi","vil_name":"Melathattaparai","unit_id":"3","block_id":"7","survey_no":"201"},"geometry":{"type":"MultiPolygon","coordinates":[[[[78.01032825032452,8.797909006301772,0.0],[78.010037250676106,8.797247493582205,0.0],[78.009417653088747,8.796534969892939,0.0],[78.009183604161962,8.796556443315225,0.0],[78.009173597003283,8.796811547836336,0.0],[78.007433323002047,8.797574709875622,0.0],[78.007486644734968,8.797772129797053,0.0],[78.008232157572181,8.797699252070691,0.0],[78.00823025251303,8.797610574159185,0.0],[78.008606436088229,8.797569164808294,0.0],[78.008645438658419,8.79791714450154,0.0],[78.008878804571665,8.797887240906554,0.0],[78.008939944802592,8.797864114614768,0.0],[78.009094173817374,8.797838242337852,0.0],[78.009240234122473,8.798273415304712,0.0],[78.009248059602442,8.798270913868306,0.0],[78.010413171265355,8.79832784290732,0.0],[78.01032825032452,8.797909006301772,0.0]]]]}},
{"type":"Feature","properties":{"dist_name":"Thoothukudi","taluk_name":"Thoothukudi","vil_name":"Umarikottai","unit_id":"1","block_id":"9","survey_no":"207"},"geometry":{"type":"MultiPolygon","coordinates":[[[[77.99920787954926,8.80601334277463,0.0],[77.999787376730822,8.805935902574841,0.0],[77.99956511401335,8.805537995675328,0.0],[77.999399095117852,8.805262598903905,0.0],[77.99932686932452,8.804719931839838,0.0],[77.998954694116705,8.804789451028796,0.0],[77.998467186263568,8.80487565100788,0.0],[77.998488213685391,8.805027616550928,0.0],[77.998388918806853,8.805114059396844,0.0],[77.998389070767203,8.805262274521654,0.0],[77.998421832585024,8.805549350059437,0.0],[77.9985217486728,8.80573318466978,0.0],[77.998675677657474,8.80588116666004,0.0],[77.998781950139005,8.806076239504973,0.0],[77.99920787954926,8.80601334277463,0.0]]]]}},
{"type":"Feature","properties":{"dist_name":"Thoothukudi","taluk_name":"Thoothukudi","vil_name":"Melathattaparai","unit_id":"3","block_id":"7","survey_no":"202"},"geometry":{"type":"MultiPolygon","coordinates":[[[[78.007433323002047,8.797574709875622,0.0],[78.009173597003283,8.796811547836336,0.0],[78.009183604161962,8.796556443315225,0.0],[78.009137747324147,8.796323441010625,0.0],[78.00840265560538,8.796457965479325,0.0],[78.007822127511986,8.796633081728633,0.0],[78.007332951548051,8.796791199969663,0.0],[78.006943768522191,8.796820549886657,0.0],[78.006952051779635,8.796988138531631,0.0],[78.007123701808794,8.797429692275429,0.0],[78.007175952326719,8.797501051421188,0.0],[78.007208772319132,8.797600126709764,0.0],[78.007433323002047,8.797574709875622,0.0]]]]}},
{"type":"Feature","properties":{"dist_name":"Thoothukudi","taluk_name":"Thoothukudi","vil_name":"Umarikottai","unit_id":"1","block_id":"8","survey_no":"204"},"geometry":{"type":"MultiPolygon","coordinates":[[[[77.999880109520404,8.804484795135672,0.0],[77.999797686375814,8.803453606597893,0.0],[77.999764432461717,8.803079514655421,0.0],[77.999279268490938,8.803126930905812,0.0],[77.999419477178634,8.804546872477111,0.0],[77.999880109520404,8.804484795135672,0.0]]]]}},
{"type":"Feature","properties":{"dist_name":"Thoothukudi","taluk_name":"Thoothukudi","vil_name":"Melathattaparai","unit_id":"3","block_id":"7","survey_no":"199"},"geometry":{"type":"MultiPolygon","coordinates":[[[[78.00950632975669,8.800323323941203,0.0],[78.009476972765242,8.799894347084264,0.0],[78.009215771259647,8.79917052262009,0.0],[78.010285849708453,8.798932018245116,0.0],[78.010976741404988,8.798696783085909,0.0],[78.010572970438517,8.797610792827676,0.0],[78.01032825032452,8.797909006301772,0.0],[78.010413171265355,8.79832784290732,0.0],[78.009248059602442,8.798270913868306,0.0],[78.009240234122473,8.798273415304712,0.0],[78.008172973494524,8.798615628068031,0.0],[78.008294360556917,8.799012216035321,0.0],[78.008538286658037,8.798968376234294,0.0],[78.009099271401254,8.80042154362769,0.0],[78.00950632975669,8.800323323941203,0.0]]]]}},
{"type":"Feature","properties":{"dist_name":"Thoothukudi","taluk_name":"Thoothukudi","vil_name":"Umarikottai","unit_id":"1","block_id":"9","survey_no":"205"},"geometry":{"type":"MultiPolygon","coordinates":[[[[78.000913900683415,8.80589904579287,0.0],[78.000830709903909,8.805363708121074,0.0],[78.000729457259979,8.804763540230693,0.0],[78.000662341145784,8.804405661908127,0.0],[78.000335749392278,8.804423389420641,0.0],[77.999880109520404,8.804484795135672,0.0],[77.999419477178634,8.804546872477111,0.0],[77.999387116605291,8.804709214564811,0.0],[77.99932686932452,8.804719931839838,0.0],[77.999399095117852,8.805262598903905,0.0],[77.99956511401335,8.805537995675328,0.0],[77.999787376730822,8.805935902574841,0.0],[78.000913900683415,8.80589904579287,0.0]]]]}},
{"type":"Feature","properties":{"dist_name":"Thoothukudi","taluk_name":"Thoothukudi","vil_name":"Melathattaparai","unit_id":"3","block_id":"7","survey_no":"200"},"geometry":{"type":"MultiPolygon","coordinates":[[[[78.010572970438517,8.797610792827676,0.0],[78.01043918916514,8.797110670040617,0.0],[78.010037250676106,8.797247493582205,0.0],[78.01032825032452,8.797909006301772,0.0],[78.010572970438517,8.797610792827676,0.0]]]]}},
{"type":"Feature","properties":{"dist_name":"Thoothukudi","taluk_name":"Thoothukudi","vil_name":"Melathattaparai","unit_id":"3","block_id":"9","survey_no":"205"},"geometry":{"type":"MultiPolygon","coordinates":[[[[78.00661310965414,8.799220356869929,0.0],[78.006403205252951,8.798331614271522,0.0],[78.006179548774469,8.7983635013438,0.0],[78.006074825920308,8.79798328414361,0.0],[78.005649899381382,8.797873476821961,0.0],[78.005495960833898,8.797259920223194,0.0],[78.005137741791131,8.797308726219466,0.0],[78.004930392588648,8.796926154726718,0.0],[78.004742127585871,8.796944028494281,0.0],[78.004353507253271,8.797131395379438,0.0],[78.004434861365752,8.797664855932867,0.0],[78.004588182913267,8.797664073976199,0.0],[78.004777933778641,8.798569202571485,0.0],[78.004831224939878,8.799190784623056,0.0],[78.005105560132066,8.799209342208281,0.0],[78.005495752786757,8.799119330535786,0.0],[78.005859833129563,8.799034605365989,0.0],[78.005957807204169,8.79938385901132,0.0],[78.00661310965414,8.799220356869929,0.0]]]]}},
{"type":"Feature","properties":{"dist_name":"Thoothukudi","taluk_name":"Thoothukudi","vil_name":"Melathattaparai","unit_id":"3","block_id":"9","survey_no":"206"},"geometry":{"type":"MultiPolygon","coordinates":[[[[78.007040347940219,8.797456358924554,0.0],[78.007123701808794,8.797429692275429,0.0],[78.006952051779635,8.796988138531631,0.0],[78.006943768522191,8.796820549886657,0.0],[78.006949594595142,8.796188493924156,0.0],[78.007097510172244,8.79532531517297,0.0],[78.00634206176035,8.795550815277034,0.0],[78.005310012919651,8.796283088154292,0.0],[78.005154805023068,8.796259330055783,0.0],[78.005018600164135,8.794904363036618,0.0],[78.005336177664361,8.794713640941962,0.0],[78.005315652997183,8.794402443874821,0.0],[78.003912082514148,8.794414231488295,0.0],[78.004706188826873,8.79674733270636,0.0],[78.004742127585871,8.796944028494281,0.0],[78.004930392588648,8.796926154726718,0.0],[78.005137741791131,8.797308726219466,0.0],[78.005495960833898,8.797259920223194,0.0],[78.005393362144787,8.796844000826484,0.0],[78.00609432047581,8.7965838034049,0.0],[78.006413042528237,8.797522949717909,0.0],[78.007040347940219,8.797456358924554,0.0]]]]}},
{"type":"Feature","properties":{"dist_name":"Thoothukudi","taluk_name":"Thoothukudi","vil_name":"Melathattaparai","unit_id":"3","block_id":"6","survey_no":"203"},"geometry":{"type":"MultiPolygon","coordinates":[[[[78.006403205252951,8.798331614271522,0.0],[78.0072451122887,8.798171983708173,0.0],[78.007988390093018,8.798033030925209,0.0],[78.008645438658419,8.79791714450154,0.0],[78.008606436088229,8.797569164808294,0.0],[78.00823025251303,8.797610574159185,0.0],[78.008232157572181,8.797699252070691,0.0],[78.007486644734968,8.797772129797053,0.0],[78.007433323002047,8.797574709875622,0.0],[78.007208772319132,8.797600126709764,0.0],[78.007175952326719,8.797501051421188,0.0],[78.007123701808794,8.797429692275429,0.0],[78.007040347940219,8.797456358924554,0.0],[78.006413042528237,8.797522949717909,0.0],[78.006138438413927,8.797535649854463,0.0],[78.006172221466812,8.797757434216132,0.0],[78.00620897546186,8.797850902937881,0.0],[78.006221354524271,8.798009851621666,0.0],[78.006074825920308,8.79798328414361,0.0],[78.006179548774469,8.7983635013438,0.0],[78.006403205252951,8.798331614271522,0.0]]]]}},
{"type":"Feature","properties":{"dist_name":"Thoothukudi","taluk_name":"Thoothukudi","vil_name":"Melathattaparai","unit_id":"3","block_id":"9","survey_no":"204"},"geometry":{"type":"MultiPolygon","coordinates":[[[[78.00620897546186,8.797850902937881,0.0],[78.006172221466812,8.797757434216132,0.0],[78.006138438413927,8.797535649854463,0.0],[78.006413042528237,8.797522949717909,0.0],[78.00609432047581,8.7965838034049,0.0],[78.005393362144787,8.796844000826484,0.0],[78.005495960833898,8.797259920223194,0.0],[78.005649899381382,8.797873476821961,0.0],[78.006074825920308,8.79798328414361,0.0],[78.006221354524271,8.798009851621666,0.0],[78.00620897546186,8.797850902937881,0.0]]]]}},
{"type":"Feature","properties":{"dist_name":"Thoothukudi","taluk_name":"Thoothukudi","vil_name":"Melathattaparai","unit_id":"3","block_id":"8","survey_no":"209"},"geometry":{"type":"MultiPolygon","coordinates":[[[[78.01043918916514,8.797110670040617,0.0],[78.010017747046334,8.796162636571365,0.0],[78.009404378079637,8.794778358473918,0.0],[78.009344797492645,8.794606580592934,0.0],[78.009204378185586,8.794038609437267,0.0],[78.007636925419732,8.793948876865342,0.0],[78.007460743089368,8.794061650506396,0.0],[78.007396169690466,8.794573798150926,0.0],[78.007137034340673,8.79501444602198,0.0],[78.007097510172244,8.79532531517297,0.0],[78.006949594595142,8.796188493924156,0.0],[78.006943768522191,8.796820549886657,0.0],[78.007332951548051,8.796791199969663,0.0],[78.007822127511986,8.796633081728633,0.0],[78.00840265560538,8.796457965479325,0.0],[78.009137747324147,8.796323441010625,0.0],[78.009183604161962,8.796556443315225,0.0],[78.009417653088747,8.796534969892939,0.0],[78.010037250676106,8.797247493582205,0.0],[78.01043918916514,8.797110670040617,0.0]]]]}},
{"type":"Feature","properties":{"dist_name":"Thoothukudi","taluk_name":"Thoothukudi","vil_name":"Melathattaparai","unit_id":"3","block_id":"8","survey_no":"210"},"geometry":{"type":"MultiPolygon","coordinates":[[[[78.009038710300985,8.793436456608605,0.0],[78.008856796864762,8.793370948681675,0.0],[78.008621343067858,8.793310288609097,0.0],[78.008196807252375,8.793428961751093,0.0],[78.008197798852677,8.793327519622361,0.0],[78.008140808403198,8.793215838135726,0.0],[78.007900742294808,8.793387959883475,0.0],[78.007529523372909,8.793512260111772,0.0],[78.007555178325035,8.793670104960041,0.0],[78.007636925419732,8.793948876865342,0.0],[78.009204378185586,8.794038609437267,0.0],[78.009038710300985,8.793436456608605,0.0]]]]}},
{"type":"Feature","properties":{"dist_name":"Thoothukudi","taluk_name":"Thoothukudi","vil_name":"Melathattaparai","unit_id":"3","block_id":"10","survey_no":"207"},"geometry":{"type":"MultiPolygon","coordinates":[[[[78.00634206176035,8.795550815277034,0.0],[78.00628989004602,8.795532036826177,0.0],[78.006202724415402,8.794194441655497,0.0],[78.005462749607005,8.794357069522421,0.0],[78.005315652997183,8.794402443874821,0.0],[78.005336177664361,8.794713640941962,0.0],[78.005018600164135,8.794904363036618,0.0],[78.005154805023068,8.796259330055783,0.0],[78.005310012919651,8.796283088154292,0.0],[78.00634206176035,8.795550815277034,0.0]]]]}},
{"type":"Feature","properties":{"dist_name":"Thoothukudi","taluk_name":"Thoothukudi","vil_name":"Melathattaparai","unit_id":"3","block_id":"8","survey_no":"208"},"geometry":{"type":"MultiPolygon","coordinates":[[[[78.007097510172244,8.79532531517297,0.0],[78.007137034340673,8.79501444602198,0.0],[78.007396169690466,8.794573798150926,0.0],[78.007460743089368,8.794061650506396,0.0],[78.007636925419732,8.793948876865342,0.0],[78.007555178325035,8.793670104960041,0.0],[78.006202724415402,8.794194441655497,0.0],[78.00628989004602,8.795532036826177,0.0],[78.00634206176035,8.795550815277034,0.0],[78.007097510172244,8.79532531517297,0.0]]]]}},
{"type":"Feature","properties":{"dist_name":"Thoothukudi","taluk_name":"Thoothukudi","vil_name":"Keelathattaparai","unit_id":"7","block_id":"4","survey_no":"347"},"geometry":{"type":"MultiPolygon","coordinates":[[[[78.035532415961598,8.773434457328385,0.0],[78.035206223010178,8.772835256024379,0.0],[78.035143721601813,8.772713174296578,0.0],[78.034720492130418,8.773829984209687,0.0],[78.035532415961598,8.773434457328385,0.0]]]]}},
{"type":"Feature","properties":{"dist_name":"Thoothukudi","taluk_name":"Thoothukudi","vil_name":"Melathattaparai","unit_id":"4","block_id":"4","survey_no":"245"},"geometry":{"type":"MultiPolygon","coordinates":[[[[78.013653542573763,8.794524716129814,0.0],[78.013577702386925,8.794143764535136,0.0],[78.013446290049842,8.793646898700731,0.0],[78.012826175130826,8.793686962332922,0.0],[78.012846283992801,8.793796480191549,0.0],[78.012478527894103,8.793842115768967,0.0],[78.012703524036226,8.794910368953392,0.0],[78.013653542573763,8.794524716129814,0.0]]]]}},
{"type":"Feature","properties":{"dist_name":"Thoothukudi","taluk_name":"Thoothukudi","vil_name":"Melathattaparai","unit_id":"4","block_id":"4","survey_no":"246"},"geometry":{"type":"MultiPolygon","coordinates":[[[[78.012846283992801,8.793796480191549,0.0],[78.012826175130826,8.793686962332922,0.0],[78.012631063177139,8.793125429598833,0.0],[78.011512234914065,8.793286794036097,0.0],[78.011559604745116,8.79358627890028,0.0],[78.011588929868537,8.793676484759068,0.0],[78.011594656502069,8.793805877743507,0.0],[78.011746786245126,8.793809810894317,0.0],[78.012478527894103,8.793842115768967,0.0],[78.012846283992801,8.793796480191549,0.0]]]]}},
{"type":"Feature","properties":{"dist_name":"Thoothukudi","taluk_name":"Thoothukudi","vil_name":"Melathattaparai","unit_id":"4","block_id":"4","survey_no":"243"},"geometry":{"type":"MultiPolygon","coordinates":[[[[78.01399981288975,8.793980307057268,0.0],[78.013885653083236,8.793584657566758,0.0],[78.013699711606051,8.792933225433153,0.0],[78.01355062518644,8.792514985945621,0.0],[78.013429578561983,8.79253210995622,0.0],[78.01335315074229,8.792542922674913,0.0],[78.013201064373547,8.792547749316391,0.0],[78.013443320431264,8.79363566979735,0.0],[78.013446290049842,8.793646898700731,0.0],[78.013577702386925,8.794143764535136,0.0],[78.01399981288975,8.793980307057268,0.0]]]]}},
{"type":"Feature","properties":{"dist_name":"Thoothukudi","taluk_name":"Thoothukudi","vil_name":"Melathattaparai","unit_id":"4","block_id":"4","survey_no":"244"},"geometry":{"type":"MultiPolygon","coordinates":[[[[78.013446290049842,8.793646898700731,0.0],[78.013443320431264,8.79363566979735,0.0],[78.013201064373547,8.792547749316391,0.0],[78.013177061713492,8.792428812105635,0.0],[78.012857382681133,8.792474573748017,0.0],[78.012829861505381,8.792372943313563,0.0],[78.012495785656782,8.792457364460342,0.0],[78.012497278525203,8.79252836322147,0.0],[78.012631063177139,8.793125429598833,0.0],[78.012826175130826,8.793686962332922,0.0],[78.013446290049842,8.793646898700731,0.0]]]]}},
{"type":"Feature","properties":{"dist_name":"Thoothukudi","taluk_name":"Thoothukudi","vil_name":"Melathattaparai","unit_id":"4","block_id":"4","survey_no":"249"},"geometry":{"type":"MultiPolygon","coordinates":[[[[78.011357666248017,8.795751038988824,0.0],[78.011030714862386,8.794635600337925,0.0],[78.01186389584997,8.794317828758839,0.0],[78.011746786245126,8.793809810894317,0.0],[78.011594656502069,8.793805877743507,0.0],[78.011588929868537,8.793676484759068,0.0],[78.011559604745116,8.79358627890028,0.0],[78.010273543318618,8.793796968580359,0.0],[78.010257738667619,8.793799540520352,0.0],[78.010847551750587,8.795867534712567,0.0],[78.011357666248017,8.795751038988824,0.0]]]]}},
{"type":"Feature","properties":{"dist_name":"Thoothukudi","taluk_name":"Thoothukudi","vil_name":"Melathattaparai","unit_id":"4","block_id":"4","survey_no":"250"},"geometry":{"type":"MultiPolygon","coordinates":[[[[78.010847551750587,8.795867534712567,0.0],[78.010257738667619,8.793799540520352,0.0],[78.009337177887176,8.793949351799771,0.0],[78.009381508030486,8.794112097818171,0.0],[78.009588498364081,8.79467166417345,0.0],[78.009759581299576,8.795080159178877,0.0],[78.010183336556494,8.796075135839079,0.0],[78.010847551750587,8.795867534712567,0.0]]]]}},
{"type":"Feature","properties":{"dist_name":"Thoothukudi","taluk_name":"Thoothukudi","vil_name":"Melathattaparai","unit_id":"4","block_id":"4","survey_no":"247"},"geometry":{"type":"MultiPolygon","coordinates":[[[[78.012703524036226,8.794910368953392,0.0],[78.012478527894103,8.793842115768967,0.0],[78.011746786245126,8.793809810894317,0.0],[78.01186389584997,8.794317828758839,0.0],[78.012094078225914,8.795141590053236,0.0],[78.012703524036226,8.794910368953392,0.0]]]]}},
{"type":"Feature","properties":{"dist_name":"Thoothukudi","taluk_name":"Thoothukudi","vil_name":"Melathattaparai","unit_id":"4","block_id":"4","survey_no":"248"},"geometry":{"type":"MultiPolygon","coordinates":[[[[78.012142131685053,8.795265312587638,0.0],[78.012094078225914,8.795141590053236,0.0],[78.01186389584997,8.794317828758839,0.0],[78.011030714862386,8.794635600337925,0.0],[78.011357666248017,8.795751038988824,0.0],[78.012142131685053,8.795265312587638,0.0]]]]}},
{"type":"Feature","properties":{"dist_name":"Thoothukudi","taluk_name":"Thoothukudi","vil_name":"Melathattaparai","unit_id":"4","block_id":"6","survey_no":"253"},"geometry":{"type":"MultiPolygon","coordinates":[[[[78.012891220720647,8.79501513582993,0.0],[78.013044767412097,8.795014851501254,0.0],[78.013465858653262,8.794781952458587,0.0],[78.013653542573763,8.794524716129814,0.0],[78.012703524036226,8.794910368953392,0.0],[78.012764897290467,8.795072226815542,0.0],[78.012891220720647,8.79501513582993,0.0]]]]}},
{"type":"Feature","properties":{"dist_name":"Thoothukudi","taluk_name":"Thoothukudi","vil_name":"Melathattaparai","unit_id":"4","block_id":"6","survey_no":"254"},"geometry":{"type":"MultiPolygon","coordinates":[[[[78.01501644337263,8.796079598543095,0.0],[78.015016406807547,8.795901709191615,0.0],[78.01519050504433,8.79560573147946,0.0],[78.015333750865821,8.795271896146467,0.0],[78.015388791482991,8.794034308068131,0.0],[78.01548003773803,8.793964553919942,0.0],[78.015409311096761,8.793942477804444,0.0],[78.015407744556811,8.793545034258983,0.0],[78.014637614446571,8.793762513775116,0.0],[78.01399981288975,8.793980307057268,0.0],[78.013577702386925,8.794143764535136,0.0],[78.013653542573763,8.794524716129814,0.0],[78.013465858653262,8.794781952458587,0.0],[78.013044767412097,8.795014851501254,0.0],[78.012891220720647,8.79501513582993,0.0],[78.012764897290467,8.795072226815542,0.0],[78.013024039551567,8.795755651864926,0.0],[78.013194498037294,8.795654890491535,0.0],[78.014051691641953,8.795112703116949,0.0],[78.014467119569574,8.796149934084774,0.0],[78.014548208005777,8.796309269220671,0.0],[78.01501644337263,8.796079598543095,0.0]]]]}},
{"type":"Feature","properties":{"dist_name":"Thoothukudi","taluk_name":"Thoothukudi","vil_name":"Melathattaparai","unit_id":"4","block_id":"5","survey_no":"251"},"geometry":{"type":"MultiPolygon","coordinates":[[[[78.011389770933903,8.797322673932467,0.0],[78.011666874452914,8.797135992004049,0.0],[78.012037012505175,8.796737503027602,0.0],[78.011928495411141,8.796427586291216,0.0],[78.011708276561365,8.796545283330648,0.0],[78.011489790665138,8.796231065102022,0.0],[78.011357666248017,8.795751038988824,0.0],[78.010847551750587,8.795867534712567,0.0],[78.010183336556494,8.796075135839079,0.0],[78.01081241720911,8.797516142257304,0.0],[78.011389770933903,8.797322673932467,0.0]]]]}},
{"type":"Feature","properties":{"dist_name":"Thoothukudi","taluk_name":"Thoothukudi","vil_name":"Melathattaparai","unit_id":"4","block_id":"5","survey_no":"252"},"geometry":{"type":"MultiPolygon","coordinates":[[[[78.011928495411141,8.796427586291216,0.0],[78.012679296375637,8.79595943644803,0.0],[78.013024039551567,8.795755651864926,0.0],[78.012764897290467,8.795072226815542,0.0],[78.012703524036226,8.794910368953392,0.0],[78.012094078225914,8.795141590053236,0.0],[78.012142131685053,8.795265312587638,0.0],[78.011357666248017,8.795751038988824,0.0],[78.011489790665138,8.796231065102022,0.0],[78.011708276561365,8.796545283330648,0.0],[78.011928495411141,8.796427586291216,0.0]]]]}},
{"type":"Feature","properties":{"dist_name":"Thoothukudi","taluk_name":"Thoothukudi","vil_name":"Melathattaparai","unit_id":"4","block_id":"7","survey_no":"257"},"geometry":{"type":"MultiPolygon","coordinates":[[[[78.01688093608486,8.79382556473886,0.0],[78.017145361565184,8.793780463678361,0.0],[78.017137522029074,8.793753678596623,0.0],[78.01702406652025,8.793393713229843,0.0],[78.015629893968224,8.794011712123769,0.0],[78.01548003773803,8.793964553919942,0.0],[78.015388791482991,8.794034308068131,0.0],[78.015333750865821,8.795271896146467,0.0],[78.01519050504433,8.79560573147946,0.0],[78.015356519256244,8.795696110531656,0.0],[78.01643890589375,8.794389776022701,0.0],[78.016579040251301,8.794457448142863,0.0],[78.016782275798676,8.794023716968251,0.0],[78.01688093608486,8.79382556473886,0.0]]]]}},
{"type":"Feature","properties":{"dist_name":"Thoothukudi","taluk_name":"Thoothukudi","vil_name":"Melathattaparai","unit_id":"4","block_id":"6","survey_no":"258"},"geometry":{"type":"MultiPolygon","coordinates":[[[[78.015363014727342,8.796798175629821,0.0],[78.015356519256244,8.795696110531656,0.0],[78.01519050504433,8.79560573147946,0.0],[78.015016406807547,8.795901709191615,0.0],[78.01501644337263,8.796079598543095,0.0],[78.015080968715537,8.796551520250381,0.0],[78.014629255308463,8.797175398943287,0.0],[78.014192842472397,8.79786083172695,0.0],[78.014282751009432,8.797927302094687,0.0],[78.015363014727342,8.796798175629821,0.0]]]]}},
{"type":"Feature","properties":{"dist_name":"Thoothukudi","taluk_name":"Thoothukudi","vil_name":"Melathattaparai","unit_id":"4","block_id":"7","survey_no":"255"},"geometry":{"type":"MultiPolygon","coordinates":[[[[78.015407744556811,8.793545034258983,0.0],[78.015495817653317,8.79290051993576,0.0],[78.014495834510981,8.793029163603752,0.0],[78.014637614446571,8.793762513775116,0.0],[78.015407744556811,8.793545034258983,0.0]]]]}},
{"type":"Feature","properties":{"dist_name":"Thoothukudi","taluk_name":"Thoothukudi","vil_name":"Melathattaparai","unit_id":"4","block_id":"7","survey_no":"256"},"geometry":{"type":"MultiPolygon","coordinates":[[[[78.015980480644458,8.792284005425474,0.0],[78.015532127277169,8.792693837390173,0.0],[78.015495817653317,8.79290051993576,0.0],[78.015407744556811,8.793545034258983,0.0],[78.015409311096761,8.793942477804444,0.0],[78.01548003773803,8.793964553919942,0.0],[78.015629893968224,8.794011712123769,0.0],[78.01702406652025,8.793393713229843,0.0],[78.016493591242892,8.791892442063121,0.0],[78.015980480644458,8.792284005425474,0.0]]]]}},
{"type":"Feature","properties":{"dist_name":"Thoothukudi","taluk_name":"Thoothukudi","vil_name":"Melathattaparai","unit_id":"4","block_id":"1","survey_no":"229"},"geometry":{"type":"MultiPolygon","coordinates":[[[[78.012000892779824,8.792716936233063,0.0],[78.012239921877665,8.792626131586637,0.0],[78.012497278525203,8.79252836322147,0.0],[78.012495785656782,8.792457364460342,0.0],[78.012829861505381,8.792372943313563,0.0],[78.012720109840672,8.791961100053916,0.0],[78.011620380392372,8.791978692349963,0.0],[78.011259964190018,8.791974536829901,0.0],[78.010227221525156,8.792323150536589,0.0],[78.010269741022483,8.792598388552838,0.0],[78.010406366980533,8.792606175069526,0.0],[78.011673628109946,8.792450243185032,0.0],[78.011742867440418,8.792744981382633,0.0],[78.012000892779824,8.792716936233063,0.0]]]]}},
{"type":"Feature","properties":{"dist_name":"Thoothukudi","taluk_name":"Thoothukudi","vil_name":"Melathattaparai","unit_id":"4","block_id":"1","survey_no":"230"},"geometry":{"type":"MultiPolygon","coordinates":[[[[78.011620380392372,8.791978692349963,0.0],[78.011409860495377,8.79045321211505,0.0],[78.010536600638531,8.790799865301377,0.0],[78.010521651422323,8.79080419658324,0.0],[78.010684119645902,8.79156541687829,0.0],[78.011193128506989,8.791647076358915,0.0],[78.011259964190018,8.791974536829901,0.0],[78.011620380392372,8.791978692349963,0.0]]]]}},
{"type":"Feature","properties":{"dist_name":"Thoothukudi","taluk_name":"Thoothukudi","vil_name":"Melathattaparai","unit_id":"4","block_id":"1","survey_no":"227"},"geometry":{"type":"MultiPolygon","coordinates":[[[[78.01145295473836,8.793068584061329,0.0],[78.011429476661789,8.792858268307885,0.0],[78.011742867440418,8.792744981382633,0.0],[78.011673628109946,8.792450243185032,0.0],[78.010406366980533,8.792606175069526,0.0],[78.010426052954273,8.792767119896752,0.0],[78.010463127193347,8.793174504525958,0.0],[78.01145295473836,8.793068584061329,0.0]]]]}},
{"type":"Feature","properties":{"dist_name":"Thoothukudi","taluk_name":"Thoothukudi","vil_name":"Melathattaparai","unit_id":"4","block_id":"1","survey_no":"228"},"geometry":{"type":"MultiPolygon","coordinates":[[[[78.011512234914065,8.793286794036097,0.0],[78.012631063177139,8.793125429598833,0.0],[78.012497278525203,8.79252836322147,0.0],[78.012239921877665,8.792626131586637,0.0],[78.012000892779824,8.792716936233063,0.0],[78.011742867440418,8.792744981382633,0.0],[78.011429476661789,8.792858268307885,0.0],[78.01145295473836,8.793068584061329,0.0],[78.011504806504547,8.793287834980202,0.0],[78.011512234914065,8.793286794036097,0.0]]]]}},
{"type":"Feature","properties":{"dist_name":"Thoothukudi","taluk_name":"Thoothukudi","vil_name":"Melathattaparai","unit_id":"4","block_id":"2","survey_no":"233"},"geometry":{"type":"MultiPolygon","coordinates":[[[[78.01401365055824,8.790979413755613,0.0],[78.013901050310707,8.790200943526447,0.0],[78.013967986682289,8.790164304427829,0.0],[78.013633299806969,8.788935472986672,0.0],[78.012674582992332,8.789438547136664,0.0],[78.012968796429789,8.790594795311584,0.0],[78.01310241406199,8.790538545828873,0.0],[78.013180769463759,8.79055089531694,0.0],[78.013338482302245,8.79057753571068,0.0],[78.013620345779458,8.790796782261483,0.0],[78.013709152025896,8.791029532157872,0.0],[78.01401365055824,8.790979413755613,0.0]]]]}},
{"type":"Feature","properties":{"dist_name":"Thoothukudi","taluk_name":"Thoothukudi","vil_name":"Melathattaparai","unit_id":"4","block_id":"2","survey_no":"234"},"geometry":{"type":"MultiPolygon","coordinates":[[[[78.015184151341288,8.789733376503737,0.0],[78.01493151387912,8.788414561202396,0.0],[78.01421844999166,8.788615082323243,0.0],[78.013633299806969,8.788935472986672,0.0],[78.013967986682289,8.790164304427829,0.0],[78.015184151341288,8.789733376503737,0.0]]]]}},
{"type":"Feature","properties":{"dist_name":"Thoothukudi","taluk_name":"Thoothukudi","vil_name":"Melathattaparai","unit_id":"4","block_id":"2","survey_no":"231"},"geometry":{"type":"MultiPolygon","coordinates":[[[[78.01335315074229,8.792542922674913,0.0],[78.013429578561983,8.79253210995622,0.0],[78.013341899556394,8.792023852655813,0.0],[78.01324945003816,8.791147122538099,0.0],[78.013180769463759,8.79055089531694,0.0],[78.01310241406199,8.790538545828873,0.0],[78.012968796429789,8.790594795311584,0.0],[78.012784269398651,8.790661760493876,0.0],[78.012082806950701,8.790917640192616,0.0],[78.011737858097163,8.790516649002088,0.0],[78.011581137473954,8.790506431328177,0.0],[78.011547484462639,8.790384377460532,0.0],[78.011409860495377,8.79045321211505,0.0],[78.011620380392372,8.791978692349963,0.0],[78.012720109840672,8.791961100053916,0.0],[78.012829861505381,8.792372943313563,0.0],[78.012857382681133,8.792474573748017,0.0],[78.013177061713492,8.792428812105635,0.0],[78.013201064373547,8.792547749316391,0.0],[78.01335315074229,8.792542922674913,0.0]]]]}},
{"type":"Feature","properties":{"dist_name":"Thoothukudi","taluk_name":"Thoothukudi","vil_name":"Melathattaparai","unit_id":"4","block_id":"2","survey_no":"232"},"geometry":{"type":"MultiPolygon","coordinates":[[[[78.012784269398651,8.790661760493876,0.0],[78.012968796429789,8.790594795311584,0.0],[78.012674582992332,8.789438547136664,0.0],[78.012661199300595,8.789445569933505,0.0],[78.011461487995334,8.789852989736252,0.0],[78.011547484462639,8.790384377460532,0.0],[78.011581137473954,8.790506431328177,0.0],[78.011737858097163,8.790516649002088,0.0],[78.012082806950701,8.790917640192616,0.0],[78.012784269398651,8.790661760493876,0.0]]]]}},
{"type":"Feature","properties":{"dist_name":"Thoothukudi","taluk_name":"Thoothukudi","vil_name":"Melathattaparai","unit_id":"4","block_id":"3","survey_no":"237"},"geometry":{"type":"MultiPolygon","coordinates":[[[[78.016343223648448,8.791432332677177,0.0],[78.016194816753142,8.791014983638924,0.0],[78.015640023542062,8.791176691576643,0.0],[78.015980480644458,8.792284005425474,0.0],[78.016493591242892,8.791892442063121,0.0],[78.016343223648448,8.791432332677177,0.0]]]]}},
{"type":"Feature","properties":{"dist_name":"Thoothukudi","taluk_name":"Thoothukudi","vil_name":"Melathattaparai","unit_id":"4","block_id":"3","survey_no":"238"},"geometry":{"type":"MultiPolygon","coordinates":[[[[78.015532127277169,8.792693837390173,0.0],[78.015980480644458,8.792284005425474,0.0],[78.015640023542062,8.791176691576643,0.0],[78.015304350696823,8.791069314694806,0.0],[78.015071221907093,8.791009476199239,0.0],[78.014655344479081,8.790703013063251,0.0],[78.014265276033328,8.790765646843749,0.0],[78.014269724680759,8.790957779629412,0.0],[78.014494455357521,8.792404458721954,0.0],[78.015257144009624,8.792339453498673,0.0],[78.015495817653317,8.79290051993576,0.0],[78.015532127277169,8.792693837390173,0.0]]]]}},
{"type":"Feature","properties":{"dist_name":"Thoothukudi","taluk_name":"Thoothukudi","vil_name":"Melathattaparai","unit_id":"4","block_id":"2","survey_no":"235"},"geometry":{"type":"MultiPolygon","coordinates":[[[[78.015633370486654,8.788198035617457,0.0],[78.01493151387912,8.788414561202396,0.0],[78.015184151341288,8.789733376503737,0.0],[78.015897568732939,8.789604930753125,0.0],[78.015633370486654,8.788198035617457,0.0]]]]}},
{"type":"Feature","properties":{"dist_name":"Thoothukudi","taluk_name":"Thoothukudi","vil_name":"Melathattaparai","unit_id":"4","block_id":"3","survey_no":"236"},"geometry":{"type":"MultiPolygon","coordinates":[[[[78.01598891001376,8.790426862547124,0.0],[78.015897568732939,8.789604930753125,0.0],[78.015184151341288,8.789733376503737,0.0],[78.013967986682289,8.790164304427829,0.0],[78.013901050310707,8.790200943526447,0.0],[78.01401365055824,8.790979413755613,0.0],[78.014269724680759,8.790957779629412,0.0],[78.014265276033328,8.790765646843749,0.0],[78.014655344479081,8.790703013063251,0.0],[78.015071221907093,8.791009476199239,0.0],[78.015304350696823,8.791069314694806,0.0],[78.015640023542062,8.791176691576643,0.0],[78.016194816753142,8.791014983638924,0.0],[78.01598891001376,8.790426862547124,0.0]]]]}},
{"type":"Feature","properties":{"dist_name":"Thoothukudi","taluk_name":"Thoothukudi","vil_name":"Melathattaparai","unit_id":"4","block_id":"3","survey_no":"241"},"geometry":{"type":"MultiPolygon","coordinates":[[[[78.01355062518644,8.792514985945621,0.0],[78.013985611344509,8.792466434989123,0.0],[78.013993392212967,8.792465577997746,0.0],[78.013926802405919,8.792182792356382,0.0],[78.013709152025896,8.791029532157872,0.0],[78.013620345779458,8.790796782261483,0.0],[78.013338482302245,8.79057753571068,0.0],[78.013180769463759,8.79055089531694,0.0],[78.01324945003816,8.791147122538099,0.0],[78.013341899556394,8.792023852655813,0.0],[78.013429578561983,8.79253210995622,0.0],[78.01355062518644,8.792514985945621,0.0]]]]}},
{"type":"Feature","properties":{"dist_name":"Thoothukudi","taluk_name":"Thoothukudi","vil_name":"Melathattaparai","unit_id":"4","block_id":"3","survey_no":"242"},"geometry":{"type":"MultiPolygon","coordinates":[[[[78.014637614446571,8.793762513775116,0.0],[78.014495834510981,8.793029163603752,0.0],[78.014355908586225,8.792425664399886,0.0],[78.013993392212967,8.792465577997746,0.0],[78.013985611344509,8.792466434989123,0.0],[78.01355062518644,8.792514985945621,0.0],[78.013699711606051,8.792933225433153,0.0],[78.013885653083236,8.793584657566758,0.0],[78.01399981288975,8.793980307057268,0.0],[78.014637614446571,8.793762513775116,0.0]]]]}},
{"type":"Feature","properties":{"dist_name":"Thoothukudi","taluk_name":"Thoothukudi","vil_name":"Melathattaparai","unit_id":"4","block_id":"3","survey_no":"239"},"geometry":{"type":"MultiPolygon","coordinates":[[[[78.015495817653317,8.79290051993576,0.0],[78.015257144009624,8.792339453498673,0.0],[78.014494455357521,8.792404458721954,0.0],[78.014355908586225,8.792425664399886,0.0],[78.014495834510981,8.793029163603752,0.0],[78.015495817653317,8.79290051993576,0.0]]]]}},
{"type":"Feature","properties":{"dist_name":"Thoothukudi","taluk_name":"Thoothukudi","vil_name":"Melathattaparai","unit_id":"4","block_id":"3","survey_no":"240"},"geometry":{"type":"MultiPolygon","coordinates":[[[[78.014355908586225,8.792425664399886,0.0],[78.014494455357521,8.792404458721954,0.0],[78.014269724680759,8.790957779629412,0.0],[78.01401365055824,8.790979413755613,0.0],[78.013709152025896,8.791029532157872,0.0],[78.013926802405919,8.792182792356382,0.0],[78.013993392212967,8.792465577997746,0.0],[78.014355908586225,8.792425664399886,0.0]]]]}},
{"type":"Feature","properties":{"dist_name":"Thoothukudi","taluk_name":"Thoothukudi","vil_name":"Melathattaparai","unit_id":"3","block_id":"3","survey_no":"154"},"geometry":{"type":"MultiPolygon","coordinates":[[[[78.008450588340338,8.807287942576913,0.0],[78.008930635513721,8.807130729182424,0.0],[78.008937071406677,8.807128617901512,0.0],[78.00917090885946,8.80642213557147,0.0],[78.009001229988343,8.80644415281607,0.0],[78.007586658866416,8.806696694136518,0.0],[78.007683266849213,8.807577985710523,0.0],[78.007777363105006,8.807717842723296,0.0],[78.007716545560342,8.807833901482795,0.0],[78.008050486395092,8.807875079782425,0.0],[78.008450588340338,8.807287942576913,0.0]]]]}},
{"type":"Feature","properties":{"dist_name":"Thoothukudi","taluk_name":"Thoothukudi","vil_name":"Melathattaparai","unit_id":"3","block_id":"1","survey_no":"151"},"geometry":{"type":"MultiPolygon","coordinates":[[[[78.011606048802165,8.803311460805125,0.0],[78.011615297293673,8.803019235226355,0.0],[78.01274883443557,8.802129971302319,0.0],[78.012581140776092,8.802031361972737,0.0],[78.012443819255608,8.801709033704997,0.0],[78.011384689206352,8.801817602630827,0.0],[78.011360044925297,8.802800254020026,0.0],[78.011234670471282,8.802841334722382,0.0],[78.011195964432801,8.80340822447732,0.0],[78.011606048802165,8.803311460805125,0.0]]]]}},
{"type":"Feature","properties":{"dist_name":"Thoothukudi","taluk_name":"Thoothukudi","vil_name":"Melathattaparai","unit_id":"3","block_id":"1","survey_no":"152"},"geometry":{"type":"MultiPolygon","coordinates":[[[[78.011400073033073,8.80457549326958,0.0],[78.011692239967104,8.803359430243086,0.0],[78.011606048802165,8.803311460805125,0.0],[78.011195964432801,8.80340822447732,0.0],[78.011102545754667,8.804752677928008,0.0],[78.011400073033073,8.80457549326958,0.0]]]]}},
{"type":"Feature","properties":{"dist_name":"Thoothukudi","taluk_name":"Thoothukudi","vil_name":"Melathattaparai","unit_id":"3","block_id":"3","survey_no":"157"},"geometry":{"type":"MultiPolygon","coordinates":[[[[78.007115920569433,8.806828920732141,0.0],[78.007068855526114,8.806010989782541,0.0],[78.006773952218282,8.806045237923849,0.0],[78.006728389716926,8.805820309917429,0.0],[78.006333916503877,8.805791942138468,0.0],[78.006197312218873,8.805831564842798,0.0],[78.006232506380513,8.806927371139027,0.0],[78.007115920569433,8.806828920732141,0.0]]]]}},
{"type":"Feature","properties":{"dist_name":"Thoothukudi","taluk_name":"Thoothukudi","vil_name":"Melathattaparai","unit_id":"3","block_id":"3","survey_no":"158"},"geometry":{"type":"MultiPolygon","coordinates":[[[[78.006232506380513,8.806927371139027,0.0],[78.006197312218873,8.805831564842798,0.0],[78.005397912260193,8.805981353839973,0.0],[78.005385149807253,8.807349978979703,0.0],[78.00594682453287,8.807418897473806,0.0],[78.006268358902233,8.807446352047942,0.0],[78.006232506380513,8.806927371139027,0.0]]]]}},
{"type":"Feature","properties":{"dist_name":"Thoothukudi","taluk_name":"Thoothukudi","vil_name":"Melathattaparai","unit_id":"3","block_id":"3","survey_no":"155"},"geometry":{"type":"MultiPolygon","coordinates":[[[[78.007777363105006,8.807717842723296,0.0],[78.007683266849213,8.807577985710523,0.0],[78.007586658866416,8.806696694136518,0.0],[78.007499745858922,8.805927072775496,0.0],[78.007068855526114,8.806010989782541,0.0],[78.007115920569433,8.806828920732141,0.0],[78.007161099442925,8.807574557819404,0.0],[78.007173537228255,8.807713294408096,0.0],[78.007294037155731,8.807804563134114,0.0],[78.007716545560342,8.807833901482795,0.0],[78.007777363105006,8.807717842723296,0.0]]]]}},
{"type":"Feature","properties":{"dist_name":"Thoothukudi","taluk_name":"Thoothukudi","vil_name":"Melathattaparai","unit_id":"3","block_id":"3","survey_no":"156"},"geometry":{"type":"MultiPolygon","coordinates":[[[[78.007115920569433,8.806828920732141,0.0],[78.006232506380513,8.806927371139027,0.0],[78.006268358902233,8.807446352047942,0.0],[78.007161099442925,8.807574557819404,0.0],[78.007115920569433,8.806828920732141,0.0]]]]}},
{"type":"Feature","properties":{"dist_name":"Thoothukudi","taluk_name":"Thoothukudi","vil_name":"Melathattaparai","unit_id":"3","block_id":"4","survey_no":"161"},"geometry":{"type":"MultiPolygon","coordinates":[[[[78.006222220559621,8.805141301714809,0.0],[78.00591350295629,8.803573834465176,0.0],[78.005541442610522,8.80362088306987,0.0],[78.005935337927056,8.805195483300087,0.0],[78.006222220559621,8.805141301714809,0.0]]]]}},
{"type":"Feature","properties":{"dist_name":"Thoothukudi","taluk_name":"Thoothukudi","vil_name":"Melathattaparai","unit_id":"3","block_id":"4","survey_no":"162"},"geometry":{"type":"MultiPolygon","coordinates":[[[[78.006704667531693,8.805612296471248,0.0],[78.006629881783198,8.805616175520164,0.0],[78.006481847040163,8.804875186404562,0.0],[78.00622427575604,8.803549616346961,0.0],[78.006046491716262,8.80356353526723,0.0],[78.00591350295629,8.803573834465176,0.0],[78.006222220559621,8.805141301714809,0.0],[78.006333916503877,8.805791942138468,0.0],[78.006728389716926,8.805820309917429,0.0],[78.006704667531693,8.805612296471248,0.0]]]]}},
{"type":"Feature","properties":{"dist_name":"Thoothukudi","taluk_name":"Thoothukudi","vil_name":"Melathattaparai","unit_id":"3","block_id":"4","survey_no":"159"},"geometry":{"type":"MultiPolygon","coordinates":[[[[78.006197312218873,8.805831564842798,0.0],[78.006333916503877,8.805791942138468,0.0],[78.006222220559621,8.805141301714809,0.0],[78.005935337927056,8.805195483300087,0.0],[78.005406218199681,8.805291163456577,0.0],[78.005397912260193,8.805981353839973,0.0],[78.006197312218873,8.805831564842798,0.0]]]]}},
{"type":"Feature","properties":{"dist_name":"Thoothukudi","taluk_name":"Thoothukudi","vil_name":"Melathattaparai","unit_id":"3","block_id":"4","survey_no":"160"},"geometry":{"type":"MultiPolygon","coordinates":[[[[78.005935337927056,8.805195483300087,0.0],[78.005541442610522,8.80362088306987,0.0],[78.004956702205419,8.803685982927306,0.0],[78.005406218199681,8.805291163456577,0.0],[78.005935337927056,8.805195483300087,0.0]]]]}},
{"type":"Feature","properties":{"dist_name":"Thoothukudi","taluk_name":"Thoothukudi","vil_name":"Umarikottai","unit_id":"1","block_id":"3","survey_no":"178"},"geometry":{"type":"MultiPolygon","coordinates":[[[[78.00206255595532,8.805192847726252,0.0],[78.00207295563753,8.805131897414821,0.0],[78.002545289741704,8.805022204596227,0.0],[78.002638496945025,8.804996978353472,0.0],[78.002591003566238,8.804710952227365,0.0],[78.002812320729504,8.804643758331451,0.0],[78.002759244751672,8.804255462148886,0.0],[78.001754947657716,8.804492169108066,0.0],[78.001374756780066,8.80461331516409,0.0],[78.001399223678277,8.804697924517564,0.0],[78.000729457259979,8.804763540230693,0.0],[78.000830709903909,8.805363708121074,0.0],[78.00206255595532,8.805192847726252,0.0]]]]}},
{"type":"Feature","properties":{"dist_name":"Thoothukudi","taluk_name":"Thoothukudi","vil_name":"Umarikottai","unit_id":"1","block_id":"3","survey_no":"179"},"geometry":{"type":"MultiPolygon","coordinates":[[[[78.001399223678277,8.804697924517564,0.0],[78.001374756780066,8.80461331516409,0.0],[78.001754947657716,8.804492169108066,0.0],[78.001651654926107,8.803628300671525,0.0],[78.001563311572312,8.802898614786576,0.0],[78.000852039141137,8.80293858443653,0.0],[78.00021580786273,8.803018621530605,0.0],[78.000272205510043,8.803701125890594,0.0],[78.000335749392278,8.804423389420641,0.0],[78.000662341145784,8.804405661908127,0.0],[78.000729457259979,8.804763540230693,0.0],[78.001399223678277,8.804697924517564,0.0]]]]}},
{"type":"Feature","properties":{"dist_name":"Thoothukudi","taluk_name":"Thoothukudi","vil_name":"Umarikottai","unit_id":"1","block_id":"2","survey_no":"176"},"geometry":{"type":"MultiPolygon","coordinates":[[[[78.002936031020766,8.804916452568088,0.0],[78.00367906187671,8.804698574843359,0.0],[78.003544062018506,8.804153272792,0.0],[78.003154332829951,8.804174896472537,0.0],[78.002759244751672,8.804255462148886,0.0],[78.002812320729504,8.804643758331451,0.0],[78.002591003566238,8.804710952227365,0.0],[78.002638496945025,8.804996978353472,0.0],[78.002936031020766,8.804916452568088,0.0]]]]}},
{"type":"Feature","properties":{"dist_name":"Thoothukudi","taluk_name":"Thoothukudi","vil_name":"Keelathattaparai","unit_id":"6","block_id":"5","survey_no":"435"},"geometry":{"type":"MultiPolygon","coordinates":[[[[78.020651689434999,8.787435024546737,0.0],[78.020547444125114,8.78723932901066,0.0],[78.020242267210079,8.786727764742293,0.0],[78.019829481369072,8.787018517009738,0.0],[78.019742957202695,8.787134542882484,0.0],[78.020132394507371,8.787764427423884,0.0],[78.020651689434999,8.787435024546737,0.0]]]]}},
{"type":"Feature","properties":{"dist_name":"Thoothukudi","taluk_name":"Thoothukudi","vil_name":"Umarikottai","unit_id":"1","block_id":"3","survey_no":"177"},"geometry":{"type":"MultiPolygon","coordinates":[[[[78.001022890375538,8.806121202056961,0.0],[78.002170954359173,8.805951402252838,0.0],[78.002533418108897,8.805894987097414,0.0],[78.003122931460041,8.805763702547299,0.0],[78.003931057090284,8.805581231414312,0.0],[78.003895941182577,8.805350274003006,0.0],[78.003720299710309,8.804686493759682,0.0],[78.00367906187671,8.804698574843359,0.0],[78.002936031020766,8.804916452568088,0.0],[78.002638496945025,8.804996978353472,0.0],[78.002545289741704,8.805022204596227,0.0],[78.00207295563753,8.805131897414821,0.0],[78.00206255595532,8.805192847726252,0.0],[78.000830709903909,8.805363708121074,0.0],[78.000913900683415,8.80589904579287,0.0],[78.000991069286115,8.806125653024974,0.0],[78.001022890375538,8.806121202056961,0.0]]]]}},
{"type":"Feature","properties":{"dist_name":"Thoothukudi","taluk_name":"Thoothukudi","vil_name":"Keelathattaparai","unit_id":"6","block_id":"7","survey_no":"436"},"geometry":{"type":"MultiPolygon","coordinates":[[[[78.019742957202695,8.787134542882484,0.0],[78.019829481369072,8.787018517009738,0.0],[78.020242267210079,8.786727764742293,0.0],[78.020574805232542,8.786506570942295,0.0],[78.020668992452556,8.786397883277655,0.0],[78.020889126502993,8.786196447231386,0.0],[78.021428264025275,8.785730852960885,0.0],[78.02132070497909,8.785487496986413,0.0],[78.021326356152954,8.785201603270256,0.0],[78.021479339546971,8.784655218840351,0.0],[78.021277302067489,8.784447906783237,0.0],[78.020853862301578,8.784730130673829,0.0],[78.020485259830238,8.785015541857318,0.0],[78.020248384727211,8.785211218826813,0.0],[78.019930978516072,8.785751058742598,0.0],[78.019932257110753,8.785938790829892,0.0],[78.019736744770157,8.786149477316911,0.0],[78.019218979506462,8.786727490573687,0.0],[78.01931819840442,8.786952691253173,0.0],[78.019013699349301,8.787199253022035,0.0],[78.019255279227167,8.787510859831436,0.0],[78.019742957202695,8.787134542882484,0.0]]]]}},
{"type":"Feature","properties":{"dist_name":"Thoothukudi","taluk_name":"Thoothukudi","vil_name":"Umarikottai","unit_id":"1","block_id":"4","survey_no":"182"},"geometry":{"type":"MultiPolygon","coordinates":[[[[78.002563592043828,8.801911706400839,0.0],[78.003252225198651,8.801854114181161,0.0],[78.004510519669481,8.801736969670662,0.0],[78.004427628511294,8.801240172159309,0.0],[78.003623994866459,8.801331626509086,0.0],[78.00268259741587,8.80141630449123,0.0],[78.001544095313889,8.801412122990202,0.0],[78.001581699951686,8.802053907245314,0.0],[78.002563592043828,8.801911706400839,0.0]]]]}},
{"type":"Feature","properties":{"dist_name":"Thoothukudi","taluk_name":"Thoothukudi","vil_name":"Keelathattaparai","unit_id":"6","block_id":"7","survey_no":"433"},"geometry":{"type":"MultiPolygon","coordinates":[[[[78.020437966842451,8.789693216324677,0.0],[78.021507413728415,8.788841860223588,0.0],[78.021467020601577,8.788623730150398,0.0],[78.021177619898111,8.78830203121446,0.0],[78.020313171980391,8.789159823537364,0.0],[78.019757722376497,8.789706707637537,0.0],[78.020437966842451,8.789693216324677,0.0]]]]}},
{"type":"Feature","properties":{"dist_name":"Thoothukudi","taluk_name":"Thoothukudi","vil_name":"Umarikottai","unit_id":"1","block_id":"4","survey_no":"183"},"geometry":{"type":"MultiPolygon","coordinates":[[[[78.004427628511294,8.801240172159309,0.0],[78.004088806799771,8.799696637259851,0.0],[78.003528327784664,8.799814988017523,0.0],[78.00333402321246,8.799871925894688,0.0],[78.003497101497999,8.80068981413174,0.0],[78.003623994866459,8.801331626509086,0.0],[78.004427628511294,8.801240172159309,0.0]]]]}},
{"type":"Feature","properties":{"dist_name":"Thoothukudi","taluk_name":"Thoothukudi","vil_name":"Keelathattaparai","unit_id":"6","block_id":"7","survey_no":"434"},"geometry":{"type":"MultiPolygon","coordinates":[[[[78.020313171980391,8.789159823537364,0.0],[78.021177619898111,8.78830203121446,0.0],[78.021073372767972,8.788105497748729,0.0],[78.020970882575568,8.787962623545399,0.0],[78.020651689434999,8.787435024546737,0.0],[78.020132394507371,8.787764427423884,0.0],[78.019010463597056,8.7883971916206,0.0],[78.019054246909889,8.788471858549718,0.0],[78.018860090801937,8.788686915963826,0.0],[78.019757722376497,8.789706707637537,0.0],[78.020313171980391,8.789159823537364,0.0]]]]}},
{"type":"Feature","properties":{"dist_name":"Thoothukudi","taluk_name":"Thoothukudi","vil_name":"Umarikottai","unit_id":"1","block_id":"3","survey_no":"180"},"geometry":{"type":"MultiPolygon","coordinates":[[[[78.00278229003014,8.803362646195319,0.0],[78.002661061904604,8.802546186097095,0.0],[78.002563592043828,8.801911706400839,0.0],[78.001581699951686,8.802053907245314,0.0],[78.001544095313889,8.801412122990202,0.0],[78.001469946802246,8.800304747350445,0.0],[78.001403489667666,8.800274085085091,0.0],[78.001357282181175,8.799964696200707,0.0],[78.000958627902236,8.800051480630778,0.0],[78.000615857729528,8.80013483787441,0.0],[78.000652033186867,8.800874290977625,0.0],[78.000722002714681,8.801402266058759,0.0],[78.00078680969645,8.802017532573771,0.0],[78.000837893546375,8.802522847278631,0.0],[78.000852039141137,8.80293858443653,0.0],[78.001563311572312,8.802898614786576,0.0],[78.001651654926107,8.803628300671525,0.0],[78.00278229003014,8.803362646195319,0.0]]]]}},
{"type":"Feature","properties":{"dist_name":"Thoothukudi","taluk_name":"Thoothukudi","vil_name":"Keelathattaparai","unit_id":"6","block_id":"6","survey_no":"439"},"geometry":{"type":"MultiPolygon","coordinates":[[[[78.022508855034886,8.784070757931522,0.0],[78.02265617754513,8.783952189723353,0.0],[78.022434877578178,8.783536834614324,0.0],[78.022044591912191,8.78359822319792,0.0],[78.021819312811033,8.783810705613117,0.0],[78.022006899006954,8.784001886571092,0.0],[78.022104766704132,8.784266102687278,0.0],[78.022090320819444,8.784399165810143,0.0],[78.022088783185851,8.784406055904958,0.0],[78.022508855034886,8.784070757931522,0.0]]]]}},
{"type":"Feature","properties":{"dist_name":"Thoothukudi","taluk_name":"Thoothukudi","vil_name":"Umarikottai","unit_id":"1","block_id":"4","survey_no":"181"},"geometry":{"type":"MultiPolygon","coordinates":[[[[78.00299707583855,8.803349886945535,0.0],[78.004208698034375,8.80308593413136,0.0],[78.004673086409241,8.802981061265349,0.0],[78.004610416733271,8.80253219083883,0.0],[78.004510519669481,8.801736969670662,0.0],[78.003252225198651,8.801854114181161,0.0],[78.002563592043828,8.801911706400839,0.0],[78.002661061904604,8.802546186097095,0.0],[78.00278229003014,8.803362646195319,0.0],[78.00299707583855,8.803349886945535,0.0]]]]}},
{"type":"Feature","properties":{"dist_name":"Thoothukudi","taluk_name":"Thoothukudi","vil_name":"Umarikottai","unit_id":"1","block_id":"5","survey_no":"186"},"geometry":{"type":"MultiPolygon","coordinates":[[[[78.004088806799771,8.799696637259851,0.0],[78.003904127900242,8.798743612983104,0.0],[78.003264179183901,8.79886576448537,0.0],[78.003353379849869,8.799205159394598,0.0],[78.003528327784664,8.799814988017523,0.0],[78.004088806799771,8.799696637259851,0.0]]]]}},
{"type":"Feature","properties":{"dist_name":"Thoothukudi","taluk_name":"Thoothukudi","vil_name":"Keelathattaparai","unit_id":"6","block_id":"6","survey_no":"440"},"geometry":{"type":"MultiPolygon","coordinates":[[[[78.022229271768225,8.785091196789114,0.0],[78.022710011186092,8.784591147828262,0.0],[78.023347128832725,8.78387832465209,0.0],[78.023288522283067,8.783725844091581,0.0],[78.022880991203152,8.78299235121173,0.0],[78.022630923968819,8.78316485865159,0.0],[78.022586513020258,8.783180247012362,0.0],[78.022588441153658,8.783343542333458,0.0],[78.022434877578178,8.783536834614324,0.0],[78.02265617754513,8.783952189723353,0.0],[78.022508855034886,8.784070757931522,0.0],[78.022088783185851,8.784406055904958,0.0],[78.022034829636823,8.784647940664691,0.0],[78.021839463799353,8.785031548864634,0.0],[78.021868062349512,8.785107979804458,0.0],[78.02195895369492,8.785341089088105,0.0],[78.022229271768225,8.785091196789114,0.0]]]]}},
{"type":"Feature","properties":{"dist_name":"Thoothukudi","taluk_name":"Thoothukudi","vil_name":"Umarikottai","unit_id":"1","block_id":"5","survey_no":"187"},"geometry":{"type":"MultiPolygon","coordinates":[[[[78.003227068574645,8.798848303703533,0.0],[78.003264179183901,8.79886576448537,0.0],[78.003904127900242,8.798743612983104,0.0],[78.003807953830872,8.798257536322385,0.0],[78.003635416191415,8.798280375773889,0.0],[78.00358507583428,8.798183081697418,0.0],[78.003302232785359,8.798247266503287,0.0],[78.00323124857583,8.79798842219669,0.0],[78.002763430828026,8.798205639310057,0.0],[78.002861804715778,8.798583526102453,0.0],[78.002289259352565,8.798826737503049,0.0],[78.001913847069318,8.798899947531714,0.0],[78.001917155502611,8.79891245271183,0.0],[78.001981936764196,8.79917163934941,0.0],[78.003227068574645,8.798848303703533,0.0]]]]}},
{"type":"Feature","properties":{"dist_name":"Thoothukudi","taluk_name":"Thoothukudi","vil_name":"Keelathattaparai","unit_id":"6","block_id":"6","survey_no":"437"},"geometry":{"type":"MultiPolygon","coordinates":[[[[78.02195895369492,8.785341089088105,0.0],[78.021868062349512,8.785107979804458,0.0],[78.021839463799353,8.785031548864634,0.0],[78.021479339546971,8.784655218840351,0.0],[78.021326356152954,8.785201603270256,0.0],[78.02132070497909,8.785487496986413,0.0],[78.021428264025275,8.785730852960885,0.0],[78.02195895369492,8.785341089088105,0.0]]]]}},
{"type":"Feature","properties":{"dist_name":"Thoothukudi","taluk_name":"Thoothukudi","vil_name":"Melathattaparai","unit_id":"3","block_id":"2","survey_no":"181"},"geometry":{"type":"MultiPolygon","coordinates":[[[[78.01077913487164,8.801976514625395,0.0],[78.010778818529346,8.801872533969128,0.0],[78.010676305045223,8.801077666361412,0.0],[78.008646774595121,8.801509125134032,0.0],[78.00880270783199,8.802304581866608,0.0],[78.01077913487164,8.801976514625395,0.0]]]]}},
{"type":"Feature","properties":{"dist_name":"Thoothukudi","taluk_name":"Thoothukudi","vil_name":"Umarikottai","unit_id":"1","block_id":"4","survey_no":"184"},"geometry":{"type":"MultiPolygon","coordinates":[[[[78.003623994866459,8.801331626509086,0.0],[78.003497101497999,8.80068981413174,0.0],[78.00333402321246,8.799871925894688,0.0],[78.002550460190477,8.80005976834045,0.0],[78.001469946802246,8.800304747350445,0.0],[78.001544095313889,8.801412122990202,0.0],[78.00268259741587,8.80141630449123,0.0],[78.003623994866459,8.801331626509086,0.0]]]]}},
{"type":"Feature","properties":{"dist_name":"Thoothukudi","taluk_name":"Thoothukudi","vil_name":"Keelathattaparai","unit_id":"6","block_id":"6","survey_no":"438"},"geometry":{"type":"MultiPolygon","coordinates":[[[[78.022034829636823,8.784647940664691,0.0],[78.022088783185851,8.784406055904958,0.0],[78.022090320819444,8.784399165810143,0.0],[78.022104766704132,8.784266102687278,0.0],[78.022006899006954,8.784001886571092,0.0],[78.021819312811033,8.783810705613117,0.0],[78.021536415572911,8.78414493797121,0.0],[78.021277302067489,8.784447906783237,0.0],[78.021479339546971,8.784655218840351,0.0],[78.021839463799353,8.785031548864634,0.0],[78.022034829636823,8.784647940664691,0.0]]]]}},
{"type":"Feature","properties":{"dist_name":"Thoothukudi","taluk_name":"Thoothukudi","vil_name":"Melathattaparai","unit_id":"3","block_id":"2","survey_no":"182"},"geometry":{"type":"MultiPolygon","coordinates":[[[[78.007793762635615,8.802924383062523,0.0],[78.008128899243502,8.802775139663277,0.0],[78.008875692987004,8.802619583855416,0.0],[78.00880270783199,8.802304581866608,0.0],[78.008646774595121,8.801509125134032,0.0],[78.008614306634627,8.801373393696426,0.0],[78.007223137233353,8.801592318504335,0.0],[78.006979706927808,8.80164799953932,0.0],[78.006889554161376,8.801662430573375,0.0],[78.00702941530426,8.802394239037396,0.0],[78.007195900972008,8.803168406028107,0.0],[78.007793762635615,8.802924383062523,0.0]]]]}},
{"type":"Feature","properties":{"dist_name":"Thoothukudi","taluk_name":"Thoothukudi","vil_name":"Umarikottai","unit_id":"1","block_id":"4","survey_no":"185"},"geometry":{"type":"MultiPolygon","coordinates":[[[[78.002550460190477,8.80005976834045,0.0],[78.00333402321246,8.799871925894688,0.0],[78.003528327784664,8.799814988017523,0.0],[78.003353379849869,8.799205159394598,0.0],[78.003264179183901,8.79886576448537,0.0],[78.003227068574645,8.798848303703533,0.0],[78.001981936764196,8.79917163934941,0.0],[78.001332812309784,8.799370857235534,0.0],[78.001357282181175,8.799964696200707,0.0],[78.001403489667666,8.800274085085091,0.0],[78.001469946802246,8.800304747350445,0.0],[78.002550460190477,8.80005976834045,0.0]]]]}},
{"type":"Feature","properties":{"dist_name":"Thoothukudi","taluk_name":"Thoothukudi","vil_name":"Melathattaparai","unit_id":"3","block_id":"6","survey_no":"179"},"geometry":{"type":"MultiPolygon","coordinates":[[[[78.010546091000819,8.800134449566775,0.0],[78.010492521967336,8.79973559350432,0.0],[78.009987017627395,8.799788251438208,0.0],[78.009476972765242,8.799894347084264,0.0],[78.00950632975669,8.800323323941203,0.0],[78.010546091000819,8.800134449566775,0.0]]]]}},
{"type":"Feature","properties":{"dist_name":"Thoothukudi","taluk_name":"Thoothukudi","vil_name":"Umarikottai","unit_id":"1","block_id":"5","survey_no":"190"},"geometry":{"type":"MultiPolygon","coordinates":[[[[78.003807953830872,8.798257536322385,0.0],[78.004540192768303,8.797913177960694,0.0],[78.004390849023579,8.797346684377715,0.0],[78.004093447653148,8.797400392538133,0.0],[78.003982266948057,8.797160066795952,0.0],[78.003654466293924,8.797251787218626,0.0],[78.003083242910947,8.797414762918345,0.0],[78.00323124857583,8.79798842219669,0.0],[78.003302232785359,8.798247266503287,0.0],[78.00358507583428,8.798183081697418,0.0],[78.003635416191415,8.798280375773889,0.0],[78.003807953830872,8.798257536322385,0.0]]]]}},
{"type":"Feature","properties":{"dist_name":"Thoothukudi","taluk_name":"Thoothukudi","vil_name":"Melathattaparai","unit_id":"3","block_id":"6","survey_no":"180"},"geometry":{"type":"MultiPolygon","coordinates":[[[[78.010676305045223,8.801077666361412,0.0],[78.010546091000819,8.800134449566775,0.0],[78.00950632975669,8.800323323941203,0.0],[78.009099271401254,8.80042154362769,0.0],[78.008538286658037,8.798968376234294,0.0],[78.008294360556917,8.799012216035321,0.0],[78.008054831472634,8.799073526015961,0.0],[78.008437112409553,8.800303948108638,0.0],[78.008614306634627,8.801373393696426,0.0],[78.008646774595121,8.801509125134032,0.0],[78.010676305045223,8.801077666361412,0.0]]]]}},
{"type":"Feature","properties":{"dist_name":"Thoothukudi","taluk_name":"Thoothukudi","vil_name":"Umarikottai","unit_id":"1","block_id":"5","survey_no":"191"},"geometry":{"type":"MultiPolygon","coordinates":[[[[78.004390849023579,8.797346684377715,0.0],[78.004809429629759,8.797209930126842,0.0],[78.004518299343644,8.796271902102475,0.0],[78.003995208914176,8.79638615904523,0.0],[78.003618343052779,8.795543749688301,0.0],[78.003125746196517,8.79586964442584,0.0],[78.003306316908251,8.796332570108422,0.0],[78.003654466293924,8.797251787218626,0.0],[78.003982266948057,8.797160066795952,0.0],[78.004093447653148,8.797400392538133,0.0],[78.004390849023579,8.797346684377715,0.0]]]]}},
{"type":"Feature","properties":{"dist_name":"Thoothukudi","taluk_name":"Thoothukudi","vil_name":"Melathattaparai","unit_id":"3","block_id":"4","survey_no":"185"},"geometry":{"type":"MultiPolygon","coordinates":[[[[78.005541442610522,8.80362088306987,0.0],[78.00591350295629,8.803573834465176,0.0],[78.006046491716262,8.80356353526723,0.0],[78.005731328448363,8.802111762427025,0.0],[78.004613755468966,8.802385240418857,0.0],[78.004956702205419,8.803685982927306,0.0],[78.005541442610522,8.80362088306987,0.0]]]]}},
{"type":"Feature","properties":{"dist_name":"Thoothukudi","taluk_name":"Thoothukudi","vil_name":"Umarikottai","unit_id":"1","block_id":"5","survey_no":"188"},"geometry":{"type":"MultiPolygon","coordinates":[[[[78.002289259352565,8.798826737503049,0.0],[78.002861804715778,8.798583526102453,0.0],[78.002763430828026,8.798205639310057,0.0],[78.001843203489642,8.798632918961211,0.0],[78.001913847069318,8.798899947531714,0.0],[78.002289259352565,8.798826737503049,0.0]]]]}},
{"type":"Feature","properties":{"dist_name":"Thoothukudi","taluk_name":"Thoothukudi","vil_name":"Melathattaparai","unit_id":"3","block_id":"4","survey_no":"186"},"geometry":{"type":"MultiPolygon","coordinates":[[[[78.006079042511217,8.802015229171749,0.0],[78.006052633135141,8.80182876649425,0.0],[78.005967539834614,8.801372180013024,0.0],[78.004533834481492,8.801695455332215,0.0],[78.004613755468966,8.802385240418857,0.0],[78.005731328448363,8.802111762427025,0.0],[78.006079042511217,8.802015229171749,0.0]]]]}},
{"type":"Feature","properties":{"dist_name":"Thoothukudi","taluk_name":"Thoothukudi","vil_name":"Melathattaparai","unit_id":"3","block_id":"2","survey_no":"183"},"geometry":{"type":"MultiPolygon","coordinates":[[[[78.008678271082132,8.804319519741549,0.0],[78.008485864122875,8.803395779211751,0.0],[78.008309552633435,8.803381157935361,0.0],[78.008128899243502,8.802775139663277,0.0],[78.007793762635615,8.802924383062523,0.0],[78.00801360044133,8.803509370990692,0.0],[78.007503223934748,8.80372386258426,0.0],[78.007612964270336,8.804575917357251,0.0],[78.008678271082132,8.804319519741549,0.0]]]]}},
{"type":"Feature","properties":{"dist_name":"Thoothukudi","taluk_name":"Thoothukudi","vil_name":"Umarikottai","unit_id":"1","block_id":"5","survey_no":"189"},"geometry":{"type":"MultiPolygon","coordinates":[[[[78.002763430828026,8.798205639310057,0.0],[78.00323124857583,8.79798842219669,0.0],[78.003083242910947,8.797414762918345,0.0],[78.003654466293924,8.797251787218626,0.0],[78.003306316908251,8.796332570108422,0.0],[78.003125746196517,8.79586964442584,0.0],[78.002760459772418,8.796111313090933,0.0],[78.002316832371392,8.796288079559789,0.0],[78.0020446507381,8.796385655388232,0.0],[78.001944490741664,8.796421561307701,0.0],[78.001984333971635,8.79660881874673,0.0],[78.002181805119108,8.79740304334557,0.0],[78.001498623845066,8.797614473188521,0.0],[78.00173828049968,8.798212521202938,0.0],[78.001843203489642,8.798632918961211,0.0],[78.002763430828026,8.798205639310057,0.0]]]]}},
{"type":"Feature","properties":{"dist_name":"Thoothukudi","taluk_name":"Thoothukudi","vil_name":"Melathattaparai","unit_id":"3","block_id":"4","survey_no":"184"},"geometry":{"type":"MultiPolygon","coordinates":[[[[78.007612964270336,8.804575917357251,0.0],[78.007503223934748,8.80372386258426,0.0],[78.00801360044133,8.803509370990692,0.0],[78.007793762635615,8.802924383062523,0.0],[78.007195900972008,8.803168406028107,0.0],[78.00702941530426,8.802394239037396,0.0],[78.006377919538892,8.802503849799539,0.0],[78.00623349291682,8.801812655905234,0.0],[78.006052633135141,8.80182876649425,0.0],[78.006079042511217,8.802015229171749,0.0],[78.005731328448363,8.802111762427025,0.0],[78.006046491716262,8.80356353526723,0.0],[78.00622427575604,8.803549616346961,0.0],[78.006481847040163,8.804875186404562,0.0],[78.007612964270336,8.804575917357251,0.0]]]]}},
{"type":"Feature","properties":{"dist_name":"Thoothukudi","taluk_name":"Thoothukudi","vil_name":"Keelathattaparai","unit_id":"6","block_id":"5","survey_no":"416"},"geometry":{"type":"MultiPolygon","coordinates":[[[[78.024151753626612,8.786564178174533,0.0],[78.024482634408571,8.786304369428056,0.0],[78.024754151240288,8.786095275098827,0.0],[78.024863035083939,8.78589190853382,0.0],[78.02466039403717,8.785570998094705,0.0],[78.024570716125353,8.78545719111165,0.0],[78.024785871623521,8.785282731789076,0.0],[78.024785635902845,8.78528224653726,0.0],[78.024498962351885,8.784692446681081,0.0],[78.024142631910195,8.784735691858145,0.0],[78.02405055687295,8.784609604642206,0.0],[78.023734895589996,8.784793230477515,0.0],[78.023999790280527,8.785344766064505,0.0],[78.024084359585856,8.785522725960218,0.0],[78.023693244880917,8.785934686181498,0.0],[78.023641094317796,8.785986379132968,0.0],[78.023690680330887,8.786176029170946,0.0],[78.023590142347771,8.786245641419994,0.0],[78.023579897580532,8.786250909873626,0.0],[78.023926301839197,8.786753359990826,0.0],[78.024151753626612,8.786564178174533,0.0]]]]}},
{"type":"Feature","properties":{"dist_name":"Thoothukudi","taluk_name":"Thoothukudi","vil_name":"Melathattaparai","unit_id":"3","block_id":"5","survey_no":"189"},"geometry":{"type":"MultiPolygon","coordinates":[[[[78.005451754464971,8.800779313239554,0.0],[78.005312277342952,8.800146794264375,0.0],[78.005105560132066,8.799209342208281,0.0],[78.004831224939878,8.799190784623056,0.0],[78.004946915145553,8.800873835478059,0.0],[78.005451754464971,8.800779313239554,0.0]]]]}},
{"type":"Feature","properties":{"dist_name":"Thoothukudi","taluk_name":"Thoothukudi","vil_name":"Melathattaparai","unit_id":"3","block_id":"5","survey_no":"190"},"geometry":{"type":"MultiPolygon","coordinates":[[[[78.005694834385721,8.800070142115482,0.0],[78.005495752786757,8.799119330535786,0.0],[78.005105560132066,8.799209342208281,0.0],[78.005312277342952,8.800146794264375,0.0],[78.005694834385721,8.800070142115482,0.0]]]]}},
{"type":"Feature","properties":{"dist_name":"Thoothukudi","taluk_name":"Thoothukudi","vil_name":"Melathattaparai","unit_id":"3","block_id":"5","survey_no":"187"},"geometry":{"type":"MultiPolygon","coordinates":[[[[78.005312277342952,8.800146794264375,0.0],[78.005451754464971,8.800779313239554,0.0],[78.004946915145553,8.800873835478059,0.0],[78.00443812681138,8.800957558995041,0.0],[78.004533834481492,8.801695455332215,0.0],[78.005967539834614,8.801372180013024,0.0],[78.005694834385721,8.800070142115482,0.0],[78.005312277342952,8.800146794264375,0.0]]]]}},
{"type":"Feature","properties":{"dist_name":"Thoothukudi","taluk_name":"Thoothukudi","vil_name":"Keelathattaparai","unit_id":"6","block_id":"5","survey_no":"419"},"geometry":{"type":"MultiPolygon","coordinates":[[[[78.020897634890872,8.787006536419973,0.0],[78.021012080641469,8.786762880134267,0.0],[78.021219073408901,8.786333968916715,0.0],[78.021593284589727,8.785924497740858,0.0],[78.021428264025275,8.785730852960885,0.0],[78.020889126502993,8.786196447231386,0.0],[78.020668992452556,8.786397883277655,0.0],[78.020574805232542,8.786506570942295,0.0],[78.020242267210079,8.786727764742293,0.0],[78.020547444125114,8.78723932901066,0.0],[78.020897634890872,8.787006536419973,0.0]]]]}},
{"type":"Feature","properties":{"dist_name":"Thoothukudi","taluk_name":"Thoothukudi","vil_name":"Melathattaparai","unit_id":"3","block_id":"5","survey_no":"188"},"geometry":{"type":"MultiPolygon","coordinates":[[[[78.004777933778641,8.798569202571485,0.0],[78.004588182913267,8.797664073976199,0.0],[78.004434861365752,8.797664855932867,0.0],[78.003808024095846,8.797887727309888,0.0],[78.003930677163538,8.798455255897625,0.0],[78.00443812681138,8.800957558995041,0.0],[78.004946915145553,8.800873835478059,0.0],[78.004831224939878,8.799190784623056,0.0],[78.004777933778641,8.798569202571485,0.0]]]]}},
{"type":"Feature","properties":{"dist_name":"Thoothukudi","taluk_name":"Thoothukudi","vil_name":"Keelathattaparai","unit_id":"6","block_id":"5","survey_no":"420"},"geometry":{"type":"MultiPolygon","coordinates":[[[[78.021825774172299,8.788443614940217,0.0],[78.022712980974759,8.787302087127111,0.0],[78.022637460144011,8.787230357582038,0.0],[78.023070687719994,8.786748745210071,0.0],[78.02345448843387,8.786315393731915,0.0],[78.023252594014807,8.786139151912682,0.0],[78.023117885980824,8.786022160324322,0.0],[78.022922310650529,8.785765315342003,0.0],[78.02270980144273,8.785505144631275,0.0],[78.021593284589727,8.785924497740858,0.0],[78.021219073408901,8.786333968916715,0.0],[78.021012080641469,8.786762880134267,0.0],[78.020897634890872,8.787006536419973,0.0],[78.020547444125114,8.78723932901066,0.0],[78.020651689434999,8.787435024546737,0.0],[78.020970882575568,8.787962623545399,0.0],[78.021073372767972,8.788105497748729,0.0],[78.021177619898111,8.78830203121446,0.0],[78.021467020601577,8.788623730150398,0.0],[78.021825774172299,8.788443614940217,0.0]]]]}},
{"type":"Feature","properties":{"dist_name":"Thoothukudi","taluk_name":"Thoothukudi","vil_name":"Melathattaparai","unit_id":"3","block_id":"5","survey_no":"193"},"geometry":{"type":"MultiPolygon","coordinates":[[[[78.006889554161376,8.801662430573375,0.0],[78.006979706927808,8.80164799953932,0.0],[78.007223137233353,8.801592318504335,0.0],[78.006986330809951,8.800680302548766,0.0],[78.006661905709606,8.799387394904818,0.0],[78.00661310965414,8.799220356869929,0.0],[78.005957807204169,8.79938385901132,0.0],[78.006446146601064,8.801759269245803,0.0],[78.006889554161376,8.801662430573375,0.0]]]]}},
{"type":"Feature","properties":{"dist_name":"Thoothukudi","taluk_name":"Thoothukudi","vil_name":"Keelathattaparai","unit_id":"6","block_id":"5","survey_no":"417"},"geometry":{"type":"MultiPolygon","coordinates":[[[[78.023579897580532,8.786250909873626,0.0],[78.023590142347771,8.786245641419994,0.0],[78.023690680330887,8.786176029170946,0.0],[78.023641094317796,8.785986379132968,0.0],[78.023693244880917,8.785934686181498,0.0],[78.024084359585856,8.785522725960218,0.0],[78.023999790280527,8.785344766064505,0.0],[78.023734895589996,8.784793230477515,0.0],[78.023150884664076,8.785175905958537,0.0],[78.023371910005011,8.785544356790014,0.0],[78.022922310650529,8.785765315342003,0.0],[78.023117885980824,8.786022160324322,0.0],[78.023252594014807,8.786139151912682,0.0],[78.02345448843387,8.786315393731915,0.0],[78.023579897580532,8.786250909873626,0.0]]]]}},
{"type":"Feature","properties":{"dist_name":"Thoothukudi","taluk_name":"Thoothukudi","vil_name":"Melathattaparai","unit_id":"3","block_id":"5","survey_no":"194"},"geometry":{"type":"MultiPolygon","coordinates":[[[[78.008614306634627,8.801373393696426,0.0],[78.008437112409553,8.800303948108638,0.0],[78.008089129682276,8.800403334469614,0.0],[78.007743540131884,8.800485766655665,0.0],[78.006986330809951,8.800680302548766,0.0],[78.007223137233353,8.801592318504335,0.0],[78.008614306634627,8.801373393696426,0.0]]]]}},
{"type":"Feature","properties":{"dist_name":"Thoothukudi","taluk_name":"Thoothukudi","vil_name":"Peroorani","unit_id":"5","block_id":"9","survey_no":"244"},"geometry":{"type":"MultiPolygon","coordinates":[[[[78.011175555455225,8.781433416353515,0.0],[78.012284157824624,8.781119853268077,0.0],[78.012383494548388,8.781405374793749,0.0],[78.013626000719952,8.781199278939383,0.0],[78.013347139746458,8.780330564630646,0.0],[78.013181460306228,8.779803321819852,0.0],[78.012791226173249,8.779881842716868,0.0],[78.012056603432868,8.780034171953105,0.0],[78.012051432949264,8.780035242322569,0.0],[78.011206043304043,8.780175354594768,0.0],[78.010771213365814,8.780395835101967,0.0],[78.010919244060091,8.780976695883716,0.0],[78.011044235231424,8.781463774785525,0.0],[78.011175555455225,8.781433416353515,0.0]]]]}},
{"type":"Feature","properties":{"dist_name":"Thoothukudi","taluk_name":"Thoothukudi","vil_name":"Keelathattaparai","unit_id":"6","block_id":"5","survey_no":"418"},"geometry":{"type":"MultiPolygon","coordinates":[[[[78.02270980144273,8.785505144631275,0.0],[78.022922310650529,8.785765315342003,0.0],[78.023371910005011,8.785544356790014,0.0],[78.023150884664076,8.785175905958537,0.0],[78.023734895589996,8.784793230477515,0.0],[78.02405055687295,8.784609604642206,0.0],[78.023718768687274,8.784248125793091,0.0],[78.023526410305507,8.784113656539379,0.0],[78.023347128832725,8.78387832465209,0.0],[78.022710011186092,8.784591147828262,0.0],[78.022229271768225,8.785091196789114,0.0],[78.02195895369492,8.785341089088105,0.0],[78.021428264025275,8.785730852960885,0.0],[78.021593284589727,8.785924497740858,0.0],[78.02270980144273,8.785505144631275,0.0]]]]}},
{"type":"Feature","properties":{"dist_name":"Thoothukudi","taluk_name":"Thoothukudi","vil_name":"Melathattaparai","unit_id":"3","block_id":"5","survey_no":"191"},"geometry":{"type":"MultiPolygon","coordinates":[[[[78.00623349291682,8.801812655905234,0.0],[78.006446146601064,8.801759269245803,0.0],[78.005957807204169,8.79938385901132,0.0],[78.005859833129563,8.799034605365989,0.0],[78.005495752786757,8.799119330535786,0.0],[78.005694834385721,8.800070142115482,0.0],[78.005967539834614,8.801372180013024,0.0],[78.006052633135141,8.80182876649425,0.0],[78.00623349291682,8.801812655905234,0.0]]]]}},
{"type":"Feature","properties":{"dist_name":"Thoothukudi","taluk_name":"Thoothukudi","vil_name":"Peroorani","unit_id":"5","block_id":"9","survey_no":"245"},"geometry":{"type":"MultiPolygon","coordinates":[[[[78.012791226173249,8.779881842716868,0.0],[78.013181460306228,8.779803321819852,0.0],[78.013566307246336,8.779681806313635,0.0],[78.01319741066871,8.77813995835618,0.0],[78.012489220561079,8.778261973335439,0.0],[78.012366016632626,8.777987345429484,0.0],[78.011975173702183,8.778027451773543,0.0],[78.011590339002609,8.778206505308649,0.0],[78.011629922512839,8.778443953018405,0.0],[78.011710481770649,8.778460765467219,0.0],[78.012056603432868,8.780034171953105,0.0],[78.012791226173249,8.779881842716868,0.0]]]]}},
{"type":"Feature","properties":{"dist_name":"Thoothukudi","taluk_name":"Thoothukudi","vil_name":"Melathattaparai","unit_id":"3","block_id":"5","survey_no":"192"},"geometry":{"type":"MultiPolygon","coordinates":[[[[78.00702941530426,8.802394239037396,0.0],[78.006889554161376,8.801662430573375,0.0],[78.006446146601064,8.801759269245803,0.0],[78.00623349291682,8.801812655905234,0.0],[78.006377919538892,8.802503849799539,0.0],[78.00702941530426,8.802394239037396,0.0]]]]}},
{"type":"Feature","properties":{"dist_name":"Thoothukudi","taluk_name":"Thoothukudi","vil_name":"Umarikottai","unit_id":"1","block_id":"1","survey_no":"170"},"geometry":{"type":"MultiPolygon","coordinates":[[[[78.002533418108897,8.805894987097414,0.0],[78.002170954359173,8.805951402252838,0.0],[78.002172876285414,8.806457520557089,0.0],[78.001766818575447,8.80648747598547,0.0],[78.001771473860529,8.806860050187238,0.0],[78.002637644146944,8.806909912771484,0.0],[78.002533418108897,8.805894987097414,0.0]]]]}},
{"type":"Feature","properties":{"dist_name":"Thoothukudi","taluk_name":"Thoothukudi","vil_name":"Peroorani","unit_id":"5","block_id":"8","survey_no":"242"},"geometry":{"type":"MultiPolygon","coordinates":[[[[78.012353602490009,8.782795905211316,0.0],[78.012761167498908,8.78273448683581,0.0],[78.013333216998774,8.782664614384645,0.0],[78.013428237053972,8.782594691032935,0.0],[78.014046307624128,8.782461758524104,0.0],[78.013813482796223,8.781767954903918,0.0],[78.013626000719952,8.781199278939383,0.0],[78.012383494548388,8.781405374793749,0.0],[78.012284157824624,8.781119853268077,0.0],[78.011175555455225,8.781433416353515,0.0],[78.011337914313046,8.782181095605099,0.0],[78.01141621031509,8.782667389058615,0.0],[78.011471486552921,8.783006361928514,0.0],[78.012353602490009,8.782795905211316,0.0]]]]}},
{"type":"Feature","properties":{"dist_name":"Thoothukudi","taluk_name":"Thoothukudi","vil_name":"Melathattaparai","unit_id":"3","block_id":"3","survey_no":"165"},"geometry":{"type":"MultiPolygon","coordinates":[[[[78.009001229988343,8.80644415281607,0.0],[78.008940328712256,8.805696283188579,0.0],[78.008891167590619,8.805255174907975,0.0],[78.007448929324624,8.805470417458295,0.0],[78.007499745858922,8.805927072775496,0.0],[78.007586658866416,8.806696694136518,0.0],[78.009001229988343,8.80644415281607,0.0]]]]}},
{"type":"Feature","properties":{"dist_name":"Thoothukudi","taluk_name":"Thoothukudi","vil_name":"Umarikottai","unit_id":"1","block_id":"1","survey_no":"171"},"geometry":{"type":"MultiPolygon","coordinates":[[[[78.004177057892605,8.8085413589318,0.0],[78.004007131725473,8.807529341975574,0.0],[78.003937717901621,8.807121676760161,0.0],[78.004083585771099,8.807097257718279,0.0],[78.00404458216822,8.806450019308507,0.0],[78.003931057090284,8.805581231414312,0.0],[78.003122931460041,8.805763702547299,0.0],[78.002533418108897,8.805894987097414,0.0],[78.002637644146944,8.806909912771484,0.0],[78.002653694310155,8.807551001525027,0.0],[78.002652829564624,8.808141364212373,0.0],[78.003077884012953,8.808359298931578,0.0],[78.003748555412912,8.808565665282989,0.0],[78.004177057892605,8.8085413589318,0.0]]]]}},
{"type":"Feature","properties":{"dist_name":"Thoothukudi","taluk_name":"Thoothukudi","vil_name":"Peroorani","unit_id":"5","block_id":"8","survey_no":"243"},"geometry":{"type":"MultiPolygon","coordinates":[[[[78.011056844148527,8.783092659117409,0.0],[78.011471486552921,8.783006361928514,0.0],[78.01141621031509,8.782667389058615,0.0],[78.011337914313046,8.782181095605099,0.0],[78.011175555455225,8.781433416353515,0.0],[78.011044235231424,8.781463774785525,0.0],[78.010919244060091,8.780976695883716,0.0],[78.010771213365814,8.780395835101967,0.0],[78.010603319684549,8.779998215949194,0.0],[78.010069495530018,8.780090032221256,0.0],[78.010484371237595,8.78157158136823,0.0],[78.010430874595301,8.781583470702163,0.0],[78.010681733763249,8.782320621809891,0.0],[78.010872334762084,8.783120090975592,0.0],[78.011056844148527,8.783092659117409,0.0]]]]}},
{"type":"Feature","properties":{"dist_name":"Thoothukudi","taluk_name":"Thoothukudi","vil_name":"Melathattaparai","unit_id":"3","block_id":"2","survey_no":"166"},"geometry":{"type":"MultiPolygon","coordinates":[[[[78.00917090885946,8.80642213557147,0.0],[78.009262163493148,8.806164917157229,0.0],[78.009585063211375,8.805654460287045,0.0],[78.008940328712256,8.805696283188579,0.0],[78.009001229988343,8.80644415281607,0.0],[78.00917090885946,8.80642213557147,0.0]]]]}},
{"type":"Feature","properties":{"dist_name":"Thoothukudi","taluk_name":"Thoothukudi","vil_name":"Umarikottai","unit_id":"1","block_id":"1","survey_no":"168"},"geometry":{"type":"MultiPolygon","coordinates":[[[[78.002653694310155,8.807551001525027,0.0],[78.002637644146944,8.806909912771484,0.0],[78.001771473860529,8.806860050187238,0.0],[78.000996879635565,8.806809886297534,0.0],[78.00069030704384,8.806794091716405,0.0],[78.000776260224967,8.807022725400202,0.0],[78.001661495182844,8.807530295117758,0.0],[78.001841212639917,8.807633999291875,0.0],[78.002326253140694,8.8079991888923,0.0],[78.002652829564624,8.808141364212373,0.0],[78.002653694310155,8.807551001525027,0.0]]]]}},
{"type":"Feature","properties":{"dist_name":"Thoothukudi","taluk_name":"Thoothukudi","vil_name":"Melathattaparai","unit_id":"3","block_id":"3","survey_no":"163"},"geometry":{"type":"MultiPolygon","coordinates":[[[[78.006704667531693,8.805612296471248,0.0],[78.007448929324624,8.805470417458295,0.0],[78.008891167590619,8.805255174907975,0.0],[78.008863314687176,8.804790544059193,0.0],[78.008772737908828,8.804301844242955,0.0],[78.008678271082132,8.804319519741549,0.0],[78.007612964270336,8.804575917357251,0.0],[78.006481847040163,8.804875186404562,0.0],[78.006629881783198,8.805616175520164,0.0],[78.006704667531693,8.805612296471248,0.0]]]]}},
{"type":"Feature","properties":{"dist_name":"Thoothukudi","taluk_name":"Thoothukudi","vil_name":"Umarikottai","unit_id":"1","block_id":"1","survey_no":"169"},"geometry":{"type":"MultiPolygon","coordinates":[[[[78.001766818575447,8.80648747598547,0.0],[78.002172876285414,8.806457520557089,0.0],[78.002170954359173,8.805951402252838,0.0],[78.001022890375538,8.806121202056961,0.0],[78.000996879635565,8.806809886297534,0.0],[78.001771473860529,8.806860050187238,0.0],[78.001766818575447,8.80648747598547,0.0]]]]}},
{"type":"Feature","properties":{"dist_name":"Thoothukudi","taluk_name":"Thoothukudi","vil_name":"Keelathattaparai","unit_id":"6","block_id":"8","survey_no":"459"},"geometry":{"type":"MultiPolygon","coordinates":[[[[78.017773949904338,8.7886526451924,0.0],[78.017807140336231,8.788751177066985,0.0],[78.018326599706455,8.788439073124421,0.0],[78.018082009996249,8.788128012639094,0.0],[78.017795127552461,8.788306736421456,0.0],[78.017279164774067,8.788628171489357,0.0],[78.017175232825622,8.788767345617966,0.0],[78.017393376526655,8.788918240889231,0.0],[78.017773949904338,8.7886526451924,0.0]]]]}},
{"type":"Feature","properties":{"dist_name":"Thoothukudi","taluk_name":"Thoothukudi","vil_name":"Melathattaparai","unit_id":"3","block_id":"3","survey_no":"164"},"geometry":{"type":"MultiPolygon","coordinates":[[[[78.007068855526114,8.806010989782541,0.0],[78.007499745858922,8.805927072775496,0.0],[78.007448929324624,8.805470417458295,0.0],[78.006704667531693,8.805612296471248,0.0],[78.006728389716926,8.805820309917429,0.0],[78.006773952218282,8.806045237923849,0.0],[78.007068855526114,8.806010989782541,0.0]]]]}},
{"type":"Feature","properties":{"dist_name":"Thoothukudi","taluk_name":"Thoothukudi","vil_name":"Umarikottai","unit_id":"1","block_id":"2","survey_no":"174"},"geometry":{"type":"MultiPolygon","coordinates":[[[[78.005068855934354,8.80633735261884,0.0],[78.00539769172228,8.806319750589129,0.0],[78.005378679987416,8.80542618807344,0.0],[78.00524349164192,8.804600388720099,0.0],[78.004673086409241,8.802981061265349,0.0],[78.004208698034375,8.80308593413136,0.0],[78.00299707583855,8.803349886945535,0.0],[78.003154332829951,8.804174896472537,0.0],[78.003544062018506,8.804153272792,0.0],[78.00367906187671,8.804698574843359,0.0],[78.003720299710309,8.804686493759682,0.0],[78.003895941182577,8.805350274003006,0.0],[78.003931057090284,8.805581231414312,0.0],[78.00404458216822,8.806450019308507,0.0],[78.005068855934354,8.80633735261884,0.0]]]]}},
{"type":"Feature","properties":{"dist_name":"Thoothukudi","taluk_name":"Thoothukudi","vil_name":"Peroorani","unit_id":"5","block_id":"9","survey_no":"246"},"geometry":{"type":"MultiPolygon","coordinates":[[[[78.012051432949264,8.780035242322569,0.0],[78.012056603432868,8.780034171953105,0.0],[78.011710481770649,8.778460765467219,0.0],[78.011629922512839,8.778443953018405,0.0],[78.011590339002609,8.778206505308649,0.0],[78.011016817950008,8.778590541109507,0.0],[78.01052846918563,8.778497386969756,0.0],[78.010670260772514,8.779290984184628,0.0],[78.01095804902738,8.779265413533553,0.0],[78.011095937102567,8.779773111391883,0.0],[78.011206043304043,8.780175354594768,0.0],[78.012051432949264,8.780035242322569,0.0]]]]}},
{"type":"Feature","properties":{"dist_name":"Thoothukudi","taluk_name":"Thoothukudi","vil_name":"Keelathattaparai","unit_id":"6","block_id":"8","survey_no":"460"},"geometry":{"type":"MultiPolygon","coordinates":[[[[78.018860090801937,8.788686915963826,0.0],[78.019054246909889,8.788471858549718,0.0],[78.019010463597056,8.7883971916206,0.0],[78.018887218989235,8.788187015009171,0.0],[78.018576653283304,8.787672892254092,0.0],[78.018186254094289,8.787935374053511,0.0],[78.018144125004,8.78801770347501,0.0],[78.018082009996249,8.788128012639094,0.0],[78.018326599706455,8.788439073124421,0.0],[78.018455855481818,8.788361413329055,0.0],[78.018753377695674,8.788805116569772,0.0],[78.018860090801937,8.788686915963826,0.0]]]]}},
{"type":"Feature","properties":{"dist_name":"Thoothukudi","taluk_name":"Thoothukudi","vil_name":"Melathattaparai","unit_id":"3","block_id":"1","survey_no":"169"},"geometry":{"type":"MultiPolygon","coordinates":[[[[78.010377183165446,8.805040867264747,0.0],[78.010547830550124,8.803558936264578,0.0],[78.009958013731392,8.803604571051745,0.0],[78.010062419661153,8.803289120086442,0.0],[78.010069507795023,8.802984939922599,0.0],[78.009141281049196,8.803074828513868,0.0],[78.009417090644916,8.80421373559998,0.0],[78.009741013392642,8.804177301346606,0.0],[78.009882466362171,8.805043169431698,0.0],[78.0099127208357,8.805075023848303,0.0],[78.010060441889763,8.805082945665724,0.0],[78.010090787674955,8.805156470091553,0.0],[78.010377183165446,8.805040867264747,0.0]]]]}},
{"type":"Feature","properties":{"dist_name":"Thoothukudi","taluk_name":"Thoothukudi","vil_name":"Umarikottai","unit_id":"1","block_id":"2","survey_no":"175"},"geometry":{"type":"MultiPolygon","coordinates":[[[[78.002759244751672,8.804255462148886,0.0],[78.003154332829951,8.804174896472537,0.0],[78.00299707583855,8.803349886945535,0.0],[78.00278229003014,8.803362646195319,0.0],[78.001651654926107,8.803628300671525,0.0],[78.001754947657716,8.804492169108066,0.0],[78.002759244751672,8.804255462148886,0.0]]]]}},
{"type":"Feature","properties":{"dist_name":"Thoothukudi","taluk_name":"Thoothukudi","vil_name":"Peroorani","unit_id":"5","block_id":"9","survey_no":"247"},"geometry":{"type":"MultiPolygon","coordinates":[[[[78.009533328182954,8.777869636291593,0.0],[78.009323533386663,8.777829015255888,0.0],[78.009366957848513,8.77820788868701,0.0],[78.009287360775645,8.778251328846977,0.0],[78.009366331812842,8.778473473932813,0.0],[78.009689598943609,8.778434085336826,0.0],[78.009756954373373,8.778919899119,0.0],[78.009865886628347,8.779812035759507,0.0],[78.009912055171526,8.780120146207052,0.0],[78.010069495530018,8.780090032221256,0.0],[78.010603319684549,8.779998215949194,0.0],[78.010771213365814,8.780395835101967,0.0],[78.011206043304043,8.780175354594768,0.0],[78.011095937102567,8.779773111391883,0.0],[78.01095804902738,8.779265413533553,0.0],[78.010670260772514,8.779290984184628,0.0],[78.010528469197581,8.778497387031123,0.0],[78.009533328182954,8.777869636291593,0.0]]]]}},
{"type":"Feature","properties":{"dist_name":"Thoothukudi","taluk_name":"Thoothukudi","vil_name":"Melathattaparai","unit_id":"3","block_id":"1","survey_no":"170"},"geometry":{"type":"MultiPolygon","coordinates":[[[[78.011102545754667,8.804752677928008,0.0],[78.011195964432801,8.80340822447732,0.0],[78.011181630793317,8.803411607226955,0.0],[78.011165820111913,8.803524560178159,0.0],[78.010547830550124,8.803558936264578,0.0],[78.010377183165446,8.805040867264747,0.0],[78.011102545754667,8.804752677928008,0.0]]]]}},
{"type":"Feature","properties":{"dist_name":"Thoothukudi","taluk_name":"Thoothukudi","vil_name":"Umarikottai","unit_id":"1","block_id":"1","survey_no":"172"},"geometry":{"type":"MultiPolygon","coordinates":[[[[78.005980797184989,8.80797114255984,0.0],[78.005989850741088,8.807483913326003,0.0],[78.005387520466925,8.807417162983016,0.0],[78.004007131725473,8.807529341975574,0.0],[78.004177057892605,8.8085413589318,0.0],[78.004595162846954,8.808651320221141,0.0],[78.00571308319725,8.808913580520697,0.0],[78.005980797184989,8.80797114255984,0.0]]]]}},
{"type":"Feature","properties":{"dist_name":"Thoothukudi","taluk_name":"Thoothukudi","vil_name":"Keelathattaparai","unit_id":"6","block_id":"8","survey_no":"463"},"geometry":{"type":"MultiPolygon","coordinates":[[[[78.016541415050369,8.790126605732389,0.0],[78.016495407197198,8.79002853597931,0.0],[78.016087434934917,8.789158903216471,0.0],[78.016062327351392,8.789105384213478,0.0],[78.015903369980677,8.789152063320667,0.0],[78.015924299184633,8.789266924532315,0.0],[78.01598025622738,8.789908946699134,0.0],[78.016039131089826,8.790573283405426,0.0],[78.016104820847204,8.790756928554107,0.0],[78.016541415050369,8.790126605732389,0.0]]]]}},
{"type":"Feature","properties":{"dist_name":"Thoothukudi","taluk_name":"Thoothukudi","vil_name":"Melathattaparai","unit_id":"3","block_id":"2","survey_no":"167"},"geometry":{"type":"MultiPolygon","coordinates":[[[[78.009585063211375,8.805654460287045,0.0],[78.009805523963848,8.805281821495603,0.0],[78.009531614270145,8.804707410265946,0.0],[78.008863314687176,8.804790544059193,0.0],[78.008891167590619,8.805255174907975,0.0],[78.008940328712256,8.805696283188579,0.0],[78.009585063211375,8.805654460287045,0.0]]]]}},
{"type":"Feature","properties":{"dist_name":"Thoothukudi","taluk_name":"Thoothukudi","vil_name":"Umarikottai","unit_id":"1","block_id":"2","survey_no":"173"},"geometry":{"type":"MultiPolygon","coordinates":[[[[78.005387520466925,8.807417162983016,0.0],[78.005397880262308,8.806328587938772,0.0],[78.00539769172228,8.806319750589129,0.0],[78.005068855934354,8.80633735261884,0.0],[78.00404458216822,8.806450019308507,0.0],[78.004083585771099,8.807097257718279,0.0],[78.003937717901621,8.807121676760161,0.0],[78.004007131725473,8.807529341975574,0.0],[78.005387520466925,8.807417162983016,0.0]]]]}},
{"type":"Feature","properties":{"dist_name":"Thoothukudi","taluk_name":"Thoothukudi","vil_name":"Keelathattaparai","unit_id":"6","block_id":"9","survey_no":"464"},"geometry":{"type":"MultiPolygon","coordinates":[[[[78.016991134887377,8.791281952179864,0.0],[78.017617290005191,8.790991866634823,0.0],[78.017923194701311,8.790773274891498,0.0],[78.017886235456558,8.790696128705829,0.0],[78.017734904064696,8.790380244837209,0.0],[78.017321195299459,8.789532368729006,0.0],[78.016495407197198,8.79002853597931,0.0],[78.016541415050369,8.790126605732389,0.0],[78.016104820847204,8.790756928554107,0.0],[78.016181556177415,8.790971453463815,0.0],[78.016520597224456,8.790844931085772,0.0],[78.016827261036013,8.791391544475927,0.0],[78.016991134887377,8.791281952179864,0.0]]]]}},
{"type":"Feature","properties":{"dist_name":"Thoothukudi","taluk_name":"Thoothukudi","vil_name":"Melathattaparai","unit_id":"3","block_id":"2","survey_no":"168"},"geometry":{"type":"MultiPolygon","coordinates":[[[[78.010090787674955,8.805156470091553,0.0],[78.010060441889763,8.805082945665724,0.0],[78.0099127208357,8.805075023848303,0.0],[78.009882466362171,8.805043169431698,0.0],[78.009741013392642,8.804177301346606,0.0],[78.009417090644916,8.80421373559998,0.0],[78.009531614270145,8.804707410265946,0.0],[78.009805523963848,8.805281821495603,0.0],[78.010090787674955,8.805156470091553,0.0]]]]}},
{"type":"Feature","properties":{"dist_name":"Thoothukudi","taluk_name":"Thoothukudi","vil_name":"Keelathattaparai","unit_id":"6","block_id":"8","survey_no":"461"},"geometry":{"type":"MultiPolygon","coordinates":[[[[78.018368366519624,8.789300002923346,0.0],[78.018366215762072,8.789160701268258,0.0],[78.018753377695674,8.788805116569772,0.0],[78.018455855481818,8.788361413329055,0.0],[78.018326599706455,8.788439073124421,0.0],[78.017807140336231,8.788751177066985,0.0],[78.018013287871355,8.789363159034087,0.0],[78.018368366519624,8.789300002923346,0.0]]]]}},
{"type":"Feature","properties":{"dist_name":"Thoothukudi","taluk_name":"Thoothukudi","vil_name":"Melathattaparai","unit_id":"3","block_id":"2","survey_no":"173"},"geometry":{"type":"MultiPolygon","coordinates":[[[[78.009531614270145,8.804707410265946,0.0],[78.009417090644916,8.80421373559998,0.0],[78.009141281049196,8.803074828513868,0.0],[78.008875692987004,8.802619583855416,0.0],[78.008128899243502,8.802775139663277,0.0],[78.008309552633435,8.803381157935361,0.0],[78.008485864122875,8.803395779211751,0.0],[78.008678271082132,8.804319519741549,0.0],[78.008772737908828,8.804301844242955,0.0],[78.008863314687176,8.804790544059193,0.0],[78.009531614270145,8.804707410265946,0.0]]]]}},
{"type":"Feature","properties":{"dist_name":"Thoothukudi","taluk_name":"Thoothukudi","vil_name":"Keelathattaparai","unit_id":"6","block_id":"8","survey_no":"462"},"geometry":{"type":"MultiPolygon","coordinates":[[[[78.017321195299459,8.789532368729006,0.0],[78.01768227060289,8.789312766655895,0.0],[78.018013287871355,8.789363159034087,0.0],[78.017807140336231,8.788751177066985,0.0],[78.017773949904338,8.7886526451924,0.0],[78.017393376526655,8.788918240889231,0.0],[78.017175232825622,8.788767345617966,0.0],[78.016644052793737,8.788965109486135,0.0],[78.016620990657458,8.788973138916454,0.0],[78.016087434934917,8.789158903216471,0.0],[78.016495407197198,8.79002853597931,0.0],[78.017321195299459,8.789532368729006,0.0]]]]}},
{"type":"Feature","properties":{"dist_name":"Thoothukudi","taluk_name":"Thoothukudi","vil_name":"Melathattaparai","unit_id":"3","block_id":"1","survey_no":"174"},"geometry":{"type":"MultiPolygon","coordinates":[[[[78.011234670471282,8.802841334722382,0.0],[78.011360044925297,8.802800254020026,0.0],[78.011384689206352,8.801817602630827,0.0],[78.010778818529346,8.801872533969128,0.0],[78.01077913487164,8.801976514625395,0.0],[78.00880270783199,8.802304581866608,0.0],[78.008875692987004,8.802619583855416,0.0],[78.010453629135739,8.802364991726307,0.0],[78.010308002144086,8.802974608571965,0.0],[78.011234670471282,8.802841334722382,0.0]]]]}},
{"type":"Feature","properties":{"dist_name":"Thoothukudi","taluk_name":"Thoothukudi","vil_name":"Keelathattaparai","unit_id":"6","block_id":"9","survey_no":"467"},"geometry":{"type":"MultiPolygon","coordinates":[[[[78.017806748726883,8.793735856213626,0.0],[78.018272576651924,8.793533055366062,0.0],[78.018432731896311,8.793370039825263,0.0],[78.018143746731695,8.792833708835769,0.0],[78.018388789940701,8.792503029745125,0.0],[78.018941966340918,8.791746640224163,0.0],[78.018827196346692,8.791432426595026,0.0],[78.019009590656083,8.791300448038205,0.0],[78.01924224757397,8.791109636382446,0.0],[78.018653824898891,8.79031912953935,0.0],[78.018641869638941,8.790306658392476,0.0],[78.018592689657922,8.790255486838058,0.0],[78.018359848855482,8.790399317059734,0.0],[78.017886235456558,8.790696128705829,0.0],[78.017923194701311,8.790773274891498,0.0],[78.017617290005191,8.790991866634823,0.0],[78.017715886141787,8.791267069565583,0.0],[78.017128391547757,8.791591626563939,0.0],[78.017125032486305,8.791593482740895,0.0],[78.016459011524319,8.791769747078639,0.0],[78.016658286204873,8.792302443471295,0.0],[78.017171642872071,8.793658860000278,0.0],[78.017306363215241,8.794453792068111,0.0],[78.017806748726883,8.793735856213626,0.0]]]]}},
{"type":"Feature","properties":{"dist_name":"Thoothukudi","taluk_name":"Thoothukudi","vil_name":"Melathattaparai","unit_id":"3","block_id":"1","survey_no":"171"},"geometry":{"type":"MultiPolygon","coordinates":[[[[78.010547830550124,8.803558936264578,0.0],[78.011165820111913,8.803524560178159,0.0],[78.011181630793317,8.803411607226955,0.0],[78.011195964432801,8.80340822447732,0.0],[78.011234670471282,8.802841334722382,0.0],[78.010308002144086,8.802974608571965,0.0],[78.010069507795023,8.802984939922599,0.0],[78.010062419661153,8.803289120086442,0.0],[78.009958013731392,8.803604571051745,0.0],[78.010547830550124,8.803558936264578,0.0]]]]}},
{"type":"Feature","properties":{"dist_name":"Thoothukudi","taluk_name":"Thoothukudi","vil_name":"Keelathattaparai","unit_id":"6","block_id":"9","survey_no":"468"},"geometry":{"type":"MultiPolygon","coordinates":[[[[78.018359848855482,8.790399317059734,0.0],[78.018592689657922,8.790255486838058,0.0],[78.018641869638941,8.790306658392476,0.0],[78.019199410061063,8.790006890054805,0.0],[78.019757722376497,8.789706707637537,0.0],[78.018860090801937,8.788686915963826,0.0],[78.018753377695674,8.788805116569772,0.0],[78.018366215762072,8.789160701268258,0.0],[78.018368366519624,8.789300002923346,0.0],[78.018013287871355,8.789363159034087,0.0],[78.01768227060289,8.789312766655895,0.0],[78.017321195299459,8.789532368729006,0.0],[78.017734904064696,8.790380244837209,0.0],[78.017886235456558,8.790696128705829,0.0],[78.018359848855482,8.790399317059734,0.0]]]]}},
{"type":"Feature","properties":{"dist_name":"Thoothukudi","taluk_name":"Thoothukudi","vil_name":"Melathattaparai","unit_id":"3","block_id":"2","survey_no":"172"},"geometry":{"type":"MultiPolygon","coordinates":[[[[78.010069507795023,8.802984939922599,0.0],[78.010308002144086,8.802974608571965,0.0],[78.010453629135739,8.802364991726307,0.0],[78.008875692987004,8.802619583855416,0.0],[78.009141281049196,8.803074828513868,0.0],[78.010069507795023,8.802984939922599,0.0]]]]}},
{"type":"Feature","properties":{"dist_name":"Thoothukudi","taluk_name":"Thoothukudi","vil_name":"Keelathattaparai","unit_id":"6","block_id":"9","survey_no":"465"},"geometry":{"type":"MultiPolygon","coordinates":[[[[78.017125032486305,8.791593482740895,0.0],[78.017128391547757,8.791591626563939,0.0],[78.016991134887377,8.791281952179864,0.0],[78.016827261036013,8.791391544475927,0.0],[78.016520597224456,8.790844931085772,0.0],[78.016181556177415,8.790971453463815,0.0],[78.016459011524319,8.791769747078639,0.0],[78.017125032486305,8.791593482740895,0.0]]]]}},
{"type":"Feature","properties":{"dist_name":"Thoothukudi","taluk_name":"Thoothukudi","vil_name":"Melathattaparai","unit_id":"3","block_id":"7","survey_no":"177"},"geometry":{"type":"MultiPolygon","coordinates":[[[[78.010863409079903,8.800101036259047,0.0],[78.011222322955717,8.80002134297056,0.0],[78.011243880100622,8.799818094455624,0.0],[78.011524708171919,8.799765646225197,0.0],[78.010976741404988,8.798696783085909,0.0],[78.010285849708453,8.798932018245116,0.0],[78.010492521967336,8.79973559350432,0.0],[78.010546091000819,8.800134449566775,0.0],[78.010863409079903,8.800101036259047,0.0]]]]}},
{"type":"Feature","properties":{"dist_name":"Thoothukudi","taluk_name":"Thoothukudi","vil_name":"Keelathattaparai","unit_id":"6","block_id":"9","survey_no":"466"},"geometry":{"type":"MultiPolygon","coordinates":[[[[78.017715886141787,8.791267069565583,0.0],[78.017617290005191,8.790991866634823,0.0],[78.016991134887377,8.791281952179864,0.0],[78.017128391547757,8.791591626563939,0.0],[78.017715886141787,8.791267069565583,0.0]]]]}},
{"type":"Feature","properties":{"dist_name":"Thoothukudi","taluk_name":"Thoothukudi","vil_name":"Melathattaparai","unit_id":"3","block_id":"6","survey_no":"178"},"geometry":{"type":"MultiPolygon","coordinates":[[[[78.009987017627395,8.799788251438208,0.0],[78.010492521967336,8.79973559350432,0.0],[78.010285849708453,8.798932018245116,0.0],[78.009215771259647,8.79917052262009,0.0],[78.009476972765242,8.799894347084264,0.0],[78.009987017627395,8.799788251438208,0.0]]]]}},
{"type":"Feature","properties":{"dist_name":"Thoothukudi","taluk_name":"Thoothukudi","vil_name":"Peroorani","unit_id":"5","block_id":"4","survey_no":"228"},"geometry":{"type":"MultiPolygon","coordinates":[[[[78.015102403074934,8.786164142155284,0.0],[78.015433296586039,8.786066295941154,0.0],[78.015274612757921,8.785680902733572,0.0],[78.014845283224034,8.784639742933376,0.0],[78.014594856459141,8.78400683100184,0.0],[78.013710210666517,8.784200815774501,0.0],[78.0138341088917,8.784982494764716,0.0],[78.014060325660438,8.78549425380292,0.0],[78.01437647050534,8.786371480356181,0.0],[78.015102403074934,8.786164142155284,0.0]]]]}},
{"type":"Feature","properties":{"dist_name":"Thoothukudi","taluk_name":"Thoothukudi","vil_name":"Melathattaparai","unit_id":"3","block_id":"1","survey_no":"175"},"geometry":{"type":"MultiPolygon","coordinates":[[[[78.011384689206352,8.801817602630827,0.0],[78.012443819255608,8.801709033704997,0.0],[78.012019730144416,8.800809212216599,0.0],[78.011046338604785,8.801027367936964,0.0],[78.010863409079903,8.800101036259047,0.0],[78.010546091000819,8.800134449566775,0.0],[78.010676305045223,8.801077666361412,0.0],[78.010778818529346,8.801872533969128,0.0],[78.011384689206352,8.801817602630827,0.0]]]]}},
{"type":"Feature","properties":{"dist_name":"Thoothukudi","taluk_name":"Thoothukudi","vil_name":"Peroorani","unit_id":"5","block_id":"5","survey_no":"229"},"geometry":{"type":"MultiPolygon","coordinates":[[[[78.015791916100028,8.786942367070489,0.0],[78.016856737426451,8.786382437588456,0.0],[78.016821351731721,8.786153293586676,0.0],[78.01665732631966,8.785721338844866,0.0],[78.016455653306735,8.785786264624623,0.0],[78.0164126302071,8.785715910711106,0.0],[78.015433296586039,8.786066295941154,0.0],[78.015530651913195,8.786326184804535,0.0],[78.015659593224456,8.786656772149323,0.0],[78.015781350108895,8.786945362486133,0.0],[78.015791916100028,8.786942367070489,0.0]]]]}},
{"type":"Feature","properties":{"dist_name":"Thoothukudi","taluk_name":"Thoothukudi","vil_name":"Melathattaparai","unit_id":"3","block_id":"1","survey_no":"176"},"geometry":{"type":"MultiPolygon","coordinates":[[[[78.012019730144416,8.800809212216599,0.0],[78.011524708171919,8.799765646225197,0.0],[78.011243880100622,8.799818094455624,0.0],[78.011222322955717,8.80002134297056,0.0],[78.010863409079903,8.800101036259047,0.0],[78.011046338604785,8.801027367936964,0.0],[78.012019730144416,8.800809212216599,0.0]]]]}},
{"type":"Feature","properties":{"dist_name":"Thoothukudi","taluk_name":"Thoothukudi","vil_name":"Peroorani","unit_id":"5","block_id":"3","survey_no":"226"},"geometry":{"type":"MultiPolygon","coordinates":[[[[78.011054244983754,8.784888552090345,0.0],[78.011473210698995,8.784827303663644,0.0],[78.0119124613704,8.784749346768084,0.0],[78.012094951341766,8.784717654514631,0.0],[78.013145047817233,8.784443632530818,0.0],[78.01290559950985,8.783379118078239,0.0],[78.012761167498908,8.78273448683581,0.0],[78.012353602490009,8.782795905211316,0.0],[78.011471486552921,8.783006361928514,0.0],[78.011056844148527,8.783092659117409,0.0],[78.011181104465763,8.783689154050695,0.0],[78.011612446872221,8.783581508089979,0.0],[78.011719299712738,8.784071741783144,0.0],[78.010518934281748,8.784340012949283,0.0],[78.010571938014351,8.784719073777818,0.0],[78.010607078196514,8.784946908718879,0.0],[78.011054244983754,8.784888552090345,0.0]]]]}},
{"type":"Feature","properties":{"dist_name":"Thoothukudi","taluk_name":"Thoothukudi","vil_name":"Peroorani","unit_id":"5","block_id":"3","survey_no":"227"},"geometry":{"type":"MultiPolygon","coordinates":[[[[78.0138341088917,8.784982494764716,0.0],[78.013710210666517,8.784200815774501,0.0],[78.014594856459141,8.78400683100184,0.0],[78.014263011849749,8.78308520936023,0.0],[78.014046307624128,8.782461758524104,0.0],[78.013428237053972,8.782594691032935,0.0],[78.013333216998774,8.782664614384645,0.0],[78.012761167498908,8.78273448683581,0.0],[78.01290559950985,8.783379118078239,0.0],[78.013145047817233,8.784443632530818,0.0],[78.01343683542855,8.785079606933879,0.0],[78.0138341088917,8.784982494764716,0.0]]]]}},
{"type":"Feature","properties":{"dist_name":"Thoothukudi","taluk_name":"Thoothukudi","vil_name":"Peroorani","unit_id":"5","block_id":"5","survey_no":"232"},"geometry":{"type":"MultiPolygon","coordinates":[[[[78.015565377161266,8.784419275820861,0.0],[78.015873223622549,8.784324111302832,0.0],[78.015922128666773,8.784249461248699,0.0],[78.016798057522934,8.784018148772113,0.0],[78.016741020003309,8.783664783184774,0.0],[78.01640282678909,8.78374967522525,0.0],[78.016076794510937,8.782922035552827,0.0],[78.015492412134364,8.782935128765859,0.0],[78.014909844740416,8.782940064945107,0.0],[78.01470692051447,8.78298029734669,0.0],[78.014263011849749,8.78308520936023,0.0],[78.014594856459141,8.78400683100184,0.0],[78.014845283224034,8.784639742933376,0.0],[78.015565377161266,8.784419275820861,0.0]]]]}},
{"type":"Feature","properties":{"dist_name":"Thoothukudi","taluk_name":"Thoothukudi","vil_name":"Keelathattaparai","unit_id":"6","block_id":"6","survey_no":"443"},"geometry":{"type":"MultiPolygon","coordinates":[[[[78.021950975506243,8.782012899194111,0.0],[78.021996911881956,8.782061496029351,0.0],[78.022026092180695,8.782042967846483,0.0],[78.022189363047829,8.781939297971745,0.0],[78.022182804061444,8.781842648340332,0.0],[78.021940092793983,8.781460697654872,0.0],[78.021770751587525,8.781181949322121,0.0],[78.021384450260058,8.78150888414654,0.0],[78.021739976568313,8.782133188960104,0.0],[78.021950975506243,8.782012899194111,0.0]]]]}},
{"type":"Feature","properties":{"dist_name":"Thoothukudi","taluk_name":"Thoothukudi","vil_name":"Peroorani","unit_id":"5","block_id":"6","survey_no":"233"},"geometry":{"type":"MultiPolygon","coordinates":[[[[78.016741020003309,8.783664783184774,0.0],[78.016733350639981,8.783617268549543,0.0],[78.016710911041173,8.783478248726784,0.0],[78.016980899626873,8.783395715146721,0.0],[78.016623592614664,8.781962346130987,0.0],[78.016566268399572,8.781729058281257,0.0],[78.015969851240115,8.781866257606726,0.0],[78.016254462372814,8.782918500107291,0.0],[78.016076794510937,8.782922035552827,0.0],[78.01640282678909,8.78374967522525,0.0],[78.016741020003309,8.783664783184774,0.0]]]]}},
{"type":"Feature","properties":{"dist_name":"Thoothukudi","taluk_name":"Thoothukudi","vil_name":"Keelathattaparai","unit_id":"6","block_id":"6","survey_no":"444"},"geometry":{"type":"MultiPolygon","coordinates":[[[[78.019554920090457,8.784140340986271,0.0],[78.019361123565176,8.783722992497069,0.0],[78.019786402598697,8.783450399836873,0.0],[78.020462580263967,8.783027381082654,0.0],[78.02089331484035,8.782758266424135,0.0],[78.021383234833948,8.782459331612586,0.0],[78.021522054754399,8.782257283597732,0.0],[78.021739976568313,8.782133188960104,0.0],[78.021384450260058,8.78150888414654,0.0],[78.021374637623211,8.781517188777851,0.0],[78.02079551992604,8.781991175018993,0.0],[78.020475543215554,8.782252883188633,0.0],[78.020128723972732,8.782567731072531,0.0],[78.01951385936799,8.783093245019419,0.0],[78.019061298379526,8.783315193650864,0.0],[78.01897484063403,8.783343761026952,0.0],[78.019025730316216,8.783684213338109,0.0],[78.019131878188716,8.783869124190906,0.0],[78.019313581561462,8.784180026265355,0.0],[78.019554920090457,8.784140340986271,0.0]]]]}},
{"type":"Feature","properties":{"dist_name":"Thoothukudi","taluk_name":"Thoothukudi","vil_name":"Peroorani","unit_id":"5","block_id":"5","survey_no":"230"},"geometry":{"type":"MultiPolygon","coordinates":[[[[78.017164447116329,8.785999621349635,0.0],[78.017017668036814,8.785533446317547,0.0],[78.017587596345436,8.785359634483042,0.0],[78.017509320924262,8.784949332056822,0.0],[78.017425952555811,8.784523569999378,0.0],[78.017162078916073,8.784574802256497,0.0],[78.017062502779652,8.78429243748583,0.0],[78.016900637515491,8.784318607054997,0.0],[78.016798057522934,8.784018148772113,0.0],[78.015922128666773,8.784249461248699,0.0],[78.015873223622549,8.784324111302832,0.0],[78.015565377161266,8.784419275820861,0.0],[78.014845283224034,8.784639742933376,0.0],[78.015274612757921,8.785680902733572,0.0],[78.015433296586039,8.786066295941154,0.0],[78.0164126302071,8.785715910711106,0.0],[78.016455653306735,8.785786264624623,0.0],[78.01665732631966,8.785721338844866,0.0],[78.016821351731721,8.786153293586676,0.0],[78.017164447116329,8.785999621349635,0.0]]]]}},
{"type":"Feature","properties":{"dist_name":"Thoothukudi","taluk_name":"Thoothukudi","vil_name":"Keelathattaparai","unit_id":"6","block_id":"6","survey_no":"441"},"geometry":{"type":"MultiPolygon","coordinates":[[[[78.022434877578178,8.783536834614324,0.0],[78.022588441153658,8.783343542333458,0.0],[78.022586513020258,8.783180247012362,0.0],[78.022447934581237,8.78288160431779,0.0],[78.022152572424801,8.782276609204649,0.0],[78.022026092180695,8.782042967846483,0.0],[78.021996911881956,8.782061496029351,0.0],[78.021950975506243,8.782012899194111,0.0],[78.021739976568313,8.782133188960104,0.0],[78.021522054754399,8.782257283597732,0.0],[78.021383234833948,8.782459331612586,0.0],[78.021550077663676,8.782685074676888,0.0],[78.021829366773829,8.783048578217276,0.0],[78.022085867280694,8.783415963773967,0.0],[78.022044591912191,8.78359822319792,0.0],[78.022434877578178,8.783536834614324,0.0]]]]}},
{"type":"Feature","properties":{"dist_name":"Thoothukudi","taluk_name":"Thoothukudi","vil_name":"Peroorani","unit_id":"5","block_id":"5","survey_no":"231"},"geometry":{"type":"MultiPolygon","coordinates":[[[[78.017172127956698,8.785996019654515,0.0],[78.01821785866025,8.785541254091269,0.0],[78.018188691473057,8.785445530871886,0.0],[78.018289606748482,8.785396494769168,0.0],[78.018023977361935,8.784761177292182,0.0],[78.018307918190516,8.784528427782421,0.0],[78.018094628292815,8.783671788458124,0.0],[78.017922031028576,8.78325527279183,0.0],[78.017399098676165,8.783406569073708,0.0],[78.016733350639981,8.783617268549543,0.0],[78.016741020003309,8.783664783184774,0.0],[78.016798057522934,8.784018148772113,0.0],[78.016900637515491,8.784318607054997,0.0],[78.017062502779652,8.78429243748583,0.0],[78.017162078916073,8.784574802256497,0.0],[78.017425952555811,8.784523569999378,0.0],[78.017509320924262,8.784949332056822,0.0],[78.017587596345436,8.785359634483042,0.0],[78.017017668036814,8.785533446317547,0.0],[78.017164447116329,8.785999621349635,0.0],[78.017172127956698,8.785996019654515,0.0]]]]}},
{"type":"Feature","properties":{"dist_name":"Thoothukudi","taluk_name":"Thoothukudi","vil_name":"Keelathattaparai","unit_id":"6","block_id":"6","survey_no":"442"},"geometry":{"type":"MultiPolygon","coordinates":[[[[78.022630923968819,8.78316485865159,0.0],[78.022880991203152,8.78299235121173,0.0],[78.022701517846116,8.782676005276826,0.0],[78.022703530000911,8.782674720011242,0.0],[78.022637741336666,8.782289864808277,0.0],[78.022362659596851,8.781753524295642,0.0],[78.022182804061444,8.781842648340332,0.0],[78.022189363047829,8.781939297971745,0.0],[78.022026092180695,8.782042967846483,0.0],[78.022152572424801,8.782276609204649,0.0],[78.022447934581237,8.78288160431779,0.0],[78.022586513020258,8.783180247012362,0.0],[78.022630923968819,8.78316485865159,0.0]]]]}},
{"type":"Feature","properties":{"dist_name":"Thoothukudi","taluk_name":"Thoothukudi","vil_name":"Keelathattaparai","unit_id":"6","block_id":"7","survey_no":"447"},"geometry":{"type":"MultiPolygon","coordinates":[[[[78.019149050154283,8.785486282317146,0.0],[78.019107450744457,8.785406846017768,0.0],[78.019105288069511,8.785403181359149,0.0],[78.018788185613829,8.784866104798345,0.0],[78.018109380392531,8.785197873719264,0.0],[78.01804714941332,8.78522389466429,0.0],[78.018074166126468,8.785323562004042,0.0],[78.018254219262758,8.785787460458771,0.0],[78.018502047818401,8.785632814335409,0.0],[78.018654180957853,8.785835735996258,0.0],[78.019149050154283,8.785486282317146,0.0]]]]}},
{"type":"Feature","properties":{"dist_name":"Thoothukudi","taluk_name":"Thoothukudi","vil_name":"Keelathattaparai","unit_id":"6","block_id":"7","survey_no":"448"},"geometry":{"type":"MultiPolygon","coordinates":[[[[78.01924304245091,8.785299666140332,0.0],[78.019794598325745,8.784885201579014,0.0],[78.020120951086597,8.784635692936355,0.0],[78.01993499400686,8.784289780556481,0.0],[78.019815156626493,8.784056507496626,0.0],[78.019554920090457,8.784140340986271,0.0],[78.019313581561462,8.784180026265355,0.0],[78.019156582643987,8.78423479960945,0.0],[78.01874966835048,8.784785647078502,0.0],[78.018788185613829,8.784866104798345,0.0],[78.019105288069511,8.785403181359149,0.0],[78.01924304245091,8.785299666140332,0.0]]]]}},
{"type":"Feature","properties":{"dist_name":"Thoothukudi","taluk_name":"Thoothukudi","vil_name":"Peroorani","unit_id":"5","block_id":"6","survey_no":"234"},"geometry":{"type":"MultiPolygon","coordinates":[[[[78.017399098676165,8.783406569073708,0.0],[78.017922031028576,8.78325527279183,0.0],[78.017911475195987,8.783230506068167,0.0],[78.01801395026655,8.783184893787167,0.0],[78.017976219498607,8.782248182390056,0.0],[78.017577762521071,8.780107731777612,0.0],[78.016286884096161,8.780344846104834,0.0],[78.016368124536285,8.780652813110365,0.0],[78.016489197762994,8.78128760820616,0.0],[78.016566268399572,8.781729058281257,0.0],[78.016623592614664,8.781962346130987,0.0],[78.016980899626873,8.783395715146721,0.0],[78.016710911041173,8.783478248726784,0.0],[78.016733350639981,8.783617268549543,0.0],[78.017399098676165,8.783406569073708,0.0]]]]}},
{"type":"Feature","properties":{"dist_name":"Thoothukudi","taluk_name":"Thoothukudi","vil_name":"Keelathattaparai","unit_id":"6","block_id":"7","survey_no":"445"},"geometry":{"type":"MultiPolygon","coordinates":[[[[78.018521114159583,8.784108500923377,0.0],[78.019131878188716,8.783869124190906,0.0],[78.019025730316216,8.783684213338109,0.0],[78.01897484063403,8.783343761026952,0.0],[78.018566041513125,8.783481928091254,0.0],[78.01793680189769,8.783543835701405,0.0],[78.018118081885405,8.784270428783188,0.0],[78.018521114159583,8.784108500923377,0.0]]]]}},
{"type":"Feature","properties":{"dist_name":"Thoothukudi","taluk_name":"Thoothukudi","vil_name":"Peroorani","unit_id":"5","block_id":"6","survey_no":"235"},"geometry":{"type":"MultiPolygon","coordinates":[[[[78.017577762521071,8.780107731777612,0.0],[78.017432945174235,8.778157301614527,0.0],[78.017241250535861,8.777447445486514,0.0],[78.015750442267603,8.777795889139822,0.0],[78.01598290606654,8.77914395482091,0.0],[78.016286884096161,8.780344846104834,0.0],[78.017577762521071,8.780107731777612,0.0]]]]}},
{"type":"Feature","properties":{"dist_name":"Thoothukudi","taluk_name":"Thoothukudi","vil_name":"Peroorani","unit_id":"5","block_id":"7","survey_no":"240"},"geometry":{"type":"MultiPolygon","coordinates":[[[[78.014909844740416,8.782940064945107,0.0],[78.015492412134364,8.782935128765859,0.0],[78.016076794510937,8.782922035552827,0.0],[78.016254462372814,8.782918500107291,0.0],[78.015969851240115,8.781866257606726,0.0],[78.016566268399572,8.781729058281257,0.0],[78.016489197762994,8.78128760820616,0.0],[78.016368124536285,8.780652813110365,0.0],[78.016049166600084,8.780779937173179,0.0],[78.016131539315708,8.781258992972887,0.0],[78.015614980975684,8.781367594645207,0.0],[78.01450605335657,8.7815928349026,0.0],[78.014373868268365,8.781204198319363,0.0],[78.014144984434523,8.781231632799676,0.0],[78.01470692051447,8.78298029734669,0.0],[78.014909844740416,8.782940064945107,0.0]]]]}},
{"type":"Feature","properties":{"dist_name":"Thoothukudi","taluk_name":"Thoothukudi","vil_name":"Keelathattaparai","unit_id":"6","block_id":"7","survey_no":"446"},"geometry":{"type":"MultiPolygon","coordinates":[[[[78.018788185613829,8.784866104798345,0.0],[78.01874966835048,8.784785647078502,0.0],[78.019156582643987,8.78423479960945,0.0],[78.019313581561462,8.784180026265355,0.0],[78.019131878188716,8.783869124190906,0.0],[78.018521114159583,8.784108500923377,0.0],[78.018118081885405,8.784270428783188,0.0],[78.018141886858118,8.784363466855071,0.0],[78.017887113545413,8.784523207671292,0.0],[78.018109380392531,8.785197873719264,0.0],[78.018788185613829,8.784866104798345,0.0]]]]}},
{"type":"Feature","properties":{"dist_name":"Thoothukudi","taluk_name":"Thoothukudi","vil_name":"Peroorani","unit_id":"5","block_id":"8","survey_no":"241"},"geometry":{"type":"MultiPolygon","coordinates":[[[[78.01470692051447,8.78298029734669,0.0],[78.014144984434523,8.781231632799676,0.0],[78.014373868268365,8.781204198319363,0.0],[78.014776718548916,8.78110112538919,0.0],[78.014437653242396,8.780069499710493,0.0],[78.014254216856031,8.780095452491459,0.0],[78.014128721070534,8.779616147661237,0.0],[78.013566307246336,8.779681806313635,0.0],[78.013181460306228,8.779803321819852,0.0],[78.013347139746458,8.780330564630646,0.0],[78.013626000719952,8.781199278939383,0.0],[78.013813482796223,8.781767954903918,0.0],[78.014046307624128,8.782461758524104,0.0],[78.014263011849749,8.78308520936023,0.0],[78.01470692051447,8.78298029734669,0.0]]]]}},
{"type":"Feature","properties":{"dist_name":"Thoothukudi","taluk_name":"Thoothukudi","vil_name":"Keelathattaparai","unit_id":"6","block_id":"7","survey_no":"451"},"geometry":{"type":"MultiPolygon","coordinates":[[[[78.019932257110753,8.785938790829892,0.0],[78.019930978516072,8.785751058742598,0.0],[78.020248384727211,8.785211218826813,0.0],[78.020485259830238,8.785015541857318,0.0],[78.020853862301578,8.784730130673829,0.0],[78.020459159023432,8.784357672217768,0.0],[78.020120951086597,8.784635692936355,0.0],[78.019794598325745,8.784885201579014,0.0],[78.01924304245091,8.785299666140332,0.0],[78.019105288069511,8.785403181359149,0.0],[78.019107450744457,8.785406846017768,0.0],[78.019149050154283,8.785486282317146,0.0],[78.019452339791599,8.785891031366498,0.0],[78.019736744770157,8.786149477316911,0.0],[78.019932257110753,8.785938790829892,0.0]]]]}},
{"type":"Feature","properties":{"dist_name":"Thoothukudi","taluk_name":"Thoothukudi","vil_name":"Peroorani","unit_id":"5","block_id":"7","survey_no":"238"},"geometry":{"type":"MultiPolygon","coordinates":[[[[78.01598080459344,8.779135706224025,0.0],[78.015981361906995,8.779135000187104,0.0],[78.015750442267603,8.777795889139822,0.0],[78.015688356032598,8.777492235415824,0.0],[78.014336295539124,8.77785251294568,0.0],[78.01319741066871,8.77813995835618,0.0],[78.013566307246336,8.779681806313635,0.0],[78.014128721070534,8.779616147661237,0.0],[78.01598080459344,8.779135706224025,0.0]]]]}},
{"type":"Feature","properties":{"dist_name":"Thoothukudi","taluk_name":"Thoothukudi","vil_name":"Keelathattaparai","unit_id":"6","block_id":"8","survey_no":"452"},"geometry":{"type":"MultiPolygon","coordinates":[[[[78.020132394507371,8.787764427423884,0.0],[78.019742957202695,8.787134542882484,0.0],[78.019255279227167,8.787510859831436,0.0],[78.019013699349301,8.787199253022035,0.0],[78.01931819840442,8.786952691253173,0.0],[78.019218979506462,8.786727490573687,0.0],[78.019736744770157,8.786149477316911,0.0],[78.019452339791599,8.785891031366498,0.0],[78.019149050154283,8.785486282317146,0.0],[78.018654180957853,8.785835735996258,0.0],[78.018502047818401,8.785632814335409,0.0],[78.018254219262758,8.785787460458771,0.0],[78.018273412464836,8.785836911258951,0.0],[78.017238986491648,8.786325855166545,0.0],[78.017366320935253,8.78661157188737,0.0],[78.017682656391031,8.786993021397333,0.0],[78.017926959167298,8.787467456443936,0.0],[78.018186254094289,8.787935374053511,0.0],[78.018576653283304,8.787672892254092,0.0],[78.018887218989235,8.788187015009171,0.0],[78.019010463597056,8.7883971916206,0.0],[78.020132394507371,8.787764427423884,0.0]]]]}},
{"type":"Feature","properties":{"dist_name":"Thoothukudi","taluk_name":"Thoothukudi","vil_name":"Peroorani","unit_id":"5","block_id":"7","survey_no":"239"},"geometry":{"type":"MultiPolygon","coordinates":[[[[78.015981361906995,8.779135000187104,0.0],[78.01598080459344,8.779135706224025,0.0],[78.014128721070534,8.779616147661237,0.0],[78.014254216856031,8.780095452491459,0.0],[78.014437653242396,8.780069499710493,0.0],[78.014776718548916,8.78110112538919,0.0],[78.014373868268365,8.781204198319363,0.0],[78.01450605335657,8.7815928349026,0.0],[78.015614980975684,8.781367594645207,0.0],[78.016131539315708,8.781258992972887,0.0],[78.016049166600084,8.780779937173179,0.0],[78.016368124536285,8.780652813110365,0.0],[78.016286884096161,8.780344846104834,0.0],[78.01598290606654,8.77914395482091,0.0],[78.015826110105763,8.778234689573546,0.0],[78.015981361906995,8.779135000187104,0.0]]]]}},
{"type":"Feature","properties":{"dist_name":"Thoothukudi","taluk_name":"Thoothukudi","vil_name":"Keelathattaparai","unit_id":"6","block_id":"6","survey_no":"449"},"geometry":{"type":"MultiPolygon","coordinates":[[[[78.020191844302218,8.784109031225514,0.0],[78.020628193084676,8.783805283699863,0.0],[78.020391812255724,8.783477922954368,0.0],[78.020060453707316,8.783712553589755,0.0],[78.019815156626493,8.784056507496626,0.0],[78.01993499400686,8.784289780556481,0.0],[78.020191844302218,8.784109031225514,0.0]]]]}},
{"type":"Feature","properties":{"dist_name":"Thoothukudi","taluk_name":"Thoothukudi","vil_name":"Keelathattaparai","unit_id":"6","block_id":"6","survey_no":"450"},"geometry":{"type":"MultiPolygon","coordinates":[[[[78.021277302067489,8.784447906783237,0.0],[78.021536415572911,8.78414493797121,0.0],[78.021819312811033,8.783810705613117,0.0],[78.022044591912191,8.78359822319792,0.0],[78.022085867280694,8.783415963773967,0.0],[78.021829366773829,8.783048578217276,0.0],[78.021550077663676,8.782685074676888,0.0],[78.021383234833948,8.782459331612586,0.0],[78.02089331484035,8.782758266424135,0.0],[78.020462580263967,8.783027381082654,0.0],[78.019786402598697,8.783450399836873,0.0],[78.019361123565176,8.783722992497069,0.0],[78.019554920090457,8.784140340986271,0.0],[78.019815156626493,8.784056507496626,0.0],[78.020060453707316,8.783712553589755,0.0],[78.020391812255724,8.783477922954368,0.0],[78.020628193084676,8.783805283699863,0.0],[78.020191844302218,8.784109031225514,0.0],[78.01993499400686,8.784289780556481,0.0],[78.020120951086597,8.784635692936355,0.0],[78.020459159023432,8.784357672217768,0.0],[78.020853862301578,8.784730130673829,0.0],[78.021277302067489,8.784447906783237,0.0]]]]}},
{"type":"Feature","properties":{"dist_name":"Thoothukudi","taluk_name":"Thoothukudi","vil_name":"Keelathattaparai","unit_id":"6","block_id":"8","survey_no":"456"},"geometry":{"type":"MultiPolygon","coordinates":[[[[78.016620990657458,8.788973138916454,0.0],[78.016245891339835,8.787926407157235,0.0],[78.015682797885503,8.78813123171898,0.0],[78.015858279406103,8.78890460905961,0.0],[78.015903369980677,8.789152063320667,0.0],[78.016062327351392,8.789105384213478,0.0],[78.016087434934917,8.789158903216471,0.0],[78.016620990657458,8.788973138916454,0.0]]]]}},
{"type":"Feature","properties":{"dist_name":"Thoothukudi","taluk_name":"Thoothukudi","vil_name":"Keelathattaparai","unit_id":"6","block_id":"8","survey_no":"453"},"geometry":{"type":"MultiPolygon","coordinates":[[[[78.017238986491648,8.786325855166545,0.0],[78.018273412464836,8.785836911258951,0.0],[78.018254219262758,8.785787460458771,0.0],[78.018074166126468,8.785323562004042,0.0],[78.0173339892022,8.785692853369408,0.0],[78.01671579224157,8.786010982986916,0.0],[78.016786650865654,8.786167960183754,0.0],[78.016396405869727,8.786451184757787,0.0],[78.016386456434262,8.786455276653699,0.0],[78.016533241114786,8.786663699817236,0.0],[78.017238986491648,8.786325855166545,0.0]]]]}},
{"type":"Feature","properties":{"dist_name":"Thoothukudi","taluk_name":"Thoothukudi","vil_name":"Keelathattaparai","unit_id":"6","block_id":"8","survey_no":"454"},"geometry":{"type":"MultiPolygon","coordinates":[[[[78.016050920188903,8.787552113711927,0.0],[78.017366320935253,8.78661157188737,0.0],[78.017238986491648,8.786325855166545,0.0],[78.016533241114786,8.786663699817236,0.0],[78.016386456434262,8.786455276653699,0.0],[78.015880350940506,8.786663430382459,0.0],[78.01540509491636,8.786869719247719,0.0],[78.015536446963239,8.787767991667678,0.0],[78.016050920188903,8.787552113711927,0.0]]]]}},
{"type":"Feature","properties":{"dist_name":"Thoothukudi","taluk_name":"Thoothukudi","vil_name":"Allikulam","unit_id":"8","block_id":"6","survey_no":"56"},"geometry":{"type":"MultiPolygon","coordinates":[[[[78.019802193168275,8.776899183393901,0.0],[78.019649007312523,8.776521214467101,0.0],[78.019644961580553,8.776509369573326,0.0],[78.01859712310312,8.776668100519766,0.0],[78.018609603618359,8.777014749403817,0.0],[78.018911656306813,8.776936490974727,0.0],[78.018975851446072,8.777031455147029,0.0],[78.019802193168275,8.776899183393901,0.0]]]]}},
{"type":"Feature","properties":{"dist_name":"Thoothukudi","taluk_name":"Thoothukudi","vil_name":"Allikulam","unit_id":"8","block_id":"9","survey_no":"54"},"geometry":{"type":"MultiPolygon","coordinates":[[[[78.018590739839979,8.778550016112652,0.0],[78.018467710855703,8.777901720038891,0.0],[78.0183672100991,8.777398174703492,0.0],[78.018303131774928,8.777069819963241,0.0],[78.01827449904485,8.777061228675716,0.0],[78.018257364028784,8.776856706037412,0.0],[78.017683954451869,8.776944751835238,0.0],[78.017703179935978,8.777010144172095,0.0],[78.01786180952098,8.777724036099674,0.0],[78.017926750887426,8.777975827716272,0.0],[78.018029010921538,8.778442272710175,0.0],[78.018071450154167,8.778636439980001,0.0],[78.018590739839979,8.778550016112652,0.0]]]]}},
{"type":"Feature","properties":{"dist_name":"Thoothukudi","taluk_name":"Thoothukudi","vil_name":"Allikulam","unit_id":"8","block_id":"6","survey_no":"55"},"geometry":{"type":"MultiPolygon","coordinates":[[[[78.019134478541048,8.78081393898978,0.0],[78.020023957321939,8.780578604228936,0.0],[78.02112485751077,8.780293260662425,0.0],[78.020668428846577,8.779486619200384,0.0],[78.020235655432955,8.778724730115098,0.0],[78.020130920187157,8.778168593696467,0.0],[78.01999310229516,8.777389104794068,0.0],[78.019802193168275,8.776899183393901,0.0],[78.018975851446072,8.777031455147029,0.0],[78.018911656306813,8.776936490974727,0.0],[78.018609603618359,8.777014749403817,0.0],[78.018303131774928,8.777069819963241,0.0],[78.0183672100991,8.777398174703492,0.0],[78.018467710855703,8.777901720038891,0.0],[78.018590739839979,8.778550016112652,0.0],[78.019006734969963,8.780294265571053,0.0],[78.01913100893276,8.780814730841378,0.0],[78.019134478541048,8.78081393898978,0.0]]]]}},
{"type":"Feature","properties":{"dist_name":"Thoothukudi","taluk_name":"Thoothukudi","vil_name":"Melathattaparai","unit_id":"4","block_id":"6","survey_no":"261"},"geometry":{"type":"MultiPolygon","coordinates":[[[[78.014467119569574,8.796149934084774,0.0],[78.014051691641953,8.795112703116949,0.0],[78.013194498037294,8.795654890491535,0.0],[78.013679266335018,8.79631792430999,0.0],[78.013891616488309,8.796070942696227,0.0],[78.014192463049483,8.796399015514304,0.0],[78.014467119569574,8.796149934084774,0.0]]]]}},
{"type":"Feature","properties":{"dist_name":"Thoothukudi","taluk_name":"Thoothukudi","vil_name":"Melathattaparai","unit_id":"4","block_id":"5","survey_no":"262"},"geometry":{"type":"MultiPolygon","coordinates":[[[[78.012443068416502,8.797899637433037,0.0],[78.013184257099482,8.797511473802283,0.0],[78.013197461827659,8.797456438532555,0.0],[78.013060033958226,8.797185530264853,0.0],[78.013324565210397,8.796729291458888,0.0],[78.013679266335018,8.79631792430999,0.0],[78.013194498037294,8.795654890491535,0.0],[78.013024039551567,8.795755651864926,0.0],[78.012679296375637,8.79595943644803,0.0],[78.011928495411141,8.796427586291216,0.0],[78.012037012505175,8.796737503027602,0.0],[78.011666874452914,8.797135992004049,0.0],[78.011983423476835,8.797849630045318,0.0],[78.012356202993743,8.797916844739339,0.0],[78.012443068416502,8.797899637433037,0.0]]]]}},
{"type":"Feature","properties":{"dist_name":"Thoothukudi","taluk_name":"Thoothukudi","vil_name":"Melathattaparai","unit_id":"4","block_id":"6","survey_no":"259"},"geometry":{"type":"MultiPolygon","coordinates":[[[[78.014629255308463,8.797175398943287,0.0],[78.015080968715537,8.796551520250381,0.0],[78.01501644337263,8.796079598543095,0.0],[78.014548208005777,8.796309269220671,0.0],[78.014467119569574,8.796149934084774,0.0],[78.014192463049483,8.796399015514304,0.0],[78.013835536031749,8.796835753291891,0.0],[78.0140152666809,8.797475526937657,0.0],[78.013868358110827,8.797620935542502,0.0],[78.014192842472397,8.79786083172695,0.0],[78.014629255308463,8.797175398943287,0.0]]]]}},
{"type":"Feature","properties":{"dist_name":"Thoothukudi","taluk_name":"Thoothukudi","vil_name":"Allikulam","unit_id":"9","block_id":"8","survey_no":"8"},"geometry":{"type":"MultiPolygon","coordinates":[[[[78.028945635353324,8.767105240810045,0.0],[78.029550328363626,8.76690762862531,0.0],[78.029538097583469,8.766856359621165,0.0],[78.029366394533994,8.766208008681367,0.0],[78.029014601425501,8.764755218081968,0.0],[78.028414523072371,8.764885498174383,0.0],[78.028394801499232,8.765099720381194,0.0],[78.028075339061303,8.765132089942242,0.0],[78.028111116268661,8.765558055480939,0.0],[78.028186488640713,8.766513932859866,0.0],[78.02824617639746,8.767295554232152,0.0],[78.028945635353324,8.767105240810045,0.0]]]]}},
{"type":"Feature","properties":{"dist_name":"Thoothukudi","taluk_name":"Thoothukudi","vil_name":"Melathattaparai","unit_id":"4","block_id":"6","survey_no":"260"},"geometry":{"type":"MultiPolygon","coordinates":[[[[78.013108510254895,8.798317723749753,0.0],[78.013868358110827,8.797620935542502,0.0],[78.0140152666809,8.797475526937657,0.0],[78.013835536031749,8.796835753291891,0.0],[78.014192463049483,8.796399015514304,0.0],[78.013891616488309,8.796070942696227,0.0],[78.013679266335018,8.79631792430999,0.0],[78.013324565210397,8.796729291458888,0.0],[78.013060033958226,8.797185530264853,0.0],[78.013197461827659,8.797456438532555,0.0],[78.013184257099482,8.797511473802283,0.0],[78.012443068416502,8.797899637433037,0.0],[78.012710045084631,8.79835413863057,0.0],[78.012915157986669,8.798567202788636,0.0],[78.01300784558947,8.79863905137184,0.0],[78.013108510254895,8.798317723749753,0.0]]]]}},
{"type":"Feature","properties":{"dist_name":"Thoothukudi","taluk_name":"Thoothukudi","vil_name":"Allikulam","unit_id":"9","block_id":"8","survey_no":"6"},"geometry":{"type":"MultiPolygon","coordinates":[[[[78.030618059096753,8.766579457357803,0.0],[78.031665777685475,8.766305882945929,0.0],[78.031723526074188,8.766455091925387,0.0],[78.031760401338573,8.76644517970448,0.0],[78.032062683033956,8.766347843490053,0.0],[78.032124904637897,8.765910114757473,0.0],[78.032019767076036,8.765518368186218,0.0],[78.032253350543058,8.765423646455874,0.0],[78.032196639984633,8.764667936090937,0.0],[78.032199682049907,8.764204234139799,0.0],[78.03218552336331,8.764206946002355,0.0],[78.031751010157976,8.764276671190551,0.0],[78.030946144895992,8.764416968868346,0.0],[78.030373659084333,8.76451185422793,0.0],[78.029406207095676,8.764670199073965,0.0],[78.029810230950503,8.76608609731262,0.0],[78.029366394533994,8.766208008681367,0.0],[78.029538097583469,8.766856359621165,0.0],[78.030618059096753,8.766579457357803,0.0]]]]}},
{"type":"Feature","properties":{"dist_name":"Thoothukudi","taluk_name":"Thoothukudi","vil_name":"Allikulam","unit_id":"9","block_id":"8","survey_no":"7"},"geometry":{"type":"MultiPolygon","coordinates":[[[[78.029810230950503,8.76608609731262,0.0],[78.029406207095676,8.764670199073965,0.0],[78.029014601425501,8.764755218081968,0.0],[78.029366394533994,8.766208008681367,0.0],[78.029810230950503,8.76608609731262,0.0]]]]}},
{"type":"Feature","properties":{"dist_name":"Thoothukudi","taluk_name":"Thoothukudi","vil_name":"Melathattaparai","unit_id":"4","block_id":"5","survey_no":"263"},"geometry":{"type":"MultiPolygon","coordinates":[[[[78.011983423476835,8.797849630045318,0.0],[78.011666874452914,8.797135992004049,0.0],[78.011389770933903,8.797322673932467,0.0],[78.01081241720911,8.797516142257304,0.0],[78.010721892545348,8.797547967007649,0.0],[78.011149508120283,8.798587124518155,0.0],[78.011983423476835,8.797849630045318,0.0]]]]}},
{"type":"Feature","properties":{"dist_name":"Thoothukudi","taluk_name":"Thoothukudi","vil_name":"Allikulam","unit_id":"9","block_id":"6","survey_no":"12"},"geometry":{"type":"MultiPolygon","coordinates":[[[[78.027490668821869,8.769709952758003,0.0],[78.02884917204743,8.769172243142643,0.0],[78.029481895809198,8.768922389495373,0.0],[78.029423507813192,8.768710215198773,0.0],[78.029339367296316,8.768393285879943,0.0],[78.029141941101756,8.767747429503896,0.0],[78.028945635353324,8.767105240810045,0.0],[78.02824617639746,8.767295554232152,0.0],[78.02823604030435,8.767534449406796,0.0],[78.026607651985529,8.767915781284154,0.0],[78.025748569398985,8.768142186290314,0.0],[78.025922762115073,8.768798681944272,0.0],[78.026179224314305,8.769765230857741,0.0],[78.026290467430456,8.770182890974556,0.0],[78.027490668821869,8.769709952758003,0.0]]]]}},
{"type":"Feature","properties":{"dist_name":"Thoothukudi","taluk_name":"Thoothukudi","vil_name":"Melathattaparai","unit_id":"4","block_id":"5","survey_no":"264"},"geometry":{"type":"MultiPolygon","coordinates":[[[[78.011827267403419,8.799103364412442,0.0],[78.012660560593275,8.798832822831365,0.0],[78.013007601464849,8.798717269023312,0.0],[78.01300784558947,8.79863905137184,0.0],[78.012915157986669,8.798567202788636,0.0],[78.012710045084631,8.79835413863057,0.0],[78.012443068416502,8.797899637433037,0.0],[78.012356202993743,8.797916844739339,0.0],[78.011983423476835,8.797849630045318,0.0],[78.011149508120283,8.798587124518155,0.0],[78.01155240668848,8.799212193029762,0.0],[78.011827267403419,8.799103364412442,0.0]]]]}},
{"type":"Feature","properties":{"dist_name":"Thoothukudi","taluk_name":"Thoothukudi","vil_name":"Allikulam","unit_id":"9","block_id":"1","survey_no":"13"},"geometry":{"type":"MultiPolygon","coordinates":[[[[78.030052087733679,8.768526159335542,0.0],[78.030718570192434,8.768331004727361,0.0],[78.032018978876664,8.76798757575143,0.0],[78.031760401338573,8.76644517970448,0.0],[78.031723526074188,8.766455091925387,0.0],[78.031665777685475,8.766305882945929,0.0],[78.030618059096753,8.766579457357803,0.0],[78.029538097583469,8.766856359621165,0.0],[78.029550328363626,8.76690762862531,0.0],[78.028945635353324,8.767105240810045,0.0],[78.029141941101756,8.767747429503896,0.0],[78.029339367296316,8.768393285879943,0.0],[78.029423507813192,8.768710215198773,0.0],[78.030052087733679,8.768526159335542,0.0]]]]}},
{"type":"Feature","properties":{"dist_name":"Thoothukudi","taluk_name":"Thoothukudi","vil_name":"Allikulam","unit_id":"9","block_id":"1","survey_no":"10"},"geometry":{"type":"MultiPolygon","coordinates":[[[[78.02823604030435,8.767534449406796,0.0],[78.02824617639746,8.767295554232152,0.0],[78.028186488640713,8.766513932859866,0.0],[78.028111116268661,8.765558055480939,0.0],[78.028075339061303,8.765132089942242,0.0],[78.028057735185016,8.764922494981485,0.0],[78.028095812485461,8.764606037604386,0.0],[78.02678776650454,8.764644738782016,0.0],[78.026318639043552,8.764800505407162,0.0],[78.025523481449767,8.765100070113853,0.0],[78.025570679317212,8.765486334126679,0.0],[78.025626080138437,8.765901622112747,0.0],[78.024979034253164,8.766059856095897,0.0],[78.024752465207939,8.766127245005343,0.0],[78.024854244264148,8.766619559187815,0.0],[78.024949115609331,8.767051864307586,0.0],[78.025005212100879,8.767283527642059,0.0],[78.025461146797923,8.767097237419041,0.0],[78.025603842632179,8.767524376723655,0.0],[78.02611770176172,8.767410415621832,0.0],[78.026456741446424,8.767335224393317,0.0],[78.026558787630165,8.767742623373323,0.0],[78.026607651985529,8.767915781284154,0.0],[78.02823604030435,8.767534449406796,0.0]]]]}},
{"type":"Feature","properties":{"dist_name":"Thoothukudi","taluk_name":"Thoothukudi","vil_name":"Allikulam","unit_id":"9","block_id":"6","survey_no":"11"},"geometry":{"type":"MultiPolygon","coordinates":[[[[78.026290467430456,8.770182890974556,0.0],[78.026179224314305,8.769765230857741,0.0],[78.025922762115073,8.768798681944272,0.0],[78.025748569398985,8.768142186290314,0.0],[78.026607651985529,8.767915781284154,0.0],[78.026558787630165,8.767742623373323,0.0],[78.026456741446424,8.767335224393317,0.0],[78.02611770176172,8.767410415621832,0.0],[78.025603842632179,8.767524376723655,0.0],[78.025461146797923,8.767097237419041,0.0],[78.025005212100879,8.767283527642059,0.0],[78.024598677781356,8.767441525223893,0.0],[78.024839119520848,8.768762254620004,0.0],[78.025004920513652,8.769633824540376,0.0],[78.025076664700293,8.769909085731479,0.0],[78.02520599300631,8.770610208436228,0.0],[78.026290467430456,8.770182890974556,0.0]]]]}},
{"type":"Feature","properties":{"dist_name":"Thoothukudi","taluk_name":"Thoothukudi","vil_name":"Allikulam","unit_id":"9","block_id":"4","survey_no":"16"},"geometry":{"type":"MultiPolygon","coordinates":[[[[78.026790992044383,8.773818933358905,0.0],[78.027231735194704,8.773417967898119,0.0],[78.026943893226701,8.772697011866942,0.0],[78.026719149973673,8.772100523662434,0.0],[78.026550212817185,8.771116261508672,0.0],[78.026505049431677,8.770991623219119,0.0],[78.026290467430456,8.770182890974556,0.0],[78.02520599300631,8.770610208436228,0.0],[78.025209421029672,8.770627624120882,0.0],[78.02537606514295,8.771141122508244,0.0],[78.025605653827625,8.771855371993688,0.0],[78.025799641882131,8.772423014396031,0.0],[78.025766285979216,8.77247768054144,0.0],[78.025935317366049,8.773108780033109,0.0],[78.02614693245134,8.773927246786723,0.0],[78.026459911548343,8.77385368247969,0.0],[78.026570758180711,8.773935354628831,0.0],[78.026790992044383,8.773818933358905,0.0]]]]}},
{"type":"Feature","properties":{"dist_name":"Thoothukudi","taluk_name":"Thoothukudi","vil_name":"Allikulam","unit_id":"9","block_id":"4","survey_no":"17"},"geometry":{"type":"MultiPolygon","coordinates":[[[[78.0284532584445,8.77371735190528,0.0],[78.028732236183245,8.773377146181613,0.0],[78.028518875057614,8.773190553903728,0.0],[78.027986781447083,8.773895803248529,0.0],[78.027395201099296,8.77333027145848,0.0],[78.027231735194704,8.773417967898119,0.0],[78.026790992044383,8.773818933358905,0.0],[78.027127858029189,8.774707288787438,0.0],[78.02752311713094,8.774564040129709,0.0],[78.027628370914698,8.77475964953306,0.0],[78.0284532584445,8.77371735190528,0.0]]]]}},
{"type":"Feature","properties":{"dist_name":"Thoothukudi","taluk_name":"Thoothukudi","vil_name":"Allikulam","unit_id":"9","block_id":"2","survey_no":"14"},"geometry":{"type":"MultiPolygon","coordinates":[[[[78.031299682524747,8.770613592137479,0.0],[78.031696061976618,8.770402786184963,0.0],[78.032124189199891,8.770143057590843,0.0],[78.032566180018222,8.7698996730694,0.0],[78.032743798669529,8.769803686995621,0.0],[78.03267179876768,8.769621699325427,0.0],[78.032423837030962,8.768995539431415,0.0],[78.032295787847204,8.768685153211187,0.0],[78.032018978876664,8.76798757575143,0.0],[78.030718570192434,8.768331004727361,0.0],[78.030052087733679,8.768526159335542,0.0],[78.03030477884532,8.769418722929363,0.0],[78.029977112829897,8.769804182210841,0.0],[78.030208188288384,8.770205184047292,0.0],[78.030408268491769,8.770221591872442,0.0],[78.030460686491551,8.770323383196093,0.0],[78.030672842841454,8.77073536956876,0.0],[78.030781495786556,8.770922276928973,0.0],[78.031299682524747,8.770613592137479,0.0]]]]}},
{"type":"Feature","properties":{"dist_name":"Thoothukudi","taluk_name":"Thoothukudi","vil_name":"Allikulam","unit_id":"9","block_id":"4","survey_no":"15"},"geometry":{"type":"MultiPolygon","coordinates":[[[[78.027430058393932,8.770730335369715,0.0],[78.028155918624009,8.77043231391638,0.0],[78.028795606323115,8.770158431618423,0.0],[78.029029582955076,8.770059814004442,0.0],[78.029174484084933,8.77017467320197,0.0],[78.029770827569422,8.769900707617929,0.0],[78.029977112829897,8.769804182210841,0.0],[78.03030477884532,8.769418722929363,0.0],[78.030052087733679,8.768526159335542,0.0],[78.029423507813192,8.768710215198773,0.0],[78.029481895809198,8.768922389495373,0.0],[78.02884917204743,8.769172243142643,0.0],[78.027490668821869,8.769709952758003,0.0],[78.026290467430456,8.770182890974556,0.0],[78.026505049431677,8.770991623219119,0.0],[78.026550212817185,8.771116261508672,0.0],[78.027430058393932,8.770730335369715,0.0]]]]}},
{"type":"Feature","properties":{"dist_name":"Thoothukudi","taluk_name":"Thoothukudi","vil_name":"Allikulam","unit_id":"9","block_id":"3","survey_no":"20"},"geometry":{"type":"MultiPolygon","coordinates":[[[[78.028839624653799,8.7761441775239,0.0],[78.030158162309078,8.77485687382385,0.0],[78.030360934409444,8.774655976660299,0.0],[78.030939799225422,8.774238063009163,0.0],[78.032005989822508,8.773702512487874,0.0],[78.031908818792687,8.773576154459631,0.0],[78.031612684652913,8.773184183192736,0.0],[78.03186341776059,8.772870005442977,0.0],[78.031288697670249,8.771837888589637,0.0],[78.031003305980278,8.771321871684343,0.0],[78.030781495786556,8.770922276928973,0.0],[78.030461399868756,8.771309130947051,0.0],[78.029779092028818,8.772131419607129,0.0],[78.029452037377581,8.772515698530102,0.0],[78.02902475022654,8.773020432142481,0.0],[78.028732236183245,8.773377146181613,0.0],[78.0284532584445,8.77371735190528,0.0],[78.027628370914698,8.77475964953306,0.0],[78.027641081813954,8.774783270824717,0.0],[78.027918550063077,8.775312403786465,0.0],[78.028199568012425,8.775841463361266,0.0],[78.028260532046687,8.776227744393765,0.0],[78.028302580903713,8.776457198483772,0.0],[78.028839624653799,8.7761441775239,0.0]]]]}},
{"type":"Feature","properties":{"dist_name":"Thoothukudi","taluk_name":"Thoothukudi","vil_name":"Allikulam","unit_id":"8","block_id":"1","survey_no":"21"},"geometry":{"type":"MultiPolygon","coordinates":[[[[78.028302580903713,8.776457198483772,0.0],[78.028260532046687,8.776227744393765,0.0],[78.028199568012425,8.775841463361266,0.0],[78.027819920115817,8.776050690689164,0.0],[78.027524992988347,8.776269531244459,0.0],[78.027387301552977,8.776498067014556,0.0],[78.0275896789679,8.776826890702623,0.0],[78.028302580903713,8.776457198483772,0.0]]]]}},
{"type":"Feature","properties":{"dist_name":"Thoothukudi","taluk_name":"Thoothukudi","vil_name":"Allikulam","unit_id":"9","block_id":"5","survey_no":"18"},"geometry":{"type":"MultiPolygon","coordinates":[[[[78.028518875057614,8.773190553903728,0.0],[78.028732236183245,8.773377146181613,0.0],[78.02902475022654,8.773020432142481,0.0],[78.029452037377581,8.772515698530102,0.0],[78.029779092028818,8.772131419607129,0.0],[78.030461399868756,8.771309130947051,0.0],[78.030781495786556,8.770922276928973,0.0],[78.030672842841454,8.77073536956876,0.0],[78.030460686491551,8.770323383196093,0.0],[78.030408268491769,8.770221591872442,0.0],[78.030208188288384,8.770205184047292,0.0],[78.029977112829897,8.769804182210841,0.0],[78.029770827569422,8.769900707617929,0.0],[78.029174484084933,8.77017467320197,0.0],[78.029029582955076,8.770059814004442,0.0],[78.028795606323115,8.770158431618423,0.0],[78.028155918624009,8.77043231391638,0.0],[78.027430058393932,8.770730335369715,0.0],[78.026550212817185,8.771116261508672,0.0],[78.026719149973673,8.772100523662434,0.0],[78.026943893226701,8.772697011866942,0.0],[78.027231735194704,8.773417967898119,0.0],[78.027395201099296,8.77333027145848,0.0],[78.027986781447083,8.773895803248529,0.0],[78.028518875057614,8.773190553903728,0.0]]]]}},
{"type":"Feature","properties":{"dist_name":"Thoothukudi","taluk_name":"Thoothukudi","vil_name":"Allikulam","unit_id":"9","block_id":"2","survey_no":"19"},"geometry":{"type":"MultiPolygon","coordinates":[[[[78.032713227746072,8.772835098621725,0.0],[78.033621628151096,8.772017093094709,0.0],[78.033897051681379,8.771776217258509,0.0],[78.033463439692667,8.771009939317313,0.0],[78.033133775573219,8.770462264604387,0.0],[78.032859086957913,8.76999316584128,0.0],[78.032747801305106,8.769813803772134,0.0],[78.032743798669529,8.769803686995621,0.0],[78.032566180018222,8.7698996730694,0.0],[78.032124189199891,8.770143057590843,0.0],[78.031696061976618,8.770402786184963,0.0],[78.031299682524747,8.770613592137479,0.0],[78.030781495786556,8.770922276928973,0.0],[78.031003305980278,8.771321871684343,0.0],[78.031288697670249,8.771837888589637,0.0],[78.03186341776059,8.772870005442977,0.0],[78.031612684652913,8.773184183192736,0.0],[78.031908818792687,8.773576154459631,0.0],[78.032713227746072,8.772835098621725,0.0]]]]}},
{"type":"Feature","properties":{"dist_name":"Thoothukudi","taluk_name":"Thoothukudi","vil_name":"Allikulam","unit_id":"9","block_id":"1","survey_no":"1"},"geometry":{"type":"MultiPolygon","coordinates":[[[[78.033903921991978,8.771770208000669,0.0],[78.034528563320166,8.77112708485712,0.0],[78.034348772918079,8.770788813043172,0.0],[78.034169021788557,8.770836703377764,0.0],[78.034032123310183,8.770385788330739,0.0],[78.033828047259533,8.769626854877771,0.0],[78.033910507357319,8.769326475251752,0.0],[78.033596882584661,8.768755038824295,0.0],[78.033316236610887,8.768243692507916,0.0],[78.032922468831856,8.767540169387473,0.0],[78.033150070022884,8.767041558422004,0.0],[78.032982104447143,8.766630655044199,0.0],[78.032777340523694,8.766185445947151,0.0],[78.032062683033956,8.766347843490053,0.0],[78.031760401338573,8.76644517970448,0.0],[78.032018978876664,8.76798757575143,0.0],[78.032295787847204,8.768685153211187,0.0],[78.032423837030962,8.768995539431415,0.0],[78.03267179876768,8.769621699325427,0.0],[78.032743798669529,8.769803686995621,0.0],[78.032747801305106,8.769813803772134,0.0],[78.032859086957913,8.76999316584128,0.0],[78.033133775573219,8.770462264604387,0.0],[78.033463439692667,8.771009939317313,0.0],[78.033897051681379,8.771776217258509,0.0],[78.033903921991978,8.771770208000669,0.0]]]]}},
{"type":"Feature","properties":{"dist_name":"Thoothukudi","taluk_name":"Thoothukudi","vil_name":"South Silukanpatti","unit_id":"7","block_id":"1","survey_no":"73"},"geometry":{"type":"MultiPolygon","coordinates":[[[[78.042084441748443,8.779731071635943,0.0],[78.041959406227235,8.779268729969141,0.0],[78.042478032222462,8.779083730683872,0.0],[78.042481897679906,8.778902563646058,0.0],[78.042305552634971,8.777903274451299,0.0],[78.041987618437517,8.777948212877734,0.0],[78.04184381923038,8.777082496715771,0.0],[78.041122606174525,8.777204245014739,0.0],[78.04112730673495,8.77729094586603,0.0],[78.040128001351633,8.777523375325623,0.0],[78.040610962512801,8.779770469556317,0.0],[78.041344613782186,8.779548853716395,0.0],[78.041553850839662,8.77985568028488,0.0],[78.042084441748443,8.779731071635943,0.0]]]]}},
{"type":"Feature","properties":{"dist_name":"Thoothukudi","taluk_name":"Thoothukudi","vil_name":"Allikulam","unit_id":"8","block_id":"7","survey_no":"40"},"geometry":{"type":"MultiPolygon","coordinates":[[[[78.021390850285798,8.777064264636712,0.0],[78.021274517791156,8.776505670788499,0.0],[78.02112340480609,8.775780075711026,0.0],[78.020957773785781,8.775017005097091,0.0],[78.02020515147349,8.775058575644387,0.0],[78.020119657661496,8.774345954735391,0.0],[78.020290090169055,8.774312141063668,0.0],[78.020254746528678,8.773989129888033,0.0],[78.019555052461911,8.774202109976763,0.0],[78.01950033505274,8.774238746563258,0.0],[78.019383249915151,8.7748177598159,0.0],[78.019222853634417,8.774883892282379,0.0],[78.01928144328383,8.77505123448371,0.0],[78.019652203278909,8.776121103669446,0.0],[78.019992647746975,8.776229616477707,0.0],[78.020027255137308,8.776646492151617,0.0],[78.020190345447588,8.776627398690792,0.0],[78.020876249323095,8.776548928879734,0.0],[78.020947658907545,8.777098406555368,0.0],[78.021390850285798,8.777064264636712,0.0]]]]}},
{"type":"Feature","properties":{"dist_name":"Thoothukudi","taluk_name":"Thoothukudi","vil_name":"Allikulam","unit_id":"8","block_id":"7","survey_no":"41"},"geometry":{"type":"MultiPolygon","coordinates":[[[[78.020957773785781,8.775017005097091,0.0],[78.021000028836255,8.774898437568428,0.0],[78.021136171532774,8.774887770286439,0.0],[78.021153951596403,8.774690140110426,0.0],[78.021269044414822,8.774666062187549,0.0],[78.021217452660181,8.774530683818883,0.0],[78.021235705324045,8.77414897549979,0.0],[78.02120390499303,8.773829273265308,0.0],[78.020938393411058,8.773762132038991,0.0],[78.020254746528678,8.773989129888033,0.0],[78.020290090169055,8.774312141063668,0.0],[78.020119657661496,8.774345954735391,0.0],[78.02020515147349,8.775058575644387,0.0],[78.020957773785781,8.775017005097091,0.0]]]]}},
{"type":"Feature","properties":{"dist_name":"Thoothukudi","taluk_name":"Thoothukudi","vil_name":"Allikulam","unit_id":"8","block_id":"5","survey_no":"38"},"geometry":{"type":"MultiPolygon","coordinates":[[[[78.022792944114755,8.778016339882083,0.0],[78.022696955024657,8.777184780074096,0.0],[78.022670200180031,8.777077394647721,0.0],[78.022644302889887,8.776973739861308,0.0],[78.021390850285798,8.777064264636712,0.0],[78.020947658907545,8.777098406555368,0.0],[78.020929279664017,8.777366415912191,0.0],[78.020519266100138,8.777438563940407,0.0],[78.020643230481909,8.778125759411818,0.0],[78.020798287103673,8.778098541637156,0.0],[78.021569195203,8.777948068075688,0.0],[78.021667296395918,8.778263959561722,0.0],[78.022792944114755,8.778016339882083,0.0]]]]}},
{"type":"Feature","properties":{"dist_name":"Thoothukudi","taluk_name":"Thoothukudi","vil_name":"South Silukanpatti","unit_id":"7","block_id":"1","survey_no":"72"},"geometry":{"type":"MultiPolygon","coordinates":[[[[78.043910717990741,8.778614406311011,0.0],[78.043784920292524,8.777723601813543,0.0],[78.044400614870995,8.777652297568661,0.0],[78.044355779961222,8.777169708744427,0.0],[78.044141164638177,8.777119741492841,0.0],[78.044092486504724,8.776546516243235,0.0],[78.043367407918126,8.776643952044427,0.0],[78.042579965156847,8.77685208317183,0.0],[78.042614760740662,8.776969014053817,0.0],[78.04184381923038,8.777082496715771,0.0],[78.041987618437517,8.777948212877734,0.0],[78.042305552634971,8.777903274451299,0.0],[78.042481897679906,8.778902563646058,0.0],[78.043910717990741,8.778614406311011,0.0]]]]}},
{"type":"Feature","properties":{"dist_name":"Thoothukudi","taluk_name":"Thoothukudi","vil_name":"Allikulam","unit_id":"8","block_id":"4","survey_no":"39"},"geometry":{"type":"MultiPolygon","coordinates":[[[[78.022644302889887,8.776973739861308,0.0],[78.022549442245079,8.776458344156538,0.0],[78.022495560482326,8.776207649440382,0.0],[78.022423261392845,8.775819430576277,0.0],[78.022670114218101,8.775693230745707,0.0],[78.022530543167221,8.775203187523129,0.0],[78.022297487097006,8.774422394039846,0.0],[78.021965195723638,8.774502485165273,0.0],[78.021269044414822,8.774666062187549,0.0],[78.021153951596403,8.774690140110426,0.0],[78.021136171532774,8.774887770286439,0.0],[78.021000028836255,8.774898437568428,0.0],[78.020957773785781,8.775017005097091,0.0],[78.02112340480609,8.775780075711026,0.0],[78.021274517791156,8.776505670788499,0.0],[78.021390850285798,8.777064264636712,0.0],[78.022644302889887,8.776973739861308,0.0]]]]}},
{"type":"Feature","properties":{"dist_name":"Thoothukudi","taluk_name":"Thoothukudi","vil_name":"Allikulam","unit_id":"8","block_id":"7","survey_no":"45"},"geometry":{"type":"MultiPolygon","coordinates":[[[[78.020254746528678,8.773989129888033,0.0],[78.020938393411058,8.773762132038991,0.0],[78.020913507256026,8.773636356347179,0.0],[78.020748415125411,8.772817213550464,0.0],[78.020662645844865,8.772215943929437,0.0],[78.020436533100877,8.772216123391891,0.0],[78.020124531053611,8.772232512307752,0.0],[78.019701004564411,8.772423877776472,0.0],[78.01962071194022,8.772282452556157,0.0],[78.01937638771949,8.772703085418947,0.0],[78.019524066049684,8.773218897388162,0.0],[78.019548979208878,8.773494244775378,0.0],[78.019555052461911,8.774202109976763,0.0],[78.020254746528678,8.773989129888033,0.0]]]]}},
{"type":"Feature","properties":{"dist_name":"Thoothukudi","taluk_name":"Thoothukudi","vil_name":"Allikulam","unit_id":"8","block_id":"3","survey_no":"42"},"geometry":{"type":"MultiPolygon","coordinates":[[[[78.021379676414554,8.77386618055292,0.0],[78.02190466093748,8.773711915317278,0.0],[78.022147227317646,8.773583323967612,0.0],[78.022083637314395,8.77326283280663,0.0],[78.02201632085567,8.772923560985767,0.0],[78.02191666384644,8.772429277262837,0.0],[78.022358686856805,8.772323304921246,0.0],[78.022556434368681,8.772000339240149,0.0],[78.022824560400466,8.771583931910797,0.0],[78.022802950825721,8.771327006025217,0.0],[78.022753768015036,8.771130749258068,0.0],[78.02120742287579,8.771547266261271,0.0],[78.021264104585597,8.771807680559549,0.0],[78.021329128504718,8.7721193735551,0.0],[78.020956005553117,8.772281421795693,0.0],[78.021001200720619,8.772689391797087,0.0],[78.020748415125411,8.772817213550464,0.0],[78.020913507256026,8.773636356347179,0.0],[78.020938393411058,8.773762132038991,0.0],[78.02120390499303,8.773829273265308,0.0],[78.021235705324045,8.77414897549979,0.0],[78.021379676414554,8.77386618055292,0.0]]]]}},
{"type":"Feature","properties":{"dist_name":"Thoothukudi","taluk_name":"Thoothukudi","vil_name":"Allikulam","unit_id":"8","block_id":"7","survey_no":"43"},"geometry":{"type":"MultiPolygon","coordinates":[[[[78.021001200720619,8.772689391797087,0.0],[78.020956005553117,8.772281421795693,0.0],[78.021329128504718,8.7721193735551,0.0],[78.021264104585597,8.771807680559549,0.0],[78.020811544688485,8.771879476894714,0.0],[78.020411109741971,8.77194769470208,0.0],[78.020436533100877,8.772216123391891,0.0],[78.020662645844865,8.772215943929437,0.0],[78.020748415125411,8.772817213550464,0.0],[78.021001200720619,8.772689391797087,0.0]]]]}},
{"type":"Feature","properties":{"dist_name":"Thoothukudi","taluk_name":"Thoothukudi","vil_name":"Allikulam","unit_id":"8","block_id":"8","survey_no":"48"},"geometry":{"type":"MultiPolygon","coordinates":[[[[78.020209982008765,8.781755717184694,0.0],[78.020051992810863,8.780859887102357,0.0],[78.019666172200132,8.781001452439346,0.0],[78.019838077762557,8.781833184897142,0.0],[78.020209982008765,8.781755717184694,0.0]]]]}},
{"type":"Feature","properties":{"dist_name":"Thoothukudi","taluk_name":"Thoothukudi","vil_name":"Allikulam","unit_id":"8","block_id":"8","survey_no":"49"},"geometry":{"type":"MultiPolygon","coordinates":[[[[78.020007359916576,8.782707404655891,0.0],[78.019793388257611,8.781842493420559,0.0],[78.019344865663726,8.781934504148742,0.0],[78.019551869327231,8.782795968070182,0.0],[78.019572566175512,8.783060180779826,0.0],[78.020007359916576,8.782707404655891,0.0]]]]}},
{"type":"Feature","properties":{"dist_name":"Thoothukudi","taluk_name":"Thoothukudi","vil_name":"Allikulam","unit_id":"8","block_id":"0","survey_no":"46"},"geometry":{"type":"MultiPolygon","coordinates":[[[[78.021866743810705,8.781174637775848,0.0],[78.021233798123603,8.780102795048888,0.0],[78.021082346669843,8.779879173019667,0.0],[78.020562038198094,8.779019143374061,0.0],[78.020411851092547,8.77878131518905,0.0],[78.020380120560873,8.778583272524125,0.0],[78.020295633627285,8.778186775733417,0.0],[78.020146841702655,8.777359641271715,0.0],[78.020082129829717,8.77699990898966,0.0],[78.020034035929427,8.776728172866829,0.0],[78.020027255137308,8.776646492151617,0.0],[78.019992647746975,8.776229616477707,0.0],[78.019652203278909,8.776121103669446,0.0],[78.01928144328383,8.77505123448371,0.0],[78.019222853634417,8.774883892282379,0.0],[78.019383249915151,8.7748177598159,0.0],[78.01950033505274,8.774238746563258,0.0],[78.019555052461911,8.774202109976763,0.0],[78.019548979208878,8.773494244775378,0.0],[78.019524066049684,8.773218897388162,0.0],[78.01937638771949,8.772703085418947,0.0],[78.01931028041102,8.772806907621998,0.0],[78.019348358241217,8.773150985037981,0.0],[78.019387767816227,8.773832349613143,0.0],[78.019347242012145,8.77426884864329,0.0],[78.019250814808061,8.7747617679796,0.0],[78.019104658857259,8.774849871838153,0.0],[78.019272564184178,8.775368417434898,0.0],[78.019433382965033,8.77588983179926,0.0],[78.019613808427465,8.776418145770602,0.0],[78.019644961580553,8.776509369573326,0.0],[78.019649007312523,8.776521214467101,0.0],[78.019802193168275,8.776899183393901,0.0],[78.01999310229516,8.777389104794068,0.0],[78.020130920187157,8.778168593696467,0.0],[78.020235655432955,8.778724730115098,0.0],[78.020668428846577,8.779486619200384,0.0],[78.02112485751077,8.780293260662425,0.0],[78.021743651696909,8.781242867672024,0.0],[78.021866743810705,8.781174637775848,0.0]]]]}},
{"type":"Feature","properties":{"dist_name":"Thoothukudi","taluk_name":"Thoothukudi","vil_name":"Allikulam","unit_id":"8","block_id":"8","survey_no":"47"},"geometry":{"type":"MultiPolygon","coordinates":[[[[78.021743651696909,8.781242867672024,0.0],[78.02112485751077,8.780293260662425,0.0],[78.020023957321939,8.780578604228936,0.0],[78.020051992810863,8.780859887102357,0.0],[78.020209982008765,8.781755717184694,0.0],[78.019838077762557,8.781833184897142,0.0],[78.019793388257611,8.781842493420559,0.0],[78.020007359916576,8.782707404655891,0.0],[78.021743651696909,8.781242867672024,0.0]]]]}},
{"type":"Feature","properties":{"dist_name":"Thoothukudi","taluk_name":"Thoothukudi","vil_name":"Allikulam","unit_id":"8","block_id":"9","survey_no":"52"},"geometry":{"type":"MultiPolygon","coordinates":[[[[78.01913100893276,8.780814730841378,0.0],[78.019006734969963,8.780294265571053,0.0],[78.018590739839979,8.778550016112652,0.0],[78.018071450154167,8.778636439980001,0.0],[78.017491698356352,8.778688054552093,0.0],[78.017517393740349,8.779426025561495,0.0],[78.017543599744045,8.780113764813819,0.0],[78.017730836463343,8.781134276318268,0.0],[78.01913100893276,8.780814730841378,0.0]]]]}},
{"type":"Feature","properties":{"dist_name":"Thoothukudi","taluk_name":"Thoothukudi","vil_name":"Allikulam","unit_id":"8","block_id":"9","survey_no":"53"},"geometry":{"type":"MultiPolygon","coordinates":[[[[78.018071450154167,8.778636439980001,0.0],[78.018029010921538,8.778442272710175,0.0],[78.017926750887426,8.777975827716272,0.0],[78.01786180952098,8.777724036099674,0.0],[78.017703179935978,8.777010144172095,0.0],[78.017212207523244,8.777078852980086,0.0],[78.017215942099071,8.777090862313443,0.0],[78.017423764678853,8.777886616992483,0.0],[78.017491698356352,8.778688054552093,0.0],[78.018071450154167,8.778636439980001,0.0]]]]}},
{"type":"Feature","properties":{"dist_name":"Thoothukudi","taluk_name":"Thoothukudi","vil_name":"Allikulam","unit_id":"8","block_id":"8","survey_no":"50"},"geometry":{"type":"MultiPolygon","coordinates":[[[[78.019165239856989,8.783389786551888,0.0],[78.019572566175512,8.783060180779826,0.0],[78.019551869327231,8.782795968070182,0.0],[78.017897086523206,8.783127002131797,0.0],[78.017962030894452,8.783477987379335,0.0],[78.018735372184821,8.783466530646473,0.0],[78.019165239856989,8.783389786551888,0.0]]]]}},
{"type":"Feature","properties":{"dist_name":"Thoothukudi","taluk_name":"Thoothukudi","vil_name":"Allikulam","unit_id":"8","block_id":"8","survey_no":"51"},"geometry":{"type":"MultiPolygon","coordinates":[[[[78.019551869327231,8.782795968070182,0.0],[78.019344865663726,8.781934504148742,0.0],[78.019793388257611,8.781842493420559,0.0],[78.019838077762557,8.781833184897142,0.0],[78.019666172200132,8.781001452439346,0.0],[78.020051992810863,8.780859887102357,0.0],[78.020023957321939,8.780578604228936,0.0],[78.019134478541048,8.78081393898978,0.0],[78.01913100893276,8.780814730841378,0.0],[78.017730836463343,8.781134276318268,0.0],[78.017804643836314,8.781935953723574,0.0],[78.017897086523206,8.783127002131797,0.0],[78.019551869327231,8.782795968070182,0.0]]]]}},
{"type":"Feature","properties":{"dist_name":"Thoothukudi","taluk_name":"Thoothukudi","vil_name":"Allikulam","unit_id":"8","block_id":"1","survey_no":"24"},"geometry":{"type":"MultiPolygon","coordinates":[[[[78.026626931059127,8.776187142426977,0.0],[78.02682503686097,8.775997765432926,0.0],[78.026806061299212,8.775485692091435,0.0],[78.026001386629844,8.776079637182626,0.0],[78.02623949813831,8.776388981329314,0.0],[78.026314847596211,8.776486872174878,0.0],[78.026626931059127,8.776187142426977,0.0]]]]}},
{"type":"Feature","properties":{"dist_name":"Thoothukudi","taluk_name":"Thoothukudi","vil_name":"Allikulam","unit_id":"8","block_id":"2","survey_no":"25"},"geometry":{"type":"MultiPolygon","coordinates":[[[[78.025748542824644,8.776278340528869,0.0],[78.026001386629844,8.776079637182626,0.0],[78.026806061299212,8.775485692091435,0.0],[78.026797893169572,8.775265273619503,0.0],[78.027127858029189,8.774707288787438,0.0],[78.026790992044383,8.773818933358905,0.0],[78.026570758180711,8.773935354628831,0.0],[78.026459911548343,8.77385368247969,0.0],[78.02614693245134,8.773927246786723,0.0],[78.025935317366049,8.773108780033109,0.0],[78.025766285979216,8.77247768054144,0.0],[78.025799641882131,8.772423014396031,0.0],[78.025605653827625,8.771855371993688,0.0],[78.02537606514295,8.771141122508244,0.0],[78.025209421029672,8.770627624120882,0.0],[78.02520599300631,8.770610208436228,0.0],[78.024101257911113,8.770941190982718,0.0],[78.024169288198976,8.771216079961313,0.0],[78.024292512462125,8.77169102227052,0.0],[78.024469726477591,8.772343739079659,0.0],[78.024600937935617,8.772851342872952,0.0],[78.024724456410198,8.773312342357507,0.0],[78.024887791912278,8.773925899710411,0.0],[78.025079187142254,8.774635178729763,0.0],[78.024596129093027,8.774950860826138,0.0],[78.024828941211837,8.775977035668273,0.0],[78.025148329748504,8.776750030799125,0.0],[78.025748542824644,8.776278340528869,0.0]]]]}},
{"type":"Feature","properties":{"dist_name":"Thoothukudi","taluk_name":"Thoothukudi","vil_name":"Allikulam","unit_id":"8","block_id":"1","survey_no":"22"},"geometry":{"type":"MultiPolygon","coordinates":[[[[78.0275896789679,8.776826890702623,0.0],[78.027387301552977,8.776498067014556,0.0],[78.027524992988347,8.776269531244459,0.0],[78.027819920115817,8.776050690689164,0.0],[78.028199568012425,8.775841463361266,0.0],[78.027918550063077,8.775312403786465,0.0],[78.027641081813954,8.774783270824717,0.0],[78.027628370914698,8.77475964953306,0.0],[78.02752311713094,8.774564040129709,0.0],[78.027127858029189,8.774707288787438,0.0],[78.026797893169572,8.775265273619503,0.0],[78.026806061299212,8.775485692091435,0.0],[78.02682503686097,8.775997765432926,0.0],[78.026997790056413,8.776031312076061,0.0],[78.02705634338605,8.776197078311434,0.0],[78.027241728665459,8.776594565181831,0.0],[78.027335923630346,8.776815481112347,0.0],[78.027377754144368,8.776921837792525,0.0],[78.0275896789679,8.776826890702623,0.0]]]]}},
{"type":"Feature","properties":{"dist_name":"Thoothukudi","taluk_name":"Thoothukudi","vil_name":"Allikulam","unit_id":"8","block_id":"1","survey_no":"23"},"geometry":{"type":"MultiPolygon","coordinates":[[[[78.026394897522167,8.777694578743148,0.0],[78.026955805534968,8.777067595570751,0.0],[78.027377754144368,8.776921837792525,0.0],[78.027335923630346,8.776815481112347,0.0],[78.027241728665459,8.776594565181831,0.0],[78.02705634338605,8.776197078311434,0.0],[78.026997790056413,8.776031312076061,0.0],[78.02682503686097,8.775997765432926,0.0],[78.026626931059127,8.776187142426977,0.0],[78.026314847596211,8.776486872174878,0.0],[78.02623949813831,8.776388981329314,0.0],[78.026001386629844,8.776079637182626,0.0],[78.025748542824644,8.776278340528869,0.0],[78.025148329748504,8.776750030799125,0.0],[78.025320269098472,8.776978267090188,0.0],[78.025471550293886,8.777204076519908,0.0],[78.02582128637323,8.777838007650255,0.0],[78.025918042835656,8.778004724245744,0.0],[78.026394897522167,8.777694578743148,0.0]]]]}},
{"type":"Feature","properties":{"dist_name":"Thoothukudi","taluk_name":"Thoothukudi","vil_name":"Allikulam","unit_id":"8","block_id":"3","survey_no":"28"},"geometry":{"type":"MultiPolygon","coordinates":[[[[78.021742713986313,8.774040645368666,0.0],[78.022461671943518,8.773867771659734,0.0],[78.022969271017871,8.773744669067527,0.0],[78.024096434343917,8.773471312225503,0.0],[78.024724456410198,8.773312342357507,0.0],[78.024600937935617,8.772851342872952,0.0],[78.024469726477591,8.772343739079659,0.0],[78.024292512462125,8.77169102227052,0.0],[78.024169288198976,8.771216079961313,0.0],[78.023029868949834,8.771717585243806,0.0],[78.02330903631119,8.77284230422249,0.0],[78.023347691673592,8.773144252392152,0.0],[78.022147227317646,8.773583323967612,0.0],[78.02190466093748,8.773711915317278,0.0],[78.021379676414554,8.77386618055292,0.0],[78.021235705324045,8.77414897549979,0.0],[78.021742713986313,8.774040645368666,0.0]]]]}},
{"type":"Feature","properties":{"dist_name":"Thoothukudi","taluk_name":"Thoothukudi","vil_name":"Allikulam","unit_id":"8","block_id":"4","survey_no":"29"},"geometry":{"type":"MultiPolygon","coordinates":[[[[78.023546124822417,8.776805056453075,0.0],[78.023540465363297,8.776467687193371,0.0],[78.024828941211837,8.775977035668273,0.0],[78.024596129093027,8.774950860826138,0.0],[78.025079187142254,8.774635178729763,0.0],[78.024887791912278,8.773925899710411,0.0],[78.024724456410198,8.773312342357507,0.0],[78.024096434343917,8.773471312225503,0.0],[78.022969271017871,8.773744669067527,0.0],[78.022461671943518,8.773867771659734,0.0],[78.021742713986313,8.774040645368666,0.0],[78.021235705324045,8.77414897549979,0.0],[78.021217452660181,8.774530683818883,0.0],[78.021269044414822,8.774666062187549,0.0],[78.021965195723638,8.774502485165273,0.0],[78.022297487097006,8.774422394039846,0.0],[78.022530543167221,8.775203187523129,0.0],[78.022670114218101,8.775693230745707,0.0],[78.022423261392845,8.775819430576277,0.0],[78.022495560482326,8.776207649440382,0.0],[78.022549442245079,8.776458344156538,0.0],[78.022644302889887,8.776973739861308,0.0],[78.022670200180031,8.777077394647721,0.0],[78.023546124822417,8.776805056453075,0.0]]]]}},
{"type":"Feature","properties":{"dist_name":"Thoothukudi","taluk_name":"Thoothukudi","vil_name":"Allikulam","unit_id":"8","block_id":"3","survey_no":"26"},"geometry":{"type":"MultiPolygon","coordinates":[[[[78.02330903631119,8.77284230422249,0.0],[78.023029868949834,8.771717585243806,0.0],[78.024169288198976,8.771216079961313,0.0],[78.024101257911113,8.770941190982718,0.0],[78.023329421563588,8.771157904404863,0.0],[78.022802950825721,8.771327006025217,0.0],[78.022824560400466,8.771583931910797,0.0],[78.022556434368681,8.772000339240149,0.0],[78.022358686856805,8.772323304921246,0.0],[78.02191666384644,8.772429277262837,0.0],[78.02201632085567,8.772923560985767,0.0],[78.022083637314395,8.77326283280663,0.0],[78.02330903631119,8.77284230422249,0.0]]]]}},
{"type":"Feature","properties":{"dist_name":"Thoothukudi","taluk_name":"Thoothukudi","vil_name":"Ramasamypuram","unit_id":"2","block_id":"1","survey_no":"83"},"geometry":{"type":"MultiPolygon","coordinates":[[[[78.000717162245252,8.794809012434367,0.0],[78.001258508450903,8.794735329662347,0.0],[78.001257255434311,8.794731857442853,0.0],[78.001057165618988,8.794233841813098,0.0],[78.00001883652422,8.79490981619605,0.0],[78.000717162245252,8.794809012434367,0.0]]]]}},
{"type":"Feature","properties":{"dist_name":"Thoothukudi","taluk_name":"Thoothukudi","vil_name":"Allikulam","unit_id":"8","block_id":"3","survey_no":"27"},"geometry":{"type":"MultiPolygon","coordinates":[[[[78.023347691673592,8.773144252392152,0.0],[78.02330903631119,8.77284230422249,0.0],[78.022083637314395,8.77326283280663,0.0],[78.022147227317646,8.773583323967612,0.0],[78.023347691673592,8.773144252392152,0.0]]]]}},
{"type":"Feature","properties":{"dist_name":"Thoothukudi","taluk_name":"Thoothukudi","vil_name":"Ramasamypuram","unit_id":"2","block_id":"1","survey_no":"84"},"geometry":{"type":"MultiPolygon","coordinates":[[[[77.999734288813855,8.794492130162897,0.0],[78.000780519499784,8.793784959451761,0.0],[78.000749494587865,8.793704321645389,0.0],[78.000548498383239,8.792887114970332,0.0],[78.000033289174695,8.792973652114446,0.0],[77.999483376633535,8.793123538102424,0.0],[77.999450164446216,8.793061053421884,0.0],[77.998829171169589,8.793246453509601,0.0],[77.997816758393142,8.79360599294831,0.0],[77.997863104349136,8.793802606707343,0.0],[77.998634866324423,8.794231820412525,0.0],[77.998917968440153,8.794669121872852,0.0],[77.999734288813855,8.794492130162897,0.0]]]]}},
{"type":"Feature","properties":{"dist_name":"Thoothukudi","taluk_name":"Thoothukudi","vil_name":"Allikulam","unit_id":"8","block_id":"5","survey_no":"32"},"geometry":{"type":"MultiPolygon","coordinates":[[[[78.022847188747093,8.77925884196342,0.0],[78.022717086258226,8.77870229325476,0.0],[78.021893388049207,8.778912769052994,0.0],[78.022094224475225,8.779533116588404,0.0],[78.022847188747093,8.77925884196342,0.0]]]]}},
{"type":"Feature","properties":{"dist_name":"Thoothukudi","taluk_name":"Thoothukudi","vil_name":"Ramasamypuram","unit_id":"2","block_id":"1","survey_no":"81"},"geometry":{"type":"MultiPolygon","coordinates":[[[[77.999411227416786,8.796053821014333,0.0],[78.000637088848407,8.795589936262623,0.0],[78.001370219904956,8.795319355886333,0.0],[78.001424776834639,8.79529301449374,0.0],[78.001404575465514,8.795117186757356,0.0],[78.000742138813692,8.795284256870241,0.0],[77.999930080812817,8.795479067585099,0.0],[77.999554815919822,8.795508434874748,0.0],[77.99908579498684,8.795353911452972,0.0],[77.999255065081954,8.796163559677387,0.0],[77.999411227416786,8.796053821014333,0.0]]]]}},
{"type":"Feature","properties":{"dist_name":"Thoothukudi","taluk_name":"Thoothukudi","vil_name":"Allikulam","unit_id":"8","block_id":"5","survey_no":"33"},"geometry":{"type":"MultiPolygon","coordinates":[[[[78.021893388049207,8.778912769052994,0.0],[78.022717086258226,8.77870229325476,0.0],[78.023279812979865,8.778507195881685,0.0],[78.023239188026082,8.778404322699355,0.0],[78.02309259671992,8.778035733623403,0.0],[78.02381411753484,8.777792893056644,0.0],[78.023799275950566,8.777715801503259,0.0],[78.023546124822417,8.776805056453075,0.0],[78.022670200180031,8.777077394647721,0.0],[78.022696955024657,8.777184780074096,0.0],[78.022792944114755,8.778016339882083,0.0],[78.021667296395918,8.778263959561722,0.0],[78.021459945356241,8.778325863883438,0.0],[78.021553818175263,8.77895427107492,0.0],[78.021555666452358,8.778964120959561,0.0],[78.021893388049207,8.778912769052994,0.0]]]]}},
{"type":"Feature","properties":{"dist_name":"Thoothukudi","taluk_name":"Thoothukudi","vil_name":"Allikulam","unit_id":"8","block_id":"1","survey_no":"30"},"geometry":{"type":"MultiPolygon","coordinates":[[[[78.024723250743861,8.778584206433496,0.0],[78.025207496075893,8.778176470869536,0.0],[78.025918042835656,8.778004724245744,0.0],[78.02582128637323,8.777838007650255,0.0],[78.025471550293886,8.777204076519908,0.0],[78.025320269098472,8.776978267090188,0.0],[78.025148329748504,8.776750030799125,0.0],[78.024828941211837,8.775977035668273,0.0],[78.023540465363297,8.776467687193371,0.0],[78.023546124822417,8.776805056453075,0.0],[78.023799275950566,8.777715801503259,0.0],[78.02381411753484,8.777792893056644,0.0],[78.02309259671992,8.778035733623403,0.0],[78.023239188026082,8.778404322699355,0.0],[78.023279812979865,8.778507195881685,0.0],[78.023763941039761,8.779406490787068,0.0],[78.024723250743861,8.778584206433496,0.0]]]]}},
{"type":"Feature","properties":{"dist_name":"Thoothukudi","taluk_name":"Thoothukudi","vil_name":"Allikulam","unit_id":"8","block_id":"5","survey_no":"31"},"geometry":{"type":"MultiPolygon","coordinates":[[[[78.022714965031696,8.780382954431269,0.0],[78.023763941039761,8.779406490787068,0.0],[78.023279812979865,8.778507195881685,0.0],[78.022717086258226,8.77870229325476,0.0],[78.022847188747093,8.77925884196342,0.0],[78.022094224475225,8.779533116588404,0.0],[78.021893388049207,8.778912769052994,0.0],[78.021555666452358,8.778964120959561,0.0],[78.02166708392285,8.779557936461083,0.0],[78.021082346669843,8.779879173019667,0.0],[78.021233798123603,8.780102795048888,0.0],[78.021866743810705,8.781174637775848,0.0],[78.022714965031696,8.780382954431269,0.0]]]]}},
{"type":"Feature","properties":{"dist_name":"Thoothukudi","taluk_name":"Thoothukudi","vil_name":"Allikulam","unit_id":"8","block_id":"5","survey_no":"36"},"geometry":{"type":"MultiPolygon","coordinates":[[[[78.020643230481909,8.778125759411818,0.0],[78.020519266100138,8.777438563940407,0.0],[78.020497586037948,8.777318731728986,0.0],[78.020146841702655,8.777359641271715,0.0],[78.020295633627285,8.778186775733417,0.0],[78.020643230481909,8.778125759411818,0.0]]]]}},
{"type":"Feature","properties":{"dist_name":"Thoothukudi","taluk_name":"Thoothukudi","vil_name":"Ramasamypuram","unit_id":"2","block_id":"1","survey_no":"88"},"geometry":{"type":"MultiPolygon","coordinates":[[[[77.997113208256494,8.793659498629147,0.0],[77.997439248662644,8.79369762406168,0.0],[77.997816758393142,8.79360599294831,0.0],[77.998829171169589,8.793246453509601,0.0],[77.998648384850327,8.792479960469556,0.0],[77.998867166813881,8.792429020450994,0.0],[77.998647825357949,8.791761612423487,0.0],[77.998466307592508,8.791210235045142,0.0],[77.998193142137396,8.791240632506796,0.0],[77.99811545468657,8.791017444802991,0.0],[77.997937228149382,8.791045615679835,0.0],[77.9976692908579,8.791150978377143,0.0],[77.997762993097169,8.79166190791741,0.0],[77.996782964331516,8.791793606855377,0.0],[77.996911857976471,8.793221835647616,0.0],[77.996958187767021,8.793745865314133,0.0],[77.997113208256494,8.793659498629147,0.0]]]]}},
{"type":"Feature","properties":{"dist_name":"Thoothukudi","taluk_name":"Thoothukudi","vil_name":"Allikulam","unit_id":"8","block_id":"5","survey_no":"37"},"geometry":{"type":"MultiPolygon","coordinates":[[[[78.020929279664017,8.777366415912191,0.0],[78.020947658907545,8.777098406555368,0.0],[78.020876249323095,8.776548928879734,0.0],[78.020190345447588,8.776627398690792,0.0],[78.020027255137308,8.776646492151617,0.0],[78.020034035929427,8.776728172866829,0.0],[78.020082129829717,8.77699990898966,0.0],[78.020146841702655,8.777359641271715,0.0],[78.020497586037948,8.777318731728986,0.0],[78.020519266100138,8.777438563940407,0.0],[78.020929279664017,8.777366415912191,0.0]]]]}},
{"type":"Feature","properties":{"dist_name":"Thoothukudi","taluk_name":"Thoothukudi","vil_name":"Allikulam","unit_id":"8","block_id":"6","survey_no":"34"},"geometry":{"type":"MultiPolygon","coordinates":[[[[78.02166708392285,8.779557936461083,0.0],[78.021555666452358,8.778964120959561,0.0],[78.021553818175263,8.77895427107492,0.0],[78.021459945356241,8.778325863883438,0.0],[78.021667296395918,8.778263959561722,0.0],[78.021569195203,8.777948068075688,0.0],[78.020798287103673,8.778098541637156,0.0],[78.020829553794727,8.778523094299855,0.0],[78.020380120560873,8.778583272524125,0.0],[78.020411851092547,8.77878131518905,0.0],[78.020562038198094,8.779019143374061,0.0],[78.021082346669843,8.779879173019667,0.0],[78.02166708392285,8.779557936461083,0.0]]]]}},
{"type":"Feature","properties":{"dist_name":"Thoothukudi","taluk_name":"Thoothukudi","vil_name":"Allikulam","unit_id":"8","block_id":"5","survey_no":"35"},"geometry":{"type":"MultiPolygon","coordinates":[[[[78.020829553794727,8.778523094299855,0.0],[78.020798287103673,8.778098541637156,0.0],[78.020643230481909,8.778125759411818,0.0],[78.020295633627285,8.778186775733417,0.0],[78.020380120560873,8.778583272524125,0.0],[78.020829553794727,8.778523094299855,0.0]]]]}},
{"type":"Feature","properties":{"dist_name":"Thoothukudi","taluk_name":"Thoothukudi","vil_name":"Ramasamypuram","unit_id":"2","block_id":"2","survey_no":"91"},"geometry":{"type":"MultiPolygon","coordinates":[[[[77.99876172164204,8.790688998255476,0.0],[77.998602361284782,8.79004674319053,0.0],[77.998482770091016,8.789937663887603,0.0],[77.998246923626184,8.789583690644037,0.0],[77.997911928028927,8.789361224337238,0.0],[77.997783558253658,8.789164766476802,0.0],[77.997464574364344,8.789089793259318,0.0],[77.997654804242813,8.789480383111087,0.0],[77.997308351903911,8.789637801579456,0.0],[77.997513139816505,8.790181974228968,0.0],[77.997600838032099,8.790432611605585,0.0],[77.997729160585621,8.790584978704985,0.0],[77.997770459187606,8.790741852977776,0.0],[77.997848764922267,8.790891390583571,0.0],[77.99876172164204,8.790688998255476,0.0]]]]}},
{"type":"Feature","properties":{"dist_name":"Thoothukudi","taluk_name":"Thoothukudi","vil_name":"Ramasamypuram","unit_id":"2","block_id":"2","survey_no":"89"},"geometry":{"type":"MultiPolygon","coordinates":[[[[77.999450164446216,8.793061053421884,0.0],[77.999483376633535,8.793123538102424,0.0],[78.000033289174695,8.792973652114446,0.0],[77.999934350012666,8.792562630536562,0.0],[77.999835241937078,8.792140691357774,0.0],[78.000505363269795,8.791954815836231,0.0],[78.000313755051195,8.791131120259269,0.0],[77.999375626349703,8.791271171492737,0.0],[77.998936390060706,8.791344011405977,0.0],[77.99876172164204,8.790688998255476,0.0],[77.997848764922267,8.790891390583571,0.0],[77.997937228149382,8.791045615679835,0.0],[77.99811545468657,8.791017444802991,0.0],[77.998193142137396,8.791240632506796,0.0],[77.998466307592508,8.791210235045142,0.0],[77.998647825357949,8.791761612423487,0.0],[77.998867166813881,8.792429020450994,0.0],[77.998648384850327,8.792479960469556,0.0],[77.998829171169589,8.793246453509601,0.0],[77.999450164446216,8.793061053421884,0.0]]]]}},
{"type":"Feature","properties":{"dist_name":"Thoothukudi","taluk_name":"Thoothukudi","vil_name":"Ramasamypuram","unit_id":"2","block_id":"2","survey_no":"90"},"geometry":{"type":"MultiPolygon","coordinates":[[[[77.999375626349703,8.791271171492737,0.0],[78.000313755051195,8.791131120259269,0.0],[78.000499651560972,8.791054509782413,0.0],[77.999658491416142,8.790032856518501,0.0],[77.999284684384804,8.790010976257838,0.0],[77.998833451759396,8.79006888173361,0.0],[77.998602361284782,8.79004674319053,0.0],[77.99876172164204,8.790688998255476,0.0],[77.998936390060706,8.791344011405977,0.0],[77.999375626349703,8.791271171492737,0.0]]]]}},
{"type":"Feature","properties":{"dist_name":"Thoothukudi","taluk_name":"Thoothukudi","vil_name":"Ramasamypuram","unit_id":"2","block_id":"3","survey_no":"95"},"geometry":{"type":"MultiPolygon","coordinates":[[[[77.998080102302026,8.787769990873148,0.0],[77.997940891284443,8.787126760286073,0.0],[77.998271592046578,8.787034398391169,0.0],[77.99823925296019,8.78643641559276,0.0],[77.9982311319053,8.786281540841461,0.0],[77.997420543211604,8.786378564428484,0.0],[77.996622875990141,8.786349294980889,0.0],[77.996604658484884,8.786348626317643,0.0],[77.99674414728608,8.787456878287331,0.0],[77.996924953156238,8.787929245721237,0.0],[77.996986302292939,8.788180630779372,0.0],[77.997145108244069,8.788140989818494,0.0],[77.99754652858617,8.788185954436766,0.0],[77.998106718736182,8.788358850241575,0.0],[77.998080102302026,8.787769990873148,0.0]]]]}},
{"type":"Feature","properties":{"dist_name":"Thoothukudi","taluk_name":"Thoothukudi","vil_name":"Ramasamypuram","unit_id":"2","block_id":"2","survey_no":"93"},"geometry":{"type":"MultiPolygon","coordinates":[[[[78.00067204672095,8.790050084320852,0.0],[78.000436611458909,8.789479498396016,0.0],[78.000111155145902,8.788704410785709,0.0],[77.998674671829278,8.788520899314648,0.0],[77.998106718736182,8.788358850241575,0.0],[77.99754652858617,8.788185954436766,0.0],[77.997145108244069,8.788140989818494,0.0],[77.997355496564211,8.788824027755952,0.0],[77.99739318018473,8.788946370510395,0.0],[77.997394640735223,8.788946201744272,0.0],[77.997464574364344,8.789089793259318,0.0],[77.997783558253658,8.789164766476802,0.0],[77.997911928028927,8.789361224337238,0.0],[77.998246923626184,8.789583690644037,0.0],[77.998482770091016,8.789937663887603,0.0],[77.998602361284782,8.79004674319053,0.0],[77.998833451759396,8.79006888173361,0.0],[77.999284684384804,8.790010976257838,0.0],[77.999658491416142,8.790032856518501,0.0],[77.999849685340706,8.790016970325031,0.0],[77.999939531351458,8.790102625827846,0.0],[78.000136992670718,8.790088610507997,0.0],[78.000279007595921,8.790200217082798,0.0],[78.00067204672095,8.790050084320852,0.0]]]]}},
{"type":"Feature","properties":{"dist_name":"Thoothukudi","taluk_name":"Thoothukudi","vil_name":"Ramasamypuram","unit_id":"2","block_id":"3","survey_no":"94"},"geometry":{"type":"MultiPolygon","coordinates":[[[[78.000085725146661,8.788532373025308,0.0],[77.999801758557524,8.787386590272607,0.0],[77.999560559075519,8.786426200252905,0.0],[77.999539754707499,8.786224957889891,0.0],[77.998545186813089,8.786390283455283,0.0],[77.99823925296019,8.78643641559276,0.0],[77.998271592046578,8.787034398391169,0.0],[77.997940891284443,8.787126760286073,0.0],[77.998080102302026,8.787769990873148,0.0],[77.998106718736182,8.788358850241575,0.0],[77.998674671829278,8.788520899314648,0.0],[78.000111155145902,8.788704410785709,0.0],[78.000085725146661,8.788532373025308,0.0]]]]}},
{"type":"Feature","properties":{"dist_name":"Thoothukudi","taluk_name":"Thoothukudi","vil_name":"South Silukanpatti","unit_id":"7","block_id":"1","survey_no":"85"},"geometry":{"type":"MultiPolygon","coordinates":[[[[78.045752307453839,8.777603261697736,0.0],[78.046715018734915,8.776353881649634,0.0],[78.04672258530735,8.776343938788433,0.0],[78.047856247288621,8.774919968239272,0.0],[78.047850882880965,8.77488893771017,0.0],[78.046407194266351,8.775240442492333,0.0],[78.046429200806614,8.775332686277054,0.0],[78.04544263624912,8.775548964815739,0.0],[78.045549906821378,8.776324825720817,0.0],[78.04574554134571,8.777611510107201,0.0],[78.045752307453839,8.777603261697736,0.0]]]]}},
{"type":"Feature","properties":{"dist_name":"Thoothukudi","taluk_name":"Thoothukudi","vil_name":"South Silukanpatti","unit_id":"7","block_id":"1","survey_no":"84"},"geometry":{"type":"MultiPolygon","coordinates":[[[[78.044050020115321,8.779633185018852,0.0],[78.044494204813645,8.779109748980428,0.0],[78.045554419130397,8.777844331308566,0.0],[78.04574554134571,8.777611510107201,0.0],[78.045549906821378,8.776324825720817,0.0],[78.044461597065578,8.776537019862811,0.0],[78.044487578459837,8.777153959000859,0.0],[78.044355779961222,8.777169708744427,0.0],[78.044400614870995,8.777652297568661,0.0],[78.043784920292524,8.777723601813543,0.0],[78.043910717990741,8.778614406311011,0.0],[78.044100525456059,8.779221188206767,0.0],[78.043978045312016,8.779276932564755,0.0],[78.044044654880111,8.779639577118768,0.0],[78.044050020115321,8.779633185018852,0.0]]]]}},
{"type":"Feature","properties":{"dist_name":"Thoothukudi","taluk_name":"Thoothukudi","vil_name":"Ramasamypuram","unit_id":"2","block_id":"6","survey_no":"113"},"geometry":{"type":"MultiPolygon","coordinates":[[[[78.001183289130751,8.791788093975626,0.0],[78.001121626882892,8.791520773499752,0.0],[78.001809609105905,8.791241989824595,0.0],[78.001247804332763,8.790700639379734,0.0],[78.000835669545083,8.790313125209378,0.0],[78.000776373926186,8.790257371442731,0.0],[78.00067204672095,8.790050084320852,0.0],[78.000279007595921,8.790200217082798,0.0],[78.000136992670718,8.790088610507997,0.0],[77.999939531351458,8.790102625827846,0.0],[77.999849685340706,8.790016970325031,0.0],[77.999658491416142,8.790032856518501,0.0],[78.000499651560972,8.791054509782413,0.0],[78.000313755051195,8.791131120259269,0.0],[78.000505363269795,8.791954815836231,0.0],[78.001183289130751,8.791788093975626,0.0]]]]}},
{"type":"Feature","properties":{"dist_name":"Thoothukudi","taluk_name":"Thoothukudi","vil_name":"Ramasamypuram","unit_id":"2","block_id":"6","survey_no":"114"},"geometry":{"type":"MultiPolygon","coordinates":[[[[78.001513990810764,8.793161521380641,0.0],[78.002109298633343,8.792655164514521,0.0],[78.002037102900019,8.792442267636579,0.0],[78.001934371875265,8.792192660021511,0.0],[78.001221348558659,8.792363525019127,0.0],[78.001183289130751,8.791788093975626,0.0],[78.000505363269795,8.791954815836231,0.0],[77.999835241937078,8.792140691357774,0.0],[77.999934350012666,8.792562630536562,0.0],[78.000033289174695,8.792973652114446,0.0],[78.000548498383239,8.792887114970332,0.0],[78.000749494587865,8.793704321645389,0.0],[78.000780519499784,8.793784959451761,0.0],[78.001513990810764,8.793161521380641,0.0]]]]}},
{"type":"Feature","properties":{"dist_name":"Thoothukudi","taluk_name":"Thoothukudi","vil_name":"Ramasamypuram","unit_id":"2","block_id":"7","survey_no":"120"},"geometry":{"type":"MultiPolygon","coordinates":[[[[78.003503912757012,8.79325350200984,0.0],[78.00425369630068,8.793036723878288,0.0],[78.005248029518455,8.792759047952616,0.0],[78.005998625634675,8.792558498309743,0.0],[78.005893347375789,8.792255325287989,0.0],[78.00568819331346,8.791688551899661,0.0],[78.005645907934138,8.791671686391295,0.0],[78.00507716647634,8.792033246225143,0.0],[78.004640970594579,8.792204773107191,0.0],[78.003815314177061,8.792263850495797,0.0],[78.002947977045039,8.792407459883037,0.0],[78.003108078586592,8.793120056313239,0.0],[78.003171943562748,8.793372041558783,0.0],[78.003503912757012,8.79325350200984,0.0]]]]}},
{"type":"Feature","properties":{"dist_name":"Thoothukudi","taluk_name":"Thoothukudi","vil_name":"Ramasamypuram","unit_id":"2","block_id":"7","survey_no":"117"},"geometry":{"type":"MultiPolygon","coordinates":[[[[78.001385356252641,8.794717021848017,0.0],[78.003191876511096,8.794441083724754,0.0],[78.003805468571343,8.794157470394094,0.0],[78.003503912757012,8.79325350200984,0.0],[78.003171943562748,8.793372041558783,0.0],[78.003108078586592,8.793120056313239,0.0],[78.002947977045039,8.792407459883037,0.0],[78.002505648092296,8.792670021649524,0.0],[78.002230131294453,8.792911051551247,0.0],[78.00173404511122,8.793297972549928,0.0],[78.001648164648799,8.793555144234684,0.0],[78.001412395514762,8.793836341688957,0.0],[78.001230752140103,8.793964463491543,0.0],[78.001057165618988,8.794233841813098,0.0],[78.001257255434311,8.794731857442853,0.0],[78.001258508450903,8.794735329662347,0.0],[78.001385356252641,8.794717021848017,0.0]]]]}},
{"type":"Feature","properties":{"dist_name":"Thoothukudi","taluk_name":"Thoothukudi","vil_name":"Ramasamypuram","unit_id":"2","block_id":"7","survey_no":"124"},"geometry":{"type":"MultiPolygon","coordinates":[[[[78.00493714728249,8.791795367799985,0.0],[78.005335601992314,8.791530978580319,0.0],[78.005725635880196,8.791077338931656,0.0],[78.006196401966292,8.790457581321522,0.0],[78.006296776514759,8.790325440559792,0.0],[78.006431054714909,8.790148663267466,0.0],[78.007315697342236,8.79008812837618,0.0],[78.007748431509825,8.790062645940443,0.0],[78.007746109999303,8.790043391642614,0.0],[78.007536976501754,8.789224755471592,0.0],[78.006685465087173,8.789424268017804,0.0],[78.005710577748744,8.789667803756547,0.0],[78.00567183348025,8.789551669531766,0.0],[78.005433400138259,8.78961348516089,0.0],[78.004486209375017,8.789869032448827,0.0],[78.004667888376332,8.790435062997528,0.0],[78.004852663118811,8.791036258961238,0.0],[78.003597716949017,8.791555234456432,0.0],[78.00368054334362,8.791939095917909,0.0],[78.004544042378569,8.791945033395141,0.0],[78.00493714728249,8.791795367799985,0.0]]]]}},
{"type":"Feature","properties":{"dist_name":"Thoothukudi","taluk_name":"Thoothukudi","vil_name":"Ramasamypuram","unit_id":"2","block_id":"8","survey_no":"127"},"geometry":{"type":"MultiPolygon","coordinates":[[[[78.005220631183875,8.788735010857351,0.0],[78.005004735100655,8.788287685750094,0.0],[78.004671126545546,8.788349618406155,0.0],[78.004428618821763,8.787701891508931,0.0],[78.004249349852245,8.78718829058027,0.0],[78.004186175641621,8.786977605846918,0.0],[78.003937023021749,8.786026168878374,0.0],[78.003500797426383,8.786063828955783,0.0],[78.003771491448347,8.787441396798595,0.0],[78.003894050413649,8.787832034771732,0.0],[78.004242825024662,8.788942849022771,0.0],[78.004272925031685,8.789038716391708,0.0],[78.005220631183875,8.788735010857351,0.0]]]]}},
{"type":"Feature","properties":{"dist_name":"Thoothukudi","taluk_name":"Thoothukudi","vil_name":"Ramasamypuram","unit_id":"2","block_id":"9","survey_no":"128"},"geometry":{"type":"MultiPolygon","coordinates":[[[[78.005004735100655,8.788287685750094,0.0],[78.004919254004662,8.788097990298038,0.0],[78.004892139482308,8.787791443886306,0.0],[78.005025775194497,8.78775644266933,0.0],[78.005062944930557,8.787865885864925,0.0],[78.006869175154904,8.787275272458004,0.0],[78.006666459421766,8.786646368038571,0.0],[78.005629916649127,8.786875226014905,0.0],[78.004249349852245,8.78718829058027,0.0],[78.004428618821763,8.787701891508931,0.0],[78.004671126545546,8.788349618406155,0.0],[78.005004735100655,8.788287685750094,0.0]]]]}},
{"type":"Feature","properties":{"dist_name":"Thoothukudi","taluk_name":"Thoothukudi","vil_name":"Ramasamypuram","unit_id":"2","block_id":"8","survey_no":"125"},"geometry":{"type":"MultiPolygon","coordinates":[[[[78.006685465087173,8.789424268017804,0.0],[78.007536976501754,8.789224755471592,0.0],[78.007454725124006,8.788759902762839,0.0],[78.007224538643214,8.788373362551901,0.0],[78.006869175154904,8.787275272458004,0.0],[78.005062944930557,8.787865885864925,0.0],[78.005025775194497,8.78775644266933,0.0],[78.004892139482308,8.787791443886306,0.0],[78.004919254004662,8.788097990298038,0.0],[78.005004735100655,8.788287685750094,0.0],[78.005220631183875,8.788735010857351,0.0],[78.005401195956338,8.789228592211861,0.0],[78.005361646315095,8.789272846027426,0.0],[78.005433400138259,8.78961348516089,0.0],[78.00567183348025,8.789551669531766,0.0],[78.005710577748744,8.789667803756547,0.0],[78.006685465087173,8.789424268017804,0.0]]]]}},
{"type":"Feature","properties":{"dist_name":"Thoothukudi","taluk_name":"Thoothukudi","vil_name":"Ramasamypuram","unit_id":"2","block_id":"8","survey_no":"126"},"geometry":{"type":"MultiPolygon","coordinates":[[[[78.004473302034654,8.789872504890752,0.0],[78.004486209375017,8.789869032448827,0.0],[78.005433400138259,8.78961348516089,0.0],[78.005361646315095,8.789272846027426,0.0],[78.005401195956338,8.789228592211861,0.0],[78.005220631183875,8.788735010857351,0.0],[78.004272925031685,8.789038716391708,0.0],[78.004242825024662,8.788942849022771,0.0],[78.002733539716615,8.789238791174846,0.0],[78.002841828648002,8.789839012045555,0.0],[78.003202828829899,8.789776942524748,0.0],[78.003732501901993,8.789685870341572,0.0],[78.00380260835712,8.789979148129603,0.0],[78.004473302034654,8.789872504890752,0.0]]]]}},
{"type":"Feature","properties":{"dist_name":"Thoothukudi","taluk_name":"Thoothukudi","vil_name":"Ramasamypuram","unit_id":"2","block_id":"4","survey_no":"107"},"geometry":{"type":"MultiPolygon","coordinates":[[[[78.002531448785859,8.787699689910655,0.0],[78.003771491448347,8.787441396798595,0.0],[78.003500797426383,8.786063828955783,0.0],[78.003400476015699,8.786072489941104,0.0],[78.002455383605124,8.786157216088274,0.0],[78.001128684590284,8.786300798984168,0.0],[78.001569439407987,8.787865051612307,0.0],[78.002531448785859,8.787699689910655,0.0]]]]}},
{"type":"Feature","properties":{"dist_name":"Thoothukudi","taluk_name":"Thoothukudi","vil_name":"Ramasamypuram","unit_id":"2","block_id":"5","survey_no":"108"},"geometry":{"type":"MultiPolygon","coordinates":[[[[78.000715534028117,8.788390156822675,0.0],[78.001635801036031,8.788182352999943,0.0],[78.001569439407987,8.787865051612307,0.0],[78.001128684590284,8.786300798984168,0.0],[78.000634863871682,8.786425093048559,0.0],[78.000586979029123,8.786263328085749,0.0],[77.999560559075519,8.786426200252905,0.0],[77.999801758557524,8.787386590272607,0.0],[78.000085725146661,8.788532373025308,0.0],[78.000715534028117,8.788390156822675,0.0]]]]}},
{"type":"Feature","properties":{"dist_name":"Thoothukudi","taluk_name":"Thoothukudi","vil_name":"Ramasamypuram","unit_id":"2","block_id":"4","survey_no":"105"},"geometry":{"type":"MultiPolygon","coordinates":[[[[78.000586979029123,8.786263328085749,0.0],[78.000365711512131,8.785217275845154,0.0],[78.000285974507094,8.784836685847758,0.0],[77.998783557693102,8.785059994903738,0.0],[77.998748128124646,8.784975650624553,0.0],[77.998341707717699,8.78502387593419,0.0],[77.998545186813089,8.786390283455283,0.0],[77.999539754707499,8.786224957889891,0.0],[77.999560559075519,8.786426200252905,0.0],[78.000586979029123,8.786263328085749,0.0]]]]}},
{"type":"Feature","properties":{"dist_name":"Thoothukudi","taluk_name":"Thoothukudi","vil_name":"Ramasamypuram","unit_id":"2","block_id":"4","survey_no":"106"},"geometry":{"type":"MultiPolygon","coordinates":[[[[78.001128684590284,8.786300798984168,0.0],[78.002455383605124,8.786157216088274,0.0],[78.003400476015699,8.786072489941104,0.0],[78.003176338980097,8.784890893533271,0.0],[78.002327382459342,8.785049554728889,0.0],[78.002169357787608,8.78465083092599,0.0],[78.001333894653385,8.784684190989431,0.0],[78.000551197265295,8.784784269800562,0.0],[78.000285974507094,8.784836685847758,0.0],[78.000365711512131,8.785217275845154,0.0],[78.000586979029123,8.786263328085749,0.0],[78.000634863871682,8.786425093048559,0.0],[78.001128684590284,8.786300798984168,0.0]]]]}},
{"type":"Feature","properties":{"dist_name":"Thoothukudi","taluk_name":"Thoothukudi","vil_name":"Ramasamypuram","unit_id":"2","block_id":"6","survey_no":"111"},"geometry":{"type":"MultiPolygon","coordinates":[[[[78.003500816841111,8.790598485954014,0.0],[78.003202828829899,8.789776942524748,0.0],[78.002841828648002,8.789839012045555,0.0],[78.00213914689347,8.789989341537703,0.0],[78.000835669545083,8.790313125209378,0.0],[78.001247804332763,8.790700639379734,0.0],[78.001809609105905,8.791241989824595,0.0],[78.003500816841111,8.790598485954014,0.0]]]]}},
{"type":"Feature","properties":{"dist_name":"Thoothukudi","taluk_name":"Thoothukudi","vil_name":"Ramasamypuram","unit_id":"2","block_id":"6","survey_no":"112"},"geometry":{"type":"MultiPolygon","coordinates":[[[[78.001934371875265,8.792192660021511,0.0],[78.002975590385844,8.791924511459671,0.0],[78.003125564759955,8.792068842862497,0.0],[78.00368054334362,8.791939095917909,0.0],[78.003597716949017,8.791555234456432,0.0],[78.004852663118811,8.791036258961238,0.0],[78.004667888376332,8.790435062997528,0.0],[78.004486209375017,8.789869032448827,0.0],[78.004473302034654,8.789872504890752,0.0],[78.00380260835712,8.789979148129603,0.0],[78.003732501901993,8.789685870341572,0.0],[78.003202828829899,8.789776942524748,0.0],[78.003500816841111,8.790598485954014,0.0],[78.001809609105905,8.791241989824595,0.0],[78.001121626882892,8.791520773499752,0.0],[78.001183289130751,8.791788093975626,0.0],[78.001221348558659,8.792363525019127,0.0],[78.001934371875265,8.792192660021511,0.0]]]]}},
{"type":"Feature","properties":{"dist_name":"Thoothukudi","taluk_name":"Thoothukudi","vil_name":"Ramasamypuram","unit_id":"2","block_id":"5","survey_no":"109"},"geometry":{"type":"MultiPolygon","coordinates":[[[[78.00213914689347,8.789989341537703,0.0],[78.001850937971398,8.789038169268075,0.0],[78.001748109263389,8.788784308221075,0.0],[78.001635801036031,8.788182352999943,0.0],[78.000715534028117,8.788390156822675,0.0],[78.000085725146661,8.788532373025308,0.0],[78.000111155145902,8.788704410785709,0.0],[78.000436611458909,8.789479498396016,0.0],[78.00067204672095,8.790050084320852,0.0],[78.000776373926186,8.790257371442731,0.0],[78.000835669545083,8.790313125209378,0.0],[78.00213914689347,8.789989341537703,0.0]]]]}},
{"type":"Feature","properties":{"dist_name":"Thoothukudi","taluk_name":"Thoothukudi","vil_name":"Ramasamypuram","unit_id":"2","block_id":"5","survey_no":"110"},"geometry":{"type":"MultiPolygon","coordinates":[[[[78.002841828648002,8.789839012045555,0.0],[78.002733539716615,8.789238791174846,0.0],[78.004242825024662,8.788942849022771,0.0],[78.003894050413649,8.787832034771732,0.0],[78.003771491448347,8.787441396798595,0.0],[78.002531448785859,8.787699689910655,0.0],[78.001569439407987,8.787865051612307,0.0],[78.001635801036031,8.788182352999943,0.0],[78.001748109263389,8.788784308221075,0.0],[78.001850937971398,8.789038169268075,0.0],[78.00213914689347,8.789989341537703,0.0],[78.002841828648002,8.789839012045555,0.0]]]]}},
{"type":"Feature","properties":{"dist_name":"Thoothukudi","taluk_name":"Thoothukudi","vil_name":"Keelathattaparai","unit_id":"7","block_id":"8","survey_no":"363"},"geometry":{"type":"MultiPolygon","coordinates":[[[[78.031832449852047,8.775276583712555,0.0],[78.031649858660955,8.774729224060625,0.0],[78.031885637887882,8.774311027981323,0.0],[78.032025123650641,8.77408816444499,0.0],[78.031748568938383,8.77368406830027,0.0],[78.031261080995833,8.773942127524961,0.0],[78.031118244698149,8.77400971703428,0.0],[78.031327846466127,8.77458676156262,0.0],[78.030748216201715,8.775128888528847,0.0],[78.030751842705271,8.775732869666999,0.0],[78.031832449852047,8.775276583712555,0.0]]]]}},
{"type":"Feature","properties":{"dist_name":"Thoothukudi","taluk_name":"Thoothukudi","vil_name":"Keelathattaparai","unit_id":"7","block_id":"8","survey_no":"364"},"geometry":{"type":"MultiPolygon","coordinates":[[[[78.030739260918708,8.775137265320762,0.0],[78.030748216201715,8.775128888528847,0.0],[78.031327846466127,8.77458676156262,0.0],[78.031118244698149,8.77400971703428,0.0],[78.030816765616379,8.774181602983404,0.0],[78.030009146606247,8.77476563414638,0.0],[78.029759893202481,8.775009237841031,0.0],[78.030200079847646,8.775580469728364,0.0],[78.030739260918708,8.775137265320762,0.0]]]]}},
{"type":"Feature","properties":{"dist_name":"Thoothukudi","taluk_name":"Thoothukudi","vil_name":"Keelathattaparai","unit_id":"7","block_id":"7","survey_no":"361"},"geometry":{"type":"MultiPolygon","coordinates":[[[[78.032528005843417,8.775799005536374,0.0],[78.032446073927161,8.775482801443287,0.0],[78.032539408773545,8.774716482300118,0.0],[78.033073980600705,8.774157571327812,0.0],[78.033881064002571,8.773322093812201,0.0],[78.033941638020863,8.773032126634813,0.0],[78.034105800497372,8.772753897442236,0.0],[78.033562049302603,8.771826547871944,0.0],[78.033269715417703,8.77210515816215,0.0],[78.033261201864647,8.772834412542721,0.0],[78.032339196445292,8.773703378068804,0.0],[78.032025123650641,8.77408816444499,0.0],[78.031885637887882,8.774311027981323,0.0],[78.031649858660955,8.774729224060625,0.0],[78.031832449852047,8.775276583712555,0.0],[78.032094118630567,8.776001737136177,0.0],[78.032150342446045,8.776063162073413,0.0],[78.032528005843417,8.775799005536374,0.0]]]]}},
{"type":"Feature","properties":{"dist_name":"Thoothukudi","taluk_name":"Thoothukudi","vil_name":"Keelathattaparai","unit_id":"7","block_id":"7","survey_no":"362"},"geometry":{"type":"MultiPolygon","coordinates":[[[[78.032339196445292,8.773703378068804,0.0],[78.033261201864647,8.772834412542721,0.0],[78.033269715417703,8.77210515816215,0.0],[78.033214731613668,8.772157559851815,0.0],[78.032623150018594,8.772702178289736,0.0],[78.032000927795451,8.773295757959346,0.0],[78.03170921709895,8.773584486117016,0.0],[78.031748568938383,8.77368406830027,0.0],[78.032025123650641,8.77408816444499,0.0],[78.032339196445292,8.773703378068804,0.0]]]]}},
{"type":"Feature","properties":{"dist_name":"Thoothukudi","taluk_name":"Thoothukudi","vil_name":"Keelathattaparai","unit_id":"7","block_id":"8","survey_no":"367"},"geometry":{"type":"MultiPolygon","coordinates":[[[[78.028797482991862,8.777605488821447,0.0],[78.028780650850052,8.777499083858753,0.0],[78.028876249488661,8.777394103193405,0.0],[78.028753696473657,8.777146719169959,0.0],[78.028907066088607,8.776858284954111,0.0],[78.028804328507761,8.776594780002492,0.0],[78.028633303878109,8.776150827488038,0.0],[78.028102139723941,8.776465129811479,0.0],[78.028341017610487,8.777146816659936,0.0],[78.028128825919993,8.777383188563736,0.0],[78.028601417015892,8.777894181404029,0.0],[78.028797482991862,8.777605488821447,0.0]]]]}},
{"type":"Feature","properties":{"dist_name":"Thoothukudi","taluk_name":"Thoothukudi","vil_name":"Keelathattaparai","unit_id":"7","block_id":"8","survey_no":"368"},"geometry":{"type":"MultiPolygon","coordinates":[[[[78.027835591716425,8.777683565657714,0.0],[78.028128825919993,8.777383188563736,0.0],[78.028341017610487,8.777146816659936,0.0],[78.028102139723941,8.776465129811479,0.0],[78.027563282519083,8.776778178844044,0.0],[78.027298954270819,8.776931740993698,0.0],[78.027218514327416,8.776961681994866,0.0],[78.027402082312307,8.777375730276903,0.0],[78.027274585849597,8.77749889468792,0.0],[78.027213745711464,8.777680142287798,0.0],[78.027144308864365,8.777740532279068,0.0],[78.027274637181492,8.77796154512596,0.0],[78.027259533878379,8.778034764367501,0.0],[78.027312513272861,8.778086461451137,0.0],[78.027405678407533,8.778110289471062,0.0],[78.027835591716425,8.777683565657714,0.0]]]]}},
{"type":"Feature","properties":{"dist_name":"Thoothukudi","taluk_name":"Thoothukudi","vil_name":"Keelathattaparai","unit_id":"7","block_id":"8","survey_no":"365"},"geometry":{"type":"MultiPolygon","coordinates":[[[[78.029990242711278,8.775786258122775,0.0],[78.030200079847646,8.775580469728364,0.0],[78.029759893202481,8.775009237841031,0.0],[78.029334454146635,8.775424993710939,0.0],[78.029728554340579,8.776023838792142,0.0],[78.029734780927541,8.776038157713373,0.0],[78.029990242711278,8.775786258122775,0.0]]]]}},
{"type":"Feature","properties":{"dist_name":"Thoothukudi","taluk_name":"Thoothukudi","vil_name":"Keelathattaparai","unit_id":"7","block_id":"8","survey_no":"366"},"geometry":{"type":"MultiPolygon","coordinates":[[[[78.029157941096116,8.777087807901077,0.0],[78.029728537712217,8.776538949371503,0.0],[78.029696460028063,8.776439213498822,0.0],[78.029845361954173,8.776332304484805,0.0],[78.029782282681083,8.776147397755395,0.0],[78.029734780927541,8.776038157713373,0.0],[78.029728554340579,8.776023838792142,0.0],[78.029334454146635,8.775424993710939,0.0],[78.029321559368057,8.775437585635594,0.0],[78.02889255756115,8.775886658346183,0.0],[78.028633303878109,8.776150827488038,0.0],[78.028804328507761,8.776594780002492,0.0],[78.028907066088607,8.776858284954111,0.0],[78.028753696473657,8.777146719169959,0.0],[78.028876249488661,8.777394103193405,0.0],[78.029157941096116,8.777087807901077,0.0]]]]}},
{"type":"Feature","properties":{"dist_name":"Thoothukudi","taluk_name":"Thoothukudi","vil_name":"Keelathattaparai","unit_id":"7","block_id":"8","survey_no":"371"},"geometry":{"type":"MultiPolygon","coordinates":[[[[78.03016605597557,8.7790052776809,0.0],[78.030495646158982,8.77869088291947,0.0],[78.030360527381617,8.778572795666047,0.0],[78.030223463686184,8.777785290273286,0.0],[78.030550188926341,8.777545856544759,0.0],[78.030512103828201,8.776932281442141,0.0],[78.030762632005406,8.776811099516369,0.0],[78.030754136136608,8.776114777939737,0.0],[78.030751842705271,8.775732869666999,0.0],[78.030748216201715,8.775128888528847,0.0],[78.030739260918708,8.775137265320762,0.0],[78.030200079847646,8.775580469728364,0.0],[78.029990242711278,8.775786258122775,0.0],[78.029734780927541,8.776038157713373,0.0],[78.029782282681083,8.776147397755395,0.0],[78.029845361954173,8.776332304484805,0.0],[78.029696460028063,8.776439213498822,0.0],[78.029728537712217,8.776538949371503,0.0],[78.029157941096116,8.777087807901077,0.0],[78.028876249488661,8.777394103193405,0.0],[78.028780650850052,8.777499083858753,0.0],[78.028797482991862,8.777605488821447,0.0],[78.028892546450095,8.77812097627641,0.0],[78.028973444088734,8.778309731363528,0.0],[78.029307466893201,8.779183630365733,0.0],[78.029443860403347,8.779415701459126,0.0],[78.029571012636097,8.779547464464311,0.0],[78.03016605597557,8.7790052776809,0.0]]]]}},
{"type":"Feature","properties":{"dist_name":"Thoothukudi","taluk_name":"Thoothukudi","vil_name":"Keelathattaparai","unit_id":"7","block_id":"6","survey_no":"372"},"geometry":{"type":"MultiPolygon","coordinates":[[[[78.030997362434633,8.778187021378713,0.0],[78.03125538793384,8.777578141751007,0.0],[78.031629262131958,8.776669164331899,0.0],[78.031755556692161,8.776353900233378,0.0],[78.032094118630567,8.776001737136177,0.0],[78.031832449852047,8.775276583712555,0.0],[78.030751842705271,8.775732869666999,0.0],[78.030754136136608,8.776114777939737,0.0],[78.030762632005406,8.776811099516369,0.0],[78.030512103828201,8.776932281442141,0.0],[78.030550188926341,8.777545856544759,0.0],[78.030223463686184,8.777785290273286,0.0],[78.030360527381617,8.778572795666047,0.0],[78.030495646158982,8.77869088291947,0.0],[78.030665813628246,8.778794438939524,0.0],[78.030997362434633,8.778187021378713,0.0]]]]}},
{"type":"Feature","properties":{"dist_name":"Thoothukudi","taluk_name":"Thoothukudi","vil_name":"Keelathattaparai","unit_id":"6","block_id":"1","survey_no":"369"},"geometry":{"type":"MultiPolygon","coordinates":[[[[78.027905547324281,8.778922837073111,0.0],[78.028407339174692,8.778271658281238,0.0],[78.028601417015892,8.777894181404029,0.0],[78.028128825919993,8.777383188563736,0.0],[78.027835591716425,8.777683565657714,0.0],[78.027405678407533,8.778110289471062,0.0],[78.027312513272861,8.778086461451137,0.0],[78.027149297046577,8.778242593210198,0.0],[78.02682689480288,8.778558342963422,0.0],[78.026593265701834,8.77878715220125,0.0],[78.02673987854233,8.77893588459219,0.0],[78.026759835259256,8.778956128744884,0.0],[78.027112393160891,8.779351896531566,0.0],[78.027378256910595,8.779604036203045,0.0],[78.027905547324281,8.778922837073111,0.0]]]]}},
{"type":"Feature","properties":{"dist_name":"Thoothukudi","taluk_name":"Thoothukudi","vil_name":"Keelathattaparai","unit_id":"6","block_id":"1","survey_no":"370"},"geometry":{"type":"MultiPolygon","coordinates":[[[[78.028783967830378,8.78144774756039,0.0],[78.028703580423056,8.780944442835308,0.0],[78.02929657969753,8.780483879687138,0.0],[78.029097184572819,8.779668891507423,0.0],[78.029443860403347,8.779415701459126,0.0],[78.029307466893201,8.779183630365733,0.0],[78.028973444088734,8.778309731363528,0.0],[78.028892546450095,8.77812097627641,0.0],[78.028797482991862,8.777605488821447,0.0],[78.028601417015892,8.777894181404029,0.0],[78.028407339174692,8.778271658281238,0.0],[78.027905547324281,8.778922837073111,0.0],[78.027378256910595,8.779604036203045,0.0],[78.027589387666538,8.780042930200329,0.0],[78.0279155857408,8.780697245741171,0.0],[78.028015698192149,8.780891270500483,0.0],[78.028431348178117,8.781726976112889,0.0],[78.028783967830378,8.78144774756039,0.0]]]]}},
{"type":"Feature","properties":{"dist_name":"Thoothukudi","taluk_name":"Thoothukudi","vil_name":"Keelathattaparai","unit_id":"7","block_id":"9","survey_no":"375"},"geometry":{"type":"MultiPolygon","coordinates":[[[[78.031604362697038,8.78031576425952,0.0],[78.03212849568061,8.779534914707074,0.0],[78.032113628585819,8.779505050031041,0.0],[78.031799273360605,8.779093587793092,0.0],[78.031324196419973,8.77847489903926,0.0],[78.031176768897154,8.778624843670563,0.0],[78.031119414950268,8.778743829049974,0.0],[78.031017452409628,8.779007790443311,0.0],[78.030965478585031,8.779474442047071,0.0],[78.030877800550144,8.779663258776987,0.0],[78.030920776020253,8.779940691271108,0.0],[78.031001448727281,8.780146629239098,0.0],[78.031162372085376,8.780519187898186,0.0],[78.031604362697038,8.78031576425952,0.0]]]]}},
{"type":"Feature","properties":{"dist_name":"Thoothukudi","taluk_name":"Thoothukudi","vil_name":"Keelathattaparai","unit_id":"7","block_id":"9","survey_no":"376"},"geometry":{"type":"MultiPolygon","coordinates":[[[[78.031437081056438,8.781646829172329,0.0],[78.031598432024111,8.781481505798958,0.0],[78.032339335669917,8.780891805007709,0.0],[78.032694153180216,8.780632602008151,0.0],[78.03246442843411,8.780268212845783,0.0],[78.032372388232417,8.780060331887205,0.0],[78.03233104163867,8.779966946920927,0.0],[78.032166109858963,8.779610470343451,0.0],[78.03212849568061,8.779534914707074,0.0],[78.031604362697038,8.78031576425952,0.0],[78.031162372085376,8.780519187898186,0.0],[78.03075560723579,8.780967892726068,0.0],[78.030347819306883,8.781270491775334,0.0],[78.030233302750077,8.781428304879263,0.0],[78.030445923435138,8.781776842831519,0.0],[78.030723101754418,8.782351093307195,0.0],[78.031437081056438,8.781646829172329,0.0]]]]}},
{"type":"Feature","properties":{"dist_name":"Thoothukudi","taluk_name":"Thoothukudi","vil_name":"Keelathattaparai","unit_id":"7","block_id":"6","survey_no":"373"},"geometry":{"type":"MultiPolygon","coordinates":[[[[78.030822941812403,8.779781397393684,0.0],[78.030877800550144,8.779663258776987,0.0],[78.030965478585031,8.779474442047071,0.0],[78.031017452409628,8.779007790443311,0.0],[78.030665813628246,8.778794438939524,0.0],[78.030495646158982,8.77869088291947,0.0],[78.03016605597557,8.7790052776809,0.0],[78.030531415864118,8.779737775645806,0.0],[78.030599340202059,8.77987395446155,0.0],[78.030822941812403,8.779781397393684,0.0]]]]}},
{"type":"Feature","properties":{"dist_name":"Thoothukudi","taluk_name":"Thoothukudi","vil_name":"Keelathattaparai","unit_id":"7","block_id":"9","survey_no":"374"},"geometry":{"type":"MultiPolygon","coordinates":[[[[78.029690583625637,8.78187680650985,0.0],[78.02998786463769,8.781631133952665,0.0],[78.030233302750077,8.781428304879263,0.0],[78.030347819306883,8.781270491775334,0.0],[78.03075560723579,8.780967892726068,0.0],[78.031162372085376,8.780519187898186,0.0],[78.031001448727281,8.780146629239098,0.0],[78.030920776020253,8.779940691271108,0.0],[78.030877800550144,8.779663258776987,0.0],[78.030822941812403,8.779781397393684,0.0],[78.030599340202059,8.77987395446155,0.0],[78.030531415864118,8.779737775645806,0.0],[78.03016605597557,8.7790052776809,0.0],[78.029571012636097,8.779547464464311,0.0],[78.029443860403347,8.779415701459126,0.0],[78.029097184572819,8.779668891507423,0.0],[78.02929657969753,8.780483879687138,0.0],[78.028703580423056,8.780944442835308,0.0],[78.028783967830378,8.78144774756039,0.0],[78.029118655189421,8.7819011357071,0.0],[78.029240575348155,8.781816821271844,0.0],[78.029524340294088,8.782036070859379,0.0],[78.029690583625637,8.78187680650985,0.0]]]]}},
{"type":"Feature","properties":{"dist_name":"Thoothukudi","taluk_name":"Thoothukudi","vil_name":"Keelathattaparai","unit_id":"7","block_id":"4","survey_no":"344"},"geometry":{"type":"MultiPolygon","coordinates":[[[[78.036329308609993,8.774676340210231,0.0],[78.036054414251112,8.774161453843394,0.0],[78.035321371386388,8.77279817595053,0.0],[78.035206223010178,8.772835256024379,0.0],[78.035532415961598,8.773434457328385,0.0],[78.035708780717073,8.773715850432527,0.0],[78.035744130323422,8.773874787687554,0.0],[78.035816761332725,8.774178335260491,0.0],[78.035814626985911,8.774180101506365,0.0],[78.036158614218849,8.774756975330012,0.0],[78.036329308609993,8.774676340210231,0.0]]]]}},
{"type":"Feature","properties":{"dist_name":"Thoothukudi","taluk_name":"Thoothukudi","vil_name":"Keelathattaparai","unit_id":"7","block_id":"4","survey_no":"348"},"geometry":{"type":"MultiPolygon","coordinates":[[[[78.034846364328516,8.775108264459963,0.0],[78.034851103770919,8.775105009004822,0.0],[78.035341588795575,8.774576263461686,0.0],[78.034720492130418,8.773829984209687,0.0],[78.033927115301793,8.774518559816739,0.0],[78.033676087870504,8.77512580881595,0.0],[78.034080470323232,8.775635596871911,0.0],[78.034846364328516,8.775108264459963,0.0]]]]}},
{"type":"Feature","properties":{"dist_name":"Thoothukudi","taluk_name":"Thoothukudi","vil_name":"Keelathattaparai","unit_id":"7","block_id":"4","survey_no":"345"},"geometry":{"type":"MultiPolygon","coordinates":[[[[78.035887291847729,8.775167016469556,0.0],[78.036186155786297,8.774803445933504,0.0],[78.036158614218849,8.774756975330012,0.0],[78.035814626985911,8.774180101506365,0.0],[78.035341588795575,8.774576263461686,0.0],[78.034851103770919,8.775105009004822,0.0],[78.034846364328516,8.775108264459963,0.0],[78.035135003354512,8.775705905113817,0.0],[78.035887291847729,8.775167016469556,0.0]]]]}},
{"type":"Feature","properties":{"dist_name":"Thoothukudi","taluk_name":"Thoothukudi","vil_name":"Keelathattaparai","unit_id":"7","block_id":"4","survey_no":"346"},"geometry":{"type":"MultiPolygon","coordinates":[[[[78.035814626985911,8.774180101506365,0.0],[78.035816761332725,8.774178335260491,0.0],[78.035744130323422,8.773874787687554,0.0],[78.035708780717073,8.773715850432527,0.0],[78.035532415961598,8.773434457328385,0.0],[78.034720492130418,8.773829984209687,0.0],[78.035341588795575,8.774576263461686,0.0],[78.035814626985911,8.774180101506365,0.0]]]]}},
{"type":"Feature","properties":{"dist_name":"Thoothukudi","taluk_name":"Thoothukudi","vil_name":"Keelathattaparai","unit_id":"7","block_id":"5","survey_no":"351"},"geometry":{"type":"MultiPolygon","coordinates":[[[[78.035847726688957,8.777213960276361,0.0],[78.035738294346103,8.776955047384019,0.0],[78.035557125807387,8.776579934483644,0.0],[78.035425792835994,8.776308001877446,0.0],[78.035239616550996,8.775922512284957,0.0],[78.034685434930125,8.776439745697793,0.0],[78.035189249934518,8.777350510565322,0.0],[78.035421765001445,8.777764106307636,0.0],[78.035847726688957,8.777213960276361,0.0]]]]}},
{"type":"Feature","properties":{"dist_name":"Thoothukudi","taluk_name":"Thoothukudi","vil_name":"Keelathattaparai","unit_id":"7","block_id":"5","survey_no":"352"},"geometry":{"type":"MultiPolygon","coordinates":[[[[78.035183091611913,8.777990552017283,0.0],[78.035421765001445,8.777764106307636,0.0],[78.035189249934518,8.777350510565322,0.0],[78.034685434930125,8.776439745697793,0.0],[78.034680894248652,8.776444003386713,0.0],[78.034160346121084,8.776920169934831,0.0],[78.03425293125926,8.777080533627441,0.0],[78.03445105271004,8.777423690919131,0.0],[78.034722854484599,8.777913780874158,0.0],[78.034928514589978,8.778297011392329,0.0],[78.035013520008576,8.778455978924555,0.0],[78.035183091611913,8.777990552017283,0.0]]]]}},
{"type":"Feature","properties":{"dist_name":"Thoothukudi","taluk_name":"Thoothukudi","vil_name":"Keelathattaparai","unit_id":"7","block_id":"4","survey_no":"349"},"geometry":{"type":"MultiPolygon","coordinates":[[[[78.033659147878765,8.776296234405162,0.0],[78.033919849344102,8.776042749683892,0.0],[78.034080470323232,8.775635596871911,0.0],[78.033676087870504,8.77512580881595,0.0],[78.033595460823435,8.775274132953317,0.0],[78.033073689707138,8.775677598304078,0.0],[78.033167858195696,8.775820262596113,0.0],[78.033118958035203,8.775872114770916,0.0],[78.033574899953777,8.776308453490827,0.0],[78.033659147878765,8.776296234405162,0.0]]]]}},
{"type":"Feature","properties":{"dist_name":"Thoothukudi","taluk_name":"Thoothukudi","vil_name":"Keelathattaparai","unit_id":"7","block_id":"5","survey_no":"350"},"geometry":{"type":"MultiPolygon","coordinates":[[[[78.034680894248652,8.776444003386713,0.0],[78.034685434930125,8.776439745697793,0.0],[78.035239616550996,8.775922512284957,0.0],[78.035135003354512,8.775705905113817,0.0],[78.034846364328516,8.775108264459963,0.0],[78.034080470323232,8.775635596871911,0.0],[78.033919849344102,8.776042749683892,0.0],[78.033659147878765,8.776296234405162,0.0],[78.033574899953777,8.776308453490827,0.0],[78.033578942253541,8.776312321972547,0.0],[78.033820769932944,8.776603402326101,0.0],[78.034160346121084,8.776920169934831,0.0],[78.034680894248652,8.776444003386713,0.0]]]]}},
{"type":"Feature","properties":{"dist_name":"Thoothukudi","taluk_name":"Thoothukudi","vil_name":"Keelathattaparai","unit_id":"7","block_id":"5","survey_no":"355"},"geometry":{"type":"MultiPolygon","coordinates":[[[[78.033328698024306,8.778487811460671,0.0],[78.0337801935638,8.777628969695195,0.0],[78.033436684056625,8.777328039562315,0.0],[78.032816339740833,8.778164300682757,0.0],[78.032590473728561,8.778866844518001,0.0],[78.032947514597311,8.779153465886871,0.0],[78.033328698024306,8.778487811460671,0.0]]]]}},
{"type":"Feature","properties":{"dist_name":"Thoothukudi","taluk_name":"Thoothukudi","vil_name":"Keelathattaparai","unit_id":"7","block_id":"5","survey_no":"356"},"geometry":{"type":"MultiPolygon","coordinates":[[[[78.033278168204077,8.780712997632367,0.0],[78.033877814318615,8.780112871274966,0.0],[78.034218528955762,8.779758299459292,0.0],[78.033812514370879,8.779172449057697,0.0],[78.033328698024306,8.778487811460671,0.0],[78.032947514597311,8.779153465886871,0.0],[78.032879295709449,8.779300568443382,0.0],[78.032972547687706,8.779502161642366,0.0],[78.032900193225004,8.779588317600926,0.0],[78.032578777840484,8.77994963373294,0.0],[78.032372388232417,8.780060331887205,0.0],[78.03246442843411,8.780268212845783,0.0],[78.032694153180216,8.780632602008151,0.0],[78.032954992351236,8.781039994531918,0.0],[78.033278168204077,8.780712997632367,0.0]]]]}},
{"type":"Feature","properties":{"dist_name":"Thoothukudi","taluk_name":"Thoothukudi","vil_name":"Keelathattaparai","unit_id":"7","block_id":"5","survey_no":"353"},"geometry":{"type":"MultiPolygon","coordinates":[[[[78.03422777250033,8.779748680557987,0.0],[78.034804379923386,8.779004876455829,0.0],[78.035013520008576,8.778455978924555,0.0],[78.034928514589978,8.778297011392329,0.0],[78.034722854484599,8.777913780874158,0.0],[78.03445105271004,8.777423690919131,0.0],[78.03425293125926,8.777080533627441,0.0],[78.0337801935638,8.777628969695195,0.0],[78.033328698024306,8.778487811460671,0.0],[78.033812514370879,8.779172449057697,0.0],[78.034218528955762,8.779758299459292,0.0],[78.03422777250033,8.779748680557987,0.0]]]]}},
{"type":"Feature","properties":{"dist_name":"Thoothukudi","taluk_name":"Thoothukudi","vil_name":"Keelathattaparai","unit_id":"7","block_id":"5","survey_no":"354"},"geometry":{"type":"MultiPolygon","coordinates":[[[[78.03425293125926,8.777080533627441,0.0],[78.034160346121084,8.776920169934831,0.0],[78.033820769932944,8.776603402326101,0.0],[78.033436684056625,8.777328039562315,0.0],[78.0337801935638,8.777628969695195,0.0],[78.03425293125926,8.777080533627441,0.0]]]]}},
{"type":"Feature","properties":{"dist_name":"Thoothukudi","taluk_name":"Thoothukudi","vil_name":"Keelathattaparai","unit_id":"7","block_id":"7","survey_no":"359"},"geometry":{"type":"MultiPolygon","coordinates":[[[[78.032648768680303,8.776257658450469,0.0],[78.033118958035203,8.775872114770916,0.0],[78.033167858195696,8.775820262596113,0.0],[78.033073689707138,8.775677598304078,0.0],[78.033595460823435,8.775274132953317,0.0],[78.033676087870504,8.77512580881595,0.0],[78.033927115301793,8.774518559816739,0.0],[78.034720492130418,8.773829984209687,0.0],[78.035143721601813,8.772713174296578,0.0],[78.034921410570689,8.772278945134554,0.0],[78.034911297042072,8.772259470699868,0.0],[78.03485068024888,8.772307246206346,0.0],[78.034748341821711,8.772644779638162,0.0],[78.034419603375341,8.772758749671564,0.0],[78.034205358661566,8.772693983208201,0.0],[78.034105800497372,8.772753897442236,0.0],[78.033941638020863,8.773032126634813,0.0],[78.033881064002571,8.773322093812201,0.0],[78.033073980600705,8.774157571327812,0.0],[78.032539408773545,8.774716482300118,0.0],[78.032446073927161,8.775482801443287,0.0],[78.032528005843417,8.775799005536374,0.0],[78.032150342446045,8.776063162073413,0.0],[78.032094118630567,8.776001737136177,0.0],[78.031755556692161,8.776353900233378,0.0],[78.03208345333158,8.776726895078685,0.0],[78.032648768680303,8.776257658450469,0.0]]]]}},
{"type":"Feature","properties":{"dist_name":"Thoothukudi","taluk_name":"Thoothukudi","vil_name":"Keelathattaparai","unit_id":"7","block_id":"7","survey_no":"360"},"geometry":{"type":"MultiPolygon","coordinates":[[[[78.034748341821711,8.772644779638162,0.0],[78.03485068024888,8.772307246206346,0.0],[78.034911297042072,8.772259470699868,0.0],[78.034378411798372,8.771233405657357,0.0],[78.034344939295451,8.77116822817184,0.0],[78.034291496100124,8.77121305464045,0.0],[78.033852808817457,8.771581013686699,0.0],[78.033562049302603,8.771826547871944,0.0],[78.034105800497372,8.772753897442236,0.0],[78.034205358661566,8.772693983208201,0.0],[78.034419603375341,8.772758749671564,0.0],[78.034748341821711,8.772644779638162,0.0]]]]}},
{"type":"Feature","properties":{"dist_name":"Thoothukudi","taluk_name":"Thoothukudi","vil_name":"Keelathattaparai","unit_id":"7","block_id":"6","survey_no":"357"},"geometry":{"type":"MultiPolygon","coordinates":[[[[78.032578777840484,8.77994963373294,0.0],[78.032900193225004,8.779588317600926,0.0],[78.032972547687706,8.779502161642366,0.0],[78.032879295709449,8.779300568443382,0.0],[78.032947514597311,8.779153465886871,0.0],[78.032590473728561,8.778866844518001,0.0],[78.032816339740833,8.778164300682757,0.0],[78.033436684056625,8.777328039562315,0.0],[78.033820769932944,8.776603402326101,0.0],[78.033578942253541,8.776312321972547,0.0],[78.033574899953777,8.776308453490827,0.0],[78.033118958035203,8.775872114770916,0.0],[78.032648768680303,8.776257658450469,0.0],[78.03208345333158,8.776726895078685,0.0],[78.032144013462599,8.776795438062038,0.0],[78.032261359860343,8.776928252661104,0.0],[78.031917849567691,8.777560366722597,0.0],[78.031706461593643,8.778064956420485,0.0],[78.031324196419973,8.77847489903926,0.0],[78.031799273360605,8.779093587793092,0.0],[78.032113628585819,8.779505050031041,0.0],[78.03212849568061,8.779534914707074,0.0],[78.032166109858963,8.779610470343451,0.0],[78.03233104163867,8.779966946920927,0.0],[78.032372388232417,8.780060331887205,0.0],[78.032578777840484,8.77994963373294,0.0]]]]}},
{"type":"Feature","properties":{"dist_name":"Thoothukudi","taluk_name":"Thoothukudi","vil_name":"Keelathattaparai","unit_id":"7","block_id":"6","survey_no":"358"},"geometry":{"type":"MultiPolygon","coordinates":[[[[78.031119414950268,8.778743829049974,0.0],[78.031176768897154,8.778624843670563,0.0],[78.031324196419973,8.77847489903926,0.0],[78.031706461593643,8.778064956420485,0.0],[78.031917849567691,8.777560366722597,0.0],[78.032261359860343,8.776928252661104,0.0],[78.032144013462599,8.776795438062038,0.0],[78.03208345333158,8.776726895078685,0.0],[78.031755556692161,8.776353900233378,0.0],[78.031629262131958,8.776669164331899,0.0],[78.03125538793384,8.777578141751007,0.0],[78.030997362434633,8.778187021378713,0.0],[78.030665813628246,8.778794438939524,0.0],[78.031017452409628,8.779007790443311,0.0],[78.031119414950268,8.778743829049974,0.0]]]]}},
{"type":"Feature","properties":{"dist_name":"Thoothukudi","taluk_name":"Thoothukudi","vil_name":"Keelathattaparai","unit_id":"6","block_id":"3","survey_no":"395"},"geometry":{"type":"MultiPolygon","coordinates":[[[[78.023762588769713,8.780956549419754,0.0],[78.02368432611506,8.780845939574167,0.0],[78.023313866712101,8.781206679194479,0.0],[78.023241879626468,8.781276777134435,0.0],[78.023295552550536,8.781331751993596,0.0],[78.023762588769713,8.780956549419754,0.0]]]]}},
{"type":"Feature","properties":{"dist_name":"Thoothukudi","taluk_name":"Thoothukudi","vil_name":"Keelathattaparai","unit_id":"6","block_id":"3","survey_no":"396"},"geometry":{"type":"MultiPolygon","coordinates":[[[[78.024267505403714,8.781322722162502,0.0],[78.024726060676926,8.780839404406837,0.0],[78.024931558808902,8.780617025978458,0.0],[78.025123188824125,8.780415257385652,0.0],[78.025026691954025,8.780260141383989,0.0],[78.024700069915696,8.779917122464285,0.0],[78.024548583224927,8.779742858040569,0.0],[78.02368432611506,8.780845939574167,0.0],[78.023762588769713,8.780956549419754,0.0],[78.023846073734489,8.781074540254844,0.0],[78.024127954940923,8.781469809545852,0.0],[78.024267505403714,8.781322722162502,0.0]]]]}},
{"type":"Feature","properties":{"dist_name":"Thoothukudi","taluk_name":"Thoothukudi","vil_name":"Keelathattaparai","unit_id":"6","block_id":"3","survey_no":"393"},"geometry":{"type":"MultiPolygon","coordinates":[[[[78.022362659596851,8.781753524295642,0.0],[78.022425571658601,8.781700457400497,0.0],[78.022647549414131,8.781688078918283,0.0],[78.02277789855242,8.781622516920688,0.0],[78.023003195720918,8.781509197678151,0.0],[78.023241879626468,8.781276777134435,0.0],[78.023313866712101,8.781206679194479,0.0],[78.02368432611506,8.780845939574167,0.0],[78.024548583224927,8.779742858040569,0.0],[78.024513595059432,8.779702609801575,0.0],[78.023863660353967,8.779661626830087,0.0],[78.023313871739248,8.780196065684724,0.0],[78.022694840423711,8.780786773223353,0.0],[78.021940092793983,8.781460697654872,0.0],[78.022182804061444,8.781842648340332,0.0],[78.022362659596851,8.781753524295642,0.0]]]]}},
{"type":"Feature","properties":{"dist_name":"Thoothukudi","taluk_name":"Thoothukudi","vil_name":"Keelathattaparai","unit_id":"6","block_id":"3","survey_no":"394"},"geometry":{"type":"MultiPolygon","coordinates":[[[[78.02304719255828,8.78245520072239,0.0],[78.024127954940923,8.781469809545852,0.0],[78.023846073734489,8.781074540254844,0.0],[78.023762588769713,8.780956549419754,0.0],[78.023295552550536,8.781331751993596,0.0],[78.023241879626468,8.781276777134435,0.0],[78.023003195720918,8.781509197678151,0.0],[78.02277789855242,8.781622516920688,0.0],[78.022647549414131,8.781688078918283,0.0],[78.022425571658601,8.781700457400497,0.0],[78.022362659596851,8.781753524295642,0.0],[78.022637741336666,8.782289864808277,0.0],[78.022703530000911,8.782674720011242,0.0],[78.02304719255828,8.78245520072239,0.0]]]]}},
{"type":"Feature","properties":{"dist_name":"Thoothukudi","taluk_name":"Thoothukudi","vil_name":"Keelathattaparai","unit_id":"6","block_id":"3","survey_no":"399"},"geometry":{"type":"MultiPolygon","coordinates":[[[[78.023541692989838,8.783398588991266,0.0],[78.023725164856231,8.783227256592065,0.0],[78.023391396138678,8.782821490368994,0.0],[78.02304719255828,8.78245520072239,0.0],[78.022703530000911,8.782674720011242,0.0],[78.022701517846116,8.782676005276826,0.0],[78.022880991203152,8.78299235121173,0.0],[78.023288522283067,8.783725844091581,0.0],[78.023541692989838,8.783398588991266,0.0]]]]}},
{"type":"Feature","properties":{"dist_name":"Thoothukudi","taluk_name":"Thoothukudi","vil_name":"Keelathattaparai","unit_id":"6","block_id":"4","survey_no":"400"},"geometry":{"type":"MultiPolygon","coordinates":[[[[78.024173826272971,8.783757454986715,0.0],[78.024545630462569,8.783276153715626,0.0],[78.024071590164397,8.782841416442025,0.0],[78.023725164856231,8.783227256592065,0.0],[78.023541692989838,8.783398588991266,0.0],[78.023288522283067,8.783725844091581,0.0],[78.023347128832725,8.78387832465209,0.0],[78.023526410305507,8.784113656539379,0.0],[78.023718768687274,8.784248125793091,0.0],[78.024173826272971,8.783757454986715,0.0]]]]}},
{"type":"Feature","properties":{"dist_name":"Thoothukudi","taluk_name":"Thoothukudi","vil_name":"Keelathattaparai","unit_id":"6","block_id":"3","survey_no":"397"},"geometry":{"type":"MultiPolygon","coordinates":[[[[78.025381737784869,8.779759990134437,0.0],[78.025818194411954,8.779344420955379,0.0],[78.025476167869243,8.77888994356082,0.0],[78.0253453324747,8.778910356182767,0.0],[78.024513595059432,8.779702609801575,0.0],[78.024548583224927,8.779742858040569,0.0],[78.024700069915696,8.779917122464285,0.0],[78.025026691954025,8.780260141383989,0.0],[78.025381737784869,8.779759990134437,0.0]]]]}},
{"type":"Feature","properties":{"dist_name":"Thoothukudi","taluk_name":"Thoothukudi","vil_name":"Keelathattaparai","unit_id":"6","block_id":"3","survey_no":"398"},"geometry":{"type":"MultiPolygon","coordinates":[[[[78.024071590164397,8.782841416442025,0.0],[78.024385963253835,8.782373237937104,0.0],[78.024876812836368,8.781716822471392,0.0],[78.024996579757882,8.781483788791887,0.0],[78.025379682217604,8.781112081564974,0.0],[78.025625985019559,8.780809061473862,0.0],[78.025749402964223,8.780854877400269,0.0],[78.025953287071829,8.780525653742474,0.0],[78.025381737784869,8.779759990134437,0.0],[78.025026691954025,8.780260141383989,0.0],[78.025123188824125,8.780415257385652,0.0],[78.024931558808902,8.780617025978458,0.0],[78.024726060676926,8.780839404406837,0.0],[78.024267505403714,8.781322722162502,0.0],[78.024127954940923,8.781469809545852,0.0],[78.02304719255828,8.78245520072239,0.0],[78.023391396138678,8.782821490368994,0.0],[78.023725164856231,8.783227256592065,0.0],[78.024071590164397,8.782841416442025,0.0]]]]}},
{"type":"Feature","properties":{"dist_name":"Thoothukudi","taluk_name":"Thoothukudi","vil_name":"Keelathattaparai","unit_id":"6","block_id":"4","survey_no":"403"},"geometry":{"type":"MultiPolygon","coordinates":[[[[78.025740955350329,8.781739597254255,0.0],[78.025958803971619,8.781386940633155,0.0],[78.025967290795904,8.781369369808079,0.0],[78.026045645142815,8.7812071414305,0.0],[78.025749402964223,8.780854877400269,0.0],[78.025625985019559,8.780809061473862,0.0],[78.025379682217604,8.781112081564974,0.0],[78.024996579757882,8.781483788791887,0.0],[78.024876812836368,8.781716822471392,0.0],[78.02543087956343,8.782243978708076,0.0],[78.025740955350329,8.781739597254255,0.0]]]]}},
{"type":"Feature","properties":{"dist_name":"Thoothukudi","taluk_name":"Thoothukudi","vil_name":"Keelathattaparai","unit_id":"6","block_id":"4","survey_no":"404"},"geometry":{"type":"MultiPolygon","coordinates":[[[[78.025739233907828,8.78253068810918,0.0],[78.026098319696416,8.782344253799522,0.0],[78.025995563274307,8.782143856903822,0.0],[78.02626768108766,8.781622589710693,0.0],[78.025967290795904,8.781369369808079,0.0],[78.025958803971619,8.781386940633155,0.0],[78.025740955350329,8.781739597254255,0.0],[78.02543087956343,8.782243978708076,0.0],[78.02502083457783,8.782674608652549,0.0],[78.025250766079225,8.782916101772448,0.0],[78.025739233907828,8.78253068810918,0.0]]]]}},
{"type":"Feature","properties":{"dist_name":"Thoothukudi","taluk_name":"Thoothukudi","vil_name":"Keelathattaparai","unit_id":"6","block_id":"4","survey_no":"401"},"geometry":{"type":"MultiPolygon","coordinates":[[[[78.024873749809188,8.782846333042922,0.0],[78.024385963253835,8.782373237937104,0.0],[78.024071590164397,8.782841416442025,0.0],[78.024545630462569,8.783276153715626,0.0],[78.024873749809188,8.782846333042922,0.0]]]]}},
{"type":"Feature","properties":{"dist_name":"Thoothukudi","taluk_name":"Thoothukudi","vil_name":"Keelathattaparai","unit_id":"6","block_id":"4","survey_no":"402"},"geometry":{"type":"MultiPolygon","coordinates":[[[[78.02502083457783,8.782674608652549,0.0],[78.02543087956343,8.782243978708076,0.0],[78.024876812836368,8.781716822471392,0.0],[78.024385963253835,8.782373237937104,0.0],[78.024873749809188,8.782846333042922,0.0],[78.02502083457783,8.782674608652549,0.0]]]]}},
{"type":"Feature","properties":{"dist_name":"Thoothukudi","taluk_name":"Thoothukudi","vil_name":"Keelathattaparai","unit_id":"6","block_id":"4","survey_no":"407"},"geometry":{"type":"MultiPolygon","coordinates":[[[[78.024948698952272,8.785168763945713,0.0],[78.02569494521002,8.78464942002563,0.0],[78.026229200802646,8.78427024058051,0.0],[78.026788518279531,8.783923725093974,0.0],[78.026632740022009,8.783590148157504,0.0],[78.026478344923561,8.78331059849001,0.0],[78.026288191398976,8.782945289827561,0.0],[78.025934077618359,8.783251372987124,0.0],[78.025527711872002,8.783293318732268,0.0],[78.025260976365573,8.783461652303975,0.0],[78.024939867699459,8.78433623317159,0.0],[78.024498962351885,8.784692446681081,0.0],[78.024785635902845,8.78528224653726,0.0],[78.024948698952272,8.785168763945713,0.0]]]]}},
{"type":"Feature","properties":{"dist_name":"Thoothukudi","taluk_name":"Thoothukudi","vil_name":"Keelathattaparai","unit_id":"6","block_id":"4","survey_no":"408"},"geometry":{"type":"MultiPolygon","coordinates":[[[[78.025578796044712,8.785487149777506,0.0],[78.026010933218572,8.785093374997716,0.0],[78.026505075702758,8.784643099332968,0.0],[78.026229200802646,8.78427024058051,0.0],[78.02569494521002,8.78464942002563,0.0],[78.024948698952272,8.785168763945713,0.0],[78.024785635902845,8.78528224653726,0.0],[78.024785871623521,8.785282731789076,0.0],[78.024570716125353,8.78545719111165,0.0],[78.02466039403717,8.785570998094705,0.0],[78.024863035083939,8.78589190853382,0.0],[78.025578796044712,8.785487149777506,0.0]]]]}},
{"type":"Feature","properties":{"dist_name":"Thoothukudi","taluk_name":"Thoothukudi","vil_name":"Keelathattaparai","unit_id":"6","block_id":"4","survey_no":"405"},"geometry":{"type":"MultiPolygon","coordinates":[[[[78.024498962351885,8.784692446681081,0.0],[78.024939867699459,8.78433623317159,0.0],[78.025260976365573,8.783461652303975,0.0],[78.025527711872002,8.783293318732268,0.0],[78.025934077618359,8.783251372987124,0.0],[78.026288191398976,8.782945289827561,0.0],[78.026454994396175,8.78284654895784,0.0],[78.026218765717601,8.782297311571021,0.0],[78.026098319696416,8.782344253799522,0.0],[78.025739233907828,8.78253068810918,0.0],[78.025250766079225,8.782916101772448,0.0],[78.02502083457783,8.782674608652549,0.0],[78.024873749809188,8.782846333042922,0.0],[78.024545630462569,8.783276153715626,0.0],[78.024173826272971,8.783757454986715,0.0],[78.023718768687274,8.784248125793091,0.0],[78.02405055687295,8.784609604642206,0.0],[78.024142631910195,8.784735691858145,0.0],[78.024498962351885,8.784692446681081,0.0]]]]}},
{"type":"Feature","properties":{"dist_name":"Thoothukudi","taluk_name":"Thoothukudi","vil_name":"Keelathattaparai","unit_id":"6","block_id":"4","survey_no":"406"},"geometry":{"type":"MultiPolygon","coordinates":[[[[78.026988033745724,8.783838952139986,0.0],[78.027199438724409,8.783781518145965,0.0],[78.027662751517269,8.783335285468194,0.0],[78.027510792705385,8.783032972870792,0.0],[78.027491270296593,8.782994134393302,0.0],[78.027162503311359,8.782317333755364,0.0],[78.026714331264031,8.782647763930264,0.0],[78.026454994396175,8.78284654895784,0.0],[78.026288191398976,8.782945289827561,0.0],[78.026478344923561,8.78331059849001,0.0],[78.026632740022009,8.783590148157504,0.0],[78.026788518279531,8.783923725093974,0.0],[78.026988033745724,8.783838952139986,0.0]]]]}},
{"type":"Feature","properties":{"dist_name":"Thoothukudi","taluk_name":"Thoothukudi","vil_name":"Keelathattaparai","unit_id":"7","block_id":"9","survey_no":"377"},"geometry":{"type":"MultiPolygon","coordinates":[[[[78.031802305387103,8.7828374999541,0.0],[78.032503024799894,8.782240087606199,0.0],[78.032762852269911,8.781554132379265,0.0],[78.032954992351236,8.781039994531918,0.0],[78.032694153180216,8.780632602008151,0.0],[78.032339335669917,8.780891805007709,0.0],[78.031598432024111,8.781481505798958,0.0],[78.031437081056438,8.781646829172329,0.0],[78.030723101754418,8.782351093307195,0.0],[78.031185415481218,8.783377096951769,0.0],[78.031802305387103,8.7828374999541,0.0]]]]}},
{"type":"Feature","properties":{"dist_name":"Thoothukudi","taluk_name":"Thoothukudi","vil_name":"Peroorani","unit_id":"5","block_id":"1","survey_no":"172"},"geometry":{"type":"MultiPolygon","coordinates":[[[[78.009366331812842,8.778473473932813,0.0],[78.009287360775645,8.778251328846977,0.0],[78.009366957848513,8.77820788868701,0.0],[78.009323533386663,8.777829015255888,0.0],[78.009202532379987,8.777546704679892,0.0],[78.008781145551637,8.777336987290811,0.0],[78.008680874677552,8.777046964556103,0.0],[78.008235235752068,8.776915712277873,0.0],[78.007943006701638,8.776743159027834,0.0],[78.007789803857804,8.77689511400261,0.0],[78.007975876439247,8.777273935278012,0.0],[78.00803539892857,8.777605719946365,0.0],[78.007958297966738,8.777688216244858,0.0],[78.00804164031409,8.778143476961551,0.0],[78.008144497746571,8.778663652877082,0.0],[78.009366331812842,8.778473473932813,0.0]]]]}},
{"type":"Feature","properties":{"dist_name":"Thoothukudi","taluk_name":"Thoothukudi","vil_name":"Peroorani","unit_id":"5","block_id":"1","survey_no":"173"},"geometry":{"type":"MultiPolygon","coordinates":[[[[78.009912055171526,8.780120146207052,0.0],[78.009865886628347,8.779812035759507,0.0],[78.009756954373373,8.778919899119,0.0],[78.009689598943609,8.778434085336826,0.0],[78.009366331812842,8.778473473932813,0.0],[78.008144497746571,8.778663652877082,0.0],[78.008248307998699,8.779208924029309,0.0],[78.00838230292544,8.77987126629146,0.0],[78.008455862247871,8.780252313337938,0.0],[78.009912055171526,8.780120146207052,0.0]]]]}},
{"type":"Feature","properties":{"dist_name":"Thoothukudi","taluk_name":"Thoothukudi","vil_name":"Keelathattaparai","unit_id":"6","block_id":"1","survey_no":"383"},"geometry":{"type":"MultiPolygon","coordinates":[[[[78.027724446607664,8.781913422598226,0.0],[78.027628288867291,8.781598405509536,0.0],[78.028072368775639,8.781400102489824,0.0],[78.028282225151329,8.781821205029519,0.0],[78.028431348178117,8.781726976112889,0.0],[78.028015698192149,8.780891270500483,0.0],[78.027778118630707,8.781155192419581,0.0],[78.027310496109592,8.781639921756442,0.0],[78.027020063215872,8.7819325373938,0.0],[78.027115240960626,8.782189656596604,0.0],[78.027724446607664,8.781913422598226,0.0]]]]}}
]
}
