{
"type": "FeatureCollection",
"name": "Sivagiri_Villages",
"crs": { "type": "name", "properties": { "name": "urn:ogc:def:crs:OGC:1.3:CRS84" } },
"features": [
{"type":"Feature","properties":{"vill_name":"Sanganaperi","dist_name":"Tenkasi","taluk_name":"Sivagiri","village_co":"14","lgddcode":733.0,"lgdtcode":5870.0,"lgdvcode":642628.0},"geometry":{"type":"MultiPolygon","coordinates":[[[[77.44172961256703,9.246737936809446],[77.441926324493949,9.246816572588413],[77.442099338393845,9.246812355731286],[77.442155669413822,9.246810982820518],[77.442295806157446,9.246807567120831],[77.442596987047551,9.24680022620691],[77.442669616018946,9.246798457016748],[77.44319007114791,9.246838287156617],[77.4435895932059,9.246893766272333],[77.443921658807469,9.24712869024277],[77.444211812139059,9.247307382327927],[77.444662550045663,9.247209326017559],[77.444742335144028,9.247191968648433],[77.44475055730571,9.247183042622181],[77.444794611523335,9.247169885616685],[77.44493860740738,9.247041668581993],[77.445069444831375,9.246904275438579],[77.445158371590537,9.24681089417879],[77.445226126293321,9.246739744686721],[77.445319715918131,9.246641466574896],[77.445704606623408,9.246634398761898],[77.446800521089529,9.246504081228366],[77.44690306173446,9.246531837899646],[77.44693369533249,9.246540129855621],[77.44712323651342,9.246591436244575],[77.447037473407576,9.246427296336066],[77.447018977657464,9.24639189784649],[77.446990758789056,9.246337892113708],[77.446982935423407,9.24626974065743],[77.446968308960152,9.246142331776122],[77.446905651638062,9.245596519081039],[77.446897381133468,9.24552447739112],[77.447030470950438,9.24529522724208],[77.447026025684465,9.245273290289214],[77.446918736083575,9.244743799159268],[77.447121408427734,9.243496505824579],[77.447199120283457,9.242997048904462],[77.447207629877099,9.242942360785875],[77.44728357043347,9.242874444283565],[77.447251703171062,9.242439632649592],[77.447213816771196,9.241965294771445],[77.447144147376008,9.240820421677858],[77.447135522262997,9.240672850538646],[77.447082743583664,9.239769843439619],[77.447067986693426,9.23953537578387],[77.447035259441748,9.239015368558809],[77.446985613610238,9.238266087105627],[77.44696765845346,9.238045313640917],[77.446931951627036,9.236689096207005],[77.446888069381586,9.236027058940429],[77.446883597317196,9.235959590774812],[77.446878272727687,9.235879272211484],[77.446831129421895,9.235636518221501],[77.446635752027078,9.234733053931141],[77.446439646935914,9.233890469083201],[77.446246024114686,9.232990227684898],[77.44612483689356,9.23242544023153],[77.446097755620428,9.232275814959868],[77.445945799665182,9.231417239760651],[77.44592771068497,9.231315039261991],[77.445393819639861,9.231344984981048],[77.445347934517628,9.231397573182985],[77.445254643732142,9.231504492319553],[77.444817184209896,9.231605772399831],[77.444646154188959,9.231835801270291],[77.444562982940113,9.23183544794173],[77.444561261594217,9.232045954002915],[77.444493823254575,9.232053989413117],[77.443293100959039,9.232197062074714],[77.442800495577558,9.232083065558795],[77.44279274756849,9.232081194853267],[77.442696931621811,9.232050882543884],[77.442404180151868,9.232078841208237],[77.442345602760767,9.232084435169638],[77.441899921401117,9.23215489448762],[77.440602203602239,9.232360056242962],[77.440589953775216,9.232361992333074],[77.440199283760776,9.232419289757246],[77.439855091157213,9.232485417801316],[77.438941316368599,9.23270769525945],[77.437908182597155,9.23295764443362],[77.437410802299979,9.232885354575593],[77.437097706092828,9.232839848370292],[77.436074221677075,9.232933375071152],[77.436106317753598,9.232818869464159],[77.435978938153966,9.232830359896667],[77.435986748019545,9.232799151770845],[77.436278164992927,9.231927986246005],[77.436545537067744,9.231136726194119],[77.436486561014078,9.231137998840941],[77.435145636265815,9.231166889369151],[77.435085558712942,9.231168184247954],[77.435008043014861,9.23119613614994],[77.434731503966262,9.231295855381806],[77.434571130486376,9.231356790630894],[77.432963978686601,9.231967434843851],[77.432855471329859,9.232008662097668],[77.432791143378708,9.232033102435224],[77.432717283892899,9.232061164968425],[77.432664661196242,9.23208115962338],[77.43259582369059,9.232102855659175],[77.431563585049759,9.232428203554571],[77.431184936288929,9.23256041521925],[77.43110938890004,9.232586793940142],[77.431047722334299,9.232533836086878],[77.431044118892231,9.232530720732704],[77.430423524547024,9.231994159311123],[77.430347782883246,9.231724745334168],[77.430311045227171,9.23158796274957],[77.429834946785178,9.229829281091574],[77.429813044268968,9.229747747092267],[77.429731885044092,9.229706237328855],[77.429461585337222,9.229598686046945],[77.428021542394362,9.229122629276748],[77.427884625876217,9.229077366802974],[77.427825077689747,9.229057679804461],[77.42774807525609,9.229039533619998],[77.427637891656843,9.229013568443708],[77.42660135335089,9.228774618309791],[77.42652505066836,9.228757028686505],[77.426523273026774,9.228702608064276],[77.426497906287494,9.228696180362103],[77.426472944738393,9.228016217188697],[77.426430961037269,9.228011663621],[77.425831634272171,9.227946688637331],[77.425416345999935,9.227850126763988],[77.425409094410313,9.227848440350133],[77.425379909298925,9.228092108260203],[77.425234979138466,9.229137078619601],[77.425080205782635,9.230281419327474],[77.425075722811755,9.232731086294372],[77.425175851460892,9.233326241784926],[77.425175859210299,9.233326284294497],[77.425185716292916,9.233384875076004],[77.425191773058941,9.23342087293182],[77.425193293314138,9.233485806934114],[77.425202634354463,9.233884447624936],[77.425204892872785,9.233954472743262],[77.425140211194034,9.233981596440374],[77.424479947365157,9.234258025214846],[77.424470334402727,9.234464000873354],[77.423878970422948,9.234657226616944],[77.423777011843043,9.234630871304709],[77.423321119687046,9.234684705069357],[77.423278376006607,9.234689753748345],[77.423244938536797,9.23472088450977],[77.423180444987523,9.234780926255667],[77.423166164946821,9.234794222333345],[77.42316064263602,9.234799363897505],[77.423153022412791,9.234806457203021],[77.423119499797693,9.234799760953068],[77.422802208693327,9.234802824238562],[77.422352766154916,9.234662623069651],[77.421657359134514,9.234678003045751],[77.421608116084656,9.234879915632005],[77.42109009710893,9.234790213314927],[77.421085651177165,9.234789999249044],[77.421047658756692,9.234788161421893],[77.421023987916286,9.234866957613541],[77.420903104236658,9.234854725996589],[77.420589774908905,9.234797617323103],[77.420520152146267,9.234784927236255],[77.420451683065693,9.234779558717456],[77.419805030586332,9.234728865058868],[77.419787062445735,9.234831404130572],[77.419764852312582,9.234958144083931],[77.419732989804402,9.235213551264987],[77.419751381620102,9.235361385112546],[77.419814181677879,9.235470293101828],[77.420226537219293,9.235589156982218],[77.420576382750738,9.23557195070048],[77.42079670903928,9.23555312813879],[77.421056407155362,9.235547396168931],[77.421349865531596,9.23571992622786],[77.421388005131689,9.23574165540871],[77.42147553840104,9.235791524923261],[77.421527703989,9.235865770691698],[77.421597974053597,9.23600501450086],[77.421700730983559,9.236206801488867],[77.421806520997364,9.236415720268193],[77.421818650602106,9.236474616205575],[77.42183315971026,9.236545064804263],[77.421854713636762,9.236657286429887],[77.421863315554489,9.236702069617014],[77.421878212806277,9.236868836069194],[77.421951995838484,9.237190695516313],[77.422348006688765,9.237302947040238],[77.422547595402463,9.237264647303379],[77.422587064462505,9.237257073509486],[77.422629038290751,9.237102649411165],[77.422629848994035,9.237099667372842],[77.423221913736981,9.237056776577095],[77.423431256912664,9.23704713767061],[77.423473474429201,9.237156038077909],[77.423480755260911,9.237174819696],[77.423905051491914,9.237481564423112],[77.423983952494794,9.237561083607888],[77.424252860743792,9.237832103269959],[77.424606045349805,9.238190959076579],[77.424650734607411,9.238239596791731],[77.424911782177134,9.238523707371115],[77.424931668552261,9.238587964902946],[77.425015916036244,9.238621127120705],[77.425015916076404,9.238621127136517],[77.425046697905856,9.238535439100664],[77.42596456042088,9.23869188423391],[77.425957122715943,9.239009431549402],[77.426159533259025,9.239136270840175],[77.426189841961545,9.239141738722884],[77.426251025352897,9.239152779430254],[77.426293261050034,9.239194523983757],[77.426289455885268,9.239329338169922],[77.426339832343643,9.239333405278735],[77.426406378055447,9.239437188102979],[77.426444317806272,9.239496356678439],[77.426623148395521,9.239802286817806],[77.42679155517898,9.239909875003827],[77.426954229897191,9.239987836937836],[77.427543156460118,9.240270078917497],[77.428039420193826,9.24086429086263],[77.428223839908384,9.241034459400842],[77.428362686739163,9.241065165066498],[77.428553463606193,9.240926497582803],[77.429074869773316,9.240547506786406],[77.429146814780879,9.24049521216477],[77.429549320922263,9.240161785437984],[77.429773513443223,9.239976067695423],[77.429780627260016,9.239991802419194],[77.429782608895678,9.23999034614949],[77.429936818051956,9.240232427841317],[77.430231904642525,9.240243040630293],[77.430496046053165,9.240285066765379],[77.430546528334546,9.240293098691062],[77.430576501378596,9.240548109195215],[77.430590631544604,9.240724991637595],[77.430273935657013,9.240862642850246],[77.430025212802803,9.241015654686874],[77.429850362743665,9.241187780384235],[77.429836332979761,9.241245890740592],[77.429806511435501,9.241369406756125],[77.429796944495052,9.241484631560891],[77.429796273175299,9.241492717765849],[77.429892411159088,9.24177850766938],[77.43004290664274,9.241891574692513],[77.430147252769473,9.241964692880927],[77.430322362405704,9.242100532201956],[77.430349077126763,9.2421849843047],[77.430353758758429,9.242222687167551],[77.430845298171292,9.242530161035853],[77.430980877643336,9.242436901466192],[77.431479865428443,9.242620121909933],[77.432019126274938,9.242818342925062],[77.432042687829295,9.242827003416833],[77.432032322356008,9.242973892521347],[77.432055776747205,9.243250357279369],[77.432067188731594,9.243305692915952],[77.432134523198513,9.243618620081662],[77.432148028623516,9.243680066621415],[77.432161368569609,9.243962923460295],[77.432309177053796,9.244036408619513],[77.433033413598551,9.244064140618278],[77.433495475284758,9.244120879545227],[77.43375281166567,9.244056457826074],[77.434147069122247,9.244141903476921],[77.4345497314673,9.244233932288227],[77.434593192556733,9.244353214434939],[77.43505569809173,9.244367097564337],[77.435920614382695,9.24451086247546],[77.436011747977219,9.244534915668236],[77.436230782547909,9.244592725686314],[77.436533313110729,9.244511129543172],[77.436666932951454,9.24452730308413],[77.436890828507387,9.244592218805199],[77.437091637713394,9.24469718643903],[77.437127747074058,9.244716061640137],[77.437299229586969,9.244818621380624],[77.437310620495495,9.244947561340053],[77.437311890833854,9.244961951781882],[77.437515458587839,9.245004822193575],[77.438234914593309,9.245393809609613],[77.439049721533394,9.245807517789583],[77.439561067625391,9.245707487232044],[77.440490202536822,9.245671821125121],[77.440976400245674,9.245990635771919],[77.44172961256703,9.246737936809446]]]]}},
{"type":"Feature","properties":{"vill_name":"Vasudevanallur R.F","dist_name":"Tenkasi","taluk_name":"Sivagiri","village_co":"YYY","lgddcode":733.0,"lgdtcode":5870.0,"lgdvcode":0.0},"geometry":{"type":"MultiPolygon","coordinates":[[[[77.358268961472263,9.282786021762638],[77.358477766216112,9.282741745615237],[77.358638172290767,9.282408978682405],[77.35888588726489,9.282010158349498],[77.35895807981818,9.281893928564687],[77.359121308022864,9.281709687499282],[77.359354631493559,9.281446327592176],[77.35937448687838,9.280966981799441],[77.35938092843881,9.280811470590988],[77.359665365040968,9.280650150770292],[77.359777248294307,9.280593769905558],[77.359964595165238,9.280420168170762],[77.360154340065435,9.280244343363268],[77.360197494170535,9.280212070044596],[77.360316393218952,9.280123149825071],[77.359399010519638,9.27932933478372],[77.359063200603927,9.279038755367237],[77.35891325971474,9.277977094662544],[77.359072000679703,9.275551690919658],[77.359078886267511,9.272822684404547],[77.358324219410392,9.269485332314517],[77.358268299403861,9.268636746031699],[77.358154012004817,9.266902442049973],[77.358019002971176,9.266986801817954],[77.357304240328617,9.267483738734722],[77.357260219879876,9.267248342919235],[77.357129404067138,9.266564092459491],[77.357127997530114,9.266564209958219],[77.357103440574434,9.266435947513594],[77.357040014364813,9.266122902258358],[77.357040014364813,9.266122902258356],[77.357043305183609,9.266121856779478],[77.357046803361726,9.265997858516926],[77.357066039888466,9.265777961556198],[77.35734985953529,9.265277317593043],[77.357478043322629,9.265270651667546],[77.357471131552259,9.265174929793409],[77.357857445360366,9.264943035703549],[77.357772799824318,9.264777080381526],[77.357646492120523,9.264529565480389],[77.357210816425592,9.263821711143821],[77.356816843159393,9.263128017798508],[77.356738785139044,9.263016350870819],[77.356512899668516,9.262693355889549],[77.356127769412694,9.262205965039763],[77.355887634716026,9.262178914246553],[77.355845610942623,9.261640511680323],[77.356565279689462,9.261533248818187],[77.356722693479654,9.261209034391154],[77.357745351869852,9.261090046354925],[77.358555803171384,9.260998666325536],[77.358674918202098,9.26098523586403],[77.358792184515224,9.261105539446611],[77.358834939949787,9.261149402273166],[77.359012212503046,9.261114039565879],[77.360003146332303,9.260916304284573],[77.361408603430704,9.260549245726795],[77.362407454743106,9.260295468553172],[77.362921180009067,9.260168719890045],[77.363474426728956,9.260034601112936],[77.364501033837598,9.259651424539955],[77.364916706363815,9.259492001967955],[77.36495142424468,9.258835325446743],[77.365004334719458,9.257873044079552],[77.365030317850312,9.25748284375868],[77.365549118300024,9.256421163869723],[77.365571456732226,9.256375450215796],[77.365788699810366,9.255937567385145],[77.3659535345557,9.255605320643399],[77.366072235400608,9.255320854362761],[77.366071166528755,9.255118490116615],[77.366047290169533,9.254590545321047],[77.366011721198589,9.254146061312968],[77.365981871345028,9.25313131418079],[77.367073856056081,9.252303751836697],[77.367509439752013,9.251958825331753],[77.367597205854096,9.251889325818514],[77.367683511058445,9.251737830846794],[77.367866340403381,9.2516763650936],[77.367992077391818,9.251665772793293],[77.368074927056881,9.251643061291075],[77.368336849200233,9.25155326663532],[77.36847841281093,9.25173325601213],[77.368650925655544,9.251744558710113],[77.368674249369676,9.251746086709117],[77.369271243802118,9.251952508596151],[77.369782327202984,9.25214015376682],[77.37022354611284,9.25232612260187],[77.370633480762166,9.252275232549433],[77.370633813770226,9.252125695337917],[77.371161872509703,9.252096285686573],[77.371631251620116,9.252084482981902],[77.371637944429068,9.251921230176913],[77.371933089580793,9.251908409563269],[77.372368332191542,9.252111797980582],[77.372673669571398,9.252331185013769],[77.372897193674206,9.252338394518723],[77.373056048915217,9.252432229729061],[77.373587462045009,9.252425022398977],[77.373874577698786,9.252592761262299],[77.374138670688964,9.252571308326274],[77.374616880042424,9.252519186681123],[77.376385058454957,9.253931885801283],[77.376612462544486,9.253871597585212],[77.376632838022147,9.253811132162177],[77.37669952491062,9.253756448118883],[77.377214300592456,9.253066590470036],[77.377819445500762,9.252347855925477],[77.379711563711268,9.252582753034973],[77.379856573133125,9.252010385345672],[77.379936707909664,9.251803256634869],[77.379719361824414,9.251595643451324],[77.379904582249225,9.248837849897896],[77.379852974521171,9.248211672990065],[77.379491018842231,9.248175088633856],[77.3794507943079,9.248122106540086],[77.37941766165298,9.248058787119255],[77.378883827172103,9.24767001384423],[77.378395253988401,9.248256034420498],[77.378074300437291,9.24826663834955],[77.377961798892827,9.247111520500244],[77.37796349754754,9.247061879795773],[77.377942261185197,9.246765299617358],[77.377566391233657,9.246678046096148],[77.377015692232703,9.246293641137486],[77.376484263890731,9.246237362867539],[77.376125487584176,9.246199367290938],[77.376118165453278,9.245854530750764],[77.37611485597786,9.245698749576139],[77.376111181493158,9.245525727217881],[77.37569884891397,9.24541402508955],[77.37525891754089,9.245294845732733],[77.375069661728659,9.244870556081723],[77.37503315599939,9.244788713832328],[77.374787353359281,9.24424484945796],[77.374854153176884,9.244221799247583],[77.374523668523551,9.244240939009234],[77.374513417958354,9.243909734997645],[77.374038350255091,9.24382348744459],[77.37404329905165,9.243455876089664],[77.373647409429893,9.243455875983667],[77.373364546632615,9.243435414587383],[77.373229112304912,9.243430572605718],[77.370695188240504,9.243372429029437],[77.37048191438943,9.243411807247215],[77.370277741042301,9.243437441678006],[77.369950633813403,9.2434889549092],[77.369904870303941,9.243667529596749],[77.369876809428064,9.243777022523282],[77.369853002357928,9.243869919663453],[77.369295135579449,9.243845536544033],[77.369018351761355,9.243833438658379],[77.368810669945134,9.243824362350557],[77.368756784907916,9.243961323680971],[77.368736726133633,9.244012306287541],[77.368725374191044,9.244041160076899],[77.36861568529774,9.244031060256427],[77.368107055246156,9.243984226598123],[77.36792264082797,9.243984914108797],[77.367633495891113,9.243985992096475],[77.366440471719216,9.24400722833232],[77.365872984386854,9.244017328012616],[77.365850034015637,9.243832847385596],[77.365531838781507,9.24385603394609],[77.365069473066001,9.243889726430728],[77.364797386254125,9.243905615137365],[77.3647638442024,9.243684943967274],[77.364418111635288,9.243695885177063],[77.36416739895472,9.243658701234617],[77.363842985595141,9.243580345965222],[77.363594946926128,9.243542325755081],[77.362598032268494,9.243389511709116],[77.362633139996873,9.243695796101502],[77.362664013339,9.24396512289765],[77.361847727273599,9.243973292221728],[77.361571393291584,9.243994735084017],[77.361219217950492,9.244013557322805],[77.36116232738236,9.243708579622858],[77.360965011141104,9.243693031082277],[77.360482309535996,9.243854668070345],[77.359980762020086,9.24396135269086],[77.359887445375918,9.242923556197539],[77.359887691483038,9.242899628472607],[77.359881783605601,9.242843327776162],[77.359854139907014,9.242579823712516],[77.35984243708765,9.242534604183316],[77.359446796258311,9.242353412017131],[77.359121485083335,9.242526994700686],[77.359115323288023,9.242529306377961],[77.358514953552216,9.242621889794744],[77.358128119525901,9.242759937926907],[77.357138871404402,9.243112964993582],[77.356719622042661,9.24326258011302],[77.356536685892081,9.243277916804365],[77.356178206412508,9.243251325874088],[77.356104061369166,9.242967432572289],[77.356102516064595,9.242783835199941],[77.356021971489128,9.241859003972863],[77.356059926650303,9.24123351229346],[77.356120611625855,9.240889927924727],[77.355841241892847,9.240069474051674],[77.355992622492508,9.239988708286035],[77.355925755680133,9.239691122219021],[77.355918388443811,9.239662597169771],[77.355883582760342,9.23948487012486],[77.355741609352236,9.238645706442938],[77.35562707715151,9.237905499588134],[77.355555492219125,9.237455306300248],[77.355468329038672,9.236907147189733],[77.355493019558963,9.236765175936846],[77.355503439481183,9.2367052623968],[77.355507305073274,9.236697735708431],[77.355869745570658,9.235926389019784],[77.355873867849638,9.235917491843551],[77.356712213435031,9.235722351401625],[77.356795740054991,9.235641997824834],[77.356706524628365,9.234697321710916],[77.357305678467426,9.234688647593938],[77.357143875434829,9.233895408663372],[77.357252004074212,9.233599930305981],[77.357678319048176,9.232497836641169],[77.357697170997909,9.231773138947316],[77.357672822961831,9.231238973992353],[77.357327694139101,9.231141437851761],[77.357393454328502,9.230587995466649],[77.357062006473015,9.230358938918542],[77.356449534631722,9.230238894052587],[77.356447328289249,9.229933375016648],[77.356198988442785,9.229928535622118],[77.355411057938014,9.229882179551097],[77.35541263734514,9.229648976213626],[77.355413669802175,9.229496614983011],[77.355415266259527,9.229260948207145],[77.355415651722282,9.229203932567575],[77.355073486063361,9.229202564618731],[77.354949008809541,9.229181300591206],[77.354943295436286,9.229089229753642],[77.35491801354739,9.22868185162428],[77.35421979882581,9.228744866477783],[77.353854388022398,9.228777844948858],[77.353842838100945,9.228779123321774],[77.352901846949138,9.22887503898729],[77.352481547792266,9.228917879787383],[77.352403483521542,9.228925837142841],[77.352406311532008,9.229057799784785],[77.351751836803359,9.229291877453335],[77.35130221921429,9.229187563472996],[77.350713553827191,9.228626923936513],[77.350234025344122,9.228170225121724],[77.350071386841194,9.228015329214513],[77.34988343787937,9.227953549718094],[77.348822413642679,9.228352236932114],[77.348035377007704,9.228214677446292],[77.347630082820515,9.228252008609191],[77.347262052646371,9.228937423855628],[77.347163896333413,9.228928201354375],[77.346438570177185,9.229141018919204],[77.345801878915012,9.229286874933562],[77.345636707010343,9.229149501962953],[77.345628593333544,9.229143220261555],[77.345309443468807,9.229259172684888],[77.345123361018992,9.229474166669442],[77.34479419729756,9.22950621239565],[77.344699405363698,9.229515441144454],[77.344735958662412,9.229781887041353],[77.344751680685931,9.229896481211268],[77.343443025235416,9.229917573808152],[77.342811939467097,9.229934514414499],[77.342831604915261,9.229600142575251],[77.342832919531915,9.229577790611472],[77.342701154447752,9.229455202552085],[77.342685116526951,9.229304629388466],[77.342202995036786,9.22933016767298],[77.342182292260446,9.22962176508419],[77.341286743889299,9.229454274302645],[77.341006988843176,9.229750079661041],[77.340718551842997,9.229490379213033],[77.340449227525411,9.229492163348095],[77.340411855620417,9.229492411653094],[77.340278327663384,9.229677057695675],[77.34026874399504,9.229690309675789],[77.340359527765784,9.230248015751828],[77.340365039859989,9.23028158422162],[77.340314484540443,9.230741146675051],[77.340046382650698,9.230761994852537],[77.338938794111343,9.230967191082488],[77.338895405654313,9.23097522980169],[77.338889121094326,9.231136581042978],[77.338593320703197,9.231229308309675],[77.337971183159752,9.231424333555186],[77.337901593270118,9.231147130667976],[77.336958155398861,9.230798654579457],[77.336900153260686,9.230503133549313],[77.336303217319127,9.229870341147917],[77.33623168331664,9.229794511079968],[77.336168519956018,9.229728210812425],[77.336096875017816,9.229653009713962],[77.335937914826843,9.229704720085602],[77.335855918956966,9.229731394070045],[77.335746646215583,9.22973974765438],[77.335722354630136,9.22987227175526],[77.335328039584084,9.229849213156701],[77.334747347354011,9.229953154337201],[77.334663946981166,9.229597276905009],[77.334592146437402,9.229290899111524],[77.334383189855203,9.229450556059561],[77.334246343779157,9.229557752935079],[77.333954205355269,9.229786595857611],[77.33334947068866,9.230260306310692],[77.333034159087134,9.230279975561226],[77.332623916113349,9.230175438776371],[77.332283102443085,9.230143800281859],[77.332302395418594,9.22957770575362],[77.332207427928338,9.229139431354104],[77.332153094123527,9.228895282266185],[77.332311024991668,9.22879732447119],[77.332291361338406,9.228289573445782],[77.332049071049809,9.228364247673603],[77.331701205566659,9.227755783362866],[77.331060876543859,9.227355059705328],[77.330671367176421,9.227117579015468],[77.330640052880554,9.227098487770041],[77.330991673745501,9.226475576399455],[77.331014563195239,9.226470381219183],[77.331177417644099,9.226433425193511],[77.331121362101683,9.226341392744626],[77.331246921175079,9.226137628805628],[77.331506835332817,9.225783362947189],[77.331614486885172,9.225597298871257],[77.331552384140025,9.225437421594872],[77.331044451690985,9.225001334026761],[77.33092926995549,9.224646108768544],[77.330930211005239,9.224282308366737],[77.330966405730265,9.224100500389087],[77.331406195160753,9.22325866429953],[77.331880742652572,9.222789593285938],[77.332273926104151,9.222701862721618],[77.333267290772923,9.221910238264432],[77.334609991635133,9.220715763918795],[77.334914162083322,9.220512452898323],[77.335467934582638,9.220487239970494],[77.335825574769672,9.220328431649545],[77.336005147740735,9.219956209770304],[77.33638153877456,9.219451389167858],[77.336704127695995,9.219030728316236],[77.337535752906021,9.218615791683757],[77.337813424348496,9.218297057699722],[77.338126725971932,9.218013907345581],[77.338475238928439,9.217930494104992],[77.340523211948337,9.216822077836186],[77.341310107229845,9.216433640052378],[77.341783725342296,9.216319481922291],[77.342257457116133,9.216160958211088],[77.342748844978303,9.216082336898324],[77.343133338055878,9.215896967448902],[77.343901337961867,9.215912209592801],[77.344965057202273,9.215729407648524],[77.345071769731845,9.215711068068904],[77.345143579669241,9.215658529915693],[77.345721213149844,9.215235922341472],[77.345760714941079,9.215207020760216],[77.346047284568584,9.214897175015373],[77.346110903699724,9.214462543432802],[77.346111513202345,9.214222966303781],[77.346130141579508,9.213921320025221],[77.346085962001794,9.213734870125892],[77.345943277182272,9.213654651692936],[77.345693424271317,9.213574164043459],[77.345327834314844,9.213351415233459],[77.344881837584026,9.213141772085729],[77.344596105307687,9.213123305900936],[77.344257241211324,9.212927241328781],[77.344204131611789,9.212740768552647],[77.344222355048814,9.212598840729255],[77.344285341843502,9.21246883265257],[77.344321110927524,9.212395005338209],[77.344339594263104,9.212151036113037],[77.344295461084357,9.211946838106131],[77.344171044447293,9.211706946826293],[77.344118002623333,9.211493853887923],[77.344082959242684,9.211227568438327],[77.343976607256138,9.210907860856215],[77.343968980893308,9.210668481302145],[77.343960069206133,9.210388730773488],[77.343880837851486,9.208947009296931],[77.343857650011955,9.208525081980603],[77.343858870671454,9.20804592608529],[77.344020397599621,9.207740204723175],[77.344361004429203,9.207437934430038],[77.344808058782064,9.207041194046896],[77.345130637376343,9.206616083901528],[77.345247477346476,9.20632355879979],[77.345247838194197,9.20618158825804],[77.345060637778985,9.206048018003372],[77.344810531719418,9.206069574230751],[77.344097049853559,9.205695102181876],[77.343989975946755,9.205659340387546],[77.343909602017007,9.205659136989558],[77.343811255173179,9.205703257023135],[77.343641193691099,9.205853675635854],[77.343578522950523,9.205915629606926],[77.343283729693965,9.205950382953343],[77.343131869023836,9.205967748027041],[77.342881862750588,9.205949372114931],[77.342774925406914,9.205860369594454],[77.342703844169918,9.205718217895232],[77.342704069599705,9.205629486320118],[77.342803073979226,9.205328042910079],[77.343107407396744,9.2050537363671],[77.343357682847,9.204965631921043],[77.343706327924423,9.204824537101238],[77.343719614338283,9.204721056408832],[77.343724550798228,9.204682610085086],[77.343724844396888,9.204567258190183],[77.343555416324577,9.204469225807433],[77.343296548695051,9.20442420737759],[77.343162843153465,9.204326266000821],[77.342663264927353,9.204120921923698],[77.342531719879744,9.203989554974584],[77.342315513732729,9.203911523836682],[77.34132515527844,9.20355409793352],[77.340834169081887,9.203481873160669],[77.340717701291709,9.203627990024028],[77.340198018596467,9.204301048650278],[77.339956492288465,9.204460157817158],[77.339724030569812,9.204566051407763],[77.339340048847774,9.204556207922558],[77.339072253019239,9.204511165336273],[77.338545977270272,9.204270255982818],[77.338305245371487,9.204118800240852],[77.33765367310221,9.20398405274782],[77.337492779770614,9.204041323014092],[77.337091599402186,9.203774108041728],[77.336823757556203,9.203746809574605],[77.336269965332022,9.203789772153549],[77.335243481358333,9.203591958173904],[77.33468112414424,9.203492922603024],[77.334520128233862,9.203590121819525],[77.334563992447542,9.203896360609544],[77.334491089229061,9.204464064785357],[77.334276259435114,9.204658732311367],[77.334017096899331,9.204729059139813],[77.333623978972994,9.204799046951736],[77.333213139179264,9.204815748842814],[77.332713041101442,9.204814474838942],[77.332240260704438,9.204609188112665],[77.331848013200812,9.204341990017998],[77.33150873011445,9.204314506672336],[77.331231673810777,9.204398096068733],[77.330061366771517,9.204563704118399],[77.329391249989612,9.204695092951372],[77.328489449743515,9.204630675044539],[77.32799847843296,9.204553997237049],[77.326731548872615,9.20409821724451],[77.326356569381744,9.204061763876004],[77.325517330328694,9.203979752604472],[77.324892371632686,9.203916036976764],[77.324231577589856,9.203896594951942],[77.324017920229466,9.203638721201322],[77.324045288141718,9.203416960044562],[77.324269145174554,9.203186830844384],[77.325101734326608,9.202390374094067],[77.325531007647839,9.202151897265399],[77.325888170750957,9.202170558586163],[77.326736487449182,9.202194917256781],[77.327959699650478,9.202286780049729],[77.328468884867291,9.202225967735487],[77.328835462381448,9.202058313761807],[77.329140329128492,9.201579936438504],[77.329159475016581,9.201083082292508],[77.329008980911453,9.2005724845963],[77.328636001910937,9.199764063918815],[77.32813724375707,9.1992481398067],[77.327638016841433,9.198914117085724],[77.32661194572367,9.198565433661768],[77.326067874448469,9.198306717042172],[77.325917051556772,9.197924780148183],[77.32585539320695,9.1975963119495],[77.325864852837086,9.197392251210935],[77.325945707163683,9.197206119960256],[77.326089556408505,9.196833810594899],[77.326322889387313,9.196390744411076],[77.326635809580551,9.196249573930336],[77.327368216305189,9.196198207817821],[77.327779356170495,9.196061723977657],[77.32869194721826,9.195398561367819],[77.328951378260228,9.195221757829293],[77.329362230243348,9.195196185717739],[77.329657311550619,9.195046094327498],[77.330157671195906,9.194940889708505],[77.330595243565028,9.194942005576637],[77.330989013921979,9.194614697450374],[77.331195412592919,9.194224798821974],[77.331204270062997,9.194147399669237],[77.331856457639446,9.194041098933369],[77.330921527800783,9.192387641091353],[77.329776675590708,9.190321380931456],[77.329412913757551,9.189081643876618],[77.331076011819334,9.188511590561133],[77.332229701040049,9.189375958888093],[77.333307273657255,9.191747633661299],[77.334282080742071,9.192538745705146],[77.334665232774256,9.192303679032316],[77.33510337318306,9.192082957364862],[77.335344119033238,9.192225539795386],[77.33543257732579,9.192554075138512],[77.335512627756614,9.192678504705345],[77.335833790029568,9.19280354480237],[77.336136308386045,9.193234664648797],[77.337213490199986,9.194546200733575],[77.338255878759213,9.195498280227126],[77.338550458566232,9.195543389868641],[77.339005894081254,9.195544540945296],[77.339246826050314,9.195616134727638],[77.339639863977354,9.195572760045469],[77.339916832546876,9.195520219431394],[77.340122554817412,9.195392075600685],[77.342364272302987,9.195295678263639],[77.344035081831422,9.194953817690159],[77.344518299687678,9.19456460724647],[77.344867756940346,9.194099635159317],[77.344904897751704,9.193540710003354],[77.344790249343887,9.192972530669332],[77.344656975160007,9.192705996925236],[77.344309177171837,9.192518784361251],[77.344166814599987,9.192314341078385],[77.344051401118392,9.192047852200885],[77.343713403068733,9.191519043302545],[77.343294888861365,9.191047705914979],[77.343182188794017,9.190996039084405],[77.343080817301626,9.190949563253257],[77.342768288748786,9.190939904007625],[77.342089677787087,9.190911578157404],[77.341242403279097,9.190487964371929],[77.340974254892714,9.19026687605041],[77.339914622166546,9.189393203858597],[77.339272571929371,9.189036651591344],[77.338434054235123,9.188684041021064],[77.337810071839172,9.188247673849538],[77.337131807222462,9.188086241426866],[77.336944710115588,9.187917175343205],[77.336900378935184,9.187792837393987],[77.336998790372363,9.187722100309484],[77.33749000303564,9.187696722240158],[77.337659874658129,9.187617292410508],[77.337972443783542,9.187609206686568],[77.338285036098938,9.187592248833818],[77.338669975152641,9.187220543091424],[77.338768907391412,9.186945720926444],[77.338948683396168,9.186484761704767],[77.339092603595617,9.186076954313467],[77.339209384410978,9.185806611755117],[77.338943300596142,9.185096079185342],[77.338792083126506,9.184864991256703],[77.338444113731398,9.18474876012054],[77.337864560296822,9.184401238771205],[77.337498482844808,9.184382566816987],[77.337355832722679,9.184293474743599],[77.337356150695854,9.184169249014962],[77.337535428272275,9.183903503824849],[77.337902298643968,9.183611611025926],[77.338036858789522,9.183372370725827],[77.337939266142669,9.18312367317492],[77.337752557971314,9.182803761599702],[77.337672045402272,9.182693169085416],[77.337665114299313,9.18268364890239],[77.337496470159223,9.182746726418015],[77.336701006998823,9.183040844165358],[77.335805551647638,9.183175415137026],[77.334978466739926,9.183299711741238],[77.333806521901408,9.183629220818164],[77.333354757122933,9.183756241682961],[77.332029736992425,9.183950296921928],[77.331036606559152,9.183849061583476],[77.328486369105022,9.184056436132726],[77.327602707097498,9.184036961391122],[77.326797701634774,9.184019220591386],[77.326773615706784,9.184011320251088],[77.324978035767543,9.183422308814466],[77.322463781382723,9.182527476361537],[77.320579192743097,9.181436830286163],[77.31859502116184,9.180444626038454],[77.315586319765075,9.178709444577581],[77.314297792249278,9.177620308883172],[77.313439813763267,9.176499381901261],[77.313440848767812,9.176104547148444],[77.313442317375433,9.175545197553038],[77.313576403964959,9.174920385780554],[77.313606420103923,9.174545417591959],[77.313609213689261,9.174510520174099],[77.31361063758817,9.174492734127416],[77.31344542419518,9.17436069505789],[77.313351257076903,9.174397841736768],[77.313331825275426,9.174405506886774],[77.313321336317088,9.174409644358978],[77.313218773633508,9.174450103091505],[77.313113960646973,9.174491447842113],[77.312935811066637,9.174696890658582],[77.312715410785643,9.174951059032583],[77.312715349781683,9.174974351972672],[77.312714298792073,9.175374655795856],[77.312714201860587,9.175411699370072],[77.312680052581513,9.175806448417749],[77.312381181841886,9.176134703771419],[77.311830165956422,9.176335872206582],[77.311486295757561,9.176461411748763],[77.31035767293757,9.176963660313156],[77.309795594452396,9.177213790080232],[77.309606140971269,9.17730177860207],[77.309231996947176,9.177475548063798],[77.308601867206917,9.177497095668732],[77.308337885646225,9.177506123372769],[77.307708768235145,9.177638368673339],[77.307442364304279,9.177694369385367],[77.307410228945017,9.177701123314923],[77.307341138247097,9.177725044223557],[77.306183953169437,9.178125664082335],[77.30560655385095,9.178657483651234],[77.305453703803536,9.178798267555036],[77.305373297142339,9.178950935843948],[77.3050210693509,9.179619711036276],[77.304686895619071,9.180770443907495],[77.304351587375649,9.182348909790425],[77.304292863737729,9.183244617396499],[77.304289840733873,9.183290732603025],[77.30428257091063,9.183401625596073],[77.303983162871248,9.18392729123385],[77.303418502294747,9.184583871601841],[77.302489514242083,9.18527239787268],[77.301130845171912,9.18566366664975],[77.300727458001546,9.185781678550089],[77.299904710379181,9.186022377086166],[77.299504342761935,9.185988162881243],[77.299110181905817,9.18595448044425],[77.298348854431197,9.185853765925827],[77.297718391425562,9.185676560924364],[77.297521652329436,9.185621265259385],[77.296951195664292,9.185292232419847],[77.296662042774457,9.185125450825312],[77.296414091155896,9.184955100402984],[77.296133210232156,9.184762123352112],[77.295868396989164,9.184728523052271],[77.295691979341697,9.184837437796631],[77.295603055958878,9.184892334616233],[77.295436612793324,9.185220925656481],[77.294707695052608,9.185383511726505],[77.292883985855269,9.186316415388404],[77.292088132622098,9.186742044206673],[77.290895457026963,9.186969196148882],[77.289418302704036,9.187128311157952],[77.289404941646055,9.187129749780757],[77.289274878377057,9.187211976094446],[77.288575704409723,9.187653989315869],[77.286851353831125,9.188570671719823],[77.284771015967593,9.189973438896853],[77.284761415979048,9.189979913312209],[77.284671840988665,9.190148723635247],[77.284029185926769,9.191359872798575],[77.283498039319156,9.191851992640387],[77.282668425805781,9.192507826042831],[77.282036683898255,9.1934603146192],[77.281173547782245,9.194264114641168],[77.279051787371486,9.195179688945522],[77.277228936119869,9.195767027627324],[77.27606798826416,9.196487757211132],[77.274341221938897,9.198259838282874],[77.273112770790618,9.199441008948554],[77.272051505408754,9.200030381436706],[77.270692665643153,9.200454428443242],[77.270427549615874,9.20060544454561],[77.270381070854313,9.200631919604808],[77.270479529188449,9.200690253366677],[77.270543102080367,9.200727916675321],[77.27068381802097,9.201690910187644],[77.270860526429473,9.203630485079167],[77.270973740064733,9.205131448100241],[77.271037334701788,9.205371077013998],[77.271292010144364,9.205719286296905],[77.2721243977021,9.206451971431163],[77.273893726675709,9.20825649315613],[77.275208185219654,9.209690076447307],[77.275717490998858,9.210558281988707],[77.27581291221523,9.210874785183284],[77.275890080898989,9.211462526418144],[77.275971935321351,9.211620776796567],[77.276303965831161,9.211919297591333],[77.276640554267502,9.212299146850054],[77.277695844265381,9.213339321444993],[77.279574511437559,9.214859030240001],[77.280143139418811,9.215311320888702],[77.281557990099202,9.216121009260084],[77.282112982570538,9.216577823429949],[77.282272106787744,9.216894348235778],[77.282399385825187,9.217305828020779],[77.282289892451431,9.218191877155045],[77.282271572300232,9.218585197669769],[77.282143787685442,9.219674706427501],[77.281907000171827,9.220180955033287],[77.281351590976513,9.221066915054918],[77.281019350415548,9.221360675818348],[77.280445725134342,9.222106436145566],[77.280172564999731,9.222517729156397],[77.279758194649474,9.223448915587507],[77.279553297269317,9.223815060981604],[77.279061523598855,9.224786918077525],[77.278405842075415,9.226084221335501],[77.277263143703408,9.227770162410694],[77.276912468073547,9.228561220179312],[77.276115672814399,9.229966937916698],[77.275751387299692,9.230681129642463],[77.275560035282609,9.231305014946694],[77.275559705375414,9.232254419104503],[77.275577729642208,9.232774334820462],[77.275418287601497,9.233267059989897],[77.27505394784076,9.234175633714644],[77.274320965707972,9.235124829212756],[77.274721306080721,9.235409776448718],[77.275754097293685,9.235853169757112],[77.276391029229416,9.23629645171912],[77.277451094748542,9.236938788429827],[77.278424652947251,9.237621805988885],[77.279534605561835,9.238648478021002],[77.279739265045009,9.239028302603185],[77.280153018968676,9.240009467176789],[77.280152770242054,9.240769012829114],[77.280070530431658,9.241813309685336],[77.280042817716975,9.242988815659995],[77.279518997228323,9.244457933045412],[77.278894846851983,9.246564535176169],[77.27861213111737,9.248259811333464],[77.278707428963386,9.249032968164176],[77.2789300590902,9.250077421819817],[77.279001476817541,9.251484860903355],[77.279044738419927,9.251899157581658],[77.281078410194937,9.253582854656752],[77.281903078920422,9.254630306802014],[77.282522116430982,9.256006579740838],[77.282678392069016,9.257001514630062],[77.28259130514742,9.258547897072642],[77.282215066710535,9.259554898181905],[77.281627338705505,9.261144479351755],[77.281481864851003,9.262423499189554],[77.281660976259914,9.263328612297471],[77.282446860048708,9.265279808859427],[77.283500677753167,9.267286074599159],[77.282968226094539,9.268717442649208],[77.282076397137104,9.27140054015682],[77.281732066832518,9.272326161412469],[77.281989994282256,9.272815268110472],[77.28313479499846,9.27341583485034],[77.284704262622753,9.273755050682501],[77.287580056879918,9.273968012035779],[77.288507840679159,9.274183476043673],[77.287672053422966,9.276522375589906],[77.28763117507269,9.277928697121185],[77.288024332195889,9.280240258452649],[77.287861348039314,9.281356529646258],[77.287366107390966,9.282422195021718],[77.286913922345946,9.283022160772028],[77.28586794137793,9.284167135190813],[77.285349317977804,9.285354337635786],[77.285173310845863,9.286380130107984],[77.285616371219703,9.287358327675676],[77.285673392682554,9.287946235667745],[77.284756319109022,9.288580887445217],[77.283612442180342,9.290417655859008],[77.283204371037954,9.291320585720666],[77.28318704297962,9.292436986835096],[77.283847040685174,9.293931413019436],[77.282718495874278,9.296581587048086],[77.282184469068824,9.298551097401463],[77.282595714393622,9.299475016994885],[77.282967557406948,9.301338921297205],[77.284293684199739,9.300823239718477],[77.284794453702276,9.300752405113981],[77.285545398986798,9.300872808750947],[77.286603767699305,9.301567697640698],[77.287140170650147,9.301741050383518],[77.288083129945306,9.301567646307427],[77.288473973250703,9.301654985317031],[77.288837382423139,9.301886997642027],[77.289188632221311,9.303181119205661],[77.289423818891436,9.303679287935765],[77.289745596030031,9.304032790632172],[77.291657416709128,9.304052251585064],[77.292781020930079,9.304263897952849],[77.293662577131059,9.304768731436448],[77.294287918656025,9.305530028105727],[77.295271965422728,9.306830773749171],[77.296041381691722,9.308230285574707],[77.297274308677316,9.308320461614601],[77.297487445315369,9.308664876721476],[77.297753068066598,9.309624305109477],[77.298288794285682,9.310068962258221],[77.299519490443416,9.310918264313939],[77.299358975994352,9.312658581133217],[77.299463746588771,9.31418708076091],[77.299766654254086,9.314703341729],[77.300618674629547,9.316035108871214],[77.302032517657693,9.317934199200096],[77.302317745948656,9.318540925622864],[77.302500853358339,9.319540973668648],[77.302120056371962,9.320552542645041],[77.301888172291925,9.321795358171128],[77.301915242114674,9.322005828050997],[77.302456977661066,9.321745836397563],[77.304972809369914,9.32112820682071],[77.305692456412928,9.320639586993572],[77.310544863667275,9.319270009239474],[77.315849039355484,9.316831295110944],[77.3180090877689,9.314919412195184],[77.3176984881961,9.313536188244635],[77.316371530722122,9.30604093286812],[77.317232194810074,9.303144576876232],[77.317998570194803,9.301942541779189],[77.318989049741873,9.300874872092459],[77.31957336839227,9.300608832314376],[77.320515767750123,9.30074507029402],[77.324872278955823,9.300042885167187],[77.32621848419673,9.300269343408212],[77.331239943966523,9.302801872413752],[77.33267723430545,9.302538005318786],[77.339537205885648,9.300669769128069],[77.340365186036493,9.300867825406378],[77.343405745919597,9.299797867138228],[77.344510798296994,9.299643915874274],[77.345931258020968,9.299569139955885],[77.346287480560463,9.299119367786782],[77.347549531436556,9.299279315560234],[77.348890083812051,9.299596216150627],[77.349433260727494,9.299597586297063],[77.350255556384866,9.299599659737599],[77.35023463285637,9.299629803868333],[77.350225111253309,9.29986048560858],[77.350295205663301,9.300383972387696],[77.350295236184749,9.300384183942311],[77.350320671402486,9.300619173154281],[77.350335255931341,9.300618556974715],[77.350977062367036,9.300036072408615],[77.351798317046288,9.299095939401129],[77.352254452846523,9.297969140990244],[77.352581441611377,9.297921556322741],[77.352726615271322,9.297564786692746],[77.353074210659372,9.297292084850698],[77.353532681795258,9.29717938638116],[77.35463847740283,9.296760884016889],[77.355766113917795,9.295918106077396],[77.355817569639441,9.295733875272097],[77.355824950736746,9.295543474210497],[77.355716518547794,9.294973802905888],[77.355680626409253,9.294785239999658],[77.355911283973185,9.294801034409945],[77.356349705742673,9.294831055540064],[77.356380854963973,9.294768625453978],[77.356931037805765,9.29469744288925],[77.356960258038001,9.294645236513094],[77.35754156497724,9.293606648832709],[77.357637576812238,9.29343351662728],[77.357191961594282,9.292166395779086],[77.357111045009717,9.291857885862425],[77.356650936079518,9.291824121201929],[77.356417945156139,9.290592964320341],[77.356339839773426,9.290180244575268],[77.356142704063345,9.290193040051559],[77.35599463102983,9.289780484218907],[77.355966268795626,9.289701463060876],[77.356005429412008,9.289691247560267],[77.35716370813887,9.289389133159371],[77.357020805378298,9.289133479518952],[77.357421328141271,9.289051155142204],[77.357511478165677,9.288367660022212],[77.357072980569782,9.287757773224726],[77.356898134572916,9.287696973829815],[77.356718513849913,9.287634515122216],[77.356506128155047,9.286685171494073],[77.356501015645506,9.286556534272194],[77.356637251202656,9.286409169713236],[77.357009655393952,9.286006345656274],[77.357214400435339,9.285784876145323],[77.357499988404555,9.285703080802584],[77.3575308128719,9.285554838594331],[77.357449966276889,9.285419008101654],[77.357518021643557,9.285359757139934],[77.357508782994728,9.285121413280656],[77.357611151106596,9.284628811680321],[77.357624992577257,9.28457000955563],[77.357732767413907,9.284112114163053],[77.357771572277855,9.283947249639134],[77.357966617836396,9.283408936124481],[77.35814279917615,9.28304595192132],[77.35824859409405,9.282827984506934],[77.358268961472263,9.282786021762638]]]]}},
{"type":"Feature","properties":{"vill_name":"Naranapuram R.F","dist_name":"Tenkasi","taluk_name":"Sivagiri","village_co":"YYY","lgddcode":733.0,"lgdtcode":5870.0,"lgdvcode":0.0},"geometry":{"type":"MultiPolygon","coordinates":[[[[77.359777248294307,9.280593769905558],[77.360449077432378,9.280257503873299],[77.36143246589566,9.279754499225705],[77.361453579921132,9.279743393701866],[77.361815867332012,9.279552921267923],[77.362151315751206,9.279373035434771],[77.362934651675147,9.278971437640466],[77.363630202556934,9.278603543933638],[77.363848423261388,9.278500334560468],[77.363952903542526,9.278450351603745],[77.364748702952156,9.278064348440941],[77.365016504610878,9.277948651699615],[77.36540339656321,9.277803985889472],[77.365426304709331,9.277791676315243],[77.365952640876458,9.277501803418035],[77.366443173734851,9.277489983670193],[77.366800466677432,9.277665420123091],[77.367097284945686,9.277598563027556],[77.367490920412578,9.277525446798201],[77.368547378223312,9.277506265061845],[77.368564933413879,9.277505946318367],[77.368562811965745,9.277429761146612],[77.368559064534765,9.277295183888477],[77.368994103991568,9.277203401320453],[77.369315349369799,9.277142461943303],[77.369477166533585,9.277124316353275],[77.369505736081209,9.277121112667793],[77.36941873546381,9.276676175567296],[77.369382687184057,9.276491911082664],[77.369360758176072,9.276379818705946],[77.370431480177615,9.276054525526646],[77.371042910659085,9.275883622815584],[77.371043648516817,9.275883992152306],[77.371039818680146,9.275807991005586],[77.371039309243969,9.275805914561914],[77.371034507970805,9.275702316797924],[77.37072870165197,9.274496354379519],[77.370512488667174,9.273913057045796],[77.370342301354526,9.27342499670141],[77.369987290707812,9.272460794863759],[77.369896818852808,9.272217970403586],[77.369594814851993,9.271338496587687],[77.369413542213607,9.270789076076321],[77.369274401758346,9.270431324370863],[77.368899673691459,9.269469992885663],[77.368812962615081,9.269324691545526],[77.367814708320196,9.269025866607945],[77.367412367492122,9.268339872898546],[77.36724627342997,9.268331145318292],[77.367129117629688,9.268130454181772],[77.366779487756261,9.268027299921638],[77.366504880878978,9.267741948559321],[77.366511197416926,9.267575028255106],[77.365674310122259,9.267434406591349],[77.365514954712197,9.266973298783252],[77.365109555691078,9.26689222599817],[77.365033773062876,9.266619644355167],[77.36352777841563,9.266495482415722],[77.362603326872318,9.26640791533924],[77.36096902361264,9.26621698413352],[77.360108490492479,9.266129665900706],[77.359991930092917,9.266164310133606],[77.359719391994119,9.266245314260253],[77.359439694082297,9.266328467823291],[77.3589598326611,9.266493461724314],[77.358793401194646,9.266556189229048],[77.358642779325663,9.266612963733401],[77.358578536073267,9.266637180156373],[77.358154012004817,9.266902442049973],[77.358268299403861,9.268636746031699],[77.358324219410392,9.269485332314517],[77.359078886267511,9.272822684404547],[77.359072000679703,9.275551690919658],[77.35891325971474,9.277977094662544],[77.359063200603927,9.279038755367237],[77.359399010519638,9.27932933478372],[77.360316393218952,9.280123149825071],[77.360197494170535,9.280212070044596],[77.360154340065435,9.280244343363268],[77.359964595165238,9.280420168170762],[77.359777248294307,9.280593769905558]]]]}},
{"type":"Feature","properties":{"vill_name":"Thirumalapuram","dist_name":"Tenkasi","taluk_name":"Sivagiri","village_co":"6","lgddcode":733.0,"lgdtcode":5870.0,"lgdvcode":642625.0},"geometry":{"type":"MultiPolygon","coordinates":[[[[77.408690441082982,9.274474498453198],[77.408680751697872,9.274430489741698],[77.408596393144293,9.274369737949293],[77.408504555850755,9.274341820341002],[77.407881453536604,9.274398907485299],[77.407691032569886,9.274282028566342],[77.407561651680254,9.274319638728405],[77.407248159864196,9.27440889219854],[77.406978415903808,9.274472396725232],[77.406882758021794,9.27451110421659],[77.406874660694484,9.274514380052009],[77.406738510754479,9.274707747635691],[77.406596340266674,9.27493684141014],[77.406511439960582,9.275839287783722],[77.406518901799956,9.275858250087076],[77.406629009722536,9.276138060429473],[77.406620035305437,9.276177945141864],[77.406546665034355,9.27650402227045],[77.406117753435424,9.276504453900108],[77.406028222722554,9.276503953843234],[77.405346920978303,9.276796442789399],[77.404971575855498,9.2770919829746],[77.405008621615664,9.277151809962955],[77.405321229598968,9.27765665570216],[77.405469148127835,9.277789605535364],[77.405438964858718,9.277850900331419],[77.405350923647973,9.278029690376865],[77.405063253227127,9.278237838189661],[77.404060780677483,9.278589268826764],[77.403513208861881,9.278777716253332],[77.403078143388129,9.279227109238745],[77.402810062341572,9.279353951669687],[77.402333818415912,9.27959691599658],[77.402332435412617,9.279610662480094],[77.402319770596648,9.27960408096153],[77.401198281618292,9.279644984030686],[77.400333275788043,9.279680327738923],[77.399845016062599,9.279614520221841],[77.399190346430203,9.279918182319225],[77.398418881997401,9.279934691433684],[77.398157024042149,9.279752578073932],[77.398047522074066,9.279673721338025],[77.397664147895782,9.279423991023137],[77.397292031313683,9.27930177137063],[77.39678944119359,9.27855609891918],[77.39660136635834,9.278235304583911],[77.395842116133224,9.278361482858152],[77.395677470777741,9.278131867518885],[77.395431298742253,9.277869505560901],[77.395369795959496,9.277803957943068],[77.395567397685099,9.277598184429316],[77.395577459086624,9.277113006523917],[77.395578717019788,9.277052346846187],[77.395579921945483,9.276993423402006],[77.395072969021328,9.276862787403447],[77.39471077463763,9.277039502479782],[77.394252982175061,9.277269292005618],[77.394279468851281,9.277376339322124],[77.394258569652933,9.277391668331525],[77.394067415907912,9.27753185122878],[77.39383963715342,9.277726130274344],[77.393694553597086,9.277853563784712],[77.393508902060844,9.2780555847889],[77.393497586189483,9.278067899206485],[77.393403215006913,9.27817059082078],[77.393353657862903,9.278224517656378],[77.393088141321357,9.278412001523066],[77.39288639920747,9.278566577029945],[77.392836547351877,9.278587476888909],[77.392521361999059,9.278724726882558],[77.392255923428792,9.279008507923473],[77.392188380258688,9.27910629066076],[77.392115957060227,9.279158146386028],[77.391940355339031,9.279283880197287],[77.391940324212413,9.279283902452489],[77.391423384759705,9.279654036454852],[77.390722262498073,9.279551925745141],[77.390438857346297,9.279713128332361],[77.390070375448346,9.279917483225182],[77.3900594405969,9.279923546840104],[77.390029128596595,9.280321184246938],[77.39002590559474,9.280363462372485],[77.389965158129357,9.280397209180283],[77.389609144853324,9.280535372693318],[77.388737707360434,9.280460243494701],[77.388453981151798,9.280124501300293],[77.388256589114803,9.27986327729367],[77.388165388485888,9.279776737190575],[77.387562699442526,9.279488186933726],[77.387131564821047,9.279407287080746],[77.387125137698362,9.279405976239092],[77.386585594496253,9.279295920036263],[77.386406783591738,9.27918142090941],[77.386223637241926,9.279215385888779],[77.385935620530361,9.278808129254786],[77.385796643444579,9.278714767994622],[77.38565394246676,9.278618904445587],[77.385621973575596,9.278599294041719],[77.385391941088102,9.278458187928681],[77.385430420352705,9.278026822756166],[77.385449605670644,9.277815762278619],[77.385333605317385,9.277886600537718],[77.385235059736402,9.277844527976084],[77.385206582391774,9.277832370119116],[77.385151430647852,9.277769417502771],[77.385090384524176,9.277801929061136],[77.385010109094353,9.277748335000275],[77.384791319182384,9.277513355286738],[77.384511472899547,9.277181645325694],[77.384065760295627,9.276685271256092],[77.384034922684393,9.276650902826232],[77.383465609353081,9.276261016811857],[77.383035540861911,9.275964466774647],[77.382834427460836,9.275822484539892],[77.382821953164708,9.275793562432721],[77.382697435791812,9.275504859145512],[77.382564398556511,9.275211310211715],[77.382564244818667,9.275210971017467],[77.382340467493776,9.275193884860322],[77.381967417139705,9.27515665404059],[77.381503074355336,9.275106630610104],[77.381258509987376,9.275060254074809],[77.381165506816373,9.275042617293847],[77.380899710660998,9.274924994393045],[77.380681472768387,9.274822824608217],[77.380526726293056,9.274750378818021],[77.380443420041345,9.27494364040343],[77.380368244172558,9.275113106832793],[77.380341082455047,9.275174335858297],[77.380234996574131,9.27509784092865],[77.380225765456601,9.27559619830105],[77.380059093838369,9.275845838337995],[77.379922503075775,9.275927200953824],[77.37937305841227,9.277153466164908],[77.379253831320341,9.277419558858726],[77.3790826827491,9.277799475743194],[77.37878046083344,9.278071582788124],[77.378731466814727,9.27827128842797],[77.378709233363239,9.278585031692204],[77.378697263634919,9.278753940803382],[77.378683118473674,9.279284464624709],[77.378687114073003,9.27937613825614],[77.378688007484342,9.279396652867963],[77.378574144977591,9.279449114115192],[77.378549146173228,9.279533075705409],[77.37848254092404,9.279800918042186],[77.378537646494252,9.280056274967464],[77.37860437345735,9.280436618389537],[77.378611057721983,9.280474720829714],[77.378505998557571,9.28050007789944],[77.37850559664858,9.280500542362599],[77.378505019093936,9.28050120816833],[77.378443682247834,9.28071326381129],[77.378342254916731,9.280842141393414],[77.378254716104877,9.280949822763736],[77.378122321060019,9.281116013683832],[77.377928503826411,9.281280551501826],[77.377789263175899,9.281400004934014],[77.377624964723054,9.281536865010949],[77.37760406229286,9.281540534905881],[77.377460664116541,9.28156571027144],[77.377316850507469,9.281589306023131],[77.377154226114328,9.281615988839988],[77.377160074753618,9.281804397610145],[77.377017444239826,9.281704420506051],[77.376947734173996,9.281655556830122],[77.3768394544459,9.28157965659136],[77.376836178456159,9.281580789733496],[77.376829807055344,9.28158299375305],[77.376595350182725,9.281685139461386],[77.376089117166913,9.28176702606128],[77.37568794551531,9.281825673793366],[77.375294773797137,9.281945735398583],[77.375212732257381,9.281970788628888],[77.375016664687621,9.282434956220143],[77.37475166058907,9.282508268152053],[77.374595149322872,9.282552090185549],[77.37458996188137,9.282676822572363],[77.374581790246836,9.282873250447233],[77.374379639944308,9.283059164932494],[77.374268859513933,9.283155332193369],[77.374237607221616,9.283182462581577],[77.374015913151908,9.283291200220088],[77.373853893503338,9.283359913786219],[77.373807003073267,9.283541991477581],[77.373579640768426,9.283729738150132],[77.373557426862547,9.283806780318635],[77.373528857869999,9.283941736309419],[77.373493832537761,9.284048645460464],[77.373464492504652,9.284094991578691],[77.373417570610982,9.284169109651677],[77.373164783975497,9.284172926169274],[77.372742734985351,9.284323413214125],[77.372682939159859,9.284554724406439],[77.3724890017115,9.284633114475941],[77.372386602016434,9.284727077414072],[77.372260620964553,9.284842677387527],[77.371672044214876,9.284852365216107],[77.371548017882901,9.284766692556625],[77.3715027372686,9.284735414660563],[77.37146241278414,9.284538912607614],[77.371442803108252,9.284527084790307],[77.371394962967869,9.284498230983836],[77.371146600636507,9.284509628113845],[77.371135859480106,9.284485566793258],[77.37109070617015,9.284384414408596],[77.371089693502384,9.284382148107465],[77.371081769153704,9.284384772241467],[77.370821127439825,9.284471074873528],[77.370741221018577,9.284497532372006],[77.370498843891667,9.284596187826166],[77.37029953278153,9.284754663801346],[77.370028013283772,9.284720075292684],[77.369495262801436,9.284850566157436],[77.36928155921143,9.284902138792328],[77.369191227703809,9.285057277017314],[77.368513299104976,9.285200970213696],[77.368076445962316,9.285227581879543],[77.367820670469101,9.285234617426489],[77.367677915869848,9.285238543570534],[77.36765812227047,9.285209404167551],[77.367592737442621,9.285113146420521],[77.367056700838646,9.285133817647445],[77.367017411877001,9.285000545938702],[77.366838950676666,9.285009203001486],[77.366809303321588,9.284765045869026],[77.366675388564801,9.284151204818217],[77.366203402734754,9.284075424848693],[77.365850003603043,9.284028299326257],[77.365682677694224,9.28387119232435],[77.365535574888938,9.283518643346866],[77.365344564198836,9.283338914196126],[77.365098869827733,9.283453945931001],[77.365011066165863,9.283740303207809],[77.364380833592691,9.283926376758288],[77.364319317162071,9.283804157470248],[77.363714613766376,9.283152076586607],[77.363154648624715,9.283141355469752],[77.362606080339276,9.282796955504804],[77.361320997356771,9.282600862671474],[77.361040100206807,9.282653132889621],[77.360797804450598,9.282678908927657],[77.360642625310277,9.282722743472156],[77.36042182222873,9.282795266672364],[77.360239868369021,9.282819704865931],[77.36002821056131,9.282754456394692],[77.359599280819538,9.282633226021639],[77.359718692664686,9.282954558774717],[77.359733671413252,9.283039991163321],[77.359779904437332,9.283303684599616],[77.359514993237767,9.28335321943729],[77.359194654047627,9.283413118565038],[77.359121644091701,9.283091512248795],[77.358612750670545,9.283137815095305],[77.358477766216112,9.282741745615237],[77.358268961472263,9.282786021762638],[77.35824859409405,9.282827984506934],[77.35814279917615,9.28304595192132],[77.357966617836396,9.283408936124481],[77.357771572277855,9.283947249639134],[77.357732767413907,9.284112114163053],[77.357624992577257,9.28457000955563],[77.357611151106596,9.284628811680321],[77.357508782994728,9.285121413280656],[77.357518021643557,9.285359757139934],[77.357449966276889,9.285419008101654],[77.3575308128719,9.285554838594331],[77.357499988404555,9.285703080802584],[77.357214400435339,9.285784876145323],[77.357009655393952,9.286006345656274],[77.356637251202656,9.286409169713236],[77.356501015645506,9.286556534272194],[77.356506128155047,9.286685171494073],[77.356718513849913,9.287634515122216],[77.356898134572916,9.287696973829815],[77.357072980569782,9.287757773224726],[77.357511478165677,9.288367660022212],[77.357421328141271,9.289051155142204],[77.357020805378298,9.289133479518952],[77.35716370813887,9.289389133159371],[77.356005429412008,9.289691247560267],[77.355966268795626,9.289701463060876],[77.35599463102983,9.289780484218907],[77.356142704063345,9.290193040051559],[77.356339839773426,9.290180244575268],[77.356417945156139,9.290592964320341],[77.356650936079518,9.291824121201929],[77.357111045009717,9.291857885862425],[77.357191961594282,9.292166395779086],[77.357637576812238,9.29343351662728],[77.35754156497724,9.293606648832709],[77.356960258038001,9.294645236513094],[77.356931037805765,9.29469744288925],[77.356380854963973,9.294768625453978],[77.356349705742673,9.294831055540064],[77.355911283973185,9.294801034409945],[77.355680626409253,9.294785239999658],[77.355716518547794,9.294973802905888],[77.355824950736746,9.295543474210497],[77.355817569639441,9.295733875272097],[77.355766113917795,9.295918106077396],[77.35463847740283,9.296760884016889],[77.353532681795258,9.29717938638116],[77.353074210659372,9.297292084850698],[77.352726615271322,9.297564786692746],[77.352581441611377,9.297921556322741],[77.352254452846523,9.297969140990244],[77.351798317046288,9.299095939401129],[77.350977062367036,9.300036072408615],[77.350335255931341,9.300618556974715],[77.350320671402486,9.300619173154281],[77.3492040903961,9.300666343529707],[77.348867021863896,9.300880157312131],[77.348174670418885,9.301319336966923],[77.34905613735539,9.301815987343414],[77.349419588742478,9.302020769621505],[77.349939712092151,9.302160840056994],[77.350500426690814,9.30230813680005],[77.350690087592213,9.302346081488034],[77.351620908115905,9.302337741999388],[77.352246505311058,9.302305752729666],[77.352835488529152,9.302261330497608],[77.35439947829498,9.302099198593851],[77.355852220345639,9.30206738177888],[77.356016137725689,9.302156907220169],[77.356168532153234,9.302421315475819],[77.357191891335589,9.302551807253945],[77.357384578221783,9.302653335054632],[77.357553164194428,9.302751278962122],[77.358185323386664,9.302568041609284],[77.358755852809054,9.302521164835532],[77.359276315385699,9.302440082132939],[77.360095559618117,9.302400933082367],[77.36038417608475,9.30234033713076],[77.360807812632459,9.302294883195442],[77.360971669168279,9.302233318607103],[77.361199100947189,9.302148155125746],[77.362450462462832,9.301974866550818],[77.362796371995458,9.302028027136929],[77.362787840377933,9.301827582441573],[77.363060439264061,9.301761751503671],[77.363052203664736,9.301618865894289],[77.363362818838837,9.301573987399674],[77.363657917461225,9.30149661985619],[77.36372951360589,9.30161506714688],[77.364824772279633,9.30143432904752],[77.365256629060084,9.301399984719598],[77.365299348216823,9.301272753246208],[77.365574357696076,9.301232099082965],[77.366134933041707,9.301151984601637],[77.366990759210893,9.300750506526313],[77.367070215165313,9.300642604288688],[77.367964216395137,9.300551859582486],[77.36806750185977,9.300193099595425],[77.368906776384449,9.300129262665974],[77.370051777993496,9.300115630824733],[77.370072761460406,9.300217892826652],[77.370456849000121,9.300209529350806],[77.370597999634739,9.302096548415141],[77.370256406804899,9.302745371409088],[77.370204634374574,9.302843709204756],[77.370346898103378,9.303209126196469],[77.372086773761524,9.303640266294812],[77.372120710453814,9.303751240228207],[77.372451674731735,9.303747745363939],[77.372645199326726,9.303745701022198],[77.372695095689323,9.303850564135093],[77.372854024007253,9.303826123763622],[77.37316064596142,9.303778973674865],[77.373112406440455,9.303994486446113],[77.373390686008037,9.304019102844277],[77.373390490168617,9.303994477912871],[77.37390115193611,9.303982527420386],[77.374134245523038,9.303981396882946],[77.374460345065998,9.30397981422456],[77.374701460784991,9.304502107139495],[77.374719937498284,9.30472382696999],[77.37476008087215,9.30529653834539],[77.374762289751814,9.30532804663164],[77.374763592223601,9.305346629805216],[77.374786335416445,9.305349942391418],[77.374807536812284,9.305353029844639],[77.375009186494268,9.305382396853318],[77.375292516067475,9.305434105099915],[77.375374611917707,9.305617663297449],[77.375528460904562,9.305623190913037],[77.375582768907776,9.305723915490468],[77.375858057898924,9.305737160421137],[77.37596274432822,9.305746808069866],[77.376375979653076,9.30571348826045],[77.376831861648057,9.305676728817035],[77.376867855212467,9.305669083728484],[77.377649046708086,9.305598404160698],[77.377676642021569,9.305573526371921],[77.377731774932528,9.305523461449351],[77.377740843853104,9.305522974085402],[77.377798182719459,9.305519895476394],[77.377827391461722,9.305461921373729],[77.378605635576378,9.305476554722107],[77.378773908252242,9.30547971874886],[77.379415555131942,9.305465368565761],[77.379548348015106,9.305462398403671],[77.379629606943467,9.305791520776092],[77.379636719130318,9.305820328281918],[77.379695798125169,9.3060597632966],[77.379897102775885,9.306070658114049],[77.380065252131033,9.306079757915327],[77.380197202304757,9.306086899106825],[77.3802759156126,9.306559997846831],[77.380756566246944,9.306569405743748],[77.381173774128811,9.306570767515305],[77.381552700591484,9.306568856456616],[77.382863158395907,9.30618245471814],[77.382873558360671,9.305931827264796],[77.382891819747883,9.305491764622838],[77.382892935918505,9.305135563577306],[77.382445853733074,9.305168165002655],[77.382194297640368,9.305209571968284],[77.382049384586381,9.30523342401875],[77.381265160776877,9.305110626032494],[77.381242496532579,9.305143500508546],[77.381203131538811,9.305148723112296],[77.380968455060042,9.305179858246049],[77.380533673496572,9.305133764663747],[77.380350843245012,9.304243428244959],[77.380287964406321,9.303940638726882],[77.380242690778402,9.30385692871922],[77.380062797639468,9.303403837755784],[77.380214795319333,9.303389315287829],[77.380409541480347,9.303370708631535],[77.380893766473179,9.303324442724156],[77.381608919580998,9.303249960541782],[77.381774812382218,9.30320950093358],[77.381829910141718,9.303196062903179],[77.381968472192739,9.303204358931438],[77.382166802274483,9.303195536685083],[77.382453480392741,9.303198955546669],[77.382885162796768,9.303199529111115],[77.383023612173176,9.303199713061565],[77.383110545961728,9.303278314507857],[77.383663850653448,9.303280345576633],[77.384729181070014,9.303284253529309],[77.384771298063313,9.303284408212882],[77.384814558366557,9.303388151869504],[77.384894666326034,9.303279028992216],[77.385045826738107,9.30307312069179],[77.385523315210122,9.303106740531852],[77.3858074423907,9.3031049307874],[77.386560443096997,9.303064123620592],[77.386687915036418,9.30304741395258],[77.387675079216223,9.302918009278059],[77.387979472448436,9.302813920522997],[77.388006982623537,9.302804513454561],[77.388281869886384,9.302780069163482],[77.388449130470562,9.302529041931894],[77.388795591692499,9.302009064079254],[77.388926729451853,9.301822547736659],[77.388961203781449,9.301773514951805],[77.389288438293107,9.301818085836821],[77.389290591949887,9.301850952635832],[77.389304476784019,9.302062891157478],[77.38947370311179,9.302180154482352],[77.389473924976556,9.302180055618697],[77.38985895343032,9.302008126126795],[77.389918899066586,9.302015211753243],[77.390206114103961,9.302049157920328],[77.390477821144955,9.302084036457456],[77.39062726258021,9.302530914229859],[77.39067047141836,9.302543627009419],[77.391198095135607,9.302698866074843],[77.391264943592205,9.302972140151361],[77.39137356850749,9.303253807108065],[77.391448094822636,9.303447055057088],[77.391834667522161,9.303631433509906],[77.391908174792661,9.30366648183889],[77.391977880202262,9.303688615258604],[77.392039555729525,9.303708198244243],[77.392333208250761,9.303590455909651],[77.392743676009403,9.303434306994982],[77.393127537510097,9.30315141253916],[77.39338323588224,9.302935670327178],[77.393403264157698,9.302920883201043],[77.393506203053761,9.302844900354883],[77.393509561096039,9.302843587386336],[77.394122303129691,9.302604014960632],[77.394721227630811,9.302364684153455],[77.395080632071,9.302224011471713],[77.395309920185028,9.30213426737218],[77.395327241418357,9.302127496537659],[77.395346498992836,9.302119968891603],[77.39591892157928,9.302078877665988],[77.395959542484064,9.302330105364867],[77.396200783485696,9.302379888162926],[77.396315108089681,9.302403480376944],[77.396915864275698,9.302491343180511],[77.397314577216719,9.302567057567233],[77.397668320323163,9.302634256869119],[77.397745859342763,9.302838641290483],[77.398336086656002,9.302848153589222],[77.398427100700673,9.302835175045288],[77.398702770503149,9.302795869489476],[77.398930573074921,9.302763888203264],[77.399076966817773,9.3027433358802],[77.399282238931676,9.302427613452052],[77.399409852423091,9.302175541015455],[77.399587910747115,9.30180905464745],[77.399646778190032,9.30170750580815],[77.399676352068539,9.301656489042397],[77.400493100527754,9.301878675535809],[77.400816321937441,9.301780698228345],[77.401291329713786,9.301680036364541],[77.402045349131839,9.30149498627255],[77.402063610023063,9.301388820693782],[77.402204144049207,9.301362406293213],[77.402764048235767,9.301257168799694],[77.402833976332957,9.301165408643724],[77.403589196007005,9.300174389583857],[77.403695916798824,9.300039251793319],[77.403775861342453,9.29993801999443],[77.403941184855029,9.29994902010209],[77.40462022441713,9.299994202702177],[77.404678730337352,9.299998095256544],[77.404685477042278,9.300004736562538],[77.404898780563414,9.300039169265361],[77.405241199984715,9.300373515583795],[77.405582790375419,9.300707051763071],[77.405691850848228,9.300762071119488],[77.405955472424552,9.300786970818015],[77.406766751950983,9.300159521583682],[77.407234288021868,9.299811225960443],[77.407262732347206,9.299801277632842],[77.407479501605351,9.299725419102311],[77.407774039749029,9.299622343830588],[77.40810666266745,9.299506262599948],[77.409432397435296,9.299043595733172],[77.409939506289277,9.298866911523923],[77.410373727866684,9.298697203317042],[77.411183589105761,9.298673310280986],[77.411694171050073,9.298658246971879],[77.411681240531976,9.298545113961936],[77.411655002055468,9.298110915245397],[77.411919108652711,9.297939288247195],[77.412308840839671,9.297686023438089],[77.412716425990666,9.297376617135342],[77.41280929278868,9.297306119866764],[77.413073833190182,9.297094162283365],[77.413138515842519,9.29685967233814],[77.413256201040255,9.2968001787268],[77.413742605907572,9.296619334554528],[77.414047959606876,9.296578469642851],[77.414177527943792,9.296527981444004],[77.414313769958738,9.29652725879594],[77.414439983171491,9.296492517772117],[77.414511047761451,9.296472957156109],[77.414636005162848,9.296438103209285],[77.414677034546983,9.296370761125463],[77.414689142129603,9.296350889339205],[77.414808126929302,9.29634747864799],[77.414844200846673,9.296346443799973],[77.414770984132886,9.295775159106139],[77.414715889945057,9.295429635193889],[77.41457832698373,9.294573551215391],[77.414597784955447,9.294143345301608],[77.414617482953162,9.293736748326014],[77.416245426629203,9.293771220928196],[77.416241159136021,9.293254636276327],[77.416210015544067,9.290539224156721],[77.416209989152961,9.290532263251254],[77.416193961797717,9.290107068959189],[77.417330019578685,9.290003862482635],[77.418547853761098,9.289910577751192],[77.419202073139516,9.289830576771122],[77.420650257862491,9.289815233421185],[77.422573495160549,9.289789172907906],[77.423206674709533,9.289807838335934],[77.424250125764203,9.28979533582058],[77.424497599458931,9.289718179268153],[77.424642961589342,9.28955507793375],[77.424978394849319,9.289200622353178],[77.42540455529587,9.28925759874187],[77.425479585939613,9.289003874605649],[77.425648204822181,9.289091558558624],[77.42667084963341,9.289034404878251],[77.426700746621123,9.288850303932477],[77.42754635707422,9.288733230567351],[77.427556052779579,9.287666604475579],[77.427551067625487,9.286820498966986],[77.428750031810267,9.286625596955695],[77.428762127402024,9.286504333995405],[77.428762632278307,9.286499267913852],[77.428817652597587,9.285947606563782],[77.428812030066894,9.285866787758806],[77.428812974072798,9.285856236931334],[77.428809280603772,9.285827274571055],[77.428725048341036,9.285166646574107],[77.428667950023126,9.284691174706632],[77.428648828931372,9.284531951023528],[77.428602267639164,9.284329838918579],[77.428593186093778,9.284114793280688],[77.428600120569527,9.283938157563787],[77.429148183863489,9.283847355335253],[77.429168007221193,9.28383185897853],[77.429394283286243,9.283654969094592],[77.429389793416945,9.283319388658461],[77.429229520584258,9.282898296387327],[77.429248160811923,9.282790845960774],[77.429250252467313,9.282778785348736],[77.429170115789233,9.282070980858309],[77.429104258459233,9.281320118421595],[77.429098993023388,9.281260077954231],[77.429091844719593,9.281178576706019],[77.429038294080343,9.280568038888612],[77.429126928215879,9.280406315546491],[77.429138966946724,9.28030203388381],[77.429170552692838,9.280245120842443],[77.429169857796097,9.280194129884476],[77.429162567161256,9.27965908059358],[77.429111632806467,9.279332078573631],[77.429005079232624,9.278648000911781],[77.428998236384402,9.27860406904116],[77.42896633740115,9.278297328845019],[77.428924910436919,9.27789896381733],[77.430032462278774,9.277498676051735],[77.430162133817646,9.277452079781053],[77.430137023530364,9.277372867326864],[77.430009680907716,9.276971148176752],[77.429991094801125,9.276912517509263],[77.430175707448157,9.276750157936545],[77.430237363702346,9.276618984712023],[77.430620513544071,9.27623308716614],[77.431163802093522,9.276242177262029],[77.431192518203687,9.275384438022444],[77.431265393000814,9.274751387849124],[77.431414233356662,9.27463379913064],[77.431408449208035,9.274214099979782],[77.432430084608654,9.273730642098361],[77.432429742666216,9.273674864113984],[77.432503191890333,9.273634980129348],[77.43247653422705,9.272864093574093],[77.43266756690889,9.272761580486158],[77.432667635997305,9.27276121914368],[77.432668200329317,9.27276104330809],[77.432830011284636,9.272121119299284],[77.432859205410693,9.272005665992763],[77.43297995467745,9.271449488605343],[77.433018625430904,9.27144579547879],[77.433127706786152,9.271435379112932],[77.433136973523858,9.271390827857633],[77.433269659903118,9.27075292465525],[77.433316958597658,9.270504161239964],[77.433422694367835,9.269948051947136],[77.433608804832446,9.269824581877449],[77.433607371324797,9.269710140986382],[77.433605178160363,9.269535078735919],[77.433595331964725,9.268749027291593],[77.433591560502251,9.268726178030844],[77.433589112980329,9.268711350923413],[77.433526889913722,9.268334366639476],[77.433514820218107,9.268261241238164],[77.433473910946546,9.267705482031838],[77.433435265189615,9.267710249969756],[77.433443440899069,9.267670750806115],[77.433306031571618,9.267471893283579],[77.433253764416889,9.267257968954244],[77.433214899055542,9.266706608064618],[77.43315473922695,9.265853140635821],[77.433153187017183,9.265844864323974],[77.43302946582223,9.26518336164424],[77.432930175030108,9.263808531875734],[77.432928758222062,9.263798456687729],[77.432886408639391,9.263497173134374],[77.432818704588982,9.263350833052911],[77.432753656204554,9.263002953345605],[77.432748847627778,9.262977241756341],[77.432530872208105,9.26287086663247],[77.431934259222345,9.262335155440342],[77.431880950130449,9.262287288924918],[77.431898842117661,9.262191592098544],[77.431845823469601,9.262163283615449],[77.431402225354049,9.261926429678862],[77.431014870595334,9.261901191618605],[77.430376067502664,9.261418248201196],[77.430240173802417,9.261418189194417],[77.430181757809962,9.261255045500361],[77.430063456078443,9.260924655507834],[77.429953697827287,9.260846760458143],[77.429782931225404,9.260725565156042],[77.429412870100535,9.260633409818301],[77.428848821935603,9.260573986971439],[77.428473788999,9.260549847448649],[77.428437555373364,9.260559360018439],[77.428358249620345,9.260580179419382],[77.428225201251479,9.260603912156547],[77.428084895310718,9.260680947962864],[77.428137667092884,9.261355405457499],[77.428176295221277,9.261879439500955],[77.428120506212821,9.261927426342671],[77.428081604703877,9.261960887448856],[77.427855852240342,9.262155067566116],[77.42766546660755,9.262367385128385],[77.427649696793935,9.262384971694413],[77.427760163526543,9.263264431083849],[77.427771447881383,9.263354267648344],[77.428181368977349,9.263286119911925],[77.428179809265089,9.263424958788763],[77.428157782374001,9.26351379927741],[77.428072815573145,9.263873813156277],[77.428067938881867,9.264174877998689],[77.428111933805226,9.264543230320639],[77.42811594539846,9.264659903724178],[77.428119904237462,9.265199682619185],[77.428171598780153,9.265318255859462],[77.428188561320852,9.265492699949338],[77.428204899581914,9.265751932360459],[77.428195339639288,9.266004556657702],[77.428153364259501,9.266360895391651],[77.427997361295098,9.266445060206451],[77.427759721001038,9.266472352738386],[77.4277363027565,9.267079839305257],[77.427651886075154,9.267090790602644],[77.427587655723698,9.26751737709932],[77.427439062306618,9.267559259729426],[77.427402574196847,9.267951274408508],[77.427371051453946,9.268319142227728],[77.426933153358732,9.268347350131384],[77.426899689798802,9.268349679105198],[77.426618560076079,9.268369408114918],[77.426568350957609,9.268713186737459],[77.426524878329616,9.26898222068715],[77.426473060960618,9.269204499180834],[77.42640602336327,9.269453571012907],[77.426326949654211,9.269788957296104],[77.426370199112498,9.270063757424932],[77.426450231205365,9.27057950517149],[77.426579213921698,9.270850823294246],[77.426691722654127,9.271086365163487],[77.426760599720623,9.271208501441318],[77.426556246862262,9.271286731153177],[77.426302544303155,9.271464725232997],[77.42587294572985,9.271723813839424],[77.425664120433538,9.271859709767584],[77.425561885160079,9.271856890973227],[77.425526451962,9.271878770343569],[77.425426213191898,9.272264343063293],[77.425379286088841,9.272373244557825],[77.425341462156595,9.27247490800554],[77.425338072070247,9.272584441652072],[77.425327466503447,9.272771958800281],[77.425322852886197,9.272853534443771],[77.425322458636913,9.272860512879392],[77.425291396812938,9.27287269090351],[77.42501196442764,9.272982244548368],[77.425024068102957,9.273477398359738],[77.425024291344513,9.273486576810354],[77.424627286494854,9.273683970656684],[77.42433336539365,9.273734781315273],[77.424189806805998,9.273844783176928],[77.424065280127024,9.273816846518507],[77.423891829441843,9.273895523023652],[77.423746810210318,9.273923334045223],[77.42366224974262,9.273955399133673],[77.42360899563738,9.274095662857864],[77.423294737193785,9.274291736676568],[77.423291924346969,9.274313164803543],[77.423187011781977,9.274371057789184],[77.422873344157807,9.274544143211552],[77.422521638949291,9.274529270886962],[77.422055140815388,9.274512970967605],[77.421931763293969,9.274525147980237],[77.421649949075473,9.274553017590826],[77.421620834299091,9.27455573425372],[77.421335988742484,9.274582311114713],[77.42112292212515,9.274530999593697],[77.421024421220736,9.274507279508915],[77.420830537422475,9.274466034895189],[77.420301716347609,9.274478119525412],[77.419736267928087,9.274489588164528],[77.41917464132213,9.274508038596483],[77.41890216507268,9.27451698994739],[77.418458514871006,9.274551561010512],[77.418262242823317,9.274590301726551],[77.418074561624422,9.274627347177352],[77.417901697950327,9.274642786044852],[77.417419310109821,9.274611705232083],[77.417208933561596,9.27461626805372],[77.416946985793913,9.274621948705569],[77.416758685784629,9.274630908071854],[77.416348553018281,9.27473915378406],[77.416178499383435,9.274774014950179],[77.41600654989044,9.274811031872266],[77.415703570361671,9.27489518641482],[77.415684917282249,9.274900368327605],[77.415478648906301,9.274856803815538],[77.415213186166014,9.275007149656112],[77.414703131255649,9.275238064367853],[77.414391138593544,9.275251271324027],[77.414198672875358,9.275259323404022],[77.41378822153267,9.275260144860352],[77.413298731409341,9.275261125036517],[77.412515635849573,9.275309652863379],[77.412216097973158,9.275328214631591],[77.41165608788036,9.275375083585502],[77.411621442179467,9.275378349618647],[77.411546522083768,9.275385378571507],[77.411327827459459,9.275405896987706],[77.41101837682217,9.275505793627739],[77.41075844573173,9.275537364899549],[77.410374260162513,9.275597251895181],[77.410275629817008,9.275612560315487],[77.409974737436926,9.275634227432384],[77.409456071762122,9.275646460348527],[77.409329365136259,9.275649448437765],[77.409200847384213,9.275120914261503],[77.409090886815108,9.274986232812767],[77.409067835553628,9.274957998125537],[77.409009154676156,9.274923549862912],[77.408829613020757,9.2749006445991],[77.408785414899953,9.274895006654475],[77.408775289810706,9.274847458241714],[77.408718592269835,9.274581200713827],[77.408707047262098,9.274537438825959],[77.40869227336222,9.274481444953761],[77.408690441082982,9.274474498453198]]]]}},
{"type":"Feature","properties":{"vill_name":"Naranapuram - Part-2","dist_name":"Tenkasi","taluk_name":"Sivagiri","village_co":"102","lgddcode":733.0,"lgdtcode":5870.0,"lgdvcode":933535.0},"geometry":{"type":"MultiPolygon","coordinates":[[[[77.365535574888938,9.283518643346866],[77.365682677694224,9.28387119232435],[77.365850003603043,9.284028299326257],[77.366203402734754,9.284075424848693],[77.366675388564801,9.284151204818217],[77.366809303321588,9.284765045869026],[77.366838950676666,9.285009203001486],[77.367017411877001,9.285000545938702],[77.367056700838646,9.285133817647445],[77.367592737442621,9.285113146420521],[77.36765812227047,9.285209404167551],[77.367677915869848,9.285238543570534],[77.367820670469101,9.285234617426489],[77.368076445962316,9.285227581879543],[77.368513299104976,9.285200970213696],[77.369191227703809,9.285057277017314],[77.36928155921143,9.284902138792328],[77.369495262801436,9.284850566157436],[77.370028013283772,9.284720075292684],[77.37029953278153,9.284754663801346],[77.370498843891667,9.284596187826166],[77.370741221018577,9.284497532372006],[77.370821127439825,9.284471074873528],[77.371081769153704,9.284384772241467],[77.371089693502384,9.284382148107465],[77.37109070617015,9.284384414408596],[77.371135859480106,9.284485566793258],[77.371146600636507,9.284509628113845],[77.371394962967869,9.284498230983836],[77.371442803108252,9.284527084790307],[77.37146241278414,9.284538912607614],[77.3715027372686,9.284735414660563],[77.371548017882901,9.284766692556625],[77.371672044214876,9.284852365216107],[77.372260620964553,9.284842677387527],[77.372386602016434,9.284727077414072],[77.3724890017115,9.284633114475941],[77.372682939159859,9.284554724406439],[77.372742734985351,9.284323413214125],[77.373164783975497,9.284172926169274],[77.373417570610982,9.284169109651677],[77.373464492504652,9.284094991578691],[77.373493832537761,9.284048645460464],[77.373528857869999,9.283941736309419],[77.373557426862547,9.283806780318635],[77.373579640768426,9.283729738150132],[77.373807003073267,9.283541991477581],[77.373853893503338,9.283359913786219],[77.374015913151908,9.283291200220088],[77.374237607221616,9.283182462581577],[77.374268859513933,9.283155332193369],[77.374379639944308,9.283059164932494],[77.374581790246836,9.282873250447233],[77.37458996188137,9.282676822572363],[77.374595149322872,9.282552090185549],[77.37475166058907,9.282508268152053],[77.375016664687621,9.282434956220143],[77.375212732257381,9.281970788628888],[77.375294773797137,9.281945735398583],[77.37568794551531,9.281825673793366],[77.376089117166913,9.28176702606128],[77.376595350182725,9.281685139461386],[77.376829807055344,9.28158299375305],[77.376836178456159,9.281580789733496],[77.3768394544459,9.28157965659136],[77.376947734173996,9.281655556830122],[77.377017444239826,9.281704420506051],[77.377160074753618,9.281804397610145],[77.377154226114328,9.281615988839988],[77.377316850507469,9.281589306023131],[77.377460664116541,9.28156571027144],[77.37760406229286,9.281540534905881],[77.377624964723054,9.281536865010949],[77.377789263175899,9.281400004934014],[77.377928503826411,9.281280551501826],[77.378122321060019,9.281116013683832],[77.378254716104877,9.280949822763736],[77.378342254916731,9.280842141393414],[77.378443682247834,9.28071326381129],[77.378505019093936,9.28050120816833],[77.37850559664858,9.280500542362599],[77.378505998557571,9.28050007789944],[77.378611057721983,9.280474720829714],[77.37860437345735,9.280436618389537],[77.378537646494252,9.280056274967464],[77.37848254092404,9.279800918042186],[77.378549146173228,9.279533075705409],[77.378574144977591,9.279449114115192],[77.378688007484342,9.279396652867963],[77.378687114073003,9.27937613825614],[77.378683118473674,9.279284464624709],[77.378697263634919,9.278753940803382],[77.378709233363239,9.278585031692204],[77.378731466814727,9.27827128842797],[77.37878046083344,9.278071582788124],[77.3790826827491,9.277799475743194],[77.379253831320341,9.277419558858726],[77.37937305841227,9.277153466164908],[77.379922503075775,9.275927200953824],[77.380059093838369,9.275845838337995],[77.380225765456601,9.27559619830105],[77.380234996574131,9.27509784092865],[77.380341082455047,9.275174335858297],[77.380368244172558,9.275113106832793],[77.380443420041345,9.27494364040343],[77.380526726293056,9.274750378818021],[77.380681472768387,9.274822824608217],[77.380899710660998,9.274924994393045],[77.381165506816373,9.275042617293847],[77.381258509987376,9.275060254074809],[77.381503074355336,9.275106630610104],[77.381967417139705,9.27515665404059],[77.382340467493776,9.275193884860322],[77.382564244818667,9.275210971017467],[77.382564398556511,9.275211310211715],[77.382697435791812,9.275504859145512],[77.382821953164708,9.275793562432721],[77.382834427460836,9.275822484539892],[77.383035540861911,9.275964466774647],[77.383465609353081,9.276261016811857],[77.384034922684393,9.276650902826232],[77.384065760295627,9.276685271256092],[77.384511472899547,9.277181645325694],[77.384791319182384,9.277513355286738],[77.385010109094353,9.277748335000275],[77.385090384524176,9.277801929061136],[77.385151430647852,9.277769417502771],[77.385206582391774,9.277832370119116],[77.385235059736402,9.277844527976084],[77.385333605317385,9.277886600537718],[77.385449605670644,9.277815762278619],[77.385430420352705,9.278026822756166],[77.385391941088102,9.278458187928681],[77.385621973575596,9.278599294041719],[77.38565394246676,9.278618904445587],[77.385796643444579,9.278714767994622],[77.385935620530361,9.278808129254786],[77.386223637241926,9.279215385888779],[77.386406783591738,9.27918142090941],[77.386585594496253,9.279295920036263],[77.387125137698362,9.279405976239092],[77.387131564821047,9.279407287080746],[77.387562699442526,9.279488186933726],[77.388165388485888,9.279776737190575],[77.388256589114803,9.27986327729367],[77.388453981151798,9.280124501300293],[77.388737707360434,9.280460243494701],[77.389609144853324,9.280535372693318],[77.389965158129357,9.280397209180283],[77.39002590559474,9.280363462372485],[77.390029128596595,9.280321184246938],[77.3900594405969,9.279923546840104],[77.390070375448346,9.279917483225182],[77.390438857346297,9.279713128332361],[77.390722262498073,9.279551925745141],[77.391423384759705,9.279654036454852],[77.391940324212413,9.279283902452489],[77.391940355339031,9.279283880197287],[77.392115957060227,9.279158146386028],[77.392188380258688,9.27910629066076],[77.392255923428792,9.279008507923473],[77.392521361999059,9.278724726882558],[77.392836547351877,9.278587476888909],[77.39288639920747,9.278566577029945],[77.393088141321357,9.278412001523066],[77.393353657862903,9.278224517656378],[77.393403215006913,9.27817059082078],[77.393497586189483,9.278067899206485],[77.393508902060844,9.2780555847889],[77.393694553597086,9.277853563784712],[77.39383963715342,9.277726130274344],[77.394067415907912,9.27753185122878],[77.394258569652933,9.277391668331525],[77.394279468851281,9.277376339322124],[77.394252982175061,9.277269292005618],[77.39471077463763,9.277039502479782],[77.395072969021328,9.276862787403447],[77.395579921945483,9.276993423402006],[77.395578717019788,9.277052346846187],[77.395577459086624,9.277113006523917],[77.395567397685099,9.277598184429316],[77.395369795959496,9.277803957943068],[77.395431298742253,9.277869505560901],[77.395677470777741,9.278131867518885],[77.395842116133224,9.278361482858152],[77.39660136635834,9.278235304583911],[77.39678944119359,9.27855609891918],[77.397292031313683,9.27930177137063],[77.397664147895782,9.279423991023137],[77.398047522074066,9.279673721338025],[77.398157024042149,9.279752578073932],[77.398418881997401,9.279934691433684],[77.399190346430203,9.279918182319225],[77.399845016062599,9.279614520221841],[77.400333275788043,9.279680327738923],[77.401198281618292,9.279644984030686],[77.402319770596648,9.27960408096153],[77.402332435412617,9.279610662480094],[77.402333818415912,9.27959691599658],[77.402810062341572,9.279353951669687],[77.403078143388129,9.279227109238745],[77.403513208861881,9.278777716253332],[77.404060780677483,9.278589268826764],[77.405063253227127,9.278237838189661],[77.405350923647973,9.278029690376865],[77.405438964858718,9.277850900331419],[77.405469148127835,9.277789605535364],[77.405321229598968,9.27765665570216],[77.405008621615664,9.277151809962955],[77.404971575855498,9.2770919829746],[77.405346920978303,9.276796442789399],[77.406028222722554,9.276503953843234],[77.406117753435424,9.276504453900108],[77.406546665034355,9.27650402227045],[77.406620035305437,9.276177945141864],[77.406629009722536,9.276138060429473],[77.406518901799956,9.275858250087076],[77.406511439960582,9.275839287783722],[77.406596340266674,9.27493684141014],[77.406738510754479,9.274707747635691],[77.406874660694484,9.274514380052009],[77.406882758021794,9.27451110421659],[77.406887783782253,9.274478741095709],[77.406869199869433,9.274339661189337],[77.407388217594203,9.274239566589959],[77.407598459042433,9.27416264788843],[77.407788043978741,9.274174693155325],[77.407953964874153,9.274304905166153],[77.408360361618051,9.274230121243765],[77.408714135249141,9.274276346622043],[77.408721518332669,9.274276804779824],[77.408865351958895,9.27428573038587],[77.408949191321966,9.274290906784689],[77.409078200182904,9.274267976208],[77.409150346387619,9.274262590503508],[77.409376773334117,9.274183716221904],[77.409511634744405,9.273976589241105],[77.40952688482588,9.273768383413964],[77.409447108675181,9.273530831250149],[77.4095270605237,9.272994047292825],[77.409532814834606,9.272955413767283],[77.409639182282547,9.272855706700351],[77.409992733858573,9.272876093898317],[77.410264985824313,9.27289886177504],[77.41040805813897,9.272910826620963],[77.410696574083047,9.272811824920669],[77.41069873578239,9.272807842195174],[77.41089671203278,9.272443089778767],[77.411110079482143,9.272084140799436],[77.411076063334022,9.271950965029108],[77.410925316580048,9.271524046383892],[77.410786821858011,9.271217157056723],[77.411367490301885,9.270893601630782],[77.411428562915745,9.270960323766772],[77.41160877324532,9.270877991736368],[77.411777562450908,9.270766940802206],[77.41206495337417,9.270615382522616],[77.412162805023328,9.270516778742454],[77.412128122789397,9.270348004487964],[77.412170849043733,9.27022932887121],[77.412247333037939,9.270047916956635],[77.412329501659698,9.269959376225199],[77.412376613722358,9.269860357971552],[77.412435551658987,9.269707284993514],[77.412536316075474,9.269485853061399],[77.412783556166161,9.26919529385091],[77.412957103539114,9.26916989477693],[77.412974938574266,9.26908979069745],[77.412980179438662,9.26880417227332],[77.412938555106479,9.268768665593889],[77.412969222880932,9.2685123550363],[77.413091460488047,9.268235740338065],[77.413111923500182,9.268074948804003],[77.413153658034418,9.267734645399887],[77.413168888704831,9.267610065499175],[77.413324699998824,9.267364475248794],[77.413453544424712,9.267095438996508],[77.413628055809937,9.266771507749368],[77.413827756334285,9.266548315385187],[77.413863529586422,9.266508333934242],[77.413134659583932,9.26653573577615],[77.411635948479301,9.266571846790896],[77.410324568170793,9.266626633992116],[77.409135277198857,9.266589783541836],[77.4092158426201,9.266010330464425],[77.408759250831068,9.266285396940129],[77.408137606898435,9.266359790728824],[77.407913354258255,9.266386627640845],[77.407394194318371,9.266411781117206],[77.407127390143543,9.26494322784604],[77.406969774574875,9.263846649584828],[77.406923703383541,9.263391764852397],[77.406908098259649,9.262994725440896],[77.406865947362292,9.262512279020056],[77.406819737765304,9.261986138917067],[77.406788768457218,9.261282096555913],[77.406675667202677,9.260287922283103],[77.406599065084023,9.259511980839477],[77.40653133184361,9.259099595542459],[77.406441833829447,9.25860273208848],[77.406358983082043,9.25807227667935],[77.406316741611889,9.257633317894115],[77.406279291596547,9.257147773026899],[77.405830688859012,9.257179032076634],[77.406020137675497,9.256095990200048],[77.406171751386083,9.25560921168664],[77.406066741218027,9.255606254409461],[77.405720344536974,9.255596499249378],[77.405875239044406,9.255106404303007],[77.40600743146716,9.254636392832628],[77.405460849138564,9.254528332326824],[77.405007654496785,9.254528119276941],[77.404897441199239,9.254151297818431],[77.404921714303796,9.253523328062721],[77.404972917584217,9.252863794682744],[77.405297838894342,9.252283640267011],[77.405916362518752,9.251163675218134],[77.406174763319854,9.250757878219062],[77.406754589632399,9.250929467608241],[77.407131594118724,9.250929190314938],[77.407374220245188,9.250962684781584],[77.407440401657794,9.25097182110647],[77.407482511002129,9.250862248395244],[77.407661406346122,9.250057700759905],[77.407689922039808,9.249959515211907],[77.407487769769745,9.24987378373692],[77.407251479787902,9.249795462722208],[77.407128122536278,9.249795593868141],[77.406989033150595,9.249815993515123],[77.406816470138011,9.249881148275971],[77.406644364812777,9.250130377175692],[77.406413646063086,9.250246598661509],[77.406276633012951,9.250507405439167],[77.406004820193033,9.250384702482702],[77.405835820511413,9.250404630931037],[77.405468175825277,9.250715015266685],[77.405329633789677,9.250960773671723],[77.405240812129364,9.25096882276036],[77.404954859089301,9.251503965467336],[77.404361582160348,9.252179131039538],[77.403943369161468,9.252854415888764],[77.403789722817734,9.253329865042657],[77.40371621561215,9.253794412368473],[77.403662138340209,9.254148505241787],[77.403611853561543,9.254347864247212],[77.403337302074391,9.254905215039877],[77.403355037869957,9.255100367886826],[77.403246200519305,9.255082441577068],[77.402844678896557,9.255485700396529],[77.402594769074938,9.255719755498712],[77.401895032454519,9.256294790523476],[77.401895371005523,9.256548209359332],[77.401631954840596,9.256774234098179],[77.401122700154076,9.257160146017124],[77.400931211823519,9.257310372636256],[77.400011835841994,9.258135246137408],[77.399523713243227,9.258596916964297],[77.399395913980584,9.258381567363337],[77.39974647011806,9.258082054514322],[77.399980073044347,9.257861031549057],[77.4002072132091,9.257589753633784],[77.400539070944063,9.257282186150132],[77.400938724458143,9.256910800752728],[77.401363511868553,9.256538105213371],[77.401418609918338,9.25633712558003],[77.401470956486619,9.256107802618555],[77.401771316945698,9.255882320962208],[77.40232010080129,9.255482672247318],[77.402549108187927,9.255320788847264],[77.402662477407929,9.255236693891195],[77.40274445212583,9.255175894120233],[77.402977617442843,9.255116007328233],[77.403196334747861,9.254854709134634],[77.403292645204871,9.254712641888327],[77.403432996141476,9.254592962036488],[77.40340082595641,9.254413287890028],[77.403444870725735,9.254182375359283],[77.403562177128848,9.254177594749075],[77.403601663002888,9.254029072877824],[77.403638410743326,9.253646495680616],[77.403659040317748,9.253320179252093],[77.403780686715422,9.25288523113872],[77.403939808678516,9.252444798030691],[77.404039792887446,9.251996608767483],[77.40426098449413,9.251622766306339],[77.404467336947789,9.251545685765077],[77.40468835860807,9.251243756603534],[77.404852002393596,9.250998965850311],[77.405188139984759,9.250600012903119],[77.405366136576689,9.250356470666192],[77.405614213046221,9.250270980035335],[77.405689615713428,9.250100959454652],[77.406160688723389,9.250170756733858],[77.406336570506198,9.250030907909141],[77.406721827303045,9.249674070799742],[77.407053096469781,9.249465471979789],[77.408076580116528,9.249413422045428],[77.408125224723605,9.249410948191924],[77.408264025788569,9.249049367774438],[77.408438130662802,9.248619374435345],[77.408598067536005,9.248501430764367],[77.408665525273747,9.248472905420227],[77.408722935955865,9.248448628598629],[77.40882131709678,9.248526174085235],[77.408840418495927,9.248541230093709],[77.408916734308193,9.24842543093213],[77.409055862559526,9.248288005300912],[77.409425169572927,9.247648916759475],[77.409407909528937,9.247646067422927],[77.409384678975456,9.247503267857132],[77.40934063339958,9.247232515136552],[77.409325713049199,9.246996341716033],[77.409750501398662,9.247113659453285],[77.409852826868942,9.246835124535787],[77.409766889800437,9.246795022545649],[77.409767735498136,9.246780011098942],[77.409769282789966,9.24675254710862],[77.40975547972738,9.246749013409907],[77.409783922427494,9.24655267072605],[77.409771275827495,9.246502070194975],[77.409753033618884,9.246377206899743],[77.409728265742785,9.246207673505335],[77.4097323255167,9.246183802553844],[77.409747582826526,9.246094085039246],[77.409817870806336,9.245680769396255],[77.409821654291164,9.245648033765921],[77.409889703971828,9.245062645894109],[77.409816848090017,9.245005452315501],[77.409773751937863,9.24497162155555],[77.409756400989906,9.244957998747019],[77.409733780900211,9.24490133715044],[77.409699088196533,9.244814435368205],[77.409672285320468,9.244747292784934],[77.409663702517321,9.244725795977182],[77.409472450186144,9.24474086588771],[77.40934424726639,9.244693076746593],[77.40934331500425,9.244692352390409],[77.409342871423888,9.24469200668862],[77.409454405529885,9.244404161269173],[77.409736110027879,9.243769845201598],[77.409776375535287,9.243659990979927],[77.409774438580001,9.243611937995752],[77.409767804474356,9.243447349415828],[77.40975776034638,9.243283885890504],[77.409072268202195,9.243295202907593],[77.408589148626319,9.24329136537011],[77.408604324327129,9.242718492381],[77.408775082353912,9.242705999724967],[77.408806264608444,9.242469129873813],[77.408808969327708,9.242448581217124],[77.409194594985806,9.242444993055406],[77.409812540734322,9.242416778277459],[77.409844999467396,9.242415295841479],[77.409893904236057,9.242018881971743],[77.40989992211253,9.241970104224002],[77.409847217410999,9.241952231039985],[77.409491825122871,9.241831714002279],[77.409435202884481,9.241812512348078],[77.409425540353311,9.241757531568055],[77.409414828882859,9.241696577280056],[77.408938752781211,9.241690601486107],[77.408353508890556,9.24169147908923],[77.408304388871684,9.24169155319105],[77.40782619872337,9.241758740259471],[77.40714395307495,9.241834612962228],[77.406499990265829,9.241938613598167],[77.405587977050232,9.242051782707959],[77.40556653821011,9.242054442326952],[77.405565201270221,9.242096969681535],[77.405545609206882,9.242108101611816],[77.40553376220096,9.242114833295048],[77.405541634294906,9.242171835434165],[77.405182305372747,9.242198618032434],[77.404677243303396,9.242225004440655],[77.404535904751086,9.242198919303279],[77.404524403929088,9.242196797071955],[77.404255277444335,9.242182564434984],[77.404159397852141,9.242160325895625],[77.4041402366136,9.242155882485269],[77.403272239876046,9.241952241315198],[77.403174526447373,9.241929316094758],[77.402769087225323,9.242011629689808],[77.402667178561572,9.242032319637344],[77.402295408328811,9.241970630568982],[77.402258006714945,9.242037356483767],[77.402249757017771,9.242052066917459],[77.402073660028762,9.242074371362351],[77.401574287049684,9.242140629084309],[77.401144479287922,9.242206580291842],[77.401072572585008,9.242220811607069],[77.400584626405035,9.242317384531816],[77.399699381331942,9.242492586103806],[77.399301528657645,9.24258375826167],[77.398792283824946,9.242795040791274],[77.39868178616868,9.24283858220161],[77.397994765324569,9.2429695963045],[77.397882341664101,9.242991034893018],[77.3974408211797,9.243003904731721],[77.397212955132105,9.243010546554455],[77.396986150890712,9.243040535118681],[77.39654620138198,9.242960455736245],[77.396443701020971,9.242963577560335],[77.396365242304825,9.242965967769914],[77.396257217656967,9.242981971894094],[77.39626468399311,9.243055104263624],[77.396305116178382,9.243451190594802],[77.394814815639137,9.243527839037835],[77.393973261591654,9.243548695990818],[77.393871642721862,9.243487077976521],[77.393608143917788,9.243568042915346],[77.393258756066672,9.243538780961881],[77.392029234954734,9.243583901754469],[77.391986270995545,9.243605725775973],[77.39196828920349,9.243614866082044],[77.391811189257027,9.243650419394546],[77.391693134276679,9.243677229390455],[77.391101884277305,9.243844605087761],[77.390937803361936,9.243879208363346],[77.390747400344765,9.243983651371636],[77.390554789630016,9.243974186716404],[77.390339415282767,9.24387135438185],[77.390329110213798,9.243871310214596],[77.389405536858305,9.243867381172093],[77.389395138984526,9.243886854208775],[77.38909595701557,9.243881832451162],[77.388861682792708,9.244084153518536],[77.388537081628712,9.244350368843827],[77.388460810452798,9.2444130326879],[77.388047970422548,9.244241639630658],[77.387962128721995,9.243919018948864],[77.38791502410912,9.243885610013441],[77.387148660151254,9.243342059926274],[77.386793038618833,9.243277508928367],[77.386778883836399,9.243266571741808],[77.386565860482278,9.243233631153675],[77.386415605838266,9.243210397799743],[77.386114925765924,9.243183160217049],[77.385954395582814,9.243080483236323],[77.385761369680793,9.243050255330079],[77.38564472514598,9.243031988129827],[77.385581673005632,9.243022113503821],[77.384599469921298,9.242477064968069],[77.384585210201053,9.242292449273682],[77.384580817007972,9.242235575083487],[77.384005763137736,9.241753950550589],[77.383920676706339,9.241765243063119],[77.383868028199302,9.241720439048734],[77.382850025740865,9.241842226861621],[77.38237948805353,9.241682696658504],[77.382071103081017,9.241578144244867],[77.382046389652217,9.241578767000419],[77.381933292831135,9.241535872597655],[77.381886405784613,9.241518090631191],[77.381810401584701,9.241601411048171],[77.381840128674739,9.242285755891066],[77.381434497867559,9.242358813108071],[77.380849992310615,9.242464085536684],[77.380644704088724,9.242487935773735],[77.380493417331095,9.242491414598435],[77.380484428385074,9.242491617265378],[77.380475435804755,9.242491819895386],[77.380413104019425,9.242519164977544],[77.380326945976762,9.242556962892058],[77.379694320120933,9.242433140746305],[77.379237332289193,9.242445218893231],[77.378590222802757,9.242508127205845],[77.378546194298067,9.242512407654981],[77.378532794446286,9.242616176029872],[77.378522858434565,9.242692951277258],[77.378490012291238,9.24294675181002],[77.378462694954152,9.243596179593945],[77.378455987004642,9.243755657010738],[77.378464678321663,9.243975174484667],[77.378547086541928,9.244478122669301],[77.378704049148396,9.244566935001533],[77.378671321260185,9.245085428747423],[77.378722296345103,9.245394181875275],[77.378725065901548,9.245410974341983],[77.3787836936784,9.245789448301577],[77.378797583853284,9.245879122914786],[77.378871725376627,9.24587986378488],[77.3791222428937,9.245882368277837],[77.37937840554693,9.245838849359261],[77.379380092533395,9.246152247892921],[77.379379465661415,9.246457322051224],[77.379378145422933,9.247099950564161],[77.379378055805418,9.247143687216937],[77.37937695797082,9.247678177878822],[77.37938345051451,9.247683062890218],[77.380453691160838,9.247667035668199],[77.380497003682706,9.248153202026216],[77.380551606873098,9.248637060308026],[77.380608212905472,9.248990905409181],[77.380623401228419,9.250305763177021],[77.380637670353281,9.251347054826272],[77.380615042493275,9.251358776671967],[77.379981747349944,9.251686840746505],[77.379936707909664,9.251803256634869],[77.379856573133125,9.252010385345672],[77.379711563711268,9.252582753034973],[77.377819445500762,9.252347855925477],[77.377214300592456,9.253066590470036],[77.37669952491062,9.253756448118883],[77.376632838022147,9.253811132162177],[77.376612462544486,9.253871597585212],[77.376385058454957,9.253931885801283],[77.374616880042424,9.252519186681123],[77.374138670688964,9.252571308326274],[77.373874577698786,9.252592761262299],[77.373587462045009,9.252425022398977],[77.373056048915217,9.252432229729061],[77.372897193674206,9.252338394518723],[77.372673669571398,9.252331185013769],[77.372368332191542,9.252111797980582],[77.371933089580793,9.251908409563269],[77.371637944429068,9.251921230176913],[77.371631251620116,9.252084482981902],[77.371161872509703,9.252096285686573],[77.370633813770226,9.252125695337917],[77.370633480762166,9.252275232549433],[77.37022354611284,9.25232612260187],[77.369782327202984,9.25214015376682],[77.369271243802118,9.251952508596151],[77.368674249369676,9.251746086709117],[77.368650925655544,9.251744558710113],[77.36847841281093,9.25173325601213],[77.368336849200233,9.25155326663532],[77.368074927056881,9.251643061291075],[77.367992077391818,9.251665772793293],[77.367866340403381,9.2516763650936],[77.367683511058445,9.251737830846794],[77.367597205854096,9.251889325818514],[77.367509439752013,9.251958825331753],[77.367073856056081,9.252303751836697],[77.365981871345028,9.25313131418079],[77.366011721198589,9.254146061312968],[77.366047290169533,9.254590545321047],[77.366071166528755,9.255118490116615],[77.366072235400608,9.255320854362761],[77.3659535345557,9.255605320643399],[77.365788699810366,9.255937567385145],[77.365571456732226,9.256375450215796],[77.365549118300024,9.256421163869723],[77.365030317850312,9.25748284375868],[77.365004334719458,9.257873044079552],[77.36495142424468,9.258835325446743],[77.364916706363815,9.259492001967955],[77.364501033837598,9.259651424539955],[77.363474426728956,9.260034601112936],[77.362921180009067,9.260168719890045],[77.362407454743106,9.260295468553172],[77.361408603430704,9.260549245726795],[77.360003146332303,9.260916304284573],[77.359012212503046,9.261114039565879],[77.358834939949787,9.261149402273166],[77.358792184515224,9.261105539446611],[77.358674918202098,9.26098523586403],[77.358555803171384,9.260998666325536],[77.357745351869852,9.261090046354925],[77.356722693479654,9.261209034391154],[77.356565279689462,9.261533248818187],[77.355845610942623,9.261640511680323],[77.355887634716026,9.262178914246553],[77.356127769412694,9.262205965039763],[77.356512899668516,9.262693355889549],[77.356738784845362,9.263016350853905],[77.356738784875432,9.263016350897956],[77.356738785139044,9.263016350870819],[77.357503071161545,9.263317012212401],[77.357611640729345,9.263616356257907],[77.357947597234457,9.263488274330985],[77.358088823646554,9.263730034779831],[77.35848918775612,9.263719096456658],[77.358701062722034,9.263552394860438],[77.358950703944572,9.263835015137708],[77.359395434404021,9.263869360302492],[77.359537542490429,9.263762296223513],[77.359517787697371,9.263501646661464],[77.359484323196355,9.263096593045011],[77.359578996242092,9.263050622702936],[77.359539630714735,9.262826862004284],[77.360079248320503,9.262865082091276],[77.360099164622397,9.262937805590386],[77.360549394548741,9.262924988980428],[77.360572023980936,9.262915112829059],[77.360807188290877,9.262913003705515],[77.360833882068846,9.262671889089928],[77.360785460182271,9.262586333918113],[77.360897671985342,9.262201918443742],[77.361580482946522,9.262132279786451],[77.361678336462134,9.262358301761489],[77.362151513582006,9.262217497823132],[77.362281667096696,9.26223837971037],[77.362572905663285,9.261912201774647],[77.362624519120786,9.261871964312036],[77.362841774517207,9.261702560513143],[77.36295789841347,9.261471708834264],[77.363193529126647,9.261306873759924],[77.363227104866439,9.261277703868425],[77.363327456306948,9.261190512486465],[77.363494492063651,9.261058829485435],[77.363496928760171,9.260960398186233],[77.363503080854116,9.260815922721092],[77.36371629315866,9.261011648285043],[77.363980097543973,9.261116579610166],[77.364279247961079,9.260916040198229],[77.364927947473589,9.261313443328826],[77.365615771784334,9.261874116882625],[77.365902839601503,9.2620809172276],[77.366092698206913,9.26203887123817],[77.366671783451622,9.262004659495064],[77.366783362217049,9.262130920072572],[77.366968845702672,9.26223136715763],[77.366931524730276,9.262723122061834],[77.366941985773749,9.263073082076104],[77.366155588112392,9.263312290638783],[77.365644810954564,9.263394810547641],[77.365431238744478,9.263429028211618],[77.36523969370586,9.263495094515282],[77.365015683523922,9.263572726982497],[77.365018053831989,9.26366737512026],[77.36504274342704,9.263898426485055],[77.365075781764304,9.264076620903461],[77.365619387447737,9.264134645789415],[77.366726855945146,9.263891793950259],[77.367034947336407,9.264894364289294],[77.367870151699037,9.264666549813635],[77.367894939182307,9.265226214027811],[77.367803124941361,9.265251139478226],[77.36779950005436,9.265630191553623],[77.367254018816851,9.265728402089648],[77.367261108919891,9.266296369307373],[77.366754779137125,9.266293440331365],[77.366643012375718,9.266785577967457],[77.366586494169141,9.266988653454698],[77.366511197416926,9.267575028255106],[77.366504880878978,9.267741948559321],[77.366779487756261,9.268027299921638],[77.367129117629688,9.268130454181772],[77.36724627342997,9.268331145318292],[77.367412367492122,9.268339872898546],[77.367814708320196,9.269025866607945],[77.368812962615081,9.269324691545526],[77.368899673691459,9.269469992885663],[77.369274401758346,9.270431324370863],[77.369413542213607,9.270789076076321],[77.369594814851993,9.271338496587687],[77.369896818852808,9.272217970403586],[77.369987290707812,9.272460794863759],[77.370342301354526,9.27342499670141],[77.370512488667174,9.273913057045796],[77.37072870165197,9.274496354379519],[77.371034507970805,9.275702316797924],[77.371039309243969,9.275805914561914],[77.371039818680146,9.275807991005586],[77.371043648516817,9.275883992152306],[77.371042910659085,9.275883622815584],[77.370431480177615,9.276054525526646],[77.369360758176072,9.276379818705946],[77.369382687184057,9.276491911082664],[77.36941873546381,9.276676175567296],[77.369505736081209,9.277121112667793],[77.369477166533585,9.277124316353275],[77.369315349369799,9.277142461943303],[77.368994103991568,9.277203401320453],[77.368559064534765,9.277295183888477],[77.368562811965745,9.277429761146612],[77.368564933413879,9.277505946318367],[77.368547378223312,9.277506265061845],[77.367490920412578,9.277525446798201],[77.367097284945686,9.277598563027556],[77.366800466677432,9.277665420123091],[77.366443173734851,9.277489983670193],[77.365952640876458,9.277501803418035],[77.365426304709331,9.277791676315243],[77.36540339656321,9.277803985889472],[77.365016504610878,9.277948651699615],[77.364748702952156,9.278064348440941],[77.363952903542526,9.278450351603745],[77.363848423261388,9.278500334560468],[77.363630202556934,9.278603543933638],[77.362934651675147,9.278971437640466],[77.362151315751206,9.279373035434771],[77.361815867332012,9.279552921267923],[77.361453579921132,9.279743393701866],[77.36143246589566,9.279754499225705],[77.36094182188323,9.280005446347689],[77.360449077432378,9.280257503873299],[77.360031350054626,9.28046572145729],[77.359665365040968,9.280650150770292],[77.35938092843881,9.280811470590988],[77.359374266754884,9.280972295988615],[77.359354631493559,9.281446327592176],[77.359121308022864,9.281709687499282],[77.35895807981818,9.281893928564687],[77.35888588726489,9.282010158349498],[77.358638172290767,9.282408978682405],[77.358477766216112,9.282741745615237],[77.358612750670545,9.283137815095305],[77.359121644091701,9.283091512248795],[77.359194654047627,9.283413118565038],[77.359514993237767,9.28335321943729],[77.359779904437332,9.283303684599616],[77.359733671413252,9.283039991163321],[77.359718692664686,9.282954558774717],[77.359599280819538,9.282633226021639],[77.36002821056131,9.282754456394692],[77.360239868369021,9.282819704865931],[77.36042182222873,9.282795266672364],[77.360642625310277,9.282722743472156],[77.360797804450598,9.282678908927657],[77.361040100206807,9.282653132889621],[77.361320997356771,9.282600862671474],[77.362606080339276,9.282796955504804],[77.363154648624715,9.283141355469752],[77.363714613766376,9.283152076586607],[77.364319317162071,9.283804157470248],[77.364380833592691,9.283926376758288],[77.365011066165863,9.283740303207809],[77.365098869827733,9.283453945931001],[77.365344564198836,9.283338914196126],[77.365535574888938,9.283518643346866]]],[[[77.358578536073267,9.266637180156373],[77.358642779325663,9.266612963733401],[77.35857502759886,9.266613676692874],[77.358374416443823,9.266615787747895],[77.358388258936301,9.266412253146429],[77.358275715077411,9.266510654718568],[77.358143354576484,9.266542227713028],[77.357922675728645,9.266586084122698],[77.357479694441366,9.266686671890591],[77.357358971712074,9.266365307119482],[77.357278013871024,9.266121727343812],[77.357043305183609,9.266121856779478],[77.357040014364813,9.266122902258358],[77.357042881003991,9.266136880502232],[77.357129404067138,9.266564092459491],[77.357260219879876,9.267248342919235],[77.357260795736138,9.267251355016178],[77.357281292119495,9.267360989507113],[77.357290400709758,9.26740971106152],[77.357304240328617,9.267483738734722],[77.358019002971176,9.266986801817954],[77.358154012004817,9.266902442049973],[77.358578536073267,9.266637180156373]]],[[[77.415869363243402,9.273398386509681],[77.41621998953481,9.273292267107777],[77.41654405533842,9.273194765212244],[77.416995989499526,9.273083505292252],[77.417106260810442,9.273159089766713],[77.417987182711968,9.272949576101302],[77.417813907036773,9.272441135892855],[77.417606438283556,9.271760532307804],[77.417048693291463,9.271840899734739],[77.416960845622043,9.271610584790253],[77.416169550987192,9.27177475976886],[77.415604119826355,9.271844570681186],[77.415696460703032,9.272482010020294],[77.415656015523737,9.272520008709066],[77.415717757221145,9.272890025202413],[77.415869363243402,9.273398386509681]]],[[[77.420901499454075,9.268172429452134],[77.421648135711351,9.267985080120551],[77.421664911180429,9.268029132663617],[77.421838901795866,9.26796948843676],[77.421930224514696,9.267906848181346],[77.422101969904858,9.267855869230717],[77.42212133448227,9.267770413738395],[77.422475932270487,9.267677558435841],[77.42260792803512,9.267565454111869],[77.422561571783675,9.267368262408265],[77.422736087178421,9.267323177765945],[77.422878358582494,9.267252004116042],[77.422994064678676,9.267217328053917],[77.423168716431874,9.267189999182541],[77.423422384349422,9.267042880620608],[77.423436108205948,9.26680646740534],[77.423967481981919,9.266497907941208],[77.42385619519149,9.265727670953684],[77.423467667685841,9.265791492418327],[77.423314265908544,9.265761063208073],[77.423297938287604,9.265625253969482],[77.422943387204484,9.265717263465067],[77.422962185568139,9.265789924809614],[77.422545472550112,9.265916551677577],[77.422263468078654,9.266014130373934],[77.422004305824004,9.266151247321998],[77.421597913204991,9.266334075822332],[77.421424617669786,9.266537081461337],[77.421133108492228,9.26674070431727],[77.420912221021638,9.266875183966622],[77.420724499196126,9.266948136517769],[77.420908997922794,9.267435752087605],[77.420749511686992,9.267508941003198],[77.420809455218006,9.267785404375116],[77.420866634061724,9.267982028609914],[77.420901499454075,9.268172429452134]]]]}},
{"type":"Feature","properties":{"vill_name":"Naranapuram - Part-1","dist_name":"Tenkasi","taluk_name":"Sivagiri","village_co":"101","lgddcode":733.0,"lgdtcode":5870.0,"lgdvcode":642625.99999999988},"geometry":{"type":"MultiPolygon","coordinates":[[[[77.365674310122259,9.267434406591349],[77.366511197416926,9.267575028255106],[77.366586494169141,9.266988653454698],[77.366643012375718,9.266785577967457],[77.366754779137125,9.266293440331365],[77.367261108919891,9.266296369307373],[77.367254018816851,9.265728402089648],[77.36779950005436,9.265630191553623],[77.367803124941361,9.265251139478226],[77.367894939182307,9.265226214027811],[77.367870151699037,9.264666549813635],[77.367034947336407,9.264894364289294],[77.366726855945146,9.263891793950259],[77.365619387447737,9.264134645789415],[77.365075781764304,9.264076620903461],[77.36504274342704,9.263898426485055],[77.365018053831989,9.26366737512026],[77.365015683523922,9.263572726982497],[77.36523969370586,9.263495094515282],[77.365431238744478,9.263429028211618],[77.365644810954564,9.263394810547641],[77.366155588112392,9.263312290638783],[77.366941985773749,9.263073082076104],[77.366931524730276,9.262723122061834],[77.366968845702672,9.26223136715763],[77.366783362217049,9.262130920072572],[77.366671783451622,9.262004659495064],[77.366092698206913,9.26203887123817],[77.365902839601503,9.2620809172276],[77.365615771784334,9.261874116882625],[77.364927947473589,9.261313443328826],[77.364279247961079,9.260916040198229],[77.363980097543973,9.261116579610166],[77.36371629315866,9.261011648285043],[77.363503080854116,9.260815922721092],[77.363496928760171,9.260960398186233],[77.363494492063651,9.261058829485435],[77.363327456306948,9.261190512486465],[77.363227104866439,9.261277703868425],[77.363193529126647,9.261306873759924],[77.36295789841347,9.261471708834264],[77.362841774517207,9.261702560513143],[77.362624519120786,9.261871964312036],[77.362572905663285,9.261912201774647],[77.362281667096696,9.26223837971037],[77.362151513582006,9.262217497823132],[77.361678336462134,9.262358301761489],[77.361580482946522,9.262132279786451],[77.360897671985342,9.262201918443742],[77.360785460182271,9.262586333918113],[77.360833882068846,9.262671889089928],[77.360807188290877,9.262913003705515],[77.360572023980936,9.262915112829059],[77.360549394548741,9.262924988980428],[77.360099164622397,9.262937805590386],[77.360079248320503,9.262865082091276],[77.359539630714735,9.262826862004284],[77.359578996242092,9.263050622702936],[77.359484323196355,9.263096593045011],[77.359517787697371,9.263501646661464],[77.359537542490429,9.263762296223513],[77.359395434404021,9.263869360302492],[77.358950703944572,9.263835015137708],[77.358701062722034,9.263552394860438],[77.35848918775612,9.263719096456658],[77.358088823646554,9.263730034779831],[77.357947597234457,9.263488274330985],[77.357611640729345,9.263616356257907],[77.357503071161545,9.263317012212401],[77.356738785139044,9.263016350870819],[77.356816843159393,9.263128017798508],[77.357210816425592,9.263821711143821],[77.357646492120523,9.264529565480389],[77.357772799824318,9.264777080381526],[77.357857445360366,9.264943035703549],[77.357471131552259,9.265174929793409],[77.357478043322629,9.265270651667546],[77.35734985953529,9.265277317593043],[77.357066039888466,9.265777961556198],[77.357046803361726,9.265997858516926],[77.357043305183609,9.266121856779478],[77.357278013871024,9.266121727343812],[77.357358971712074,9.266365307119482],[77.357479694441366,9.266686671890591],[77.357922675728645,9.266586084122698],[77.358143354576484,9.266542227713028],[77.358275715077411,9.266510654718568],[77.358388258936301,9.266412253146429],[77.358374416443823,9.266615787747895],[77.35857502759886,9.266613676692874],[77.358642779325663,9.266612963733401],[77.358793401194646,9.266556189229048],[77.3589598326611,9.266493461724314],[77.359439694082297,9.266328467823291],[77.359719391994119,9.266245314260253],[77.359991930092917,9.266164310133606],[77.360108490492479,9.266129665900706],[77.36096902361264,9.26621698413352],[77.362603326872318,9.26640791533924],[77.36352777841563,9.266495482415722],[77.365033773062876,9.266619644355167],[77.365109555691078,9.26689222599817],[77.365514954712197,9.266973298783252],[77.365674310122259,9.267434406591349]]],[[[77.406978415903808,9.274472396725232],[77.407248159864196,9.27440889219854],[77.407561651680254,9.274319638728405],[77.407691032569886,9.274282028566342],[77.407881453536604,9.274398907485299],[77.408504555850755,9.274341820341002],[77.408596393144293,9.274369737949293],[77.408680751697872,9.274430489741698],[77.408690441082982,9.274474498453198],[77.40869227336222,9.274481444953761],[77.408707047262098,9.274537438825959],[77.408718592269835,9.274581200713827],[77.408775289810706,9.274847458241714],[77.408785414899953,9.274895006654475],[77.408829613020757,9.2749006445991],[77.409009154676156,9.274923549862912],[77.409067835553628,9.274957998125537],[77.409090886815108,9.274986232812767],[77.409200847384213,9.275120914261503],[77.409329365136259,9.275649448437765],[77.409456071762122,9.275646460348527],[77.409974737436926,9.275634227432384],[77.410275629817008,9.275612560315487],[77.410374260162513,9.275597251895181],[77.41075844573173,9.275537364899549],[77.41101837682217,9.275505793627739],[77.411327827459459,9.275405896987706],[77.411546522083768,9.275385378571507],[77.411621442179467,9.275378349618647],[77.41165608788036,9.275375083585502],[77.412216097973158,9.275328214631591],[77.412515635849573,9.275309652863379],[77.413298731409341,9.275261125036517],[77.41378822153267,9.275260144860352],[77.414198672875358,9.275259323404022],[77.414391138593544,9.275251271324027],[77.414703131255649,9.275238064367853],[77.415213186166014,9.275007149656112],[77.415478648906301,9.274856803815538],[77.415684917282249,9.274900368327605],[77.415703570361671,9.27489518641482],[77.41600654989044,9.274811031872266],[77.416178499383435,9.274774014950179],[77.416348553018281,9.27473915378406],[77.416758685784629,9.274630908071854],[77.416946985793913,9.274621948705569],[77.417208933561596,9.27461626805372],[77.417419310109821,9.274611705232083],[77.417901697950327,9.274642786044852],[77.418074561624422,9.274627347177352],[77.418262242823317,9.274590301726551],[77.418458514871006,9.274551561010512],[77.41890216507268,9.27451698994739],[77.41917464132213,9.274508038596483],[77.419736267928087,9.274489588164528],[77.420301716347609,9.274478119525412],[77.420830537422475,9.274466034895189],[77.421024421220736,9.274507279508915],[77.42112292212515,9.274530999593697],[77.421335988742484,9.274582311114713],[77.421620834299091,9.27455573425372],[77.421649949075473,9.274553017590826],[77.421931763293969,9.274525147980237],[77.422055140815388,9.274512970967605],[77.422521638949291,9.274529270886962],[77.422873344157807,9.274544143211552],[77.423187011781977,9.274371057789184],[77.423291924346969,9.274313164803543],[77.423294737193785,9.274291736676568],[77.42360899563738,9.274095662857864],[77.42366224974262,9.273955399133673],[77.423746810210318,9.273923334045223],[77.423891829441843,9.273895523023652],[77.424065280127024,9.273816846518507],[77.424189806805998,9.273844783176928],[77.42433336539365,9.273734781315273],[77.424627286494854,9.273683970656684],[77.425024291344513,9.273486576810354],[77.425024068102957,9.273477398359738],[77.42501196442764,9.272982244548368],[77.425291396812938,9.27287269090351],[77.425322458636913,9.272860512879392],[77.425322852886197,9.272853534443771],[77.425327466503447,9.272771958800281],[77.425338072070247,9.272584441652072],[77.425341462156595,9.27247490800554],[77.425379286088841,9.272373244557825],[77.425426213191898,9.272264343063293],[77.425526451962,9.271878770343569],[77.425561885160079,9.271856890973227],[77.425664120433538,9.271859709767584],[77.42587294572985,9.271723813839424],[77.426302544303155,9.271464725232997],[77.426556246862262,9.271286731153177],[77.426760599720623,9.271208501441318],[77.426691722654127,9.271086365163487],[77.426579213921698,9.270850823294246],[77.426450231205365,9.27057950517149],[77.426370199112498,9.270063757424932],[77.426326949654211,9.269788957296104],[77.42640602336327,9.269453571012907],[77.426473060960618,9.269204499180834],[77.426524878329616,9.26898222068715],[77.426568350957609,9.268713186737459],[77.426618560076079,9.268369408114918],[77.426899689798802,9.268349679105198],[77.426933153358732,9.268347350131384],[77.427371051453946,9.268319142227728],[77.427402574196847,9.267951274408508],[77.427439062306618,9.267559259729426],[77.427587655723698,9.26751737709932],[77.427651886075154,9.267090790602644],[77.4277363027565,9.267079839305257],[77.427759721001038,9.266472352738386],[77.427997361295098,9.266445060206451],[77.428153364259501,9.266360895391651],[77.428195339639288,9.266004556657702],[77.428204899581914,9.265751932360459],[77.428188561320852,9.265492699949338],[77.428171598780153,9.265318255859462],[77.428119904237462,9.265199682619185],[77.42811594539846,9.264659903724178],[77.428111933805226,9.264543230320639],[77.428067938881867,9.264174877998689],[77.428072815573145,9.263873813156277],[77.428157782374001,9.26351379927741],[77.428179809265089,9.263424958788763],[77.428181368977349,9.263286119911925],[77.427771447881383,9.263354267648344],[77.427760163526543,9.263264431083849],[77.427649696793935,9.262384971694413],[77.42766546660755,9.262367385128385],[77.427855852240342,9.262155067566116],[77.428081604703877,9.261960887448856],[77.428120506212821,9.261927426342671],[77.428176295221277,9.261879439500955],[77.428137667092884,9.261355405457499],[77.428084895310718,9.260680947962864],[77.428225201251479,9.260603912156547],[77.428358249620345,9.260580179419382],[77.428437555373364,9.260559360018439],[77.428473788999,9.260549847448649],[77.428848821935603,9.260573986971439],[77.429412870100535,9.260633409818301],[77.429782931225404,9.260725565156042],[77.429953697827287,9.260846760458143],[77.430063456078443,9.260924655507834],[77.430181757809962,9.261255045500361],[77.430240173802417,9.261418189194417],[77.430376067502664,9.261418248201196],[77.431014870595334,9.261901191618605],[77.431402225354049,9.261926429678862],[77.431845823469601,9.262163283615449],[77.431898842117661,9.262191592098544],[77.431880950130449,9.262287288924918],[77.431934259222345,9.262335155440342],[77.432530872208105,9.26287086663247],[77.432748847627778,9.262977241756341],[77.432753656204554,9.263002953345605],[77.432806894387113,9.26294747202714],[77.432849479415808,9.262903092143508],[77.433056060468218,9.262688900855531],[77.433316770523149,9.262737264559938],[77.433442296942019,9.262736413025298],[77.433469859576107,9.262736225494766],[77.433676444430375,9.262526029608564],[77.434405267091165,9.26168604914111],[77.43440918660805,9.261681734770946],[77.434426392026609,9.261662797904567],[77.43459404966157,9.261478266028409],[77.434476948399578,9.261413175783405],[77.434711009803223,9.261024074241972],[77.434845426628101,9.260800620588302],[77.435057179369039,9.260448602855952],[77.435246978413034,9.26043553701162],[77.435286885543192,9.260434834824457],[77.435298018091942,9.260413133430545],[77.435560302242138,9.260375233014372],[77.435574816622733,9.260373138548751],[77.437013720055162,9.260333263827892],[77.437032515143969,9.26033275845432],[77.438128081881487,9.260327494675103],[77.438367896142083,9.260326519841778],[77.438489685466379,9.260326024459349],[77.438476096066637,9.259849755476683],[77.438482137066657,9.258885141356714],[77.439083315402414,9.258364051088506],[77.439097791340288,9.258352780604858],[77.439427563995437,9.258096016759088],[77.440017938993748,9.257636345234619],[77.440442888517424,9.25730714331357],[77.440501592932009,9.257261665418062],[77.441040694370272,9.257294368553579],[77.441688783599176,9.257298531264622],[77.442290436362399,9.256978464891601],[77.442997901598631,9.256592251292142],[77.44352073605657,9.256321125266464],[77.444034649765499,9.256039570335727],[77.44457051400552,9.255755160856019],[77.445591787148359,9.25520105774855],[77.445877315125671,9.255042621611683],[77.4459609101946,9.254996229291896],[77.445994572847027,9.254977547827192],[77.445936898184399,9.254415546142981],[77.44591871574012,9.254225158077523],[77.445897960749022,9.253829021624602],[77.44591720653392,9.2535628390245],[77.445832883318786,9.253493773213494],[77.445831442727922,9.253149209724226],[77.445984442346528,9.253114356162339],[77.445996517573334,9.253111607661621],[77.446073830677463,9.253086637598155],[77.446110793229451,9.253074699572677],[77.446446531049332,9.253096404058272],[77.446507642661842,9.253100355324291],[77.446620108303776,9.253109172207076],[77.446979928308892,9.25303969205083],[77.446877417684348,9.252501214730819],[77.446847353091542,9.25224644568379],[77.446915731128271,9.25220219602423],[77.446939516430362,9.25210018295939],[77.447160285077985,9.251153316566503],[77.447150249241233,9.251014416687825],[77.447070756774337,9.249914211323894],[77.447006923527681,9.248858041018403],[77.446958818188392,9.248062086195453],[77.446931918043646,9.247522119851135],[77.446929926757676,9.247482147771128],[77.446951163101119,9.247177723955266],[77.446973412208777,9.246858768165515],[77.446986171546357,9.246675855276973],[77.446967090728108,9.246626504859806],[77.44693369533249,9.246540129855621],[77.44690306173446,9.246531837899646],[77.446800521089529,9.246504081228366],[77.445704606623408,9.246634398761898],[77.445319715918131,9.246641466574896],[77.445226126293321,9.246739744686721],[77.445158371590537,9.24681089417879],[77.445069444831375,9.246904275438579],[77.44493860740738,9.247041668581993],[77.444794611523335,9.247169885616685],[77.44475055730571,9.247183042622181],[77.444742335144028,9.247191968648433],[77.444662550045663,9.247209326017559],[77.444211812139059,9.247307382327927],[77.443921658807469,9.24712869024277],[77.4435895932059,9.246893766272333],[77.44319007114791,9.246838287156617],[77.442669616018946,9.246798457016748],[77.442596987047551,9.24680022620691],[77.442295806157446,9.246807567120831],[77.442155669413822,9.246810982820518],[77.442099338393845,9.246812355731286],[77.441926324493949,9.246816572588413],[77.44172961256703,9.246737936809446],[77.440976400245674,9.245990635771919],[77.440490202536822,9.245671821125121],[77.439561067625391,9.245707487232044],[77.439069189669993,9.245803709393295],[77.439049721533394,9.245807517789583],[77.438234914593309,9.245393809609613],[77.437515458587839,9.245004822193575],[77.437311890833854,9.244961951781882],[77.437310620495495,9.244947561340053],[77.437299229586969,9.244818621380624],[77.437127747074058,9.244716061640137],[77.436890828507387,9.244592218805199],[77.436666932951454,9.24452730308413],[77.436533313110729,9.244511129543172],[77.436230782547909,9.244592725686314],[77.436011747977219,9.244534915668236],[77.435920614382695,9.24451086247546],[77.43505569809173,9.244367097564337],[77.434593192556733,9.244353214434939],[77.4345497314673,9.244233932288227],[77.43375281166567,9.244056457826074],[77.433495475284758,9.244120879545227],[77.433033413598551,9.244064140618278],[77.432309177053796,9.244036408619513],[77.432161368569609,9.243962923460295],[77.432148028623516,9.243680066621415],[77.432134523198513,9.243618620081662],[77.432067188731594,9.243305692915952],[77.432055776747205,9.243250357279369],[77.432032322356008,9.242973892521347],[77.432042687829295,9.242827003416833],[77.432019126274938,9.242818342925062],[77.431479865428443,9.242620121909933],[77.430980877643336,9.242436901466192],[77.430845298171292,9.242530161035853],[77.430353758758429,9.242222687167551],[77.430349077126763,9.2421849843047],[77.430322362405704,9.242100532201956],[77.430147252769473,9.241964692880927],[77.43004290664274,9.241891574692513],[77.429892411159088,9.24177850766938],[77.429796273175299,9.241492717765849],[77.429796944495052,9.241484631560891],[77.429806511435501,9.241369406756125],[77.429836332979761,9.241245890740592],[77.429850362743665,9.241187780384235],[77.430025212802803,9.241015654686874],[77.430273935657013,9.240862642850246],[77.430590631544604,9.240724991637595],[77.430576501378596,9.240548109195215],[77.430546528334546,9.240293098691062],[77.430496046053165,9.240285066765379],[77.430231904642525,9.240243040630293],[77.429936818051956,9.240232427841317],[77.429782608895678,9.23999034614949],[77.429780410746091,9.23999196153153],[77.429773513443223,9.239976067695423],[77.429549320922263,9.240161785437984],[77.429146814780879,9.24049521216477],[77.429074869773316,9.240547506786406],[77.428553463606193,9.240926497582803],[77.428362686739163,9.241065165066498],[77.428223839908384,9.241034459400842],[77.428039420193826,9.24086429086263],[77.427543156460118,9.240270078917497],[77.426954229897191,9.239987836937836],[77.42679155517898,9.239909875003827],[77.426623148395521,9.239802286817806],[77.426444317806272,9.239496356678439],[77.426406378055447,9.239437188102979],[77.426339832343643,9.239333405278735],[77.426289455885268,9.239329338169922],[77.426293261050034,9.239194523983757],[77.426251025352897,9.239152779430254],[77.426189841961545,9.239141738722884],[77.426159533259025,9.239136270840175],[77.425957122715943,9.239009431549402],[77.42596456042088,9.23869188423391],[77.425046697905856,9.238535439100664],[77.425015916036244,9.238621127120705],[77.424931668552261,9.238587964902946],[77.424911782177134,9.238523707371115],[77.424650734607411,9.238239596791731],[77.424606045349805,9.238190959076579],[77.424252860743792,9.237832103269959],[77.423983952494794,9.237561083607888],[77.423905051491914,9.237481564423112],[77.423480755260911,9.237174819696],[77.423473474429201,9.237156038077909],[77.423431256912664,9.23704713767061],[77.423221913736981,9.237056776577095],[77.422629848994035,9.237099667372842],[77.422629038290751,9.237102649411165],[77.422587064462505,9.237257073509486],[77.422547595402463,9.237264647303379],[77.422348006688765,9.237302947040238],[77.421951995838484,9.237190695516313],[77.421878212806277,9.236868836069194],[77.421863315554489,9.236702069617014],[77.421854713636762,9.236657286429887],[77.42183315971026,9.236545064804263],[77.421818650602106,9.236474616205575],[77.421806520997364,9.236415720268193],[77.421700730983559,9.236206801488867],[77.421597974053597,9.23600501450086],[77.421527703989,9.235865770691698],[77.42147553840104,9.235791524923261],[77.421388005131689,9.23574165540871],[77.421349865531596,9.23571992622786],[77.421056407155362,9.235547396168931],[77.42079670903928,9.23555312813879],[77.420576382750738,9.23557195070048],[77.420226537219293,9.235589156982218],[77.419814181677879,9.235470293101828],[77.419751381620102,9.235361385112546],[77.419732989804402,9.235213551264987],[77.419764852312582,9.234958144083931],[77.419787062445735,9.234831404130572],[77.419805030586332,9.234728865058868],[77.419820185745365,9.234642383319756],[77.419747102873657,9.234550919851898],[77.419618838405668,9.234390400528653],[77.419407916878228,9.234303436507361],[77.418917165161361,9.234133084626455],[77.41860686494941,9.234122111333418],[77.418547499153036,9.234120012142471],[77.418284564648559,9.234113919654259],[77.418209833364287,9.234440119736012],[77.418078922718848,9.234585940261875],[77.417880843390364,9.234814023681116],[77.417654859854082,9.234758656330829],[77.417393621664985,9.234735127993966],[77.4171027459371,9.234714340410381],[77.416928018233619,9.234717678728824],[77.416726420825398,9.234756941995052],[77.416714041309916,9.234795665045356],[77.416427196811753,9.23476700232259],[77.41626615701864,9.234739018485667],[77.416257130937936,9.234732308278401],[77.416169650230799,9.234667272999387],[77.415974148279119,9.234658058898111],[77.416033369964978,9.234543558278423],[77.415983615144782,9.234460262153348],[77.415838611368386,9.234399612530082],[77.415712541138532,9.234316336025119],[77.41571203242718,9.234301559362391],[77.415707906874971,9.234181576501431],[77.415505147165575,9.23413585380062],[77.415516185759628,9.234379795296039],[77.415526989830198,9.234618620948661],[77.415460395428042,9.234686394055247],[77.41546205027268,9.23491708339092],[77.415525019827967,9.235102831289115],[77.415477152967014,9.235388240803294],[77.415480899672488,9.235396218422828],[77.415465907151017,9.235455295563774],[77.415357438714139,9.235882687293749],[77.415341241471182,9.235927639689404],[77.415176962338208,9.236383546794535],[77.415097416599565,9.236604301005189],[77.415087993082935,9.236630454172568],[77.415082625408758,9.236645354644537],[77.41490310167687,9.236914023923024],[77.414787652612276,9.237481804013436],[77.414779449227652,9.237490293287999],[77.414797431790717,9.237538379540984],[77.414786955688214,9.237695152929474],[77.414783372325687,9.237748788689856],[77.414779033896494,9.237813726285889],[77.414742377614289,9.238195643895757],[77.414666645736347,9.238675994082277],[77.414508780361473,9.239405269784504],[77.414571417684556,9.239586523108493],[77.414542246052392,9.239702492534974],[77.414537736237278,9.239786526769077],[77.414566800438692,9.23988033818317],[77.414576299386283,9.240237817428017],[77.414554051121783,9.240556184552377],[77.414472762495222,9.240780903505696],[77.4144242013097,9.240888643291294],[77.414365630232751,9.241018590901712],[77.41429321600414,9.241179251358341],[77.414266096906303,9.241187793666009],[77.41419073880698,9.241211530888892],[77.414159081806048,9.241340537618983],[77.414113954204169,9.241524435838079],[77.414079398430232,9.241709595335966],[77.414045992292046,9.241842352992842],[77.414043478611987,9.241878698309295],[77.41402829313428,9.241912690592024],[77.414011927133586,9.241977727601517],[77.414125726960719,9.24240775181493],[77.414299026546587,9.242485211253468],[77.414299340646579,9.242535832044014],[77.414300113684547,9.242659641623455],[77.414435284302755,9.242680084910106],[77.414411542550596,9.242885019326074],[77.414450858397771,9.242931459213631],[77.414441272905904,9.243061554391224],[77.414406085887322,9.243188262619816],[77.414402537973587,9.243189008068589],[77.414347753668494,9.243200527522415],[77.414238767205944,9.243223444022329],[77.414225628086058,9.243277735914397],[77.414031302383549,9.243321943386221],[77.414008553833824,9.243327118266791],[77.413929335887985,9.243345139618132],[77.41391601086498,9.243405506605189],[77.413832973818472,9.243398906598285],[77.413478252145467,9.24333721864407],[77.412778642349949,9.243349172293156],[77.412782634056114,9.24341305272611],[77.412803477869019,9.243746671667914],[77.412822003071668,9.243954286397216],[77.412827839758563,9.244187545651407],[77.412843271901266,9.244804255399954],[77.412844519705416,9.244854171335545],[77.412776203391061,9.244964750338777],[77.412763516668818,9.244985284984699],[77.412694304299521,9.245142382841017],[77.412725878442089,9.24530795903539],[77.412789435843223,9.245461982501613],[77.412992343431412,9.245580293302195],[77.413167579579849,9.245689381259611],[77.413245463806135,9.245997346405211],[77.41348315627873,9.246844397718235],[77.413627500850808,9.247223026364583],[77.415037665714578,9.247030518407351],[77.415111792916179,9.247601952173328],[77.415137092427599,9.247896823686286],[77.415108303252765,9.247897153233025],[77.415025149371274,9.247898105392222],[77.414769163013872,9.247901058985509],[77.413638201609459,9.247939513132486],[77.413462077282063,9.247945501430332],[77.41341685372106,9.247915296659997],[77.413233382724925,9.247792755436819],[77.413218047154018,9.247782513354519],[77.413237992667845,9.247738895255473],[77.413275092357622,9.247657763329864],[77.412800541150602,9.247612379048249],[77.412618144854619,9.247603088099199],[77.412237128086616,9.247639647161034],[77.412035675309397,9.247658976820928],[77.411942883751365,9.247601939342703],[77.411869701447046,9.247424003401397],[77.411783293464367,9.247440398128303],[77.411168915930048,9.24755115966861],[77.41089475316322,9.247604084607019],[77.410717821960247,9.247667624116648],[77.410269976039189,9.247687662061537],[77.409790108108893,9.247679571809917],[77.409695881916875,9.247627948186468],[77.409679765074813,9.247619118265952],[77.409675032001616,9.247624224987312],[77.409622026906746,9.247681414521153],[77.409425169572927,9.247648916759475],[77.409055862559526,9.248288005300912],[77.408916734308193,9.24842543093213],[77.408840418495927,9.248541230093709],[77.40882131709678,9.248526174085235],[77.408722935955865,9.248448628598629],[77.408665525273747,9.248472905420227],[77.408598067536005,9.248501430764367],[77.408438130662802,9.248619374435345],[77.408264025788569,9.249049367774438],[77.408125224723605,9.249410948191924],[77.408076580116528,9.249413422045428],[77.407053096469781,9.249465471979789],[77.406721827303045,9.249674070799742],[77.406336570506198,9.250030907909141],[77.406160688723389,9.250170756733858],[77.405689615713428,9.250100959454652],[77.405614213046221,9.250270980035335],[77.405366136576689,9.250356470666192],[77.405188139984759,9.250600012903119],[77.404852002393596,9.250998965850311],[77.40468835860807,9.251243756603534],[77.404467336947789,9.251545685765077],[77.40426098449413,9.251622766306339],[77.404039792887446,9.251996608767483],[77.403939808678516,9.252444798030691],[77.403780686715422,9.25288523113872],[77.403659040317748,9.253320179252093],[77.403638410743326,9.253646495680616],[77.403601663002888,9.254029072877824],[77.403562177128848,9.254177594749075],[77.403444870725735,9.254182375359283],[77.40340082595641,9.254413287890028],[77.403432996141476,9.254592962036488],[77.403292645204871,9.254712641888327],[77.403196334747861,9.254854709134634],[77.402977617442843,9.255116007328233],[77.40274445212583,9.255175894120233],[77.402662477407929,9.255236693891195],[77.402549108187927,9.255320788847264],[77.40232010080129,9.255482672247318],[77.401771316945698,9.255882320962208],[77.401470956486619,9.256107802618555],[77.401418609918338,9.25633712558003],[77.401363511868553,9.256538105213371],[77.400938724458143,9.256910800752728],[77.400539070944063,9.257282186150132],[77.4002072132091,9.257589753633784],[77.399980073044347,9.257861031549057],[77.39974647011806,9.258082054514322],[77.399395913980584,9.258381567363337],[77.399523713243227,9.258596916964297],[77.400011835841994,9.258135246137408],[77.400931211823519,9.257310372636256],[77.401122700154076,9.257160146017124],[77.401631954840596,9.256774234098179],[77.401895371005523,9.256548209359332],[77.401895032454519,9.256294790523476],[77.402594769074938,9.255719755498712],[77.402844678896557,9.255485700396529],[77.403246200519305,9.255082441577068],[77.403355037869957,9.255100367886826],[77.403337302074391,9.254905215039877],[77.403611853561543,9.254347864247212],[77.403662138340209,9.254148505241787],[77.40371621561215,9.253794412368473],[77.403789722817734,9.253329865042657],[77.403943369161468,9.252854415888764],[77.404361582160348,9.252179131039538],[77.404954859089301,9.251503965467336],[77.405240812129364,9.25096882276036],[77.405329633789677,9.250960773671723],[77.405468175825277,9.250715015266685],[77.405835820511413,9.250404630931037],[77.406004820193033,9.250384702482702],[77.406276633012951,9.250507405439167],[77.406413646063086,9.250246598661509],[77.406644364812777,9.250130377175692],[77.406816470138011,9.249881148275971],[77.406989033150595,9.249815993515123],[77.407128122536278,9.249795593868141],[77.407251479787902,9.249795462722208],[77.407487769769745,9.24987378373692],[77.407689922039808,9.249959515211907],[77.407661406346122,9.250057700759905],[77.407482511002129,9.250862248395244],[77.407440401657794,9.25097182110647],[77.407374220245188,9.250962684781584],[77.407131594118724,9.250929190314938],[77.406754589632399,9.250929467608241],[77.406174763319854,9.250757878219062],[77.405916362518752,9.251163675218134],[77.405297838894342,9.252283640267011],[77.404972917584217,9.252863794682744],[77.404921714303796,9.253523328062721],[77.404897441199239,9.254151297818431],[77.405007654496785,9.254528119276941],[77.405460849138564,9.254528332326824],[77.40600743146716,9.254636392832628],[77.405875239044406,9.255106404303007],[77.405720344536974,9.255596499249378],[77.406066741218027,9.255606254409461],[77.406171751386083,9.25560921168664],[77.406020137675497,9.256095990200048],[77.405830688859012,9.257179032076634],[77.406279291596547,9.257147773026899],[77.406316741611889,9.257633317894115],[77.406358983082043,9.25807227667935],[77.406441833829447,9.25860273208848],[77.40653133184361,9.259099595542459],[77.406599065084023,9.259511980839477],[77.406675667202677,9.260287922283103],[77.406788768457218,9.261282096555913],[77.406819737765304,9.261986138917067],[77.406865947362292,9.262512279020056],[77.406908098259649,9.262994725440896],[77.406923703383541,9.263391764852397],[77.406969774574875,9.263846649584828],[77.407127390143543,9.26494322784604],[77.407394194318371,9.266411781117206],[77.407913354258255,9.266386627640845],[77.408137606898435,9.266359790728824],[77.408759250831068,9.266285396940129],[77.4092158426201,9.266010330464425],[77.409135277198857,9.266589783541836],[77.410324568170793,9.266626633992116],[77.411635948479301,9.266571846790896],[77.413134659583932,9.26653573577615],[77.413863529586422,9.266508333934242],[77.413827756334285,9.266548315385187],[77.413628055809937,9.266771507749368],[77.413453544424712,9.267095438996508],[77.413324699998824,9.267364475248794],[77.413168888704831,9.267610065499175],[77.413153658034418,9.267734645399887],[77.413111923500182,9.268074948804003],[77.413091460488047,9.268235740338065],[77.412969222880932,9.2685123550363],[77.412938555106479,9.268768665593889],[77.412980179438662,9.26880417227332],[77.412974938574266,9.26908979069745],[77.412957103539114,9.26916989477693],[77.412783556166161,9.26919529385091],[77.412536316075474,9.269485853061399],[77.412435551658987,9.269707284993514],[77.412376613722358,9.269860357971552],[77.412329501659698,9.269959376225199],[77.412247333037939,9.270047916956635],[77.412170849043733,9.27022932887121],[77.412128122789397,9.270348004487964],[77.412162805023328,9.270516778742454],[77.41206495337417,9.270615382522616],[77.411777562450908,9.270766940802206],[77.41160877324532,9.270877991736368],[77.411428562915745,9.270960323766772],[77.411367490301885,9.270893601630782],[77.410786821858011,9.271217157056723],[77.410925316580048,9.271524046383892],[77.411076063334022,9.271950965029108],[77.411110079482143,9.272084140799436],[77.41089671203278,9.272443089778767],[77.41069873578239,9.272807842195174],[77.410696574083047,9.272811824920669],[77.41040805813897,9.272910826620963],[77.410264985824313,9.27289886177504],[77.409992733858573,9.272876093898317],[77.409639182282547,9.272855706700351],[77.409532814834606,9.272955413767283],[77.4095270605237,9.272994047292825],[77.409447108675181,9.273530831250149],[77.40952688482588,9.273768383413964],[77.409511634744405,9.273976589241105],[77.409376773334117,9.274183716221904],[77.409150346387619,9.274262590503508],[77.409078200182904,9.274267976208],[77.408949191321966,9.274290906784689],[77.408865351958895,9.27428573038587],[77.408721518332669,9.274276804779824],[77.408714135249141,9.274276346622043],[77.408360361618051,9.274230121243765],[77.407953964874153,9.274304905166153],[77.407788043978741,9.274174693155325],[77.407598459042433,9.27416264788843],[77.407388217594203,9.274239566589959],[77.406869199869433,9.274339661189337],[77.406887783782253,9.274478741095709],[77.406882758021794,9.27451110421659],[77.406978415903808,9.274472396725232]],[[77.415717757221145,9.272890025202413],[77.415656015523737,9.272520008709066],[77.415696460703032,9.272482010020294],[77.415604119826355,9.271844570681186],[77.416169550987192,9.27177475976886],[77.416960845622043,9.271610584790253],[77.417048693291463,9.271840899734739],[77.417606438283556,9.271760532307804],[77.417813907036773,9.272441135892855],[77.417987182711968,9.272949576101302],[77.417106260810442,9.273159089766713],[77.416995989499526,9.273083505292252],[77.41654405533842,9.273194765212244],[77.41621998953481,9.273292267107777],[77.415869363243402,9.273398386509681],[77.415717757221145,9.272890025202413]],[[77.420866634061724,9.267982028609914],[77.420809455218006,9.267785404375116],[77.420749511686992,9.267508941003198],[77.420908997922794,9.267435752087605],[77.420724499196126,9.266948136517769],[77.420912221021638,9.266875183966622],[77.421133108492228,9.26674070431727],[77.421424617669786,9.266537081461337],[77.421597913204991,9.266334075822332],[77.422004305824004,9.266151247321998],[77.422263468078654,9.266014130373934],[77.422545472550112,9.265916551677577],[77.422962185568139,9.265789924809614],[77.422943387204484,9.265717263465067],[77.423297938287604,9.265625253969482],[77.423314265908544,9.265761063208073],[77.423467667685841,9.265791492418327],[77.42385619519149,9.265727670953684],[77.423967481981919,9.266497907941208],[77.423436108205948,9.26680646740534],[77.423422384349422,9.267042880620608],[77.423168716431874,9.267189999182541],[77.422994064678676,9.267217328053917],[77.422878358582494,9.267252004116042],[77.422736087178421,9.267323177765945],[77.422561571783675,9.267368262408265],[77.42260792803512,9.267565454111869],[77.422475932270487,9.267677558435841],[77.42212133448227,9.267770413738395],[77.422101969904858,9.267855869230717],[77.421930224514696,9.267906848181346],[77.421838901795866,9.26796948843676],[77.421664911180429,9.268029132663617],[77.421648135711351,9.267985080120551],[77.420901499454075,9.268172429452134],[77.420866634061724,9.267982028609914]]]]}},
{"type":"Feature","properties":{"vill_name":"Thenmalai - Part-1","dist_name":"Tenkasi","taluk_name":"Sivagiri","village_co":"141","lgddcode":733.0,"lgdtcode":5870.0,"lgdvcode":642622.00000000012},"geometry":{"type":"MultiPolygon","coordinates":[[[[77.524947009340039,9.342283169207921],[77.524921821764863,9.341954235933764],[77.524942410792335,9.341998725053667],[77.526300829412207,9.341650296985796],[77.526455411752821,9.341652210671775],[77.527644576057838,9.341666933031876],[77.527816884290104,9.341673934969098],[77.528665655761188,9.341781149710728],[77.528665682086142,9.341781153579834],[77.529441239075624,9.341889486200859],[77.529451078075553,9.341890860023534],[77.531275088384163,9.341823424765233],[77.531371487328116,9.341819860395287],[77.531430919713571,9.341966942254764],[77.532440742776885,9.341454559006092],[77.532434453155631,9.341397886734214],[77.532388428346437,9.340983205105426],[77.532446487234722,9.340927345624147],[77.532837474037578,9.340551165598747],[77.532935243304692,9.340457100608166],[77.533595992869834,9.340416247814808],[77.533623646729083,9.340431164012637],[77.533938050122771,9.340600758381552],[77.534042482649511,9.340695366912511],[77.534816253788378,9.340391053209654],[77.534778272045429,9.340007972004276],[77.534846503294233,9.340005655671627],[77.534868212663994,9.340014698983449],[77.534943803960815,9.340046181964174],[77.535486517331634,9.339969995999569],[77.535511001999083,9.339966557367106],[77.53571785055486,9.340081635422687],[77.53614445858743,9.340139590307754],[77.536147864057625,9.340244914404929],[77.536153988066317,9.340434387026102],[77.536247087336704,9.340509470909454],[77.537168734975324,9.341252792399645],[77.53719513771928,9.341344152505467],[77.537281400796303,9.34141816915432],[77.537384271913893,9.341616210006942],[77.537411503373022,9.341668635384082],[77.537862216547083,9.342023224027944],[77.537974147394237,9.342111283958914],[77.538291925321104,9.342018935962686],[77.538280096818383,9.34132610812425],[77.538883015427913,9.341289425732327],[77.538933607221622,9.34137448640128],[77.539015687355061,9.341370860614251],[77.540166092795147,9.341320067601908],[77.540274841069547,9.341422718697897],[77.540407146746318,9.341414210652365],[77.540589122301867,9.341563516879189],[77.541176027453119,9.341564065411568],[77.541280298210594,9.341738204795735],[77.541451895209562,9.341750112365983],[77.541453173177629,9.341768081208599],[77.541876526542993,9.34166072235478],[77.5420433333191,9.341722829643595],[77.542070195123841,9.341630227656108],[77.541966183985394,9.340697254004178],[77.541577202011823,9.340371031430825],[77.540883508874458,9.340661050952443],[77.540301332221389,9.340668277546165],[77.538763367881415,9.34041491917813],[77.538142264413722,9.340203602443916],[77.538265986316645,9.339851081690846],[77.538163414204092,9.338108624230589],[77.538279758630452,9.337870506842631],[77.538307787353901,9.337828005240464],[77.538268975277532,9.337508140077666],[77.538306625456698,9.337500705897584],[77.538392100063191,9.337483828390178],[77.538383585949987,9.337421055770511],[77.538241349533848,9.336372498915571],[77.538234625741993,9.336322937201674],[77.538113192375619,9.336317615436583],[77.537962316676015,9.335477958660736],[77.537972831217687,9.335477200669194],[77.538061157731718,9.335470833750373],[77.538080267307265,9.335469456158966],[77.537997974434461,9.33505423088638],[77.537992305549565,9.334673111691782],[77.537862517338397,9.33466385224984],[77.53785847531222,9.334661582645294],[77.537793649452439,9.334273219773872],[77.538087998967697,9.334209873976553],[77.538086377996464,9.334203350847462],[77.53809511466531,9.334201641894483],[77.538026913129613,9.333574194001665],[77.538328495367836,9.333478463764338],[77.538409409372932,9.333461460201065],[77.538229399500722,9.332867387157153],[77.538849517814981,9.332693387028991],[77.53889705370149,9.332685107160696],[77.538929821715342,9.332670854173823],[77.53937011770681,9.332479339705996],[77.539397186833639,9.332467565647489],[77.539437232230341,9.33245014741957],[77.539314298049263,9.331535331012779],[77.539308078797518,9.331489050898528],[77.540264096372425,9.33113927305763],[77.540338363153765,9.331112100427752],[77.540189532342154,9.330646028453529],[77.541020601530974,9.330253480305975],[77.541836904577053,9.329865984878383],[77.541894122416394,9.329838822854466],[77.541904741395172,9.329833176377679],[77.542294785596781,9.329632526475045],[77.542944187266357,9.329298453963005],[77.545192643119037,9.328108974705799],[77.545957047825169,9.327710806725353],[77.545635134132453,9.326697688884909],[77.545841351729862,9.325606797921116],[77.546143951818053,9.325491135617611],[77.546255427107226,9.324786497029537],[77.546534319473366,9.325247456254749],[77.547282338008827,9.32509595478748],[77.547281360835825,9.325091792737926],[77.547017946562235,9.323970306370382],[77.547398434977396,9.324064895772239],[77.547754010198659,9.324084112195033],[77.54814998628305,9.324533142014078],[77.548231161210893,9.32462292528891],[77.548279672245741,9.324945318846876],[77.548340619449462,9.325350362561123],[77.548369670256164,9.325543426896099],[77.548434024696988,9.32561302359853],[77.54854320315043,9.325731095722015],[77.54943059626271,9.325206444898335],[77.550412410961201,9.324510748494411],[77.550422022805179,9.324352714370095],[77.550508162483752,9.322936408889795],[77.550781458431729,9.322664460498425],[77.550810006170508,9.322282815077152],[77.550819799201022,9.322151879535662],[77.550883357875364,9.322150327970936],[77.550989081972205,9.322147749627529],[77.551005513654715,9.321735469361768],[77.55100763368084,9.32168227481746],[77.551063488236437,9.321674882371669],[77.55107040326935,9.321630865653569],[77.551183040076552,9.321638138380518],[77.551366391161039,9.321061775960933],[77.551526484973365,9.320650763609779],[77.551592046534836,9.320482446357191],[77.5517246568551,9.320121820837485],[77.551685185662052,9.31937767229569],[77.551682986654129,9.319336221797954],[77.552010259409386,9.319276788995218],[77.552154530909078,9.319250589075818],[77.552139787975406,9.318732888607588],[77.552122784561945,9.318135813915394],[77.552343206674308,9.318087589639422],[77.55233629254937,9.31802584789947],[77.552396431085583,9.318015931307421],[77.552234686740249,9.317052418728112],[77.552193387139397,9.316806395020116],[77.552115343401354,9.316293117809638],[77.551929065103835,9.314869665687473],[77.551902600770291,9.314667437116261],[77.551755147743108,9.314654768088323],[77.551751911928505,9.314625479060412],[77.551679705460529,9.313971990104514],[77.551650012489532,9.313703264640697],[77.55163864526294,9.313600384708266],[77.551628168674256,9.313525857316709],[77.551617653091853,9.313451042416366],[77.551601931442804,9.313339199348523],[77.551585242087725,9.31322046296234],[77.551615584772236,9.312860343781907],[77.551478959224852,9.311756419657932],[77.551299548153168,9.311287232789029],[77.551311345919558,9.311279867176278],[77.551690003815651,9.311043459471026],[77.551954088262136,9.311014349195077],[77.552026463718903,9.311006371048926],[77.551799819898051,9.309908654182886],[77.551782487917691,9.309824706967996],[77.550908034507856,9.30990774995904],[77.550893058154628,9.309909724990446],[77.550924866249517,9.310106251622733],[77.550879105651404,9.310112337502282],[77.550459575437145,9.310168130940152],[77.550426488633619,9.310089193207816],[77.550372169637356,9.310082596629289],[77.54966062362729,9.309996188559593],[77.54913528181693,9.31007177764365],[77.548514934100723,9.31015201342429],[77.548492626705951,9.310154897871927],[77.548485160815133,9.310156115795108],[77.548327575823478,9.310181829746194],[77.548257123537979,9.31019329937264],[77.547349795805474,9.310341022364552],[77.546764441051721,9.310369347990559],[77.546468640735156,9.310383661177989],[77.546412278868303,9.310253293594622],[77.546108153639295,9.310250166113086],[77.545831779632834,9.310250011819463],[77.54574175641163,9.310257224297336],[77.544790605026066,9.31030366930093],[77.544167424044716,9.310336612214815],[77.543609337426858,9.310411435899539],[77.543563481704552,9.310417598405678],[77.543039072061063,9.310438484089369],[77.542622385354179,9.310455080413998],[77.540140126106067,9.310553942768246],[77.54051607496821,9.311928538455854],[77.54040706014689,9.311923980376578],[77.540345522326533,9.312048069484753],[77.539731858784378,9.313285484176117],[77.539516224926345,9.31332044487838],[77.539311015041406,9.31335371537592],[77.539094961007237,9.313431594707785],[77.538655043665315,9.314350194144362],[77.538032824757806,9.315230272026842],[77.538030875234099,9.315319493039453],[77.538012562926838,9.316157042006861],[77.538011614032115,9.316200453234028],[77.537914077018698,9.316477476919209],[77.538203734141177,9.316548297138679],[77.538555876047027,9.316588120964024],[77.538392905411754,9.317595094505039],[77.53838873915771,9.317620835021309],[77.538345163041186,9.317678192496485],[77.537858916215498,9.318318238574639],[77.537861006268244,9.318260704177437],[77.537797198099398,9.31835148392374],[77.537811559527682,9.317648335958411],[77.537646053001268,9.317670305272832],[77.537138292907031,9.319122647433229],[77.537011513232258,9.319150863897239],[77.536750950760677,9.319208858261813],[77.536639827095399,9.319233590924862],[77.536466492614991,9.319369203808252],[77.536228359403907,9.319555511986056],[77.536104328623907,9.319524397052437],[77.535399587935899,9.31934760033646],[77.534977025385089,9.318961248220095],[77.53473675622304,9.318880031206589],[77.534561922729281,9.318817942237702],[77.534227434408436,9.318699154287721],[77.534112212022478,9.318722434969022],[77.533845091289109,9.318776406676818],[77.533714866930111,9.318754154243727],[77.533654372541776,9.318743817002867],[77.53362132891057,9.318738170579532],[77.532618627114303,9.31973976724136],[77.532477880863524,9.319880356899967],[77.532383669566229,9.319974463916944],[77.532062547354471,9.320067069510113],[77.532025209600192,9.320083854549519],[77.531845941720178,9.320175267640607],[77.531475587177994,9.320395193561335],[77.531451542371101,9.320414063839307],[77.531142475945941,9.320656601644133],[77.530989932407337,9.320776311049633],[77.530878242168299,9.320693353859633],[77.530685610334203,9.320776295614003],[77.530584311349955,9.320586022993822],[77.530530955041954,9.320485805786632],[77.530489989119829,9.320395116866159],[77.530373347706799,9.320136898600509],[77.530159296859466,9.31926916794691],[77.530154515231146,9.319249782753658],[77.529134824400586,9.318959019261102],[77.529154176811588,9.318522953273446],[77.529051933869496,9.317801445933229],[77.528944962768449,9.317181837481517],[77.528953002122662,9.317151126654764],[77.52910533555621,9.31664746115319],[77.529001287943572,9.316012435206462],[77.529238905696118,9.315822445281126],[77.529236631443908,9.315818480993915],[77.529288571551547,9.315784909861565],[77.529210546196452,9.315526423920259],[77.529475659921914,9.314973332512531],[77.52942289096552,9.3143837390157],[77.529415323668772,9.314388041642118],[77.528922304634619,9.314668446510339],[77.528703936017635,9.314759862046918],[77.528598799343072,9.314760388775165],[77.52825398144499,9.314762120745863],[77.528045206756403,9.314372542839942],[77.527978621367296,9.314248291345281],[77.527935167638631,9.3142614851708],[77.527935127521204,9.314261497420212],[77.525848906689902,9.314935143641506],[77.525548885542307,9.315026348568374],[77.524998314546494,9.315196018340988],[77.524929371624907,9.315220471300792],[77.524892507056592,9.315228624871512],[77.523494322854404,9.315537914504715],[77.523408492032758,9.315146942392959],[77.523255843841198,9.314451611913267],[77.52305562190233,9.313051117464408],[77.522874491738136,9.312083927985658],[77.522837064583669,9.311878972307095],[77.522706739521709,9.311165296688255],[77.52267942575908,9.31101572649291],[77.522637100718669,9.310613250516615],[77.522632216339773,9.310568469299092],[77.522608294587997,9.310349134089938],[77.52253233657845,9.309652682508455],[77.522529812260402,9.309629542592857],[77.522306107106246,9.308393564191919],[77.522294524581838,9.308341689380667],[77.52209454221412,9.307446031885716],[77.522000466766386,9.307024704793365],[77.52180205513524,9.306305633109298],[77.52178090358494,9.306228978596758],[77.52167548306619,9.305438393939816],[77.521553443165544,9.305451115292612],[77.520812314923432,9.305528368713748],[77.520791032035547,9.305464455625883],[77.520785611112814,9.305448177514599],[77.520683150462943,9.305140492283822],[77.520741927580318,9.304881315426602],[77.520658320023557,9.304311681668578],[77.519456385271965,9.304457301784476],[77.519310178995696,9.304251146859723],[77.519307236804636,9.304012414295423],[77.51907786599314,9.303988978057859],[77.519022233115436,9.30374487050778],[77.518621274253235,9.303602639753683],[77.518586136915204,9.303494422325132],[77.51810015554598,9.303501612249232],[77.517894849275478,9.303037812104829],[77.514359965567294,9.302355590763499],[77.514338097413514,9.302509033792548],[77.513390795905082,9.30265922877507],[77.512935897586289,9.301082756115063],[77.512286994823967,9.301196198887922],[77.511319986884203,9.301431020715359],[77.511289310153359,9.301707396301492],[77.510321110292637,9.30150418298226],[77.510375636973123,9.30141027775092],[77.510193757635236,9.300615124201467],[77.509997259279103,9.299683797750193],[77.509071803589279,9.299887789232356],[77.509065148185769,9.299960329278198],[77.508705076252582,9.3000534973075],[77.508613943041183,9.299379032568682],[77.508558030313907,9.298596617214315],[77.508529824771472,9.29849797719667],[77.506829550407176,9.299823148163679],[77.506290268934549,9.299984440233137],[77.505564330648511,9.30029797515682],[77.505220014580843,9.300493308393317],[77.505251585054538,9.300549303613476],[77.505464129022613,9.301036494540872],[77.504454009832543,9.301163632892877],[77.504318312199601,9.300978476696022],[77.503697899287914,9.301134044617845],[77.502818317685779,9.301233523618306],[77.50280215320592,9.300604413922301],[77.502446718019499,9.298988629044967],[77.501719752477115,9.299202370303108],[77.50169758446809,9.298966265663994],[77.501314115937845,9.299003639000878],[77.501268644215969,9.298800392891813],[77.501079929967673,9.298793500957199],[77.500837323969805,9.29883939626712],[77.500542007389726,9.298845557185986],[77.500536350259651,9.298671208736746],[77.500462445036163,9.29866208196143],[77.500437847027314,9.298248832960818],[77.499872009955524,9.298267477681973],[77.499337693837418,9.298309366027302],[77.499188879166496,9.297757969168234],[77.499168989570506,9.297736798989748],[77.498871909841867,9.297798432746648],[77.498544502914228,9.297801299484165],[77.498226996185693,9.297794582438774],[77.497504150508902,9.297906434527727],[77.497492132267027,9.297904180248945],[77.497349288241438,9.297770075011757],[77.496205487201081,9.296715153337523],[77.495974378345352,9.29653079303689],[77.496035835761745,9.296100697439709],[77.49591419683226,9.295509159923448],[77.495819449322809,9.295513890947296],[77.495801127059053,9.295394322997794],[77.495864877564756,9.295378341787293],[77.495702767046879,9.294956123036259],[77.495705346764538,9.294845745036806],[77.496003868682251,9.294612655861298],[77.496969333672666,9.294521998141212],[77.497700312146179,9.293563572636121],[77.497608989054328,9.293016280397303],[77.49651169510993,9.293068108505967],[77.495657744399182,9.293137723237935],[77.495684306504927,9.293324360421789],[77.49569243450108,9.293861038524417],[77.495284190272528,9.294105207704112],[77.495328341528818,9.294570516551456],[77.494798531506703,9.294986193976088],[77.493981342917053,9.294995802189462],[77.493296947176432,9.295144419390558],[77.492993811839781,9.295472723688698],[77.492953776839457,9.295493106129289],[77.493223986150042,9.295704434619127],[77.493516248330835,9.296670340355037],[77.494800230077004,9.296723775782535],[77.495271402114227,9.296801958298751],[77.495354425731918,9.296815375786094],[77.495340999976648,9.297091041254511],[77.495707763402635,9.297123167831298],[77.496018917168982,9.297978902680017],[77.495605029806399,9.298104280900931],[77.495548846581443,9.298009394827906],[77.49447389995764,9.298275345286136],[77.494366319396136,9.298013187447575],[77.49433645795942,9.29794041971774],[77.493824360394413,9.298084045071995],[77.493728741837174,9.297641500436246],[77.493314247226806,9.297736396812846],[77.493283687097431,9.297589761341444],[77.49293106299551,9.29774216420903],[77.492293693664251,9.298137450100514],[77.492408834223852,9.298332476714025],[77.492834742425387,9.298963076963682],[77.492850769758945,9.299086235497352],[77.492123072016966,9.299249999628389],[77.492120761660388,9.299318707521573],[77.491827452700321,9.299385976611521],[77.491849265944893,9.299462469929749],[77.491498760208742,9.299547245084213],[77.4915453218305,9.299792143657607],[77.491153117526594,9.299862421244569],[77.491119827465212,9.299791016431866],[77.490423067815215,9.299941667667618],[77.489942648819408,9.300040347371583],[77.48959081084729,9.300084437147767],[77.489232175977264,9.300128245619847],[77.489218445409222,9.300227886150767],[77.488453903533014,9.300439333856756],[77.487815667570842,9.300508900680279],[77.487696665126592,9.300598573388267],[77.487368567770631,9.30073091836595],[77.487106844416232,9.300711100512927],[77.487090027668287,9.300650913614536],[77.486823721094666,9.300757810973103],[77.486758757082214,9.300775348190433],[77.486494921515728,9.300923396309331],[77.486223183312319,9.300982307878922],[77.4862595624096,9.30117727600607],[77.486105675172652,9.301321103181065],[77.485697494019291,9.301417279390254],[77.485477097567227,9.301380056731864],[77.485251396034045,9.301462036429246],[77.485204494163057,9.301378998247356],[77.484771085090571,9.301373289271552],[77.48457744257162,9.301443357099798],[77.484439889051117,9.301500640850335],[77.48420914525208,9.30133180966361],[77.484201611744439,9.301229552151192],[77.484058323654438,9.301105113677981],[77.484044378144873,9.300892886596335],[77.484093662588833,9.300889398313652],[77.484020681875975,9.300506516237233],[77.484015719415368,9.30048830154916],[77.483968015147809,9.300313179884808],[77.48382192855189,9.299862269647011],[77.483617712671574,9.299858949692823],[77.483499279107917,9.299729954071648],[77.483374886067594,9.299201353864797],[77.483200336306965,9.298925189609939],[77.483140447781224,9.298542551630849],[77.483047607578925,9.297966932669397],[77.482845089537761,9.297967470219454],[77.482673109891579,9.297603863314365],[77.482594780640909,9.297285131922298],[77.482567348919133,9.297230539332404],[77.482429283245892,9.296955763516539],[77.482139249792183,9.296378549967105],[77.481850913732487,9.296221089302216],[77.481855296052814,9.296139411257943],[77.481603190142678,9.296171083104003],[77.481170173130579,9.296158152080841],[77.481082085158718,9.295969677002036],[77.480199977404084,9.297031509309901],[77.479878750556793,9.297190462340279],[77.479604738976391,9.297221253466951],[77.479428124855588,9.297130549469099],[77.479457469269633,9.296831329779094],[77.479307318246839,9.296830849490007],[77.479005886275942,9.297112833712241],[77.478809652677626,9.297142002350286],[77.478759520279183,9.297077990732783],[77.478534684213187,9.297164715180676],[77.4784140839446,9.297102843491933],[77.478139170792474,9.297182150812288],[77.477923493948921,9.297609880455601],[77.477747961381056,9.297632089536497],[77.477672756468749,9.297952935007318],[77.477372183513296,9.298375575401256],[77.476931242526319,9.29894269294685],[77.476649445128828,9.299246902213939],[77.476427639435173,9.299486350339174],[77.47639923317935,9.299663798991006],[77.47633889975404,9.300040699423377],[77.47676328780571,9.299541243855469],[77.477374302098028,9.298794027584909],[77.47779159115268,9.299371441169139],[77.477868811527841,9.299808579990675],[77.477175681662274,9.299983785131211],[77.477368844172219,9.301262616689321],[77.477621647021564,9.301235543652343],[77.477764318034914,9.302205329299833],[77.477875212932176,9.302698337182211],[77.477178939315394,9.30290419119258],[77.477174330271382,9.303070104547132],[77.47705506805255,9.303507755862629],[77.477124484786628,9.304736604300476],[77.477112144296399,9.305580625960202],[77.477377122334232,9.305618726834624],[77.47737934481961,9.305707599599652],[77.477411928444468,9.305856074451555],[77.478233456211797,9.305728568493173],[77.478292403620642,9.305957099161079],[77.478809532837289,9.305930100536767],[77.478993161599476,9.306920184186611],[77.478458232943169,9.307054484469809],[77.478521380406022,9.308098429988366],[77.477780901122628,9.308337182589721],[77.477618111290653,9.30838573935619],[77.477719799332135,9.310131328555926],[77.476883791568497,9.310179493457721],[77.477008324954113,9.311230842712009],[77.477030443855469,9.311384063429079],[77.477128009847931,9.31205993695386],[77.476844479602249,9.312121659773103],[77.477235883467628,9.314437179206438],[77.476756723489629,9.314554821337509],[77.476685605169223,9.314168181546696],[77.476409514623583,9.314189515242628],[77.476529416464487,9.315057735337616],[77.475390565427631,9.315310455654634],[77.475584508032298,9.316297581401594],[77.474766742618385,9.316392160190347],[77.474758427928862,9.316421802704578],[77.474974396255647,9.316984873277001],[77.475052063728114,9.317346443938069],[77.475351797044311,9.318710906952022],[77.474757758242887,9.318879030565036],[77.475007076820887,9.319953712224583],[77.474052377011517,9.320263344793942],[77.473943514685715,9.320256386288422],[77.473831236788996,9.319895931548412],[77.473897151940434,9.320259610382108],[77.473935218939701,9.320279230375009],[77.474043024930708,9.320334783876326],[77.474099038397782,9.320759838548991],[77.474130533176023,9.320999428489005],[77.474196014565749,9.321124935897366],[77.474296591083913,9.321317708473766],[77.474349465365066,9.321450061004141],[77.47436970642282,9.321500727012436],[77.474387765610899,9.321618282359726],[77.474404983511377,9.321730367066488],[77.47442770799826,9.321796041564957],[77.474511646822137,9.321960132420966],[77.474573796796079,9.322104298762142],[77.474536075363133,9.322255171994774],[77.474532244351451,9.32227087990143],[77.474511610218556,9.322355586654103],[77.47447558206963,9.322729995037612],[77.474495200651617,9.322824609745394],[77.47450968889693,9.322862240132247],[77.474650887739656,9.323307525765376],[77.474603589566357,9.323347349714604],[77.474365013856499,9.323548227270704],[77.474136137920155,9.323740936868477],[77.473865421432919,9.323943669276801],[77.47397781107918,9.324008661095714],[77.47401717666574,9.324031424317091],[77.474158832403958,9.324112745612265],[77.474617740289361,9.324376192772423],[77.474787969977868,9.324473917794824],[77.47576563365098,9.324932887695139],[77.47617134338158,9.32503235585277],[77.476452104383384,9.325136400687001],[77.47647189663391,9.325143735765918],[77.476571578682851,9.325572323624849],[77.476800539415677,9.326387002575981],[77.476944912255149,9.32641302194155],[77.47731677377574,9.326429476214333],[77.477766819555896,9.326449388984193],[77.47789279338572,9.326356144355332],[77.477920105580722,9.326397811234342],[77.478064690979011,9.326618390314417],[77.478238443993206,9.327039045820134],[77.478309694557808,9.327078790636891],[77.478771175740675,9.327485274048167],[77.478905556852979,9.327637307714859],[77.479021075312701,9.32779152995608],[77.479056295623337,9.327823185662515],[77.479350850702815,9.328120157311561],[77.479500686681618,9.328106004739528],[77.479658092484954,9.328092790213194],[77.479825879571109,9.328149970981295],[77.480170978569873,9.328141169298229],[77.480821231044544,9.328151898589679],[77.481027894965678,9.328219285169915],[77.481959170953573,9.328169711334434],[77.482751848461788,9.328080622701577],[77.482761147109827,9.328079578910371],[77.482820806639793,9.327942016063609],[77.482985193888055,9.327939225864785],[77.48302189209457,9.327796299330469],[77.483386968850965,9.327679548266444],[77.483510760936497,9.327639959716533],[77.483961143110861,9.327748730761195],[77.484186549756146,9.327803166992707],[77.484281490539914,9.328682211273213],[77.48428450820046,9.328710156932994],[77.485463034771357,9.328996318907198],[77.485460797812593,9.329981813856397],[77.485564779940447,9.330007055396592],[77.485615752223438,9.330019428627013],[77.486917836741355,9.330335501103164],[77.488861751111912,9.330798013717732],[77.488980618731702,9.330826295221989],[77.490630985367119,9.329940098339717],[77.490737895525299,9.329882691137819],[77.491616880691581,9.329821797126201],[77.491623164276859,9.329678317254437],[77.491634037278118,9.329430024493407],[77.49163507656688,9.32940628641007],[77.491662201351858,9.328786924917862],[77.492006585607527,9.328839201464666],[77.492211050243796,9.328807803186049],[77.492238303572222,9.328698199331576],[77.492463175984881,9.328706913945719],[77.492561198070391,9.32859626587989],[77.493173939963938,9.328643132205402],[77.493483162158242,9.328728882193708],[77.493978222441015,9.328766545137785],[77.494058353810331,9.32927508534417],[77.494093905339781,9.329323452922086],[77.494158754025918,9.329411679953695],[77.494488313157532,9.32989260954113],[77.495051789592125,9.329600174969441],[77.495070344337933,9.329593093401439],[77.49548600886277,9.329424665031581],[77.495929066465976,9.329356820577615],[77.496035396019238,9.329340539977746],[77.496293399699042,9.329410488187319],[77.496809339646546,9.329592752061396],[77.497560156486315,9.330167184515897],[77.497617675120622,9.3302111890376],[77.498074996851926,9.331535299238842],[77.498136468969406,9.331654837200645],[77.498179614863034,9.331738737474],[77.498622291407699,9.332198265654661],[77.498868998555594,9.332351249828088],[77.499015068038418,9.332401794322701],[77.499675412737489,9.332521556740437],[77.500363333762564,9.332186390942208],[77.500945713456602,9.331608582038236],[77.50117968182812,9.331406490162822],[77.501951533016083,9.330892600432584],[77.502023623191462,9.330858457831562],[77.502674668384643,9.330550112956093],[77.503284941355403,9.330485168110716],[77.504274358775817,9.330929087830215],[77.504302649231903,9.330933771334808],[77.504378305164252,9.33094524011233],[77.504844395397456,9.331015898353245],[77.504978872936178,9.330981412555776],[77.505020727591443,9.330940272419848],[77.505275060125243,9.330690282969377],[77.505309558115016,9.330686420206245],[77.505432061432359,9.330621513668337],[77.505936570943703,9.330599900977438],[77.506251097785025,9.330628013496696],[77.50690375889387,9.330649444912856],[77.507083685561952,9.330612912080191],[77.507448464882586,9.330538846259181],[77.508334344837323,9.330734624771265],[77.508438489956802,9.330626469596778],[77.508618394180886,9.330678089503422],[77.50872295837766,9.330700906349724],[77.509047120408169,9.330771642778707],[77.509372282705755,9.330699314695124],[77.50958815997258,9.330794440376803],[77.510604158246721,9.330840369315496],[77.510779494760584,9.330874882345329],[77.511651317191394,9.331046492153886],[77.511690748251667,9.330926294119489],[77.512450165924562,9.331027007582684],[77.512482099381032,9.331086225870788],[77.512545853847797,9.331204454582886],[77.512560929054345,9.331232532696985],[77.512568044940352,9.331245787513755],[77.512688484005167,9.331453319936674],[77.512783124621976,9.331726188182499],[77.512906308295683,9.331993478607982],[77.513326281234299,9.332609740917723],[77.513482800808589,9.332937082406827],[77.513593578322585,9.333168759230906],[77.513406275906931,9.333275890604785],[77.513410275975019,9.333318717188471],[77.512408426378258,9.333948575033926],[77.514035063629208,9.333249996721712],[77.514093889953628,9.333274280407469],[77.515693594956261,9.333934633983375],[77.517457432951247,9.333816627478248],[77.518409950557057,9.33413417111837],[77.518400763456555,9.334193851264359],[77.518411344827783,9.334196685346022],[77.518271229743306,9.335528961388952],[77.518951622287318,9.335630521905532],[77.520062836052318,9.335898596655772],[77.520166338744417,9.335485958968892],[77.520989988709289,9.334920157407259],[77.521083444156844,9.334529452270081],[77.521582280608399,9.334407806527206],[77.521747597124502,9.334627921639129],[77.522402306012665,9.334697609462687],[77.522405555575631,9.334813145258405],[77.52244443564237,9.334815735323122],[77.522426759894273,9.335338474549111],[77.521650327318198,9.336588515448605],[77.521719111458438,9.336732161167337],[77.521725828309982,9.336746189450881],[77.522471168934985,9.336712758927419],[77.523101823728112,9.337173113884489],[77.523332103715575,9.337341210412893],[77.523359613891344,9.337359977560791],[77.523909507406472,9.337735117708512],[77.52391855486006,9.337821459906035],[77.524436068644164,9.338819605409954],[77.524440766267716,9.338837788962937],[77.524442249053365,9.338843459278698],[77.524830137948982,9.340326487826831],[77.524837698207492,9.34035539433221],[77.524842150299634,9.340445499171196],[77.524856889090373,9.340743676456217],[77.52484086426692,9.341657347942387],[77.524786551223542,9.34166195822505],[77.524908718932721,9.342584595126961],[77.524929214705878,9.342963153127123],[77.524984197853314,9.343117636974755],[77.525044155310511,9.343131832658313],[77.524947009340039,9.342283169207921]]]]}},
{"type":"Feature","properties":{"vill_name":"Nelkattumseval","dist_name":"Tenkasi","taluk_name":"Sivagiri","village_co":"9","lgddcode":733.0,"lgdtcode":5870.0,"lgdvcode":642627.0},"geometry":{"type":"MultiPolygon","coordinates":[[[[77.478489249364117,9.26232648807974],[77.478771048445338,9.262179264219521],[77.478942498729737,9.262253640005479],[77.478955579510355,9.262249625453952],[77.479206205611817,9.262172702219139],[77.479357503861564,9.262026514212286],[77.479734951650897,9.261916803632392],[77.479935919009705,9.261757098540398],[77.481082989750263,9.261427412584872],[77.481250715590619,9.261385900933179],[77.481407631148599,9.261417993097686],[77.481473765360988,9.261431519082258],[77.481483453707611,9.261433501324362],[77.481635924196723,9.261412590131622],[77.481657409259739,9.261408993041604],[77.482137369844622,9.261328630915864],[77.483285776757427,9.261260083297385],[77.483260275373254,9.261119378616325],[77.483179605608086,9.260674306118585],[77.483241247879349,9.260443048378985],[77.4833044871677,9.260203721986999],[77.483353959912179,9.260203640132442],[77.483238892133045,9.259691419141069],[77.483255907409287,9.259653776805255],[77.483269546953366,9.259302820652623],[77.483326589020237,9.259205877341229],[77.483598215562282,9.25920284757388],[77.484122702295039,9.259196996753053],[77.484155459347676,9.259203632248505],[77.485228895984164,9.259421100622991],[77.485271052228143,9.259313811813447],[77.485313207545303,9.259206521174399],[77.485367875549969,9.259228228451862],[77.486351416020426,9.259618765877509],[77.487103163130982,9.259691741302245],[77.487216022426395,9.259616229142496],[77.487314418677897,9.259616119381466],[77.488242082736178,9.259615090959072],[77.488527166646065,9.25962609111612],[77.488638542587552,9.259513451148534],[77.488664194004116,9.259487509448249],[77.489182744763227,9.259473227920815],[77.489887228704262,9.25945382391169],[77.489967494757565,9.259592776335234],[77.490417241032972,9.259609918366573],[77.490427761439335,9.25948496673622],[77.490795011654527,9.259362639166753],[77.491437185429831,9.25910407089185],[77.491437216452567,9.259104058555611],[77.49143726026044,9.259104040024527],[77.491529444343712,9.259066923298649],[77.491529388719613,9.259064379346304],[77.491524506972524,9.258842202760153],[77.491463080787597,9.258839842858073],[77.491410804973114,9.258743737432415],[77.491172310842629,9.258305276685467],[77.491057853274995,9.258183441979329],[77.490959834368212,9.257902852015972],[77.490955395579775,9.257845019839888],[77.490668968642026,9.257426642497746],[77.490601801943995,9.257328534838756],[77.490601212775942,9.257317303592513],[77.490654814662818,9.25731489460598],[77.490615199707705,9.256983986474181],[77.490585872653114,9.256739010303557],[77.490581001866701,9.256698324065486],[77.490435344071798,9.255665658322936],[77.490392930997785,9.255285200965709],[77.490393382272828,9.255240026324659],[77.490430379055525,9.255057180680392],[77.49042875005108,9.255040470520065],[77.490377006040148,9.254509612585263],[77.490331014296572,9.254082784564106],[77.49025641060571,9.253839826096023],[77.490138925951484,9.253457216635489],[77.490107591627421,9.253266466694862],[77.490125500236246,9.253098624918158],[77.490186478385951,9.252755191985726],[77.490174187731071,9.252642298627345],[77.490151348964872,9.252432496366961],[77.490183603433636,9.251880896354665],[77.490179738012159,9.251232672292664],[77.490164292611666,9.251086372294385],[77.490084522019288,9.250330758679405],[77.490048454339288,9.249991476231278],[77.490004513452419,9.249578127729844],[77.489988560091078,9.249428055990265],[77.489898137175302,9.249532047550291],[77.489575377514811,9.249789310650206],[77.489264618134044,9.250239384492362],[77.489070808225222,9.250481230434481],[77.488575660791682,9.250972829844368],[77.488105258673301,9.251578001301477],[77.487830562646778,9.251908102731651],[77.487808082123806,9.251935117559064],[77.487528081420393,9.252163423425332],[77.487420357459854,9.25225125880837],[77.487088440505332,9.252486613047925],[77.486541137162178,9.252721415445857],[77.486318566902057,9.252640589436711],[77.48607825726009,9.2525533206699],[77.48570238554106,9.252408255370584],[77.484564212336224,9.252435977479189],[77.484412152773388,9.252438794660044],[77.484056946671473,9.252445373827353],[77.483985434066227,9.25244669889535],[77.483813929774286,9.252508824171189],[77.482997822309358,9.252804446299539],[77.482986236409161,9.252808510129977],[77.482562306272825,9.252941539707807],[77.482248834558021,9.253039907009844],[77.482078360061962,9.253093401789283],[77.48201141193276,9.253114409548852],[77.481299191585435,9.252947316508072],[77.481278258883236,9.252942405136579],[77.481222981744935,9.252929436870888],[77.481148538152169,9.252911970929802],[77.481146762087704,9.252915923396101],[77.481133654046985,9.252945086396247],[77.481129117725487,9.25295517833951],[77.48105906999966,9.253111016924345],[77.48071517126148,9.252420741715133],[77.480462141760768,9.251880115877004],[77.480410583771999,9.251792543100004],[77.480477674280195,9.251739305499175],[77.480646042593904,9.251605703532947],[77.480740125838793,9.251531047729417],[77.480839932438116,9.251451849796553],[77.481624231625986,9.252148896937493],[77.482432931664434,9.251678497979848],[77.482615014732886,9.250699250664775],[77.48271136543697,9.250170033912827],[77.482744530687,9.249987868646055],[77.482746815695364,9.249975320414444],[77.482767375240968,9.249862392592098],[77.482804591365849,9.249657972484295],[77.482812572852168,9.249652812371949],[77.482881168292522,9.249608461313642],[77.483177997037416,9.24941654233381],[77.483183226959909,9.249362638116144],[77.483410933457378,9.247015710364135],[77.483338671245434,9.246435558798177],[77.483292292253807,9.245929457349707],[77.483212872677001,9.245100722320304],[77.483155357521596,9.244557997828952],[77.483106060708849,9.244038741051565],[77.482899919002975,9.242628806262195],[77.482787000980252,9.241801411629076],[77.482727891728786,9.241338843986297],[77.483549841952737,9.23927413831343],[77.483894382165801,9.238416843307697],[77.484282437196583,9.237512322861418],[77.484299670070399,9.237477728442483],[77.484507363531421,9.237060801023931],[77.484632951759679,9.236804960257777],[77.484677311553838,9.23671502906674],[77.48479392557887,9.236532882068584],[77.4848701149146,9.236525809558144],[77.48493253466907,9.236520015140743],[77.484950854999809,9.236518314823668],[77.484950893209074,9.236518310683605],[77.484951009627324,9.236518300989552],[77.485233105125147,9.236492115430764],[77.485566910864634,9.236466430674051],[77.485566953608355,9.236466427481183],[77.485668703177851,9.236458598423376],[77.485709698942131,9.236455444409517],[77.48600441249117,9.236432768457254],[77.486533433334785,9.236392062806164],[77.48836248424783,9.236256324562818],[77.488361320397942,9.236231088630774],[77.488309912882968,9.235116073963665],[77.488288127447731,9.23464354122248],[77.48613610382688,9.234402885636575],[77.486118976452317,9.234400314502951],[77.484902313826723,9.234242925459847],[77.484935002961151,9.234120268933072],[77.485167151173201,9.233196520754476],[77.485383448223303,9.232811639238607],[77.485517814755696,9.232572546720764],[77.485988618167511,9.231811718338847],[77.486547877337046,9.230904117111438],[77.487448357428349,9.22944803278823],[77.488128382289645,9.22845344976384],[77.488598842410909,9.227804121089308],[77.488920494008127,9.227374060977784],[77.489006116378221,9.226433822425477],[77.489007496340108,9.226416060078083],[77.489047356511946,9.226153576225871],[77.489063866085417,9.226044862393085],[77.488969866615861,9.226015587016663],[77.488955829833614,9.226011216234077],[77.488530046722389,9.225878611241578],[77.487742439031095,9.225633319849159],[77.486169319744448,9.225194546903944],[77.485384936635498,9.224929170580657],[77.484415880908088,9.223698358277829],[77.484103974247546,9.223285876403862],[77.484098971535218,9.223278832000062],[77.483448793581417,9.222363373610664],[77.4811965592082,9.221360142724224],[77.480755469670157,9.221170031410557],[77.480630730612916,9.220899468770323],[77.480207132112724,9.22008462313949],[77.480113091607805,9.219900939076334],[77.479822559367904,9.219286410580949],[77.479735159964946,9.219101544733288],[77.479592047452499,9.218920141146171],[77.479804225336366,9.218921329570339],[77.480100832726961,9.218920070757555],[77.480286551155558,9.218915901320432],[77.48072657059241,9.218906022428133],[77.481268143012244,9.218902738412414],[77.481594286727741,9.21890076075527],[77.482660036792396,9.218881030361016],[77.483125061160678,9.218846243642806],[77.483528378481509,9.218811976767435],[77.483796238082334,9.218842967737674],[77.484827821444156,9.218962319139274],[77.485233272450856,9.219009227772037],[77.485203031058631,9.218680578720807],[77.485142115788108,9.218018576976691],[77.484978998695297,9.217445678394638],[77.484857500954433,9.217018957460759],[77.484837879965411,9.216950045262923],[77.484870674365098,9.21674002351214],[77.484888289020702,9.216616586958679],[77.484905322706183,9.216497215775203],[77.484906238621761,9.216490798980379],[77.484563347371591,9.216414064997634],[77.484525409838298,9.215928340371056],[77.484758372306402,9.215417412945005],[77.484758948797051,9.215415723887336],[77.484930673764197,9.214913008678618],[77.485005327200298,9.214700598821022],[77.485021321226171,9.214655089608835],[77.485063320560386,9.214578110286419],[77.485022811233947,9.214538637122331],[77.484861288843533,9.214381245162132],[77.484821030367854,9.214347737920111],[77.484500239578892,9.214026172805337],[77.484516073485167,9.213840254493572],[77.484543664225626,9.213759426309153],[77.484721430650879,9.213741007057962],[77.484765138023263,9.213597957743927],[77.48517698421692,9.213603903758715],[77.485364620969534,9.213064097005541],[77.485317320494929,9.213002267424544],[77.485318509653382,9.212998720818428],[77.485262596145233,9.212847775616941],[77.485340834637654,9.212639642172672],[77.485379931027666,9.212645766431841],[77.484614952651654,9.212085417312771],[77.484459508515783,9.212093367644254],[77.48439841845132,9.212048642743575],[77.482760478814399,9.212110243325419],[77.482348568831966,9.211800371033091],[77.481254774923357,9.211330920833614],[77.480069009605018,9.210154639771037],[77.480042075347995,9.210127921325805],[77.479068806749368,9.210229983542758],[77.478996792503892,9.210237535579031],[77.479251184321342,9.210693307987068],[77.479410976667438,9.210979592879509],[77.479806138308476,9.21170370836653],[77.479860104038366,9.212007261694726],[77.479868850582733,9.212056460624938],[77.479879898481329,9.212108173089112],[77.479986005038484,9.212604832998197],[77.480084512835305,9.21278395278701],[77.480196836076303,9.213259425516823],[77.48030201524071,9.21340926016334],[77.480296617238537,9.213443578662972],[77.480276644822013,9.213570554129637],[77.480200610867286,9.214053941043499],[77.480117415420025,9.214429029080621],[77.480114892045634,9.214439468634465],[77.480038057039025,9.214754996993896],[77.47994557337357,9.214764089283712],[77.479223257465165,9.214835104303409],[77.47919943435582,9.214837446062694],[77.478789525212477,9.214931611665868],[77.478773624411886,9.215075302644241],[77.478137726072674,9.215086704400276],[77.478085424356777,9.215427583338389],[77.478019074215013,9.215860016181642],[77.478017764847664,9.215859916682435],[77.477802478847295,9.215843509400669],[77.477185553705908,9.215795550769027],[77.476492742038758,9.21570357957304],[77.476485541144314,9.215702055404392],[77.476285926550972,9.21565980101014],[77.476119119097987,9.215624492323917],[77.474881859315232,9.215340816313429],[77.474596550908885,9.215337759512474],[77.473963497793576,9.215330976182489],[77.47222464969019,9.215162621407785],[77.472170487012576,9.215161124937643],[77.470340846316319,9.215110540148936],[77.470031415686421,9.215014597918078],[77.469883791433773,9.214968824820257],[77.469459486980739,9.214899708013812],[77.469360715448261,9.214883619095335],[77.468439012065161,9.21463606321538],[77.467617414754883,9.214415395218479],[77.467230059681299,9.214326836702739],[77.467039740279276,9.213939825725941],[77.466894836993063,9.213936241824229],[77.466458111658312,9.213927696415725],[77.466380635996302,9.213422179124167],[77.466164356908394,9.21339307068536],[77.466013905669442,9.212987451729008],[77.465616981442778,9.213250703209164],[77.465464486654284,9.213267560724654],[77.464861233259029,9.213323442764878],[77.464785113009242,9.213516250416282],[77.4647002135696,9.213752433340895],[77.464663315420665,9.213850355406636],[77.46457141387242,9.214094246599981],[77.464565279389916,9.214111486795499],[77.464418419055264,9.214524207687484],[77.464336299201449,9.214724103968907],[77.464131979393684,9.215243515068746],[77.463937020574193,9.215668548673012],[77.463676495828551,9.21617233594991],[77.463623665007731,9.21643469390659],[77.463514445872619,9.2165966335271],[77.463513161998975,9.216598537657534],[77.46309714799726,9.216597447807425],[77.463071218142488,9.216768283377981],[77.463044616252446,9.216943541722051],[77.46298949759769,9.217997184915722],[77.462926889451239,9.218821382713761],[77.462747111807673,9.219581451613575],[77.462776188076091,9.22003535974622],[77.462784144224315,9.220159557694801],[77.462744731282868,9.220201281581828],[77.462196243182589,9.22044347705946],[77.462193031052507,9.220569321066213],[77.462191346092439,9.220635324629143],[77.462188741166941,9.220737360987036],[77.461373400655575,9.22110359793529],[77.461563944845281,9.221651556381357],[77.461605890730695,9.221772181328083],[77.461590747345852,9.221781818233888],[77.461449590781939,9.221871642546638],[77.461345361205019,9.221937968938944],[77.461337267786377,9.22194311855854],[77.461179078127387,9.222148924064628],[77.460998214280593,9.222273563752141],[77.460999627149135,9.22228460237752],[77.461053308890115,9.222704157663859],[77.461019831634175,9.222723967858668],[77.461023738819407,9.222770355088512],[77.461024330570723,9.222779171837592],[77.46099093798766,9.222802790182168],[77.461035018709296,9.223079658279664],[77.461038406150678,9.22310946405087],[77.46110998444091,9.223685246198444],[77.461048261811385,9.223688916882299],[77.461026438903502,9.223690214213871],[77.461018309873921,9.223843642255257],[77.460942782093582,9.223823998047681],[77.460883847985656,9.223940622914977],[77.459924211270973,9.223882818772703],[77.459918791640135,9.224360154404705],[77.458503947611945,9.224964726069413],[77.457248388964913,9.225552696868117],[77.457178179691653,9.225593119218368],[77.456137534817785,9.226005599772925],[77.455725512588373,9.225388775992567],[77.45530244789903,9.224755419636052],[77.455211823120393,9.224791445525824],[77.455194545358736,9.224798313630751],[77.453228751237404,9.225546519443212],[77.453223013828136,9.225546138676043],[77.453113720247984,9.225589619420106],[77.452427312357116,9.225514049403007],[77.452385637691165,9.225509461298174],[77.452417841617901,9.22606650193647],[77.452461419555945,9.22694824043456],[77.452221849589108,9.227135877386665],[77.451187021083371,9.227253405444221],[77.45118340646539,9.227265365784792],[77.451158128819301,9.227348981873654],[77.451115895676281,9.227488684664225],[77.450993175167099,9.227462267413662],[77.450878683045474,9.227480876679744],[77.450610717125301,9.227524429699713],[77.449102971186576,9.22780293645334],[77.448420980315788,9.227913932186707],[77.448036195347285,9.227985412736938],[77.447384887890237,9.228181565637227],[77.446684031733867,9.228375189130922],[77.446079927904947,9.228560237215479],[77.446263594320939,9.229750345179513],[77.445943727894388,9.229910723664069],[77.445690077660203,9.230324518887647],[77.445730354312872,9.230353993433463],[77.445760341403371,9.230486970204002],[77.445840768889369,9.230843632874056],[77.445876379216074,9.231018372762048],[77.445919828941967,9.231270503762779],[77.44592771068497,9.231315039261991],[77.445945799665182,9.231417239760651],[77.446097755620428,9.232275814959868],[77.44612483689356,9.23242544023153],[77.446246024114686,9.232990227684898],[77.446439646935914,9.233890469083201],[77.446635752027078,9.234733053931141],[77.446831129421895,9.235636518221501],[77.446878272727687,9.235879272211484],[77.446883597317196,9.235959590774812],[77.446888069381586,9.236027058940429],[77.446931951627036,9.236689096207005],[77.44696765845346,9.238045313640917],[77.446985613610238,9.238266087105627],[77.447035259441748,9.239015368558809],[77.447067986693426,9.23953537578387],[77.447082743583664,9.239769843439619],[77.447135522262997,9.240672850538646],[77.447144147376008,9.240820421677858],[77.447213816771196,9.241965294771445],[77.447251703171062,9.242439632649592],[77.44728357043347,9.242874444283565],[77.447207629877099,9.242942360785875],[77.447199120283457,9.242997048904462],[77.447121408427734,9.243496505824579],[77.446918736083575,9.244743799159268],[77.447026025684465,9.245273290289214],[77.447030470950438,9.24529522724208],[77.446897381133468,9.24552447739112],[77.446905651638062,9.245596519081039],[77.446968308960152,9.246142331776122],[77.446982935423407,9.24626974065743],[77.446990758789056,9.246337892113708],[77.447018977657464,9.24639189784649],[77.447037473407576,9.246427296336066],[77.44712323651342,9.246591436244575],[77.44693369533249,9.246540129855621],[77.446967090728108,9.246626504859806],[77.446986171546357,9.246675855276973],[77.446973412208777,9.246858768165515],[77.446951163101119,9.247177723955266],[77.446929926757676,9.247482147771128],[77.446931918043646,9.247522119851135],[77.446958818188392,9.248062086195453],[77.447006923527681,9.248858041018403],[77.447070756774337,9.249914211323894],[77.447150249241233,9.251014416687825],[77.447160285077985,9.251153316566503],[77.446939516430362,9.25210018295939],[77.446915731128271,9.25220219602423],[77.446847353091542,9.25224644568379],[77.446877417684348,9.252501214730819],[77.446979928308892,9.25303969205083],[77.446620108303776,9.253109172207076],[77.446507642661842,9.253100355324291],[77.446446531049332,9.253096404058272],[77.446110793229451,9.253074699572677],[77.446073830677463,9.253086637598155],[77.445996517573334,9.253111607661621],[77.445984442346528,9.253114356162339],[77.445831442727922,9.253149209724226],[77.445832883318786,9.253493773213494],[77.44591720653392,9.2535628390245],[77.445897960749022,9.253829021624602],[77.44591871574012,9.254225158077523],[77.445936898184399,9.254415546142981],[77.445994572847027,9.254977547827192],[77.4459609101946,9.254996229291896],[77.445877315125671,9.255042621611683],[77.445591787148359,9.25520105774855],[77.44457051400552,9.255755160856019],[77.444034649765499,9.256039570335727],[77.44352073605657,9.256321125266464],[77.442997901598631,9.256592251292142],[77.442290436362399,9.256978464891601],[77.441688783599176,9.257298531264622],[77.441040694370272,9.257294368553579],[77.440501592932009,9.257261665418062],[77.440442888517424,9.25730714331357],[77.440017938993748,9.257636345234619],[77.439427563995437,9.258096016759088],[77.439097791340288,9.258352780604858],[77.439083315402414,9.258364051088506],[77.438482137066657,9.258885141356714],[77.438476096066637,9.259849755476683],[77.438489685466379,9.260326024459349],[77.438367896142083,9.260326519841778],[77.438128081881487,9.260327494675103],[77.437032515143969,9.26033275845432],[77.437013720055162,9.260333263827892],[77.435574816622733,9.260373138548751],[77.435560302242138,9.260375233014372],[77.435298018091942,9.260413133430545],[77.435286885543192,9.260434834824457],[77.435028560367925,9.260938426497557],[77.434924085021223,9.261123002199882],[77.434892238703355,9.261161163384065],[77.435730919403241,9.261692407389754],[77.435797735579698,9.262016109422666],[77.436781070140128,9.262407992550905],[77.437059960828478,9.262464743157819],[77.437339421954647,9.262520367112243],[77.437805054319227,9.262150605244262],[77.437823331413952,9.262141639723918],[77.43877164158512,9.261676458200077],[77.439070591731877,9.261570112042198],[77.439864975706087,9.261227543945671],[77.440318534194006,9.260911228321984],[77.440488906855521,9.260792408450389],[77.440541724147408,9.260755572792908],[77.440821155307447,9.260659246997671],[77.441460583186043,9.260740207763307],[77.441659177165818,9.260853952769489],[77.441859350140064,9.260968572904689],[77.442359036774576,9.26090948879266],[77.442890223220189,9.261180231066101],[77.443391650223305,9.262252141971263],[77.443532545661711,9.262523095765991],[77.444103285987708,9.262612279737191],[77.444451922292615,9.262793933626593],[77.44488560474349,9.263038372128209],[77.445234216758294,9.263050821415655],[77.44527230936778,9.263050334017203],[77.445363337161325,9.263049169895565],[77.44576590299296,9.262704834975736],[77.446035276767816,9.262449537769104],[77.447036088755354,9.262348628273733],[77.44706253296296,9.262311587421744],[77.447152817312713,9.262185121520861],[77.447294911293866,9.262168506161755],[77.447671665178774,9.261625801312867],[77.447757154770414,9.261514468728466],[77.447808667377672,9.261580230779833],[77.448104249861558,9.261519667002171],[77.448692722877794,9.261679017375396],[77.448999485647846,9.261762084383498],[77.449604321733233,9.261697337925698],[77.450478959592957,9.261738284919055],[77.450589637421245,9.26174346617367],[77.451011469018326,9.2614264840413],[77.451089881116062,9.261156302046873],[77.451109963023498,9.261139005935286],[77.451227267052516,9.260937828078076],[77.451671338547087,9.260985671997108],[77.452200447000592,9.261310083419669],[77.452205494282325,9.261313178737215],[77.453495905304763,9.261522689464551],[77.45360454807097,9.261540328697953],[77.454222872937237,9.261349329402336],[77.454653432816301,9.261023409550376],[77.454753328342335,9.26094779097763],[77.455248558086382,9.260572915557436],[77.4558123877692,9.260147210121971],[77.455922462149474,9.259927844251022],[77.456044909066534,9.259826580065734],[77.456369135249162,9.259262281243105],[77.456783188284192,9.258587521930787],[77.45685897878694,9.258467665382932],[77.45709458883168,9.25844945106366],[77.45771308012668,9.258401637951618],[77.458412435553115,9.25830558912187],[77.458514711002437,9.258120681110237],[77.458659340007273,9.258104965770467],[77.458790096939708,9.257927222640374],[77.459755421694496,9.25797174392163],[77.460161432094125,9.257727956225303],[77.460469599131955,9.257590135877418],[77.460792168602822,9.257445875768422],[77.460871062533371,9.257315450804631],[77.460914049718795,9.257244382658254],[77.461628027147157,9.257142390183752],[77.461924235631699,9.257284767056973],[77.46224620304281,9.257439527188705],[77.46234322002168,9.257479019463275],[77.462703571889492,9.257625707888556],[77.46276240216956,9.258118849599624],[77.462858343714061,9.25846306973682],[77.463023949688377,9.258686905811718],[77.46336432407503,9.258766582984792],[77.463538759063681,9.25879607611961],[77.463716580284981,9.258795608072925],[77.463719751194603,9.25879559876714],[77.463743221798154,9.25874540179943],[77.463907903927293,9.258435059579178],[77.464115772262545,9.258082095684317],[77.464294393698907,9.258028423687072],[77.464731433884978,9.25789710025211],[77.46506625561922,9.257894033898754],[77.465504028114822,9.257914355407195],[77.466322758717553,9.257978114379288],[77.466384736346484,9.257982939713944],[77.466927205369771,9.258317777733515],[77.466937906851527,9.258324382996957],[77.467234403108662,9.25831054646172],[77.467334999418128,9.258305852019891],[77.467344459377031,9.258319648907875],[77.467394747852282,9.258491116188074],[77.46804097340754,9.258343616635047],[77.468062315342777,9.258336118597109],[77.468216912838656,9.258281800264863],[77.46854891892643,9.258165148884137],[77.468923667148488,9.258024744673101],[77.469099331919267,9.25795892899712],[77.469137944864002,9.257951878384238],[77.46998897606386,9.257733119326044],[77.47044551923986,9.257626183182847],[77.470622680103844,9.257583435823458],[77.471451472422586,9.257475781378437],[77.471660557642508,9.257932103952493],[77.471665514070679,9.258050353373411],[77.471686181724465,9.258104737660839],[77.471894443581832,9.258652752077579],[77.471911800249174,9.258698421846116],[77.47195079514907,9.258801032448387],[77.47203245734805,9.259015916147854],[77.47208371532264,9.259150793943311],[77.472218255272921,9.259504821205194],[77.472297042301619,9.259712137739003],[77.472300413546336,9.259721011769276],[77.47238335011933,9.259916785515406],[77.472489998632355,9.260168535549376],[77.472822573007178,9.260456111065542],[77.473232586016863,9.260827206651442],[77.473375146499606,9.261032605593776],[77.473405749896287,9.261076498177001],[77.473543972112338,9.261412590491172],[77.473786291271693,9.262001797370754],[77.474030525661078,9.263158035707692],[77.473929718672991,9.263161145877859],[77.473941482641919,9.263229762809498],[77.473960812125611,9.263285955077439],[77.47401606097344,9.2634465642235],[77.47403956392877,9.263448311726322],[77.475005851237626,9.263520154983317],[77.475533942594481,9.263476692681333],[77.476459759117191,9.263446228146364],[77.476913084820978,9.263253504469771],[77.476948755825191,9.263238339047909],[77.476949895417803,9.263154624947846],[77.477247950440216,9.262932541987254],[77.477247546917425,9.262884708760629],[77.477247193089553,9.262842735614688],[77.477518970429259,9.262655768729049],[77.477529216696595,9.262648554575613],[77.477984470314539,9.262332821686293],[77.478489249364117,9.26232648807974]]]]}},
{"type":"Feature","properties":{"vill_name":"CHINTAMANI R.F","dist_name":"Tenkasi","taluk_name":"Kadayanallur","village_co":"YYY","lgddcode":733.0,"lgdtcode":6639.0,"lgdvcode":0.0},"geometry":{"type":"MultiPolygon","coordinates":[[[[77.345130637376343,9.206616083901528],[77.344808058782064,9.207041194046896],[77.344361004429203,9.207437934430038],[77.344020397599621,9.207740204723175],[77.343858870671454,9.20804592608529],[77.343857650011955,9.208525081980603],[77.343880837851486,9.208947009296931],[77.343960069206133,9.210388730773488],[77.343968980893308,9.210668481302145],[77.343976607256138,9.210907860856215],[77.344082959242684,9.211227568438327],[77.344118002623333,9.211493853887923],[77.344171044447293,9.211706946826293],[77.344295461084357,9.211946838106131],[77.344339594263104,9.212151036113037],[77.344321110927524,9.212395005338209],[77.344285341843502,9.21246883265257],[77.344222355048814,9.212598840729255],[77.344204131611789,9.212740768552647],[77.344257241211324,9.212927241328781],[77.344596105307687,9.213123305900936],[77.344881837584026,9.213141772085729],[77.345327834314844,9.213351415233459],[77.345693424271317,9.213574164043459],[77.345943277182272,9.213654651692936],[77.346085962001794,9.213734870125892],[77.346130141579508,9.213921320025221],[77.346111513202345,9.214222966303781],[77.346110903699724,9.214462543432802],[77.346047284568584,9.214897175015373],[77.345760714941079,9.215207020760216],[77.345721213149844,9.215235922341472],[77.345143579669241,9.215658529915693],[77.345071769731845,9.215711068068904],[77.344965057202273,9.215729407648524],[77.3448989966206,9.217272510225138],[77.345472065078198,9.219212178392805],[77.346481384264209,9.220076147257588],[77.346562899750552,9.220304744172271],[77.346644124779758,9.220532523879752],[77.347198783842614,9.222087959754857],[77.348063976910495,9.222807989700758],[77.349147566718472,9.22288249330937],[77.350159997362141,9.222526095321317],[77.350811714257901,9.221953434722552],[77.35157410784042,9.220447942155674],[77.351683087425442,9.220232740192888],[77.3519025617951,9.21915649491091],[77.351834665576092,9.217433455115437],[77.351406609305229,9.215278799248749],[77.350615127565888,9.213984670422784],[77.350174014974613,9.213062311372502],[77.349824561619087,9.212331611313585],[77.349910468604165,9.211177473550693],[77.349974148423016,9.210321968678912],[77.350162597580521,9.21023516217379],[77.351059152282275,9.209822174916772],[77.352144335235039,9.209250590161272],[77.352507391049457,9.208533631618186],[77.352512642335753,9.206451840590065],[77.352516625737309,9.204872551695809],[77.352478391752513,9.204689834313587],[77.352299599229013,9.203835378410458],[77.352231075046632,9.203507900872127],[77.35178384693954,9.202587154949022],[77.351679822034598,9.202596736237158],[77.351450808221642,9.202596167076472],[77.351434986080918,9.202596227023092],[77.350763754059713,9.202598829689448],[77.350428400002031,9.202851801887151],[77.349828110849529,9.203375424030693],[77.349025895979338,9.203635980588887],[77.348770123919223,9.203766621155863],[77.348030152304162,9.203795401740575],[77.347501523385688,9.20384659242449],[77.345130637376343,9.206616083901528]]]]}},
{"type":"Feature","properties":{"vill_name":"Rayagiri - Part-2","dist_name":"Tenkasi","taluk_name":"Sivagiri","village_co":"152","lgddcode":733.0,"lgdtcode":5870.0,"lgdvcode":933541.0},"geometry":{"type":"MultiPolygon","coordinates":[[[[77.427519110445814,9.327486802286476],[77.428274377530471,9.327271840061325],[77.428573344489124,9.327392487521672],[77.429026275576931,9.327334482858042],[77.42907528008692,9.32727794959608],[77.429133969556347,9.327210246450829],[77.429801843724931,9.327258905668298],[77.430275160634622,9.32707047606223],[77.430402854722701,9.327019640492679],[77.430407916267185,9.327017625672044],[77.430978218209574,9.326781275704287],[77.431286496310094,9.326623665256895],[77.431299180339238,9.326617180343408],[77.431309927847792,9.326604130544007],[77.431288586479667,9.326593961800148],[77.431230730618879,9.326566392970305],[77.430990584592109,9.326451961909376],[77.430782479022326,9.326352909666232],[77.430773498489145,9.32635444005796],[77.430285282942251,9.326437706179734],[77.4300959180202,9.326486027434212],[77.429272014194211,9.326598599072303],[77.428662813094007,9.32670490877806],[77.428563323690099,9.325938792311902],[77.42860417239126,9.325863565553513],[77.42851106821864,9.325148754526877],[77.428465781967901,9.324688135445653],[77.428355229571778,9.324668727501857],[77.428318683998512,9.324198708587019],[77.428274648905685,9.323856233080962],[77.428095192963511,9.323827795501035],[77.42806532083155,9.323449726126702],[77.42802926416519,9.323095139207748],[77.427785722915502,9.323093325658709],[77.42773447685336,9.32285723350026],[77.427625928164559,9.32222662985461],[77.427641204311143,9.322058918106562],[77.427701150437954,9.321136030016246],[77.427701635259453,9.321128673318674],[77.427731530838727,9.320706894139811],[77.427775508961759,9.319984116407483],[77.428280673456584,9.31980345881964],[77.428574255058933,9.319607559112168],[77.428615516233279,9.319453086882168],[77.428740205973128,9.319416978273566],[77.429124199933284,9.319324533010079],[77.429594548915333,9.319206216993923],[77.43028142000864,9.3190316082013],[77.430634237226002,9.318940793735253],[77.431192175512933,9.318806229310184],[77.431493927244418,9.318723359174918],[77.43186752096878,9.318628748540714],[77.432167010212581,9.318550353782149],[77.432729849489078,9.318337669355648],[77.433474423625995,9.318122988473791],[77.434083623552652,9.317946480838293],[77.434049718949552,9.317701380376416],[77.434023861925795,9.317483665549911],[77.434025899276605,9.317476105869183],[77.433534055044376,9.317807710408802],[77.43328567181473,9.31687216485286],[77.43340952495663,9.316822943041652],[77.433295424809415,9.31620318932443],[77.433195865790339,9.315738029003601],[77.433154310480731,9.315545508248935],[77.432956578044653,9.315564924181555],[77.432910735716874,9.31522806429423],[77.432662970168508,9.315255169036091],[77.432592115154904,9.315137441408631],[77.432157289209371,9.315200070070818],[77.432057012030242,9.314951089659134],[77.431629446896196,9.314971594486751],[77.431327165727296,9.3149839395317],[77.431310854565069,9.314662392738668],[77.431377578290082,9.314363753357739],[77.431309634919231,9.314007060307734],[77.431189777366242,9.31325767164744],[77.430702050713805,9.313253691531033],[77.430657072545202,9.312835905812205],[77.430588023946527,9.312130354197485],[77.430050222615691,9.312138727834636],[77.429390009979144,9.312130785921454],[77.429383573657944,9.311757785998044],[77.429361364347841,9.311334678551523],[77.428670385565397,9.311426847731719],[77.427877335349436,9.311510295720838],[77.427287826943441,9.311505709486058],[77.426818920603949,9.311512929941443],[77.42679247222685,9.31140911419992],[77.426985659121712,9.310946061094233],[77.426925149724781,9.310644729386354],[77.426848441860542,9.310302558769235],[77.426753086481312,9.309903869851007],[77.426837747411739,9.309395223197653],[77.426861443864539,9.309263971200032],[77.427061058398962,9.309272189925526],[77.427080562086189,9.309064506707941],[77.427002016917498,9.30901971358279],[77.427003300363026,9.308720363383149],[77.426680973145224,9.308666908434574],[77.426475444491089,9.308687233292616],[77.426032161558737,9.308585690800312],[77.425875002304878,9.308548335937989],[77.42547183642138,9.308644651934801],[77.42480748322204,9.308698115111568],[77.424794529184652,9.308636521467788],[77.424701867020502,9.308594464425113],[77.424466429946975,9.308483726960402],[77.424147584266933,9.308220028730423],[77.423791459357517,9.307860464589135],[77.423423195767,9.307526644053613],[77.423210035540933,9.307342192186407],[77.422754034121837,9.306979900351493],[77.422752603282618,9.306954832936302],[77.422726496210231,9.306497382919366],[77.422217320518484,9.306606203097228],[77.422177456175476,9.306712496102508],[77.421834020348598,9.306670391575775],[77.421568893755577,9.306719505348481],[77.421038939346985,9.3068751449596],[77.420766091103815,9.306968402818654],[77.420758635030737,9.306970946949214],[77.420646091314012,9.307053822539737],[77.420237616919678,9.307348096279878],[77.419931933446847,9.307541397659698],[77.419687420774864,9.307679289723623],[77.418768200937038,9.307677296880241],[77.418671176177895,9.307436854020926],[77.418500042133843,9.306965651181082],[77.418441506475602,9.306825603985928],[77.41830256404738,9.30643008143463],[77.418104358114604,9.305932521719551],[77.418095851205834,9.305910112446883],[77.418729297369268,9.30585606972665],[77.418740100311354,9.305295501617845],[77.418742081871216,9.305027762010933],[77.41875232814732,9.304560235355542],[77.418757271471506,9.303870484974677],[77.417740391397601,9.303816354815142],[77.417713885558925,9.303646724294206],[77.418000936209438,9.303637444758971],[77.417987990164761,9.303280524864217],[77.418250924405129,9.303221289441737],[77.418026308844887,9.302431783810958],[77.418206342561049,9.302409002690366],[77.418285099734788,9.302691792787964],[77.418732439142204,9.302618071207997],[77.418661031111441,9.302096981833682],[77.418681364172215,9.301724967140439],[77.418704205522744,9.301357504313527],[77.418638221421432,9.301187136692885],[77.418521348738096,9.300878174945598],[77.418506823159831,9.300538591893648],[77.419430855534856,9.300236877562574],[77.419905199686966,9.300087458488186],[77.419901394910354,9.299697555325958],[77.419690635962823,9.299262503307597],[77.419930151037562,9.299241219077233],[77.419972873412107,9.299284871064634],[77.420235257442641,9.299117756933047],[77.420186330586148,9.298220634160046],[77.420162823544331,9.29783499202445],[77.420112862755232,9.297501002202788],[77.420202587206347,9.297472632156937],[77.420242637770087,9.296812109359989],[77.420219225760235,9.296564198219199],[77.420209355503246,9.296459685497984],[77.419673886861617,9.296426366558252],[77.419216470219709,9.296397903219505],[77.419177417172989,9.296396053915636],[77.419126964754042,9.29625359584349],[77.419079774857607,9.296248249496799],[77.41891268750058,9.296229319762315],[77.418906074118169,9.29619222282356],[77.418576909721622,9.296191279665081],[77.418517249271815,9.296184519693329],[77.417702167126549,9.296158834131155],[77.417461428153999,9.296141154541704],[77.417241702688628,9.296125017565878],[77.417210020181528,9.295952724334098],[77.417037663869166,9.295973956421896],[77.41702713108063,9.295930048183243],[77.416726077039272,9.295953969274779],[77.416588512182059,9.295964899415733],[77.416217633886362,9.296173591888351],[77.41616100504541,9.296204360979411],[77.416166483029713,9.296217179914175],[77.416143640699119,9.296213794129397],[77.415510188062854,9.296493671697769],[77.415417679895171,9.296420632843263],[77.415335747550657,9.296355946523139],[77.415146324813648,9.296358530093963],[77.415115046114437,9.29633868073066],[77.414844200846673,9.296346443799973],[77.414808126929302,9.29634747864799],[77.414689142129603,9.296350889339205],[77.414677034546983,9.296370761125463],[77.414636005162848,9.296438103209285],[77.414511047761451,9.296472957156109],[77.414439983171491,9.296492517772117],[77.414313769958738,9.29652725879594],[77.414177527943792,9.296527981444004],[77.414047959606876,9.296578469642851],[77.413742605907572,9.296619334554528],[77.413256201040255,9.2968001787268],[77.413138515842519,9.29685967233814],[77.413073833190182,9.297094162283365],[77.41280929278868,9.297306119866764],[77.412716425990666,9.297376617135342],[77.412308840839671,9.297686023438089],[77.411919108652711,9.297939288247195],[77.411655002055468,9.298110915245397],[77.411681240531976,9.298545113961936],[77.411694171050073,9.298658246971879],[77.411183589105761,9.298673310280986],[77.410373727866684,9.298697203317042],[77.409939506289277,9.298866911523923],[77.409432397435296,9.299043595733172],[77.40810666266745,9.299506262599948],[77.407774039749029,9.299622343830588],[77.407479501605351,9.299725419102311],[77.407262732347206,9.299801277632842],[77.407234288021868,9.299811225960443],[77.406766751950983,9.300159521583682],[77.405955472424552,9.300786970818015],[77.405691850848228,9.300762071119488],[77.405582790375419,9.300707051763071],[77.405241199984715,9.300373515583795],[77.404898780563414,9.300039169265361],[77.404685477042278,9.300004736562538],[77.404678730337352,9.299998095256544],[77.40462022441713,9.299994202702177],[77.403941184855029,9.29994902010209],[77.403775861342453,9.29993801999443],[77.403695916798824,9.300039251793319],[77.403589196007005,9.300174389583857],[77.402833976332957,9.301165408643724],[77.402764048235767,9.301257168799694],[77.402204144049207,9.301362406293213],[77.402063610023063,9.301388820693782],[77.402045349131839,9.30149498627255],[77.401291329713786,9.301680036364541],[77.400816321937441,9.301780698228345],[77.400493100527754,9.301878675535809],[77.399676352068539,9.301656489042397],[77.399646778190032,9.30170750580815],[77.399587910747115,9.30180905464745],[77.399409852423091,9.302175541015455],[77.399282238931676,9.302427613452052],[77.399076966817773,9.3027433358802],[77.398930573074921,9.302763888203264],[77.398702770503149,9.302795869489476],[77.398427100700673,9.302835175045288],[77.398336086656002,9.302848153589222],[77.397745859342763,9.302838641290483],[77.397668320323163,9.302634256869119],[77.397314577216719,9.302567057567233],[77.396915864275698,9.302491343180511],[77.396315108089681,9.302403480376944],[77.396200783485696,9.302379888162926],[77.395959542484064,9.302330105364867],[77.39591892157928,9.302078877665988],[77.395346498992836,9.302119968891603],[77.395327241418357,9.302127496537659],[77.395309920185028,9.30213426737218],[77.395080632071,9.302224011471713],[77.394721227630811,9.302364684153455],[77.394122303129691,9.302604014960632],[77.393509561096039,9.302843587386336],[77.393506203053761,9.302844900354883],[77.393403264157698,9.302920883201043],[77.39338323588224,9.302935670327178],[77.393127537510097,9.30315141253916],[77.392743676009403,9.303434306994982],[77.392333208250761,9.303590455909651],[77.392039555729525,9.303708198244243],[77.391977880202262,9.303688615258604],[77.391908174792661,9.30366648183889],[77.391834667522161,9.303631433509906],[77.391448094822636,9.303447055057088],[77.39137356850749,9.303253807108065],[77.391264943592205,9.302972140151361],[77.391198095135607,9.302698866074843],[77.39067047141836,9.302543627009419],[77.39062726258021,9.302530914229859],[77.390477821144955,9.302084036457456],[77.390206114103961,9.302049157920328],[77.389918899066586,9.302015211753243],[77.38985895343032,9.302008126126795],[77.389473924976556,9.302180055618697],[77.38947370311179,9.302180154482352],[77.389304476784019,9.302062891157478],[77.389290591949887,9.301850952635832],[77.389288438293107,9.301818085836821],[77.388961203781449,9.301773514951805],[77.388926729451853,9.301822547736659],[77.388795591692499,9.302009064079254],[77.388449130470562,9.302529041931894],[77.388281869886384,9.302780069163482],[77.388006982623537,9.302804513454561],[77.387979472448436,9.302813920522997],[77.387675079216223,9.302918009278059],[77.386687915036418,9.30304741395258],[77.386560443096997,9.303064123620592],[77.3858074423907,9.3031049307874],[77.385523315210122,9.303106740531852],[77.385045826738107,9.30307312069179],[77.384894666326034,9.303279028992216],[77.384814558366557,9.303388151869504],[77.384771298063313,9.303284408212882],[77.384729181070014,9.303284253529309],[77.383663850653448,9.303280345576633],[77.383110545961728,9.303278314507857],[77.383023612173176,9.303199713061565],[77.382885162796768,9.303199529111115],[77.382453480392741,9.303198955546669],[77.382166802274483,9.303195536685083],[77.381968472192739,9.303204358931438],[77.381829910141718,9.303196062903179],[77.381774812382218,9.30320950093358],[77.381608919580998,9.303249960541782],[77.380893766473179,9.303324442724156],[77.380409541480347,9.303370708631535],[77.380214795319333,9.303389315287829],[77.380062797639468,9.303403837755784],[77.380242690778402,9.30385692871922],[77.380287964406321,9.303940638726882],[77.380350843245012,9.304243428244959],[77.380533673496572,9.305133764663747],[77.380968455060042,9.305179858246049],[77.381203131538811,9.305148723112296],[77.381242496532579,9.305143500508546],[77.381265160776877,9.305110626032494],[77.382049384586381,9.30523342401875],[77.382194297640368,9.305209571968284],[77.382445853733074,9.305168165002655],[77.382892935918505,9.305135563577306],[77.382891819747883,9.305491764622838],[77.382873558360671,9.305931827264796],[77.382863158395907,9.30618245471814],[77.381552700591484,9.306568856456616],[77.381173774128811,9.306570767515305],[77.380756566246944,9.306569405743748],[77.3802759156126,9.306559997846831],[77.380197202304757,9.306086899106825],[77.380065252131033,9.306079757915327],[77.379897102775885,9.306070658114049],[77.379695798125169,9.3060597632966],[77.379636719130318,9.305820328281918],[77.379629606943467,9.305791520776092],[77.379548348015106,9.305462398403671],[77.379415555131942,9.305465368565761],[77.378773908252242,9.30547971874886],[77.378605635576378,9.305476554722107],[77.377827391461722,9.305461921373729],[77.377798182719459,9.305519895476394],[77.377740843853104,9.305522974085402],[77.377731774932528,9.305523461449351],[77.377676642021569,9.305573526371921],[77.377649046708086,9.305598404160698],[77.376867855212467,9.305669083728484],[77.376831861648057,9.305676728817035],[77.376375979653076,9.30571348826045],[77.37596274432822,9.305746808069866],[77.375858057898924,9.305737160421137],[77.375582768907776,9.305723915490468],[77.375528460904562,9.305623190913037],[77.375374611917707,9.305617663297449],[77.375292516067475,9.305434105099915],[77.375009186494268,9.305382396853318],[77.374807536812284,9.305353029844639],[77.374786335416445,9.305349942391418],[77.374763592223601,9.305346629805216],[77.374762289751814,9.30532804663164],[77.37476008087215,9.30529653834539],[77.374719937498284,9.30472382696999],[77.374701460784991,9.304502107139495],[77.374460345065998,9.30397981422456],[77.374134245523038,9.303981396882946],[77.37390115193611,9.303982527420386],[77.373390490168617,9.303994477912871],[77.373390686008037,9.304019102844277],[77.373391755121204,9.304153772985826],[77.373395023252101,9.304565534271978],[77.373584866637486,9.304632132740593],[77.373668320357481,9.304661408497408],[77.373690749055868,9.305087849815285],[77.373945926005717,9.305165510409784],[77.373967828246649,9.305383723425878],[77.37408458667656,9.305566202697189],[77.374573668355765,9.305529630630204],[77.374658878948395,9.305882308817857],[77.37490069029927,9.306285315774112],[77.375164290819129,9.306375846628015],[77.375763947058402,9.306260719304953],[77.376057813294238,9.306312130006454],[77.376046139149125,9.306513447729834],[77.376310676837008,9.306599983658268],[77.376914740635385,9.306562368553157],[77.376932755180675,9.306601569470612],[77.377000046093016,9.306748008711775],[77.377060969716496,9.30688060152008],[77.377717284118063,9.307162175457691],[77.378186715721924,9.307117404308304],[77.378372320798505,9.307305772383712],[77.378542276757088,9.307303804556334],[77.378685661099937,9.307480397248289],[77.379326434847314,9.307485781508356],[77.379438947544557,9.307488011301984],[77.379986444692747,9.307498859456866],[77.380072511880257,9.307578362966316],[77.38034544605452,9.307577594420316],[77.380197307058154,9.307897060480654],[77.380203575963904,9.307915711372887],[77.380330743988452,9.308294169486178],[77.380571517524757,9.308982275015316],[77.380751204224595,9.309518660059936],[77.380984206122321,9.310192113436882],[77.381050673143903,9.310394649024619],[77.38132329593536,9.311225379306844],[77.381666688878823,9.312176546837593],[77.381890040300917,9.312860950907371],[77.381907067939963,9.313062626671764],[77.381960514378008,9.313644658193697],[77.38200998998596,9.314097611434869],[77.382083802543733,9.314773367508824],[77.382188535873226,9.31584038150819],[77.382357864138925,9.317428117935972],[77.382500169092708,9.318739149650263],[77.382568885011111,9.319372223598799],[77.382659349826739,9.320330713388291],[77.382805362841395,9.321644675906921],[77.382855548757405,9.321633860131092],[77.383416827650507,9.321512904470355],[77.384147326766168,9.321324718764165],[77.384184581124828,9.321315121847631],[77.384190377056086,9.321313628901438],[77.384194100173644,9.32131677500923],[77.384487077571464,9.321564285661228],[77.385022584467862,9.321985310599906],[77.385032712029911,9.321993273117091],[77.385514683013326,9.32202794106707],[77.385852681974683,9.322056238684324],[77.386381169942666,9.322087017835337],[77.387259552274543,9.321901627270107],[77.387989266903318,9.32174231864005],[77.388111273763258,9.321694962057288],[77.388443198019075,9.321566127157197],[77.388966234542252,9.32134572596957],[77.389490274122181,9.321185119689666],[77.389693342968087,9.321127993879529],[77.389949229607595,9.321051690912046],[77.390005920477506,9.32103478667773],[77.390188560046212,9.320804221172915],[77.390384137366567,9.320557319143877],[77.390382784183501,9.320428208562705],[77.390416083615037,9.320388950494049],[77.390399200444179,9.320107734252622],[77.390039256890745,9.319977484418352],[77.389997676437034,9.319798955446576],[77.389988743422521,9.319723538536781],[77.390107086249458,9.319538372981645],[77.390427881440218,9.319074957028553],[77.390616692736444,9.318701981830747],[77.390924279302709,9.318747870791185],[77.390908243966095,9.319256608144578],[77.390903565798794,9.319430292954307],[77.390882330212406,9.319676722957357],[77.390896889611199,9.319678152627505],[77.39089373915678,9.319795102249936],[77.391040636042433,9.319804500121281],[77.391487030099441,9.31983305638494],[77.391752401846958,9.320356630542243],[77.39224359821911,9.320444781043587],[77.392285757740737,9.320947066790508],[77.392293899440645,9.321044064964987],[77.392577294482379,9.321288102739082],[77.392655313532046,9.321355286584906],[77.394793153971108,9.321423056452954],[77.394576012791745,9.322295108139615],[77.39465562344752,9.322597088095],[77.394797646457022,9.322647913943234],[77.394850509370329,9.322666831487529],[77.395090126100442,9.32299876935142],[77.395401780008868,9.322952321455725],[77.39577875216645,9.323012776120711],[77.396203036016132,9.323233547438432],[77.396244422751309,9.323423635195098],[77.396556863558942,9.323384878863809],[77.397008464536711,9.323524187997233],[77.397206180061573,9.323744411424125],[77.397239669548895,9.323753900508576],[77.397779338909459,9.323906812534027],[77.398329319009619,9.323892305940809],[77.398424890554665,9.323889784735643],[77.399191513193983,9.323800687955023],[77.399227734635105,9.323796487551514],[77.399526659800799,9.323761824907541],[77.399521747024167,9.323662475479773],[77.39954612876565,9.323658915299019],[77.399517524226553,9.323202678768775],[77.399505970582808,9.323018429630622],[77.399855056301647,9.322737865827987],[77.400280533862713,9.322708850171651],[77.400385442697058,9.322724558094121],[77.400402471320206,9.32272710841595],[77.401584768431945,9.323142207762336],[77.401609429308024,9.323150865921734],[77.4016053143568,9.323075840181133],[77.401599337728697,9.322966896664576],[77.401280925672651,9.322822404676762],[77.401287523351556,9.32278342750851],[77.40112757475481,9.322716023281682],[77.401315102610738,9.322476020731242],[77.401340802196657,9.322443131186725],[77.402195455173597,9.322432347062636],[77.402800791203546,9.322424708565114],[77.403607892750969,9.322693688894242],[77.403614042919912,9.32281866346638],[77.403615770076186,9.322853753575163],[77.403617021612376,9.322879204257049],[77.403678376217954,9.322883705871583],[77.404190193360421,9.322921262198317],[77.404384184631809,9.323082324170782],[77.404418418806571,9.323097321783793],[77.404836070390971,9.323332392910903],[77.404915611619955,9.323346832922587],[77.405479014281653,9.323449114244658],[77.40572859324179,9.323566977408669],[77.406219718870091,9.323452773269668],[77.406422294926585,9.32341176803301],[77.406488258242305,9.323398416034449],[77.407053743991284,9.323767707518959],[77.40719865127906,9.32386238826412],[77.407618993182737,9.324130944687425],[77.407807485462769,9.324190117148085],[77.407881968420909,9.32421349917651],[77.408076195693312,9.324416420616231],[77.408212704746532,9.324437823738704],[77.408585968651963,9.324448520580871],[77.408693564550376,9.324565134936844],[77.409405526139452,9.32447338520722],[77.409468370712545,9.324565130373255],[77.409506046415416,9.324610779920382],[77.409768413706487,9.324718312140003],[77.409957418803913,9.324795775993209],[77.410009283126413,9.324967952650713],[77.410374590943064,9.324954469044853],[77.410507866449308,9.324955114075047],[77.411201000365551,9.325361545807255],[77.411342301472516,9.325446276338912],[77.411429919228368,9.325453841503627],[77.41165822015752,9.325473557359413],[77.411619371153222,9.325407599282737],[77.411578084921189,9.325337505249193],[77.411691181541102,9.324838049682892],[77.411696263388578,9.324833781067559],[77.412094003710152,9.32449971750067],[77.412097283614955,9.324475142928225],[77.412247192760475,9.324342288931208],[77.412249124276826,9.324315446449976],[77.412263503347233,9.324115595612454],[77.412304597863468,9.324110421924788],[77.41253664004779,9.324225253286507],[77.412822527054317,9.324238953269898],[77.413547743605946,9.323905152209107],[77.413915035785593,9.324084952184238],[77.413967744255359,9.324110754159157],[77.414325509346781,9.324099314309976],[77.414663760721723,9.324083167814635],[77.415019009835277,9.324236466429948],[77.415468240920575,9.324362889659197],[77.415673503289895,9.324347156558174],[77.415840890956375,9.32466674792032],[77.415861992730697,9.324707037982167],[77.416255317384127,9.324628961241196],[77.416283934010764,9.324623280334036],[77.416569781564306,9.324674005651051],[77.417283712376687,9.324807031017002],[77.417473512258567,9.324839028708839],[77.417483706553455,9.324840747455413],[77.41787000884284,9.325072346751003],[77.417889974955301,9.324839471057883],[77.417890607410442,9.324832099688589],[77.417912406251887,9.324839494829824],[77.417916371204853,9.32477557177976],[77.417928139419047,9.324585876000663],[77.417930240618432,9.324551277215889],[77.417963547917253,9.324319370993003],[77.418243093662241,9.324331709989609],[77.418791221568668,9.324361051865715],[77.419368336657428,9.32439163911434],[77.419574310655676,9.324619613289105],[77.420093298314882,9.32479556865308],[77.42015214723142,9.324815521044792],[77.420317583509174,9.324871253321747],[77.420340865857852,9.32487909210394],[77.420415796840757,9.324877823335026],[77.420754484530931,9.324872086778555],[77.421531460504013,9.324890370601258],[77.421899497472097,9.325004094895428],[77.422107533550118,9.325038798082307],[77.422789669234788,9.325152586691765],[77.422919885729428,9.325174308555582],[77.423294024209696,9.325251985980938],[77.423352856859452,9.325821653039451],[77.423607261009906,9.325861675595419],[77.423699071177538,9.325985584880405],[77.424036188979059,9.326016715988811],[77.424116062320678,9.326283962165222],[77.424136155234123,9.326351192743003],[77.424166988680369,9.326414098551131],[77.424258421417676,9.326480650998862],[77.4242772890711,9.326625085070726],[77.424560667535218,9.326634089072822],[77.424812407156665,9.326654458858391],[77.425151245303255,9.326791478580381],[77.425166919691108,9.32687399181961],[77.425312809089448,9.326831530748013],[77.425403401483194,9.326805164139111],[77.425409102149715,9.32666821758554],[77.425410935606862,9.326624154307231],[77.425548488441365,9.326514504864024],[77.425556975124323,9.326507739644835],[77.425580839732802,9.326488716258986],[77.425604292328856,9.326457411353017],[77.425751840626162,9.326260456287461],[77.425883398241979,9.326238528830615],[77.425915090580133,9.326233246406787],[77.426295544327473,9.326169832354628],[77.426639992991426,9.326116499693928],[77.427005514458173,9.326267226151678],[77.427216681082044,9.327218858206646],[77.427257114532338,9.327369556406301],[77.427288500317985,9.327486532868807],[77.427183013377956,9.327733987991936],[77.427334726647459,9.327622409093673],[77.427519110445814,9.327486802286476]]]]}},
{"type":"Feature","properties":{"vill_name":"Dharugapuram","dist_name":"Tenkasi","taluk_name":"Sivagiri","village_co":"13","lgddcode":733.0,"lgdtcode":5870.0,"lgdvcode":642630.00000000012},"geometry":{"type":"MultiPolygon","coordinates":[[[[77.367567113900975,9.229017710146197],[77.367771079651703,9.228995302201303],[77.368457213321832,9.229083209057103],[77.368543051327336,9.229094206176169],[77.368737269627417,9.229109294685486],[77.369251291009348,9.229491180751067],[77.369370101170659,9.229519012748787],[77.369490484084338,9.229547212694284],[77.369685860999738,9.229297973123312],[77.369745708116184,9.228718320823718],[77.369977163882339,9.228330087573051],[77.370074303005495,9.228162779658065],[77.370150808338551,9.227256468205129],[77.370130460631927,9.227117913812872],[77.370087431801721,9.226824922585292],[77.370156256563519,9.226775539074502],[77.370190796386353,9.226418489758608],[77.37032530108138,9.226081740865672],[77.370338699705556,9.226048371030254],[77.370762803642222,9.22592164611382],[77.370979229555275,9.225650331709311],[77.37124115396459,9.22509522720501],[77.371448016795227,9.225147729052919],[77.371784761752181,9.225022376870395],[77.372070100278947,9.225031902117101],[77.372364408594862,9.224772948082363],[77.3725821937186,9.22463665637548],[77.372895905971021,9.224424795439338],[77.37380460431902,9.224221484035906],[77.373985298727703,9.223957557059929],[77.3742962677116,9.223782481586971],[77.374612796829155,9.2227645550497],[77.3746490391256,9.222646504448333],[77.374682419148542,9.222084472699517],[77.374906933991099,9.222072377342368],[77.37567355231667,9.222031077170644],[77.376574116774435,9.221976644582874],[77.377159051756053,9.22194128914399],[77.377254288995587,9.221910016711574],[77.377544582556922,9.221985289515791],[77.377611228064836,9.221479206345666],[77.379226132101223,9.221310404967959],[77.379307564411477,9.221369049886009],[77.379990673590939,9.221181671672852],[77.380836306884575,9.221072230279347],[77.381306664167496,9.221227537078288],[77.381596019859401,9.222005835064206],[77.381700162968187,9.222285954397559],[77.382153287299559,9.222385069097255],[77.382545242140793,9.222470804956465],[77.382647671913588,9.222393420904647],[77.382935580478019,9.22217591053565],[77.383176662462787,9.221897699690611],[77.383397620424404,9.22196673360158],[77.383791421290979,9.221748058970404],[77.383947345456548,9.221351017045247],[77.384035534560255,9.221126454443128],[77.384528944226872,9.220695435969869],[77.384774904453749,9.219931194281278],[77.385419099257632,9.219488477063013],[77.385725364908822,9.219549071971759],[77.386201573315674,9.219489956731152],[77.386988131260807,9.218967174653462],[77.387752746252119,9.218458976005907],[77.387886656907583,9.218150567975426],[77.387891611491526,9.21813915693769],[77.387990817483526,9.217910676387161],[77.387997164931861,9.217896056406893],[77.388033192340515,9.217813081637196],[77.388055465137882,9.217761781815382],[77.388074628423993,9.217763264422036],[77.38817065642256,9.217770692205296],[77.388220657842851,9.217774560117496],[77.388441375770071,9.217791632766401],[77.38868120142061,9.216920975859267],[77.388685789313115,9.2169166651104],[77.389108442745055,9.216519549739658],[77.389167040260958,9.216464495148999],[77.389447880412519,9.216135870036769],[77.389544369652114,9.215924618793428],[77.389958476154419,9.215801265460216],[77.390309513761181,9.215539443089794],[77.390591186768432,9.215464920780917],[77.390621320157976,9.215466814849915],[77.390523831933137,9.215097945194527],[77.390363832891097,9.214900258905953],[77.390092149766645,9.214533439757229],[77.389847053099544,9.213609208800078],[77.389664179305441,9.213351229853362],[77.389608032220039,9.213101379613558],[77.389446038449506,9.212199024427218],[77.389385677149505,9.211607166487898],[77.3891393346276,9.211415183412919],[77.389129958733108,9.211311779265323],[77.389118722306378,9.211174384698726],[77.388847252435554,9.210693768792325],[77.388840455121951,9.210682599039382],[77.388553997335961,9.210534511926468],[77.388308514348267,9.210452554976181],[77.387817185723407,9.210437818231087],[77.387155114139304,9.21047691809466],[77.387038917972575,9.210551227421556],[77.386370080184705,9.210566576924391],[77.385326589863169,9.21046126116379],[77.383995739075985,9.210326941740963],[77.383784197806776,9.210319651717779],[77.383497735821962,9.210251155755595],[77.383170592245108,9.210074068966202],[77.382645886810209,9.209754111085712],[77.38242078023481,9.209712885839171],[77.380823829670703,9.209722597016412],[77.3798886997713,9.20972034061063],[77.379839987057295,9.209825011125924],[77.379698986560982,9.20985092664424],[77.379540433782793,9.209850543702489],[77.379391033034722,9.209710150326615],[77.378846150208446,9.209201210780988],[77.377686050872853,9.208130651249986],[77.376736781238932,9.207296903963888],[77.376499791010275,9.206954998211804],[77.376086526916509,9.206656424670296],[77.37548828663725,9.206357402908539],[77.375100858190663,9.206299574349297],[77.374087655828546,9.206393386150623],[77.372474663699435,9.206818315292978],[77.371231935438502,9.207117231647768],[77.370659194267844,9.207194603970047],[77.370210161124035,9.207114738837312],[77.369188776612816,9.206954707377216],[77.368299682121489,9.206729355361743],[77.36761304098232,9.206561385060466],[77.366890970643851,9.20647209563738],[77.366231126314645,9.206155405380642],[77.365897148214614,9.205857014676395],[77.364929196720894,9.205465172671365],[77.364093102221361,9.205183053238699],[77.363679109680646,9.205182034783505],[77.363406532265657,9.204988819786742],[77.362553607918215,9.204391582270349],[77.362498582425687,9.204354555760045],[77.360793245384997,9.202903876875451],[77.354052846623759,9.201810394175943],[77.346345564580062,9.202150092904265],[77.342531719879744,9.203989554974584],[77.342663264927353,9.204120921923698],[77.343162843153465,9.204326266000821],[77.343296548695051,9.20442420737759],[77.343555416324577,9.204469225807433],[77.343724844396888,9.204567258190183],[77.343724550798228,9.204682610085086],[77.343719614338283,9.204721056408832],[77.343706327924423,9.204824537101238],[77.343357682847,9.204965631921043],[77.343107407396744,9.2050537363671],[77.342803073979226,9.205328042910079],[77.342704069599705,9.205629486320118],[77.342703844169918,9.205718217895232],[77.342774925406914,9.205860369594454],[77.342881862750588,9.205949372114931],[77.343131869023836,9.205967748027041],[77.343283729693965,9.205950382953343],[77.343578522950523,9.205915629606926],[77.343641193691099,9.205853675635854],[77.343811255173179,9.205703257023135],[77.343909602017007,9.205659136989558],[77.343989975946755,9.205659340387546],[77.344097049853559,9.205695102181876],[77.344810531719418,9.206069574230751],[77.345060637778985,9.206048018003372],[77.345247838194197,9.20618158825804],[77.345247477346476,9.20632355879979],[77.345130637376343,9.206616083901528],[77.347501523385688,9.20384659242449],[77.348030152304162,9.203795401740575],[77.348770123919223,9.203766621155863],[77.349025895979338,9.203635980588887],[77.349828110849529,9.203375424030693],[77.350428400002031,9.202851801887151],[77.350763754059713,9.202598829689448],[77.351434986080918,9.202596227023092],[77.351450808221642,9.202596167076472],[77.351679822034598,9.202596736237158],[77.35178384693954,9.202587154949022],[77.352231075046632,9.203507900872127],[77.352299599229013,9.203835378410458],[77.352478391752513,9.204689834313587],[77.352516625737309,9.204872551695809],[77.352512642335753,9.206451840590065],[77.352507391049457,9.208533631618186],[77.352144335235039,9.209250590161272],[77.351059152282275,9.209822174916772],[77.350162597580521,9.21023516217379],[77.349974148423016,9.210321968678912],[77.349910468604165,9.211177473550693],[77.349824561619087,9.212331611313585],[77.350174014974613,9.213062311372502],[77.350615127565888,9.213984670422784],[77.351406609305229,9.215278799248749],[77.351834665576092,9.217433455115437],[77.3519025617951,9.21915649491091],[77.351683087425442,9.220232740192888],[77.35157410784042,9.220447942155674],[77.350811714257901,9.221953434722552],[77.350159997362141,9.222526095321317],[77.349147566718472,9.22288249330937],[77.348063976910495,9.222807989700758],[77.347198783842614,9.222087959754857],[77.346644124779758,9.220532523879752],[77.346562899750552,9.220304744172271],[77.346481384264209,9.220076147257588],[77.345472065078198,9.219212178392805],[77.3448989966206,9.217272510225138],[77.344965057202273,9.215729407648524],[77.343901337961867,9.215912209592801],[77.343133338055878,9.215896967448902],[77.342748844978303,9.216082336898324],[77.342257457116133,9.216160958211088],[77.341783725342296,9.216319481922291],[77.341310107229845,9.216433640052378],[77.340523211948337,9.216822077836186],[77.338475238928439,9.217930494104992],[77.338126725971932,9.218013907345581],[77.337813424348496,9.218297057699722],[77.337535752906021,9.218615791683757],[77.336704127695995,9.219030728316236],[77.33638153877456,9.219451389167858],[77.336005147740735,9.219956209770304],[77.335825574769672,9.220328431649545],[77.335467934582638,9.220487239970494],[77.334914162083322,9.220512452898323],[77.334609991635133,9.220715763918795],[77.333267290772923,9.221910238264432],[77.332273926104151,9.222701862721618],[77.331880742652572,9.222789593285938],[77.331406195160753,9.22325866429953],[77.330966405730265,9.224100500389087],[77.330930211005239,9.224282308366737],[77.33092926995549,9.224646108768544],[77.331044451690985,9.225001334026761],[77.331552384140025,9.225437421594872],[77.331614486885172,9.225597298871257],[77.331506835332817,9.225783362947189],[77.331246921175079,9.226137628805628],[77.331121362101683,9.226341392744626],[77.331177417644099,9.226433425193511],[77.331416390192373,9.22637919561782],[77.331423628779802,9.226252677309175],[77.331900461623533,9.226138500013697],[77.332196050564562,9.226431440722962],[77.332415507559404,9.226154718655673],[77.332760415551036,9.226481752324954],[77.332994184649877,9.226529437189079],[77.333159609889989,9.226563181137175],[77.333370791688068,9.226592308873199],[77.333535948196683,9.226575877100323],[77.334086096153229,9.226521143446419],[77.334175988061787,9.22655577882953],[77.33445549847616,9.226663475617967],[77.3345717241979,9.226776783675813],[77.334678102780174,9.226880495400872],[77.335051988232905,9.227037748145886],[77.335898244254025,9.227117395391975],[77.33675312285861,9.22709621129704],[77.336790428390884,9.227065415922327],[77.337043967109167,9.226856121338157],[77.337447353296355,9.226532617780224],[77.337623227537605,9.226579399840709],[77.338138493916702,9.226362039315942],[77.338490604738752,9.225913154891698],[77.338793003761708,9.225681049611209],[77.339067959225943,9.225866413112756],[77.339835452540186,9.225791385199809],[77.340801990379617,9.225693848679859],[77.340826705971992,9.225596752913377],[77.341336013375056,9.225484211237429],[77.341551644070663,9.225464082757197],[77.341554229719023,9.225463840978376],[77.342437602547022,9.225381378605089],[77.343027901428158,9.225578022805882],[77.343776574278763,9.225857971826057],[77.344454533210197,9.226117536549223],[77.345028277020546,9.226124597612314],[77.345599372944136,9.225754753366193],[77.346134278851949,9.224792628780456],[77.346542078522376,9.224905611934778],[77.346787464386352,9.224814696184282],[77.34688257414615,9.224735254278361],[77.347124870427777,9.224479938047978],[77.347502879481326,9.22380887877185],[77.348485747162826,9.224294795616466],[77.348463680173978,9.22501153450712],[77.348590820217623,9.22523225876899],[77.349321013824479,9.225286191603644],[77.349743426562867,9.225441833204673],[77.349948904635681,9.225337528993462],[77.350038901919817,9.22529387941462],[77.350047619017474,9.225289651960226],[77.350802128111553,9.224923706944647],[77.351108860723159,9.224647868515861],[77.351350715475775,9.224542829493938],[77.352653841521374,9.22485787814168],[77.353279378234674,9.224786229450253],[77.354715503894994,9.225336140639428],[77.354818777874655,9.225208152199395],[77.356017020516489,9.225983589419501],[77.355972885938556,9.226129232146874],[77.356115432298822,9.226344533832984],[77.356660503099079,9.227167810412363],[77.357131737259735,9.22719107797084],[77.357424839936854,9.227690567617875],[77.357664729931471,9.227888040509185],[77.3590017999163,9.227834077580166],[77.359157091579092,9.228455246710354],[77.359639611342871,9.228262799939642],[77.359895849651693,9.22838125339613],[77.359976189923827,9.228309009590101],[77.360620008230015,9.22825459536004],[77.360746490057153,9.228241139677653],[77.361538941077242,9.228318269332892],[77.361750875687591,9.228410002587797],[77.361980928894639,9.228577481900507],[77.362058161395609,9.228704091550425],[77.362142994137471,9.228848544465583],[77.362175042321823,9.228890254247279],[77.362729282816261,9.228944753086012],[77.362888643989464,9.22896042321978],[77.363361768535924,9.22872907067852],[77.363845319758397,9.228510859596895],[77.364461776023077,9.228478340284196],[77.364475914918373,9.228932670799622],[77.364683151873621,9.228993744393849],[77.365472236866879,9.229226288449796],[77.365462222382362,9.229578818877203],[77.365695277963979,9.229655051694943],[77.365723085242962,9.229654933231291],[77.366748682896585,9.229235024771148],[77.36720925011393,9.229057026117394],[77.36743264799685,9.229032482238217],[77.367567113900975,9.229017710146197]]],[[[77.418078922718848,9.234585940261875],[77.418094864705878,9.234568182585068],[77.418209833364287,9.234440119736012],[77.418246396999677,9.23428051715403],[77.418284564648559,9.234113919654259],[77.418547499153036,9.234120012142471],[77.41860686494941,9.234122111333418],[77.418917165161361,9.234133084626455],[77.419407916878228,9.234303436507361],[77.419618838405668,9.234390400528653],[77.419747102873657,9.234550919851898],[77.419820185745365,9.234642383319756],[77.419805030586332,9.234728865058868],[77.420451683065693,9.234779558717456],[77.420520152146267,9.234784927236255],[77.420589774908905,9.234797617323103],[77.420903104236658,9.234854725996589],[77.421023987916286,9.234866957613541],[77.421047658756692,9.234788161421893],[77.421085651177165,9.234789999249044],[77.42109009710893,9.234790213314927],[77.421608116084656,9.234879915632005],[77.421657359134514,9.234678003045751],[77.422352766154916,9.234662623069651],[77.422802208693327,9.234802824238562],[77.423119499797693,9.234799760953068],[77.423153022412791,9.234806457203021],[77.42316064263602,9.234799363897505],[77.423166164946821,9.234794222333345],[77.423180444987523,9.234780926255667],[77.423244938536797,9.23472088450977],[77.423278376006607,9.234689753748345],[77.423321119687046,9.234684705069357],[77.423777011843043,9.234630871304709],[77.423878970422948,9.234657226616944],[77.424470334402727,9.234464000873354],[77.424479947365157,9.234258025214846],[77.425140211194034,9.233981596440374],[77.425204892872785,9.233954472743262],[77.425202634354463,9.233884447624936],[77.425193293314138,9.233485806934114],[77.425191773058941,9.23342087293182],[77.425185716292916,9.233384875076004],[77.425175859210299,9.233326284294497],[77.425175851460892,9.233326241784926],[77.425075722811755,9.232731086294372],[77.425080205782635,9.230281419327474],[77.425234979138466,9.229137078619601],[77.425379909298925,9.228092108260203],[77.425409094410313,9.227848440350133],[77.425416345999935,9.227850126763988],[77.425831634272171,9.227946688637331],[77.426430961037269,9.228011663621],[77.426472944738393,9.228016217188697],[77.426497906287494,9.228696180362103],[77.426523273026774,9.228702608064276],[77.42652505066836,9.228757028686505],[77.42660135335089,9.228774618309791],[77.427637891656843,9.229013568443708],[77.42774807525609,9.229039533619998],[77.427825077689747,9.229057679804461],[77.427884625876217,9.229077366802974],[77.428021542394362,9.229122629276748],[77.429461585337222,9.229598686046945],[77.429731885044092,9.229706237328855],[77.429813044268968,9.229747747092267],[77.429834946785178,9.229829281091574],[77.430311045227171,9.23158796274957],[77.430347782883246,9.231724745334168],[77.430423524547024,9.231994159311123],[77.431044118892231,9.232530720732704],[77.431047722334299,9.232533836086878],[77.43110938890004,9.232586793940142],[77.431184936288929,9.23256041521925],[77.431563585049759,9.232428203554571],[77.43259582369059,9.232102855659175],[77.432664661196242,9.23208115962338],[77.432717283892899,9.232061164968425],[77.432791143378708,9.232033102435224],[77.432855471329859,9.232008662097668],[77.432963978686601,9.231967434843851],[77.434571130486376,9.231356790630894],[77.434731503966262,9.231295855381806],[77.435008043014861,9.23119613614994],[77.435085558712942,9.231168184247954],[77.435145636265815,9.231166889369151],[77.436486561014078,9.231137998840941],[77.436545537067744,9.231136726194119],[77.436555381393433,9.231136515136903],[77.436567559009106,9.231070991400992],[77.436595787845192,9.230919085517277],[77.436599803457625,9.23089748188268],[77.437003185121441,9.230851875761623],[77.437277498322175,9.230758759078157],[77.43799805517294,9.230574178296045],[77.43870584077834,9.230486002373626],[77.439302748071142,9.230214915185082],[77.439393491320601,9.230198385920614],[77.439563803805115,9.230191253241568],[77.439642328139684,9.230153057592611],[77.440746226168713,9.229616091489017],[77.441735172710182,9.228811303004255],[77.441862600004498,9.228707605883747],[77.441882474974406,9.228690156940639],[77.441906698231222,9.228668892371088],[77.441963246365304,9.228619249720749],[77.441987867293506,9.228561985009497],[77.443283264987485,9.225564823964708],[77.443286160769858,9.225558143674748],[77.443295743949378,9.225536033349677],[77.443321463964821,9.225494608657085],[77.443333826239169,9.225485514920743],[77.444308114777243,9.224881068423555],[77.44533354670267,9.224900536008274],[77.447098747565178,9.224946556956519],[77.447586810109129,9.22486861840185],[77.447601958247148,9.224868427819295],[77.447601834088573,9.224866217346412],[77.447594841831204,9.22474146263327],[77.447550439993094,9.223949297667744],[77.447548437139645,9.223913560681792],[77.447546596221969,9.223880708059491],[77.447605692627533,9.223883146787626],[77.44892970121083,9.223941291195596],[77.448939670358385,9.222897973554403],[77.448930178885135,9.222864674220155],[77.448685988737182,9.222007973615392],[77.448601231110644,9.221710611999537],[77.448387784975779,9.220902149060638],[77.448088864935443,9.220190652550247],[77.448029217809705,9.220185009023327],[77.447848229395049,9.220167604029115],[77.447201599321104,9.220105420376834],[77.447200917657256,9.220101623525029],[77.447204166240894,9.219882089038826],[77.447161113958884,9.219879958041927],[77.445926127779913,9.219818843272664],[77.445836917412876,9.219819849016242],[77.44581941828622,9.219867894691317],[77.445811922815366,9.219905968136604],[77.44580553242487,9.219906018705686],[77.445508934085638,9.219908413447051],[77.445371930899356,9.219898038377597],[77.445312554289416,9.219891812971044],[77.445310966252819,9.219910010182168],[77.445306071654173,9.219966107358291],[77.44527166639385,9.22022938444718],[77.44521119303586,9.220222969395893],[77.444889545409794,9.220188849771867],[77.444881685212764,9.220089729129093],[77.444879868867659,9.220007368020184],[77.444875118246415,9.220006915659791],[77.444650180065594,9.219985449552881],[77.444610438133779,9.219958753237384],[77.444407365349889,9.219822342102006],[77.444355134632275,9.219816670250014],[77.443988370586368,9.219776842867777],[77.442922358882555,9.219661082602151],[77.442923177312395,9.219628569716459],[77.442923657722972,9.219609471405146],[77.442359159029223,9.219629721202555],[77.441840516838084,9.219626813123563],[77.441822737650554,9.219626713871239],[77.441787965453173,9.219623327117549],[77.440824260764998,9.219635616645006],[77.439367112375066,9.21965419662658],[77.43918019786291,9.219657546259777],[77.439282993982957,9.220286970792607],[77.43922156109069,9.220445300998694],[77.43927976609973,9.220713553357678],[77.43921999731181,9.220711128472963],[77.439015557012823,9.220702839139346],[77.438911065449389,9.220833335375426],[77.438312010742592,9.220858551445424],[77.43817536787941,9.22086233530216],[77.437942113878748,9.220870294193951],[77.437815815186866,9.220631101788785],[77.437713024067563,9.220577184439694],[77.437137655948874,9.220275383346605],[77.436919755351497,9.220228261563461],[77.436421761684301,9.220118739137991],[77.436025150796908,9.219949130668358],[77.435818315646799,9.219860677378744],[77.435751487818493,9.219832100200492],[77.435684553233216,9.219764670589925],[77.435660233247447,9.219740172267219],[77.435404436928152,9.219482673704297],[77.435089866044549,9.219074215594274],[77.435050943961841,9.218817595649909],[77.435032029619109,9.217834441079047],[77.435026885454832,9.217794021979755],[77.435023834943365,9.217770059601156],[77.435092490335421,9.217768536573843],[77.43686225873212,9.21782762706883],[77.437289439681905,9.217812586037848],[77.437474830775329,9.218069588798217],[77.437800840894738,9.218062019560206],[77.437815991108963,9.218061668604744],[77.437831840310125,9.217973932502121],[77.437833643325888,9.217963953337808],[77.437948378928112,9.217905009559141],[77.438155943566471,9.217918877743681],[77.438216321000866,9.217919363965692],[77.438234431240886,9.21791950907844],[77.438227837353736,9.217830649548951],[77.438217093897009,9.217611550938392],[77.438114260996088,9.217571997603757],[77.438052239796662,9.217319351963782],[77.438644163097194,9.217412250275101],[77.438673487976658,9.217416851763089],[77.438854887986395,9.21725386486429],[77.438876871592967,9.217234113802975],[77.438894651901734,9.216607248051069],[77.43892763660871,9.216590951813371],[77.439167268703301,9.216472569597116],[77.439233417021541,9.216439893051367],[77.439268604080482,9.215858265982424],[77.439426309641078,9.215858495883966],[77.439428789394952,9.215763825214923],[77.439659835255426,9.215785734978521],[77.440406201036566,9.215835920836927],[77.440523841386025,9.215773375185757],[77.441067899291653,9.215814694658329],[77.441554716551238,9.215814243431225],[77.442037012554096,9.215821493115689],[77.442209032916537,9.215688439074881],[77.44241469220816,9.215695746295403],[77.442508720877044,9.21577380290114],[77.442801538591027,9.215767487997097],[77.442826287154702,9.215766858868793],[77.442864175946383,9.215768596944361],[77.443160757820252,9.215782200292693],[77.443200960702001,9.215874389117301],[77.443325174656152,9.21585941815151],[77.443625567908768,9.21582320972486],[77.443648081129624,9.215820497261316],[77.443652038588567,9.215645965158913],[77.443654336943098,9.215544615787076],[77.44365730715009,9.215409306605897],[77.4436649376715,9.215061761753983],[77.443665527892435,9.215034862208736],[77.443045514173079,9.214951306927372],[77.443040750082304,9.214950664839826],[77.443047494437522,9.214682544617316],[77.442556176885873,9.214760577782165],[77.442046644501488,9.214769213365607],[77.441886454096974,9.214752904227879],[77.441802500585496,9.214758587554476],[77.441803705040215,9.214750380981153],[77.441807766930438,9.214722714122619],[77.44182600685626,9.214598479660976],[77.441892826121503,9.214519025125401],[77.442025439071216,9.213991292089155],[77.441994511269826,9.213892218877215],[77.442036219058281,9.213811518206812],[77.442036019796305,9.213698374058763],[77.442035948140941,9.213657826199706],[77.442035414025241,9.213355105394195],[77.442035197810085,9.213232856002064],[77.441994558035901,9.213186303872886],[77.441992777472365,9.213112715272196],[77.442069422961353,9.212967203562021],[77.442098681987602,9.212777385131538],[77.44211942386093,9.21264281711016],[77.442152017202673,9.212431358210088],[77.442081381232668,9.212355272081977],[77.442197922372998,9.211957408393642],[77.442198504738855,9.211955421599427],[77.442511601919108,9.211931188265595],[77.442524622992494,9.211899717843815],[77.442546923551376,9.211845818894432],[77.442759188477879,9.211857030176512],[77.442954703070896,9.211887756601184],[77.443104718595308,9.211933960876758],[77.443416265556451,9.211960291806397],[77.443885762283458,9.211797128609017],[77.443956341194948,9.211772600154619],[77.444507715222827,9.211675092353744],[77.444502669275934,9.211614020718022],[77.444499629855727,9.211436929239003],[77.44461234366851,9.211307444342133],[77.444650327000403,9.211165899321363],[77.444777193718679,9.21116325728482],[77.444785438123034,9.210766722881704],[77.444995100790536,9.21080814379995],[77.445596480356969,9.210710413607602],[77.445599631945697,9.21054130277972],[77.445569209983063,9.21052940259538],[77.445334742635652,9.210437678313385],[77.445019765296422,9.210436659116835],[77.444710271004709,9.210456784071724],[77.444707368721851,9.210446618350934],[77.444685676264797,9.210370632589298],[77.444840910619547,9.210248290133439],[77.444853686577545,9.20996074117817],[77.444795821335589,9.209858870330754],[77.444791799600694,9.209851789375588],[77.445059654420916,9.209639314280896],[77.445151437622272,9.209410540355748],[77.445249287661326,9.209398080920504],[77.44552439939423,9.20936305276399],[77.445548264264019,9.209330647336323],[77.445690569165848,9.209315773915575],[77.445695613389063,9.209211124447384],[77.445874650639126,9.209195994400188],[77.4459370779811,9.208965955035644],[77.445943682029665,9.208941621084509],[77.446402241761334,9.208837549135636],[77.446283694411179,9.208159789326789],[77.445663779605212,9.208273262615707],[77.445342178842907,9.208280985261693],[77.445292289357411,9.208291128803088],[77.445209241878544,9.208308014926594],[77.445199100392202,9.207798612032773],[77.445086803606586,9.207353570944351],[77.445123463593632,9.207266344354737],[77.445141560405773,9.20722328625439],[77.445065127368949,9.206784676435131],[77.444532246058344,9.206789643063965],[77.444528625603596,9.206657183840841],[77.444525715989215,9.206656831884757],[77.444503967265419,9.206460141901205],[77.444578041366753,9.206384491848418],[77.444508694835989,9.206113412931028],[77.444483253603266,9.206036211127449],[77.444186675351034,9.206045707321325],[77.444078096864558,9.206050827294055],[77.443971456793321,9.206187589856224],[77.443921780160792,9.206196928268879],[77.443161322968777,9.206339876750704],[77.443137963992712,9.206344267542056],[77.443114824413129,9.206348617163563],[77.44301489033667,9.206367402630359],[77.442968869930667,9.206378846318845],[77.442511814018417,9.206492493255784],[77.442049042932425,9.20646562376478],[77.441846955277597,9.206509881020143],[77.44172547591775,9.20662752010149],[77.441587401105224,9.206612842839585],[77.441589457574992,9.206558378992769],[77.441591578434384,9.206502203107613],[77.441510048739616,9.206457049038564],[77.441510432256635,9.206442433253386],[77.441120742856342,9.206175997058356],[77.440911522110568,9.205744248770227],[77.440874859070647,9.205668590046391],[77.440840384660689,9.205705739315231],[77.440828305630561,9.205718754294869],[77.440694993360296,9.205862409394486],[77.440350517003495,9.206359404117913],[77.440282987191168,9.206358054657052],[77.439803340718655,9.206348469038854],[77.43960188973108,9.206344443310817],[77.439481731119486,9.20635915543197],[77.438518625570239,9.206477079115828],[77.437740363712763,9.206712056601402],[77.437494306720055,9.20678261959636],[77.437487426668341,9.206784592797405],[77.43736268907135,9.206820365139718],[77.436214122927524,9.205717030448902],[77.435627222011917,9.205172340757526],[77.435591132522973,9.205054304363674],[77.435524977113573,9.204901476858302],[77.435515140259426,9.204875286843142],[77.434758923543669,9.20469730882364],[77.43419937342432,9.204918185138489],[77.433855148356741,9.204903494667146],[77.433554690853882,9.205123487332331],[77.433036688637955,9.205192227055173],[77.432474021116548,9.205158904987618],[77.432110107688885,9.20551526355105],[77.432110068231708,9.205515301981425],[77.431957310500351,9.205667667084288],[77.431886896159156,9.206329337786078],[77.431883934619407,9.206357871977881],[77.431833688157781,9.206745681221998],[77.431817023415334,9.206749511014761],[77.431376428946052,9.20685073630982],[77.431364673952132,9.206889181163591],[77.431239767763842,9.207297662071158],[77.431035940010645,9.20796423574293],[77.430314642166081,9.207952841481019],[77.430133915806934,9.207981184152674],[77.429751205306971,9.208015639376336],[77.429655391168353,9.208024208198484],[77.429531683953272,9.208035271927844],[77.429164531228508,9.208075431377232],[77.428804887669699,9.208123354261692],[77.428647770192072,9.208154085414906],[77.427929105745946,9.208294652507448],[77.427842146020211,9.208311659774177],[77.427747670664033,9.208330139847643],[77.427689762788177,9.208294832636268],[77.427603567817741,9.208211204667412],[77.427591535781886,9.208199530939002],[77.427055386133389,9.207679349352608],[77.426715548795713,9.207349633358346],[77.426354353622457,9.206768850663947],[77.426334139903204,9.206736348915344],[77.426334943988991,9.206722621412441],[77.426321656339283,9.206716275381842],[77.426234814373686,9.206716381871836],[77.425894517690708,9.206716796582917],[77.425713072219281,9.206717017124349],[77.425576011346209,9.206717183603741],[77.425510042825721,9.206717265181382],[77.424287681737823,9.206946976862913],[77.424178949907684,9.206967410768609],[77.424149707716509,9.206980920707363],[77.422973083426498,9.207524545563532],[77.422911493352771,9.20755290477881],[77.422833784934213,9.207591742554085],[77.422132094976661,9.207944736122442],[77.421742820425138,9.208433509206591],[77.420287961783984,9.208886277709391],[77.420222017132545,9.208906799892727],[77.420219729857848,9.208987167224848],[77.420184072799373,9.210341475288317],[77.42018373244666,9.210352796787985],[77.420181725816818,9.210419278026775],[77.420100806960193,9.210420370618458],[77.419838602383109,9.210420359922265],[77.41971011381969,9.210420354329525],[77.419676102627236,9.210420352633774],[77.41899566103541,9.210564332419496],[77.418728271200237,9.210671007773094],[77.41789281838814,9.21091979322431],[77.417512684265503,9.210988299853742],[77.416884244067859,9.211124739641399],[77.41670812707855,9.211162976410721],[77.416639230544121,9.211177934074371],[77.416568993246202,9.21118393784497],[77.416174511095903,9.211217928185821],[77.415605380320201,9.211172761295522],[77.415436428837353,9.21118732671223],[77.41536983514537,9.210930185247886],[77.415214648969908,9.210679595730513],[77.415170179195783,9.21060778565076],[77.415109038229744,9.210603186037991],[77.414547912599346,9.210560972180749],[77.413768278667348,9.210610819057337],[77.413112070939135,9.210881645859873],[77.412835270749127,9.210896840213172],[77.412603605815619,9.210341147344419],[77.412527642337324,9.210318941071208],[77.411934653426997,9.210220138353998],[77.411859905942435,9.210467940605175],[77.411729374964267,9.210469909676526],[77.411587280317519,9.210459152989689],[77.411391318552049,9.210455225861258],[77.41127875256754,9.210446812043234],[77.411274453395208,9.210740567048404],[77.411572295137674,9.21090731204726],[77.411778564619283,9.211137532554138],[77.411605733044851,9.211212428873482],[77.411544039958272,9.211698822542731],[77.411533447154994,9.211725256631325],[77.411514747182309,9.211857925040627],[77.4115145990164,9.211860448707551],[77.411515898477717,9.211930217782868],[77.411438554093507,9.213158426109908],[77.411430619675926,9.21329384799531],[77.411409569984485,9.213653130265298],[77.410763374010273,9.213679751107605],[77.41068161383339,9.213685781153128],[77.410705676429785,9.213764873987229],[77.41075153270485,9.213880190844941],[77.410758934400917,9.213898803790109],[77.410774719560564,9.213938503230533],[77.410992478146653,9.214051063965389],[77.411081977550566,9.214097326597695],[77.411106253103938,9.214109875866685],[77.411282448954367,9.214336155193875],[77.411292236083852,9.214348723293011],[77.411345332236507,9.21441751325653],[77.411410280222199,9.214501184141698],[77.411695142687435,9.214580557248079],[77.411869010292563,9.214629004927865],[77.412182102982626,9.214674998285451],[77.412215652546209,9.21474389202379],[77.412228722289228,9.214748942700886],[77.412458022722291,9.214837586260069],[77.412476917422921,9.214881876801162],[77.412567789749772,9.215094903819562],[77.412597534340136,9.215098663704755],[77.41262905678569,9.215203259442578],[77.413860471087489,9.215327801034491],[77.413991499341947,9.215583004984587],[77.414159838655479,9.215910880528298],[77.414316470836496,9.216013547839143],[77.414717010098784,9.216162937083739],[77.414800748880936,9.216247449657821],[77.415077729557424,9.216277296385185],[77.415168754583092,9.21656346866974],[77.415532761933974,9.216591655834916],[77.415588525066113,9.216709327658938],[77.415635288096624,9.216808008567046],[77.415780249858969,9.216882128847946],[77.415871451814212,9.216928760742634],[77.415886907770272,9.21696864291212],[77.415988382370458,9.2172304903536],[77.416305350692184,9.217553405011689],[77.416334543744853,9.217930020252171],[77.416338201738284,9.217968288876603],[77.416542184347406,9.218058207938689],[77.417043490961589,9.218142254505473],[77.41743472077836,9.218166807042774],[77.417646858067187,9.21837817799844],[77.418086695561144,9.218419078496956],[77.418124671880079,9.218734625422131],[77.418129342321834,9.218773431431325],[77.418194862247432,9.219377456228003],[77.418166833944056,9.219424156504735],[77.418082645471216,9.219564429612605],[77.417797243397544,9.220039962149951],[77.417755188221378,9.220515755632414],[77.417750088727033,9.220573452169175],[77.417740505274793,9.22068187716539],[77.417658295852149,9.220689890859969],[77.417589054892559,9.220777723051064],[77.41757291976289,9.221140738388415],[77.417576412958269,9.221578934981034],[77.417553146487137,9.221585605934441],[77.417553118282015,9.221586239426008],[77.417207168672533,9.221729146033132],[77.417220018887804,9.221961012792201],[77.4171456739533,9.222011194556661],[77.417072461665157,9.22206061027158],[77.416704946191487,9.222308668903253],[77.416705917596289,9.222442784597435],[77.416490602091713,9.222535693309435],[77.416280726572495,9.222924511102921],[77.416266979387558,9.222954816710942],[77.416171620949925,9.223165014555898],[77.415920176776666,9.223719268582308],[77.415288452349799,9.2242044134602],[77.415216920053453,9.22425934790405],[77.415193179343689,9.224278847303317],[77.415118265517066,9.224340378195519],[77.414786487124303,9.224612884179606],[77.414776683011894,9.22462165010316],[77.414416580010155,9.2249436717113],[77.41419759215897,9.225158560460327],[77.414057048335295,9.225296474193023],[77.413877204227234,9.225293785125674],[77.412664927818497,9.225275655941157],[77.411957929094442,9.225122977199554],[77.411757461186056,9.225103431591467],[77.411653232980896,9.225095028128644],[77.411645667928411,9.22518118393365],[77.411625388765373,9.225502695736758],[77.411650186437868,9.225843541780165],[77.411610678734746,9.225882207851757],[77.411595128732046,9.226307527978802],[77.411590924497801,9.226357520300274],[77.411592555056487,9.226380375735522],[77.411588856660785,9.226382092033795],[77.411554067469453,9.226398235103982],[77.411295765071301,9.226518087354474],[77.410055238197558,9.227749583555909],[77.410050544665253,9.227752837286932],[77.409868155364776,9.227879221097282],[77.409712495882488,9.227987082862356],[77.40904979771814,9.228651354549617],[77.408756912730084,9.228944931908591],[77.408177851883039,9.229525088953267],[77.407702542045982,9.229901085737877],[77.407296833737618,9.229953424419403],[77.407161590088862,9.229989454297851],[77.407177980808285,9.230085276301287],[77.407216751113282,9.230223338566191],[77.407445637041917,9.231066736323053],[77.407581101948253,9.231619352649471],[77.407757559329042,9.232337530403655],[77.407773658417625,9.232403055176526],[77.407774392323503,9.232406043568472],[77.407854587565311,9.23240771277748],[77.409530014379527,9.232442565171263],[77.409888470749721,9.23231913780034],[77.409977663082103,9.232288426308331],[77.410753531415082,9.232343201061655],[77.411533690198539,9.232398277113885],[77.412192790675249,9.232448710043137],[77.412197484896737,9.232448895090494],[77.412312211031832,9.23233888389414],[77.412430247779938,9.232225698054201],[77.412760408006577,9.232165856222512],[77.412995803664344,9.232123190962181],[77.413588134345886,9.232674145004134],[77.413846414827603,9.232914384703648],[77.413882279401619,9.232947743297101],[77.413916905733416,9.233127323388505],[77.41394527102517,9.233213011362491],[77.414020440166738,9.233238287995212],[77.414559730968477,9.233404329940269],[77.41461103483806,9.233353144083665],[77.41474287315296,9.233221604805252],[77.414921234335125,9.233281008916341],[77.415326357217609,9.233457061648672],[77.415485945794444,9.233526008532538],[77.415540855917172,9.233558559640455],[77.415572141071678,9.233625855908942],[77.415826358096552,9.234121029933348],[77.415707906874971,9.234181576501431],[77.41571203242718,9.234301559362391],[77.415712541138532,9.234316336025119],[77.415838611368386,9.234399612530082],[77.415983615144782,9.234460262153348],[77.416033369964978,9.234543558278423],[77.415974148279119,9.234658058898111],[77.416169650230799,9.234667272999387],[77.41626615701864,9.234739018485667],[77.416427196811753,9.23476700232259],[77.416714041309916,9.234795665045356],[77.416726420825398,9.234756941995052],[77.416928018233619,9.234717678728824],[77.4171027459371,9.234714340410381],[77.417393621664985,9.234735127993966],[77.417654859854082,9.234758656330829],[77.417880843390364,9.234814023681116],[77.418078922718848,9.234585940261875]]]]}},
{"type":"Feature","properties":{"vill_name":"Viswanathaperi - Part-1","dist_name":"Tenkasi","taluk_name":"Sivagiri","village_co":"911","lgddcode":733.0,"lgdtcode":5870.0,"lgdvcode":642619.0},"geometry":{"type":"MultiPolygon","coordinates":[[[[77.3814255189085,9.399264778362957],[77.381284018701052,9.399042590649866],[77.381139014951131,9.398814901637673],[77.381289271440281,9.398565948317538],[77.381295100705543,9.397875793121285],[77.38163881130167,9.397502344185879],[77.381903394422579,9.397082265028402],[77.382392371414682,9.396794915474544],[77.382449349566471,9.396782038328354],[77.382624084731205,9.396742549331151],[77.382928253067547,9.396510094972903],[77.383218747994633,9.396486225558872],[77.383664256083762,9.395898990043504],[77.38413146738236,9.39597597540256],[77.384282021365351,9.395895451218895],[77.384315044691306,9.395877788230651],[77.384558442145661,9.39574760643532],[77.38477664654387,9.395715918979242],[77.38579831355139,9.395567546576178],[77.386208512458623,9.395645151464894],[77.386760176820871,9.395141699902636],[77.386770529395136,9.395132251804801],[77.386623046819153,9.394868005413898],[77.386739410879429,9.394780587368807],[77.387014688556221,9.394573785087388],[77.387229088946455,9.394412716969164],[77.387746054228003,9.393952489909191],[77.388144064821915,9.393978983843947],[77.388505179761793,9.393685513048515],[77.388529187554056,9.393556012379506],[77.388617481070298,9.3930797353863],[77.388640558311565,9.393072357427078],[77.389169274356533,9.392903315342181],[77.389550969993394,9.392670763270267],[77.390177824164553,9.392288859897015],[77.390569228531135,9.392051841931419],[77.390641625011909,9.392093158351287],[77.390738194736272,9.392419254538288],[77.390977643885449,9.392836435733829],[77.39106284463756,9.39294216367313],[77.391360864230251,9.393311970787225],[77.391475615361031,9.393813133257812],[77.391344306974958,9.393991403607716],[77.391673987116704,9.39428230292317],[77.392143193081125,9.393904642049449],[77.392548541582727,9.393992950907464],[77.393150965373763,9.39370811665394],[77.393299500257186,9.394004204785336],[77.39395264552698,9.393904656055437],[77.394046629917881,9.393749319145686],[77.394047940499405,9.393614363808863],[77.394043281300668,9.393612005093225],[77.394047956046194,9.393612775070096],[77.394048775453896,9.393528398533787],[77.394232653943675,9.393515263435571],[77.394235073133615,9.39364357810828],[77.394236560561495,9.393722470345104],[77.394241582547025,9.393988662939829],[77.39423106199483,9.394307577278532],[77.394577239102887,9.394435162875766],[77.394659266333676,9.395182999667965],[77.395269212596403,9.3948636260127],[77.395441501869939,9.394773418859538],[77.395769861207469,9.394601508028826],[77.395895773229171,9.394535587680636],[77.396546390467634,9.39475044753322],[77.396642035441317,9.395402324783586],[77.397076550435671,9.395621248825526],[77.39706374071821,9.395988220439033],[77.397170762503308,9.396010884116354],[77.397978223956258,9.396181878475819],[77.399165985820105,9.395593925116268],[77.399323819391498,9.394990681135509],[77.399663725951399,9.395128575315049],[77.399679808613385,9.395135099503094],[77.400474293924944,9.395457407305811],[77.40110113776997,9.395792249581076],[77.401420659742769,9.395783827261816],[77.401492874854853,9.395656623811366],[77.401626055358207,9.39542203210452],[77.401769928621718,9.395546229542447],[77.401966726767853,9.395716113221496],[77.402156076933025,9.395879567096578],[77.402668455849906,9.395873413819862],[77.402843958565342,9.396080545095707],[77.403019457840529,9.396287676323201],[77.402929239773115,9.396575422440501],[77.403217768916008,9.396749877242867],[77.403457603053212,9.396596371500125],[77.403586379665697,9.39617444789336],[77.403800958151194,9.395471557588774],[77.403560451914061,9.395138453263979],[77.403361652393073,9.394863120124272],[77.404069995652563,9.394834434808669],[77.404268171487971,9.394438421537018],[77.405001954085847,9.393989273516139],[77.405776243041629,9.393395073019798],[77.406036384758167,9.393195435088977],[77.406123860271563,9.393128317203931],[77.406276360515406,9.393210172241192],[77.406442450235531,9.393299322920683],[77.406562033676764,9.393559736073103],[77.406640805881665,9.393731274403512],[77.406752250071946,9.39424396204349],[77.407156935251379,9.39415609809207],[77.407594758740984,9.394061038813325],[77.407824883021348,9.394011074441718],[77.408160823337568,9.394079004771914],[77.408166544631939,9.394079239934094],[77.408104230396646,9.393766149998577],[77.408526399360412,9.393798018454877],[77.40856341560999,9.393800812732975],[77.408709117327973,9.394140310162992],[77.408793281045462,9.394336419635417],[77.409023146016281,9.394872027532481],[77.409393013968142,9.394788002150745],[77.409552109644565,9.394751859171645],[77.409815880458098,9.39533134757102],[77.409774512929516,9.39545785922123],[77.409696080829235,9.395697723734219],[77.409549585307488,9.396145741685693],[77.409573152390521,9.396169604934798],[77.409753677060408,9.396352413468637],[77.409854126664897,9.396331964981886],[77.410420497143505,9.396216668858635],[77.410435912400175,9.39676366218867],[77.410308181314861,9.396849219355875],[77.410238299485329,9.396896028195606],[77.410180451085154,9.396934776462185],[77.41020769160599,9.397432831021268],[77.410679539523301,9.397370444418916],[77.410782967269299,9.397266744698378],[77.410899474122104,9.397149936599311],[77.410938819253289,9.397110489031473],[77.410977769373005,9.397071437378379],[77.411116374743202,9.397166215331447],[77.411243944086934,9.39725344647699],[77.411931643310737,9.39721902708953],[77.41207991609771,9.397086887786609],[77.412167027928888,9.397009254243356],[77.412188410172107,9.396989693092596],[77.412151957068673,9.396887340426826],[77.412232565410903,9.396721745943745],[77.412357922221361,9.39677211909582],[77.412567964223783,9.396856524664628],[77.412703215588692,9.39699654435592],[77.412766308645402,9.397061861409256],[77.413472055761403,9.39715486754317],[77.41352195621441,9.39690892987629],[77.414240834759624,9.39718381719852],[77.414786841876762,9.397307130767819],[77.414962780101277,9.397195756417934],[77.41537913320623,9.396932189306034],[77.415574790565515,9.397057925638192],[77.415657693521595,9.3971112033786],[77.415648462353019,9.397542115885958],[77.41538960367285,9.397643110171469],[77.415259663490545,9.397843139546698],[77.415129531905066,9.398043463895723],[77.415332627514502,9.398526923196091],[77.415311016260532,9.398595891725549],[77.415221657895316,9.398881068467698],[77.415132791018351,9.399083755649368],[77.415386419317144,9.3992908678898],[77.415475319279494,9.399363465369321],[77.416061095385459,9.399034236039057],[77.416467676745953,9.399118029144852],[77.41670885947768,9.398933275056901],[77.41679847232767,9.399167353227481],[77.417391505206012,9.399138138972177],[77.41741745300898,9.399136861359148],[77.417588237776968,9.3983830453829],[77.418413585146496,9.398463498507061],[77.418390976083515,9.398429937434377],[77.418420109288519,9.398441745725435],[77.418535530104819,9.398056890211821],[77.418877193306486,9.39803926375556],[77.418936053340715,9.398212621164612],[77.419044814211389,9.398243062517809],[77.419400368449345,9.398500806161834],[77.41965640144187,9.398891837697178],[77.419675348103922,9.398920774418274],[77.419948502297999,9.399503006429059],[77.420110861326791,9.399559263774677],[77.420309042493443,9.399508466709509],[77.420445003901904,9.399634996040344],[77.420988588867345,9.399501260778802],[77.421084576286447,9.39883709698538],[77.420916103070354,9.398778302634859],[77.4209324831034,9.398577997584768],[77.421152097005248,9.398522368691868],[77.421083556922355,9.398348945557006],[77.421015018698427,9.398175522451281],[77.421258267032457,9.397668598989634],[77.421365770567846,9.397326174259751],[77.421372409380254,9.397161696634104],[77.421685955446264,9.39671873962326],[77.421725310430247,9.396046092949156],[77.421635573398916,9.39546381408751],[77.422003966306846,9.395215747167233],[77.422517678371307,9.394920759231439],[77.422989709514354,9.394530112238675],[77.423178052485937,9.394374234800484],[77.42338790978873,9.394241699765191],[77.423389254921219,9.394240850307279],[77.423584605713685,9.394117476094982],[77.423804783453093,9.393565936127708],[77.423884086238687,9.393367284169637],[77.424220908265369,9.393577472138366],[77.424261620376811,9.393602877928467],[77.424523592489351,9.39381111318756],[77.424566308748211,9.393845067215626],[77.424923063234871,9.393844833422742],[77.42522375031254,9.394113864892237],[77.425482146129283,9.394134043870784],[77.42557697491938,9.394294284564806],[77.425702719387189,9.394506764468437],[77.425714865325304,9.394509768328188],[77.42592001874614,9.39456050536822],[77.426015969611541,9.394760422497566],[77.425973674902863,9.395339990962272],[77.426336915132893,9.395465340059873],[77.427004901277527,9.395018529963101],[77.427063154527474,9.395024801031363],[77.427301580754744,9.394844891988763],[77.427120170234275,9.394533302187247],[77.427087009457324,9.394358233251666],[77.427077413577734,9.394307574942211],[77.42710825027379,9.394159365150795],[77.427139087820507,9.394011156257847],[77.427217719443519,9.393771813502683],[77.427246378305171,9.393684582049451],[77.427065484966889,9.393500682636168],[77.427229043416332,9.39268939636534],[77.427789341405344,9.392634034637499],[77.427775283847481,9.392814697262146],[77.428180304954381,9.393062999228743],[77.428368746844882,9.392988618692531],[77.428584737667322,9.392610067536589],[77.428970854821273,9.392677496995622],[77.429073645518997,9.392607370396068],[77.429246124063738,9.392599989152574],[77.429482914761238,9.392589856398878],[77.429640406276349,9.392762118347566],[77.430007015543836,9.392505364757277],[77.430036236066513,9.392209957069527],[77.430052827146795,9.392042222589165],[77.430390635908608,9.392007829745328],[77.430437482663294,9.39200305978839],[77.430456691503025,9.392001104373778],[77.430452509237924,9.391990492813967],[77.430446730283236,9.391975828617474],[77.430313528332974,9.3916378134311],[77.430568242446043,9.391158882586094],[77.431107383297913,9.391157001110242],[77.431266050486869,9.391389990580516],[77.431277263020931,9.391406454834556],[77.431305997583891,9.391495605991645],[77.43172367251951,9.391417537838114],[77.431857327421483,9.39123487419142],[77.43192174692193,9.391146834050641],[77.43209268390801,9.391154834021735],[77.432287622002619,9.391163956655618],[77.432720851672428,9.391184230347102],[77.432741219006886,9.391151805507718],[77.432775809639026,9.391096737192441],[77.432973564178127,9.390781908429958],[77.433510679358676,9.390826187241348],[77.433954022899925,9.390642908632019],[77.433978787603223,9.390632670645303],[77.434112963423104,9.390577202018253],[77.434364536350131,9.389911261238582],[77.434927043208418,9.389649087373288],[77.435076150821814,9.389579585586175],[77.435276049477977,9.389486407967642],[77.435409836225688,9.389424043443142],[77.435552727992004,9.389449337242182],[77.435745281570249,9.389354490770284],[77.435907907555034,9.389219955627761],[77.435867831515878,9.389034473564076],[77.435804031803102,9.388896019366918],[77.435547539312481,9.388827410319287],[77.435288979005904,9.388797330736367],[77.434800756878502,9.388740537753289],[77.434550222074094,9.388711394554429],[77.434383674128526,9.38869202162177],[77.434226597533382,9.388451406007478],[77.434319834440856,9.388261787951427],[77.434345567127977,9.388209452985123],[77.434564026820794,9.388110004136021],[77.434757271046735,9.388022034569387],[77.435662851956067,9.387805611646439],[77.435920572066394,9.387605411981603],[77.435984697128347,9.386758071317917],[77.435994717232617,9.386625662453671],[77.43613615180594,9.386584550058069],[77.437013848779259,9.386329420148455],[77.437154980775063,9.386160256747942],[77.437138445735542,9.385585559315702],[77.437099176386113,9.38520193643201],[77.437041329382112,9.384636830271566],[77.437390664997665,9.384441509197368],[77.437439007600361,9.384414479417549],[77.437927755884729,9.3845079844574],[77.437973576476367,9.384273728280611],[77.437469868575832,9.383617221513605],[77.437312742304798,9.383412430839195],[77.437324745069148,9.383399459090963],[77.437700888610706,9.38299288027007],[77.438163071747695,9.38249329935851],[77.438160318612844,9.382311663940593],[77.438499849700918,9.382091471972188],[77.438307408721172,9.381920251365376],[77.438068644952025,9.381707815834588],[77.438240989852645,9.381266620460938],[77.43848685261294,9.380637058039294],[77.438957606305465,9.380420144286591],[77.439260593603336,9.380570261148433],[77.440157512115306,9.38056002447065],[77.440418491856406,9.380530096545769],[77.440714674982374,9.380496131507313],[77.440917196542458,9.380369885113078],[77.441351304263165,9.380398653365008],[77.441877500034266,9.380030160180901],[77.442517283151389,9.378796519360755],[77.442763406793745,9.37861130746821],[77.442943991234813,9.378299398330348],[77.442952669271762,9.37823132383482],[77.442981849055528,9.378002386337347],[77.442961558121496,9.377734005841795],[77.44294459423908,9.377696677457216],[77.442679374947758,9.377113084170269],[77.443186250852449,9.376691828718393],[77.443808288870869,9.376269007167052],[77.444144502837048,9.375957940076876],[77.444410662943326,9.375874627677279],[77.444930709270281,9.375859650084736],[77.445420376618657,9.375628428947211],[77.445749164640375,9.37558652023751],[77.445894794689139,9.375436798128915],[77.445996872106392,9.375331849416709],[77.446321816469094,9.375223977505017],[77.446896469435728,9.375282963634399],[77.447678805754052,9.374971923787788],[77.448030396720654,9.374630328301896],[77.448059244495042,9.374602956049204],[77.448261310110013,9.37441122057399],[77.448434075733701,9.374219018285673],[77.448597124774594,9.374037625437735],[77.448556208427192,9.373257485228693],[77.448673672220124,9.372918280390005],[77.448881859097639,9.372533849372438],[77.448994106535835,9.372358501551322],[77.449022393345274,9.372314309996096],[77.449211893243387,9.372068344779196],[77.449831730293909,9.371942189148593],[77.449833352894331,9.371924864662812],[77.449864560835692,9.371591902277554],[77.449670014634094,9.371125728439168],[77.449607489295644,9.371004681782351],[77.449519739191189,9.370834801359059],[77.44938195979752,9.370702974550214],[77.449351922475955,9.37067423474919],[77.449235939220401,9.370417674223928],[77.449216339759701,9.370215330043626],[77.449196549100975,9.370011046466171],[77.449626708044505,9.369911529837387],[77.449850352550769,9.369859789268114],[77.450054301323505,9.369853773720992],[77.450588851916137,9.369838005422388],[77.450846514494643,9.369701930075642],[77.45104915082841,9.369391173407578],[77.451169120873203,9.369207181052028],[77.451498107220317,9.368561534621444],[77.45154779877241,9.367836047641537],[77.452599801042751,9.367756743422467],[77.452598681804247,9.367176704523029],[77.452658863602537,9.367060822470195],[77.452726082975786,9.366559936694818],[77.452754366457455,9.366478378674119],[77.452742320328866,9.366230407996843],[77.452549156792031,9.366022448377963],[77.452411786633448,9.366109893138736],[77.452128668350355,9.366047744996891],[77.451661160652023,9.366047490815969],[77.451147335927217,9.366278736787775],[77.451108137704864,9.366462900916927],[77.450919240014386,9.366522174457076],[77.449575665995908,9.366943768982956],[77.449490228781372,9.366970577681911],[77.449322064352103,9.366967332717792],[77.448965911735627,9.366960458616578],[77.448694983430698,9.366709969504644],[77.448651190258374,9.366698846940359],[77.448298744024797,9.366581283116229],[77.447831504079161,9.366503258857575],[77.447462340401941,9.365799471061703],[77.446949890001747,9.36575393049219],[77.446223589636745,9.365934644951134],[77.445953828976513,9.365951327166709],[77.445635585990246,9.366056969611403],[77.445358953294374,9.366148799055038],[77.445143817421652,9.366236393016248],[77.444344725476611,9.366561746680457],[77.444134968748358,9.36664714672189],[77.444028233625033,9.366690602208072],[77.444059988572093,9.36686293567824],[77.444099478509727,9.36707724812363],[77.444016555710078,9.367107635933566],[77.443729221580085,9.367212931996143],[77.443142610552613,9.367427901123904],[77.442116448137952,9.367714829659707],[77.442020394636515,9.367409001529964],[77.4413492289262,9.367544168560803],[77.441336371757544,9.367486399153947],[77.441261718817984,9.367151008249101],[77.44125584217241,9.367119925294574],[77.44185585362986,9.366893580462525],[77.441629169922479,9.36666640652173],[77.441178868601142,9.366935248136782],[77.441019106425841,9.366716523660614],[77.440781773042559,9.366777845600373],[77.440434534379534,9.366867563031896],[77.439522201085779,9.367543681180813],[77.43936495073676,9.36693578217138],[77.438923955717542,9.367153686942025],[77.438855246031025,9.367160015201666],[77.438819226442305,9.36684857794817],[77.438494264006863,9.367023361265407],[77.438497953382921,9.367118056912345],[77.438548239382158,9.367174885594723],[77.438563672810162,9.367192326362931],[77.438376121220841,9.367187979190735],[77.438112332683488,9.367239980241649],[77.437850535125648,9.367286888404912],[77.437366133382042,9.36717801633494],[77.436862142269973,9.366334532753356],[77.436691237697076,9.36628007866824],[77.43655930415855,9.366238042394196],[77.436460939389661,9.366206701169345],[77.4364167629505,9.366111731787369],[77.436367485890855,9.366005797737245],[77.436163953610915,9.365568249619015],[77.436161875512212,9.365080278936579],[77.436659447938666,9.364894666485201],[77.437076658870978,9.364655485277927],[77.437250165526379,9.363892125486423],[77.437329201572254,9.363724637821647],[77.437430171171073,9.363658571070198],[77.437487337852687,9.362819932876894],[77.437824063673645,9.362724726971456],[77.437614212005997,9.361802110575251],[77.438852534772366,9.361395332588998],[77.439491935286796,9.361425940047754],[77.440753333596248,9.361486318566163],[77.441853652340299,9.361687152750823],[77.442231234790114,9.361897837062497],[77.442744926884288,9.362339629413929],[77.442760706410425,9.362331935091845],[77.442929601848064,9.362472315984723],[77.444120267451368,9.361847850885637],[77.444122738114572,9.36140870901176],[77.44386757062432,9.361096756269507],[77.44327449072992,9.361219928805554],[77.443236319048026,9.360967548515465],[77.442727734250937,9.361055247728249],[77.442592633074256,9.361078544484998],[77.442486083016632,9.36071761566169],[77.442385380176106,9.360376494992849],[77.442563084766761,9.360197544927731],[77.442144473926987,9.358221968628159],[77.442090639705043,9.357967904647134],[77.442184217726506,9.357846956937721],[77.442554620604085,9.357368219227132],[77.442216655083513,9.355391470000978],[77.442018444135869,9.354376696595519],[77.44216302162458,9.354357981309056],[77.442156980382919,9.354326785704563],[77.442017102963817,9.354371907167577],[77.441965241515717,9.354186753549019],[77.441841260630852,9.353744118711113],[77.441645895931018,9.353109482383788],[77.441540878191432,9.352773728010115],[77.441302473940482,9.351998610427145],[77.441063938812164,9.351286696929888],[77.44103711716221,9.351206654714593],[77.440973369925075,9.351151465080159],[77.440694606945229,9.350910129852652],[77.440693076466999,9.350748680735963],[77.440183994434079,9.350339346487386],[77.439753300932878,9.349936813560403],[77.439550894546642,9.349865883997564],[77.439534288066056,9.349854862579308],[77.438925228672545,9.349450643964035],[77.438395944038746,9.349163231842061],[77.438270660056418,9.349081614929769],[77.43802271192564,9.348920092018867],[77.437783317702952,9.348787154415156],[77.437467390349227,9.348611716689813],[77.437400896908201,9.348572802406775],[77.436963639175588,9.348316902012174],[77.436824213480534,9.348221635594975],[77.436692239889354,9.348131461913706],[77.436529660323004,9.348012963378084],[77.43622965249881,9.347794305173986],[77.43565854495651,9.347359804986707],[77.434934689480301,9.346870712202247],[77.434705257895402,9.346701323692752],[77.434581809141307,9.346610185318401],[77.434132286738773,9.346308632262275],[77.433986503760863,9.346210836681369],[77.433794661502063,9.346068817396901],[77.433708056953535,9.346004705958245],[77.433341748285159,9.345733549093834],[77.433076323239931,9.345546911854219],[77.432490117428628,9.345134711507834],[77.432341750454171,9.345030394715739],[77.432256195785243,9.344971603150546],[77.431632693312949,9.345213726542459],[77.431062369557253,9.345248592444312],[77.431008708864752,9.345251872478116],[77.431010323395654,9.345298476888829],[77.431009168851432,9.345298666603314],[77.430626535242041,9.345361683651321],[77.430419847689592,9.345223685762972],[77.430168828919435,9.345262283520162],[77.429901175778426,9.345303439300563],[77.429540214350411,9.345355353647845],[77.429147097277379,9.34541189228657],[77.428980566561108,9.345437531768635],[77.428957406213158,9.345441097704311],[77.428845641312137,9.345458305323612],[77.428711803120223,9.345478911005884],[77.428658793367973,9.345504368588607],[77.428605388983584,9.345530016293543],[77.42818320706219,9.345732769279811],[77.428179710894554,9.345735101265017],[77.427835347873113,9.345964832345286],[77.427792334857031,9.345993525886177],[77.427242745013629,9.346302171241055],[77.42655468370117,9.346644236673159],[77.426444397725319,9.346729424843732],[77.426279192245261,9.346857032749055],[77.426087610328707,9.34700501492796],[77.426048682620021,9.34703508367636],[77.426029911890993,9.347049582440141],[77.425708105361053,9.347447390698337],[77.425103726766665,9.347777560101262],[77.424683939253399,9.347935372105866],[77.424441638257548,9.347768333288595],[77.423029019809732,9.347876959411785],[77.423005713890674,9.347878751188468],[77.422540314990925,9.347980600856207],[77.421854543024665,9.348130660388501],[77.421745014398113,9.348159987338223],[77.421639900138743,9.348188130961971],[77.421103665209458,9.34833170213037],[77.420787323014835,9.348213221137575],[77.420169048279703,9.348297831870074],[77.420140592070169,9.348223662398661],[77.420040997145094,9.347964075601622],[77.419995812544627,9.347960550891518],[77.419507699535288,9.347922473622328],[77.419409417358395,9.347865708702894],[77.419144926528247,9.347712945880305],[77.418832906189223,9.347647167066215],[77.418577595397153,9.347105734296166],[77.418562604207892,9.346959919497673],[77.418406234469515,9.345438693261958],[77.418402380537415,9.345401194177507],[77.41838594064663,9.345241223220112],[77.418383701180971,9.345219434834616],[77.418302635836923,9.345201509170606],[77.418017545029386,9.345138468830456],[77.417789191769089,9.345165624577215],[77.416149157359541,9.345360655836213],[77.416050383446034,9.345371845917896],[77.415543854424328,9.345429225311632],[77.41449658391825,9.345609504511978],[77.414287705663469,9.345652559768585],[77.413397398789073,9.345836072893285],[77.412948845206841,9.345899455600511],[77.412784555003967,9.345922669295271],[77.412016792349988,9.346005919198825],[77.411864818668292,9.346043960009462],[77.41152575535061,9.346128830654719],[77.410987773258341,9.346313576720247],[77.410853718958137,9.346359612032543],[77.410817586014971,9.346372020170071],[77.410259703379154,9.34651456978046],[77.410256308465364,9.346506316339536],[77.410228565659011,9.34643886461039],[77.410149873777172,9.346467883234075],[77.409202620749312,9.346817190063556],[77.409139787125142,9.346823064089989],[77.408617079589362,9.346871928524578],[77.407667223652851,9.346993705383356],[77.407645833546127,9.346996448128357],[77.407635089809816,9.347057764726863],[77.407623603508753,9.347123323268518],[77.406575555696591,9.347340348520488],[77.40652267329375,9.347351299053626],[77.406519946569219,9.347345790555531],[77.406463860055695,9.347232473976248],[77.405737720855967,9.347399449250263],[77.405676331257226,9.347412087431271],[77.404702855076437,9.347612491356916],[77.404675270273955,9.347622576728639],[77.404422012547315,9.347715165812376],[77.404065624410066,9.347845458821507],[77.404041657555595,9.347863923525374],[77.403845371724046,9.348015144704398],[77.403794127942334,9.34803628675704],[77.403354290799854,9.348217753438917],[77.403302851328405,9.348069858090245],[77.402890022883554,9.348147416627173],[77.402561056892139,9.348107657869186],[77.402521332671853,9.348111021399077],[77.401965619422214,9.348158077623619],[77.401808955999726,9.348012525568627],[77.401806174743257,9.348009941550538],[77.401473683742523,9.34804810212357],[77.401459981800485,9.348089463510357],[77.401422191249551,9.348203535941101],[77.40136195555246,9.348385360784114],[77.401365212374799,9.348420978240389],[77.401386914701348,9.348658291231148],[77.401365349490305,9.348658967982573],[77.400964662385988,9.348671539592372],[77.400136250447289,9.348987364403934],[77.399832244513675,9.349048128216021],[77.399828354321272,9.349079637608073],[77.399815554240092,9.349183315824005],[77.39976887178851,9.349561422168525],[77.399762868408473,9.349610044142763],[77.399759752649018,9.349635281587688],[77.399759545383688,9.349636961380231],[77.399758085314872,9.349637515314427],[77.398866107987047,9.349975724275833],[77.398676859125686,9.350043371233014],[77.398440576568092,9.35014839156368],[77.398319260934755,9.350168122124288],[77.398221673047701,9.350183994088246],[77.398159712148754,9.350208739388725],[77.397080355880703,9.350639792211624],[77.397046704266373,9.350653231317821],[77.397027112377174,9.35062540967286],[77.396958564495051,9.350528070719664],[77.396501270369555,9.350730496768238],[77.396131848720572,9.350894023977389],[77.395912879580081,9.350980785915761],[77.395567571642047,9.351197434491542],[77.395212360352375,9.351364575161579],[77.394829684436829,9.351544634793768],[77.39371408534862,9.351808056017886],[77.393122410763439,9.35186330364103],[77.393078182686295,9.351867433503962],[77.393044753697509,9.351870553776759],[77.392749427597323,9.351928510405486],[77.392670082179606,9.351944081373041],[77.392609726659344,9.351926214181871],[77.392413835445524,9.351868224051385],[77.39188865918436,9.351860858415746],[77.39188726822286,9.352031888035743],[77.391887088626873,9.352053964643165],[77.390960483940631,9.352055158962305],[77.390917006051978,9.352055214699339],[77.39065653789639,9.352108382900751],[77.390387317832207,9.352163337750723],[77.389746810725441,9.352621880198059],[77.389438786393342,9.352734115728209],[77.389074651275834,9.352815401759868],[77.388441619135577,9.352985183702131],[77.387598534244248,9.35291393254294],[77.386924135581381,9.35286096745658],[77.385938256410128,9.353000430353008],[77.385918989913762,9.353002966634671],[77.383681174740119,9.353297608201339],[77.383685151824068,9.353426070198971],[77.383838929629292,9.353547425385161],[77.383843488016069,9.35360333555918],[77.383856477150488,9.353762691270123],[77.383895399340886,9.354240199142515],[77.384300921300877,9.354240278098439],[77.384935291899154,9.354534793588687],[77.385100792777422,9.354880153725169],[77.386971128735084,9.354505053472886],[77.387334839631407,9.354425744108315],[77.387355819715395,9.354415548922301],[77.388213770100919,9.353998674924018],[77.388637627719149,9.354400047457883],[77.388672338817145,9.354637753409097],[77.38948245022307,9.355097409108751],[77.389775311799752,9.355614568866837],[77.390213469335038,9.355758066527311],[77.390248845515131,9.356075992459182],[77.390616405498022,9.356056021095981],[77.390772811486627,9.356437384122511],[77.391647601464527,9.356160500940906],[77.39175289525727,9.356422993340225],[77.39209816420437,9.356466501083114],[77.392152621638957,9.356853742351664],[77.392631632161923,9.356844132998733],[77.392677503844354,9.357256644367984],[77.39329889084992,9.357194444027124],[77.393525831202211,9.357726594707172],[77.393907100780879,9.35785075221111],[77.394002734869048,9.357881894744393],[77.394243704139058,9.357909218774745],[77.394529865034357,9.35794166720641],[77.39493767574298,9.357987909129633],[77.394887320052888,9.358227327123656],[77.394583507327411,9.358366042305354],[77.394662859400441,9.358668503457043],[77.394743223446639,9.35897482079795],[77.394786163124365,9.359138490224506],[77.394928352346113,9.359490592248669],[77.395029038600526,9.359505850156582],[77.395075242572844,9.359692344539372],[77.395141849417115,9.359961190943803],[77.395074449539095,9.360016969730136],[77.394905506940006,9.36015678178736],[77.39495612432377,9.360312938792928],[77.395225832774756,9.361144993438137],[77.395359302936242,9.361521628639945],[77.395477048937863,9.361853890867623],[77.395780070871893,9.361768904355795],[77.395906227136038,9.361733521509864],[77.396124868229563,9.361933263182127],[77.396134747252859,9.362348984554826],[77.396137926938266,9.362483090510644],[77.395879651514889,9.362606371863787],[77.396028417408942,9.363032436958967],[77.396212373247181,9.363559284317517],[77.396217596575411,9.363574247883648],[77.396335320289595,9.363584451224444],[77.396501336563588,9.363988282164479],[77.396648058023956,9.364413550268315],[77.396750116709157,9.364694264799237],[77.39698392942708,9.364837700911767],[77.397133286129318,9.364804947366794],[77.397479103180032,9.364729109351364],[77.397919609622733,9.365141972295],[77.398235208876258,9.364975418313939],[77.398244315149341,9.365070633160945],[77.398260278052291,9.365237599996803],[77.397972036106538,9.365503409333606],[77.398108741413211,9.366013258146422],[77.397362022060378,9.366345562000935],[77.397360720649701,9.366514953066854],[77.397360116960286,9.366593548948186],[77.397277719618955,9.3666241156259],[77.397141006639515,9.366674832180083],[77.397065078094855,9.366702999121292],[77.39716458202119,9.367059546314348],[77.397202957375796,9.367197053915771],[77.397300585454161,9.36754687978665],[77.397324135882045,9.367797903673569],[77.397349586243749,9.368069177452998],[77.397379525985102,9.368388306713511],[77.397601085788736,9.368636894455419],[77.39751905421754,9.368714940492184],[77.397356475439295,9.368869620271653],[77.397602038443253,9.369279649557665],[77.39740044626798,9.369336324659795],[77.39689497544984,9.36947844396089],[77.396736160604661,9.369053484453472],[77.395976141650735,9.369160920333639],[77.39583936962147,9.369160019504887],[77.395834289416328,9.369159985824238],[77.395354977508902,9.369156833962441],[77.395312000340084,9.370101507930997],[77.395178564375755,9.370173199289706],[77.394898511890204,9.370323662565765],[77.394671689252277,9.370445526905474],[77.393527034971214,9.370790683117004],[77.392956721739026,9.370989745559513],[77.392898622416354,9.370865611141081],[77.392566293147269,9.370955507677873],[77.391079509354512,9.371357778010728],[77.391041331765351,9.371543444457709],[77.390869946582356,9.371646333047968],[77.390835149634938,9.372115870749848],[77.390234170167687,9.372277364976627],[77.390062043071708,9.372152019991296],[77.389477937033661,9.372321775645775],[77.389477167493439,9.372321999806649],[77.387743523789993,9.372825834187799],[77.387376750932162,9.372863645626474],[77.386839020003947,9.373062000069625],[77.386258084695001,9.37318756726483],[77.385883895314265,9.37326844573359],[77.385907298145028,9.373433088392142],[77.385940155832131,9.373664244857345],[77.385181510536611,9.37373842454563],[77.385098305537241,9.373746560492267],[77.384801010061764,9.373775629436413],[77.384800680536955,9.373854802105875],[77.384798706110772,9.374328420788792],[77.384797854983546,9.374532659412365],[77.384797175746698,9.374695658342263],[77.385238479234815,9.374695690868734],[77.385247402279433,9.374695691782449],[77.385257149822024,9.374695692094308],[77.38526472841113,9.374695692809265],[77.385269321475008,9.374705544787915],[77.385277317758778,9.374722697079436],[77.385279048263698,9.374726409822637],[77.385382724312549,9.374948800000826],[77.385340013469872,9.375242330532719],[77.385641345930708,9.375351318217401],[77.386124975091477,9.375291877882114],[77.386312534003366,9.375268826210046],[77.386338209263059,9.374983498971638],[77.386615123414899,9.374983516833055],[77.386648949868771,9.375101251309559],[77.386719590388125,9.375347115573739],[77.386881908138278,9.375912064808375],[77.387021304804719,9.376397322094524],[77.38723189850262,9.376416841179443],[77.387399818673387,9.377112097824462],[77.387242090844509,9.377133715765131],[77.387309054803339,9.377248896382813],[77.387423909163687,9.37744645265451],[77.387566774705931,9.377452180533874],[77.387715165607887,9.377801214237888],[77.388007813640726,9.377782601244906],[77.388484502604598,9.377985653597872],[77.388580816059346,9.378584084983244],[77.388611408468648,9.378774172237996],[77.388855811804987,9.379602060695019],[77.389027729690383,9.379600340134456],[77.389086988502186,9.379599746518648],[77.389157711903351,9.37997311418148],[77.389207426815304,9.380235569489757],[77.389012722684171,9.380323094751827],[77.388706541607405,9.380460738980769],[77.388617857242266,9.380479974852003],[77.388463562942405,9.380513442539797],[77.388261136292741,9.379721164042039],[77.387985695335217,9.379983925346522],[77.387765614321097,9.380493559380069],[77.387625513350201,9.38050603047216],[77.387391162474799,9.381206140338588],[77.387303513532672,9.381467985033678],[77.38727619135237,9.381549621922062],[77.386738702445342,9.382084899690287],[77.3865316178059,9.381911951158916],[77.38649619659688,9.381922913443672],[77.386186782609784,9.382018673373118],[77.386235367003067,9.381520336015976],[77.385943918295879,9.38136170858785],[77.385739684749822,9.381395297967478],[77.385712269214622,9.381935768232053],[77.385601566264825,9.381945551617999],[77.38557898298653,9.382089038849486],[77.385322028463591,9.382287969914856],[77.385037146618927,9.382298543624534],[77.38492338748145,9.382376157943368],[77.384654692149041,9.382345723155012],[77.384385997858956,9.382315287286099],[77.384063010664448,9.382878870571616],[77.384299917207343,9.383164684170223],[77.384304623464743,9.383189298602126],[77.384390215937984,9.383636927316594],[77.384502395995952,9.384223571840279],[77.384128603071488,9.384061761667757],[77.383897859266114,9.38407711196167],[77.383352534428852,9.383990675959923],[77.382810719392666,9.384132278421831],[77.382752693344983,9.384120914356606],[77.381843093033467,9.383942776391788],[77.381640420880075,9.384129422773789],[77.381631575772985,9.384450913758039],[77.381280989003628,9.384817204975473],[77.381165416970262,9.384870019643012],[77.380943579381167,9.384971393697773],[77.380793778009561,9.385039849274671],[77.380157735290297,9.385315170176451],[77.380014964932869,9.385530833452517],[77.379351145546096,9.385721057993463],[77.379373048889335,9.385872522453855],[77.379052222814337,9.385951297920375],[77.379088053747736,9.386196434654478],[77.379165900174627,9.386729015714339],[77.378913232750648,9.386905554119068],[77.378699871322212,9.386914842074756],[77.37839460903534,9.38692812949105],[77.378210288084333,9.386936401334552],[77.378020946830674,9.386944897851276],[77.377846383728908,9.386842653436696],[77.377397619024322,9.386770180808892],[77.377270266673747,9.386878759627129],[77.377285495964671,9.387051253127312],[77.376796850811928,9.387435248202531],[77.376860486345933,9.387621797708269],[77.377014025606371,9.388071906781018],[77.376993802897914,9.388080976183728],[77.376883095867541,9.388130623047005],[77.377021265454175,9.388796451338031],[77.377206087094521,9.389095577751119],[77.377415389760969,9.389257685045747],[77.377464857809173,9.389377116670016],[77.377597315734789,9.389406115323592],[77.37768413840567,9.389566606079589],[77.377170421421667,9.3894315756051],[77.376968940507055,9.389431133708115],[77.376514627109941,9.38943013346282],[77.375726164301511,9.389428395714983],[77.373614058244769,9.38946666157587],[77.374233188267056,9.391390251766733],[77.374398766887793,9.391416996462041],[77.374907616004563,9.391499187110934],[77.375641625430632,9.391441600355973],[77.376086610495364,9.391406688819917],[77.37686676693383,9.391345478927295],[77.377217262178206,9.391317979388225],[77.377241402039672,9.391519516082507],[77.377288447969349,9.391912292513286],[77.377523649589349,9.392119039811162],[77.377615532391147,9.392696141159597],[77.377730122674393,9.392961595670648],[77.377889654258468,9.39282822540997],[77.37810275089295,9.392984375053585],[77.378114033747735,9.392992642798481],[77.378127714640556,9.39300266755623],[77.378144564043382,9.393015014238708],[77.378145085525446,9.393021861664712],[77.378146723521255,9.393043373367005],[77.378147224186961,9.39304994974918],[77.378171310670126,9.393366226026689],[77.378337402758277,9.39336214416044],[77.378326984810727,9.393545476994261],[77.378386709453466,9.393724156162856],[77.378415483513749,9.393810928399382],[77.378512096556292,9.393849014296258],[77.378557908784657,9.394012402310398],[77.378587972556772,9.394203805964667],[77.378432191740686,9.394324972450351],[77.378436562053551,9.394547492698301],[77.378504848223002,9.394665201056581],[77.378567768910642,9.394773660579951],[77.37857766966394,9.395452845013343],[77.378579072173594,9.395548975306156],[77.378614708064049,9.396150531182847],[77.37879279875834,9.396537169796998],[77.378214547846184,9.396848750988442],[77.378577029264704,9.397826452820457],[77.37858842389079,9.397857187137365],[77.379077540851625,9.397612006141257],[77.379081159376554,9.397628046647586],[77.379271013574311,9.398469762717394],[77.379291712266976,9.398561526687024],[77.379411006162925,9.398930236361172],[77.379393226279603,9.399319154419299],[77.379127665953447,9.399399122662807],[77.379310977148549,9.399846166349914],[77.380100695997626,9.399526266291611],[77.379992117202434,9.399147816343184],[77.380401164421883,9.399135241419796],[77.380535027521844,9.39976368128041],[77.380584001150879,9.399993594668633],[77.381118740663837,9.399977813894855],[77.3814255189085,9.399264778362957]]]]}},
{"type":"Feature","properties":{"vill_name":"Thenmalai - Part-2","dist_name":"Tenkasi","taluk_name":"Sivagiri","village_co":"142","lgddcode":733.0,"lgdtcode":5870.0,"lgdvcode":933539.0},"geometry":{"type":"MultiPolygon","coordinates":[[[[77.472077706347875,9.316365384538601],[77.472187029248801,9.316433560625915],[77.47226899209376,9.316484675008368],[77.472294718809309,9.316561712733201],[77.472324733795361,9.316597430319343],[77.472359334066468,9.316698053807007],[77.472442706404365,9.316700989371531],[77.472894997047732,9.316716915516189],[77.472902792363968,9.316781058748877],[77.47296233165693,9.317270946992906],[77.472968267358169,9.317319786396332],[77.473051714570374,9.317678994405236],[77.473148882698908,9.318144593240875],[77.473152054097127,9.318159790905071],[77.47317307113056,9.318260493779476],[77.47330227646583,9.318476520496525],[77.473328291333274,9.318520016298121],[77.473437887182442,9.318633131242064],[77.473483469718744,9.318779467088566],[77.473496071750631,9.318800538341783],[77.473584320931522,9.319078822980531],[77.473590308726259,9.319097690702367],[77.4736863136891,9.31943067344497],[77.473728894453401,9.319567373148944],[77.473813555732903,9.319798377451919],[77.473831236788996,9.319895931548412],[77.473943514685715,9.320256386288422],[77.474052377011517,9.320263344793942],[77.475007076820887,9.319953712224583],[77.474757758242887,9.318879030565036],[77.475351797044311,9.318710906952022],[77.475052063728114,9.317346443938069],[77.474974396255647,9.316984873277001],[77.474758427928862,9.316421802704578],[77.474766742618385,9.316392160190347],[77.475584508032298,9.316297581401594],[77.475390565427631,9.315310455654634],[77.476529416464487,9.315057735337616],[77.476409514623583,9.314189515242628],[77.476685605169223,9.314168181546696],[77.476756723489629,9.314554821337509],[77.477235883467628,9.314437179206438],[77.476844479602249,9.312121659773103],[77.477128009847931,9.31205993695386],[77.477030443855469,9.311384063429079],[77.477008324954113,9.311230842712009],[77.476883791568497,9.310179493457721],[77.477719799332135,9.310131328555926],[77.477618111290653,9.30838573935619],[77.477780901122628,9.308337182589721],[77.478521380406022,9.308098429988366],[77.478458232943169,9.307054484469809],[77.478993161599476,9.306920184186611],[77.478809532837289,9.305930100536767],[77.478292403620642,9.305957099161079],[77.478233456211797,9.305728568493173],[77.477411928444468,9.305856074451555],[77.47737934481961,9.305707599599652],[77.477377122334232,9.305618726834624],[77.477112144296399,9.305580625960202],[77.477124484786628,9.304736604300476],[77.47705506805255,9.303507755862629],[77.477174330271382,9.303070104547132],[77.477178939315394,9.30290419119258],[77.477875212932176,9.302698337182211],[77.477764318034914,9.302205329299833],[77.477621647021564,9.301235543652343],[77.477368844172219,9.301262616689321],[77.477175681662274,9.299983785131211],[77.477868811527841,9.299808579990675],[77.47779159115268,9.299371441169139],[77.477374302098028,9.298794027584909],[77.47676328780571,9.299541243855469],[77.47633889975404,9.300040699423377],[77.47639923317935,9.299663798991006],[77.476427639435173,9.299486350339174],[77.476649445128828,9.299246902213939],[77.476931242526319,9.29894269294685],[77.477372183513296,9.298375575401256],[77.477672756468749,9.297952935007318],[77.477747961381056,9.297632089536497],[77.477923493948921,9.297609880455601],[77.478139170792474,9.297182150812288],[77.4784140839446,9.297102843491933],[77.478534684213187,9.297164715180676],[77.478759520279183,9.297077990732783],[77.478809652677626,9.297142002350286],[77.479005886275942,9.297112833712241],[77.479307318246839,9.296830849490007],[77.479457469269633,9.296831329779094],[77.479428124855588,9.297130549469099],[77.479604738976391,9.297221253466951],[77.479878750556793,9.297190462340279],[77.480199977404084,9.297031509309901],[77.481082085158718,9.295969677002036],[77.481170173130579,9.296158152080841],[77.481603190142678,9.296171083104003],[77.481855296052814,9.296139411257943],[77.481850913732487,9.296221089302216],[77.482139249792183,9.296378549967105],[77.482429283245892,9.296955763516539],[77.482567348919133,9.297230539332404],[77.482594780640909,9.297285131922298],[77.482673109891579,9.297603863314365],[77.482845089537761,9.297967470219454],[77.483047607578925,9.297966932669397],[77.483140447781224,9.298542551630849],[77.483200336306965,9.298925189609939],[77.483374886067594,9.299201353864797],[77.483499279107917,9.299729954071648],[77.483617712671574,9.299858949692823],[77.48382192855189,9.299862269647011],[77.483968015147809,9.300313179884808],[77.484015719415368,9.30048830154916],[77.484020681875975,9.300506516237233],[77.484093662588833,9.300889398313652],[77.484044378144873,9.300892886596335],[77.484058323654438,9.301105113677981],[77.484201611744439,9.301229552151192],[77.48420914525208,9.30133180966361],[77.484439889051117,9.301500640850335],[77.48457744257162,9.301443357099798],[77.484771085090571,9.301373289271552],[77.485204494163057,9.301378998247356],[77.485251396034045,9.301462036429246],[77.485477097567227,9.301380056731864],[77.485697494019291,9.301417279390254],[77.486105675172652,9.301321103181065],[77.4862595624096,9.30117727600607],[77.486223183312319,9.300982307878922],[77.486494921515728,9.300923396309331],[77.486758757082214,9.300775348190433],[77.486823721094666,9.300757810973103],[77.487090027668287,9.300650913614536],[77.487106844416232,9.300711100512927],[77.487368567770631,9.30073091836595],[77.487696665126592,9.300598573388267],[77.487815667570842,9.300508900680279],[77.488453903533014,9.300439333856756],[77.489218445409222,9.300227886150767],[77.489232175977264,9.300128245619847],[77.48959081084729,9.300084437147767],[77.489942648819408,9.300040347371583],[77.490423067815215,9.299941667667618],[77.491119827465212,9.299791016431866],[77.491153117526594,9.299862421244569],[77.4915453218305,9.299792143657607],[77.491498760208742,9.299547245084213],[77.491849265944893,9.299462469929749],[77.491827452700321,9.299385976611521],[77.492120761660388,9.299318707521573],[77.492123072016966,9.299249999628389],[77.492850769758945,9.299086235497352],[77.492834742425387,9.298963076963682],[77.492408834223852,9.298332476714025],[77.492293693664251,9.298137450100514],[77.49293106299551,9.29774216420903],[77.493283687097431,9.297589761341444],[77.493314247226806,9.297736396812846],[77.493728741837174,9.297641500436246],[77.493824360394413,9.298084045071995],[77.49433645795942,9.29794041971774],[77.494366319396136,9.298013187447575],[77.49447389995764,9.298275345286136],[77.495548846581443,9.298009394827906],[77.495605029806399,9.298104280900931],[77.496018917168982,9.297978902680017],[77.495707763402635,9.297123167831298],[77.495340999976648,9.297091041254511],[77.495354425731918,9.296815375786094],[77.495271402114227,9.296801958298751],[77.494800230077004,9.296723775782535],[77.493516248330835,9.296670340355037],[77.493223986150042,9.295704434619127],[77.492953776839457,9.295493106129289],[77.492993811839781,9.295472723688698],[77.493296947176432,9.295144419390558],[77.493981342917053,9.294995802189462],[77.494798531506703,9.294986193976088],[77.495328341528818,9.294570516551456],[77.495284190272528,9.294105207704112],[77.49569243450108,9.293861038524417],[77.495684306504927,9.293324360421789],[77.495657744399182,9.293137723237935],[77.49651169510993,9.293068108505967],[77.497608989054328,9.293016280397303],[77.497700312146179,9.293563572636121],[77.496969333672666,9.294521998141212],[77.496003868682251,9.294612655861298],[77.495705346764538,9.294845745036806],[77.495702767046879,9.294956123036259],[77.495864877564756,9.295378341787293],[77.495801127059053,9.295394322997794],[77.495819449322809,9.295513890947296],[77.49591419683226,9.295509159923448],[77.496035835761745,9.296100697439709],[77.495974378345352,9.29653079303689],[77.496205487201081,9.296715153337523],[77.497349288241438,9.297770075011757],[77.497492132267027,9.297904180248945],[77.497504150508902,9.297906434527727],[77.498226996185693,9.297794582438774],[77.498544502914228,9.297801299484165],[77.498871909841867,9.297798432746648],[77.499168989570506,9.297736798989748],[77.499188879166496,9.297757969168234],[77.499337693837418,9.298309366027302],[77.499872009955524,9.298267477681973],[77.500437847027314,9.298248832960818],[77.500462445036163,9.29866208196143],[77.500536350259651,9.298671208736746],[77.500542007389726,9.298845557185986],[77.500837323969805,9.29883939626712],[77.501079929967673,9.298793500957199],[77.501268644215969,9.298800392891813],[77.501314115937845,9.299003639000878],[77.50169758446809,9.298966265663994],[77.501719752477115,9.299202370303108],[77.502446718019499,9.298988629044967],[77.50280215320592,9.300604413922301],[77.502818317685779,9.301233523618306],[77.503697899287914,9.301134044617845],[77.504318312199601,9.300978476696022],[77.504454009832543,9.301163632892877],[77.505464129022613,9.301036494540872],[77.505251585054538,9.300549303613476],[77.505220014580843,9.300493308393317],[77.505564330648511,9.30029797515682],[77.506290268934549,9.299984440233137],[77.506829550407176,9.299823148163679],[77.508529824771472,9.29849797719667],[77.508558030313907,9.298596617214315],[77.508613943041183,9.299379032568682],[77.508705076252582,9.3000534973075],[77.509065148185769,9.299960329278198],[77.509071803589279,9.299887789232356],[77.509997259279103,9.299683797750193],[77.510193757635236,9.300615124201467],[77.510375636973123,9.30141027775092],[77.510321110292637,9.30150418298226],[77.511289310153359,9.301707396301492],[77.511319986884203,9.301431020715359],[77.512286994823967,9.301196198887922],[77.512935897586289,9.301082756115063],[77.513390795905082,9.30265922877507],[77.514338097413514,9.302509033792548],[77.514359965567294,9.302355590763499],[77.514221747416371,9.301795236127852],[77.514175988947173,9.301251473679759],[77.513625605780021,9.300481259229338],[77.513178682164849,9.299404677324521],[77.512661645229244,9.298766694260074],[77.512300133281542,9.298320616177923],[77.511940885934834,9.297747054202107],[77.51189238908826,9.297650131578907],[77.511881024738585,9.297651482193334],[77.511879459745828,9.297648984823963],[77.511481797136369,9.297619475660779],[77.511301531594256,9.29725593097678],[77.511038273939889,9.29672501282335],[77.510767909071987,9.296103420651622],[77.510762831499093,9.296079791882407],[77.51059658215614,9.295306296211479],[77.510596576098507,9.295306265453807],[77.510200194485634,9.293205864472979],[77.510191988805929,9.29316697239461],[77.509973889783595,9.292133361920804],[77.509970572327191,9.292117668773871],[77.509953342000259,9.292037229343972],[77.509882198584577,9.29170508919829],[77.509661396393497,9.290674260687339],[77.509635726435732,9.290554419523126],[77.509610321434465,9.29043581611297],[77.509465592837103,9.289760138506267],[77.509339109459148,9.289148987790764],[77.509321695240203,9.288596055298003],[77.509319664786389,9.288531580588657],[77.509310222322497,9.288231767359653],[77.509240009923346,9.288161518139848],[77.508939575822055,9.287860923784139],[77.508600384107325,9.28736345820662],[77.507955153407067,9.287373615098495],[77.507685494522619,9.287382590754659],[77.507668924013089,9.287383141912706],[77.506954835543638,9.287178332841799],[77.506645203011871,9.287024807011873],[77.506524552274541,9.286853545068448],[77.506482968526697,9.286794517908936],[77.506332990466419,9.286796130735453],[77.505289594184092,9.286692274954476],[77.504507199218878,9.286625006584122],[77.504171692773355,9.286596160308966],[77.503936565230504,9.286784519669441],[77.503372454656841,9.28723332487999],[77.502707080466593,9.28719377774512],[77.502629014499391,9.28718913766887],[77.502271002497295,9.287170108149592],[77.501008561021322,9.287113744840537],[77.500899786964936,9.286981080266647],[77.500705370237668,9.286817186815387],[77.50069017979024,9.28680618973288],[77.500588047549357,9.286732241685678],[77.500550586317203,9.286705118334639],[77.500541384733538,9.286699880778427],[77.500151066471389,9.286477625468585],[77.500032841217489,9.286374689537693],[77.499842093582814,9.286331732630652],[77.499308911346347,9.286211656611249],[77.498487507748266,9.286164397491],[77.498013843724863,9.286137143900957],[77.497790160722516,9.286124273832701],[77.497754262182227,9.286122208878453],[77.497803765144852,9.286627092757502],[77.497806614684848,9.286656152010138],[77.497896012281657,9.287007821677836],[77.497773361702272,9.287495560060931],[77.497529623695669,9.287846009522884],[77.496912675048094,9.28785326153845],[77.496485988683474,9.287768971609673],[77.496413685238963,9.287754687959973],[77.496223251802775,9.287669046560699],[77.49606071080305,9.287595949065812],[77.495940830657361,9.287218958760592],[77.495904472060062,9.287104621218912],[77.495030228975409,9.287572018290772],[77.494938162169575,9.287621239405293],[77.494931646992441,9.287624722842036],[77.494510191314404,9.287797030049964],[77.493610563579949,9.287654284582104],[77.492872466427585,9.28753716794016],[77.492706889051362,9.287482520358292],[77.492575247802506,9.287439072329727],[77.492370052563416,9.287371348981551],[77.492193854184606,9.287393431734019],[77.492082868873013,9.287347152884227],[77.492074269017607,9.287002162812904],[77.492002247967775,9.28694325373003],[77.491956291900706,9.286905664932046],[77.49194895803096,9.286403068408848],[77.49195017051585,9.286335073786269],[77.491953153322143,9.286167800802412],[77.491953349378662,9.286156784012107],[77.492043028247537,9.285619422924125],[77.491977830403414,9.285530677678397],[77.492020448741869,9.285082494503888],[77.492130770316038,9.284756474006475],[77.49214979314813,9.284497162110556],[77.492232379906056,9.284271957896099],[77.492238696416962,9.284254735258079],[77.492220807666527,9.283823436264369],[77.492072916082577,9.283655249854597],[77.491995736643005,9.283468069071805],[77.491947799273461,9.283351806786976],[77.491974344133837,9.283154907085763],[77.491911646862434,9.282748352888733],[77.491862658442159,9.282508236211282],[77.491856333924929,9.282477238789946],[77.491853366394011,9.28247550410283],[77.491456522889408,9.282243416840792],[77.49145011164002,9.282239667406909],[77.491448044139162,9.282238458005802],[77.491275806169511,9.282008094176966],[77.491334307757313,9.281865037440294],[77.491293740265874,9.281786354937999],[77.491289301508047,9.281777747541545],[77.491254528213688,9.281713305260132],[77.491229739363362,9.28166736621791],[77.491183836695654,9.28158229672003],[77.491182662142705,9.281444470046086],[77.491182019538073,9.281369153865088],[77.491031351848406,9.28147610011283],[77.490961487393349,9.281179778455552],[77.49094180233881,9.28109628474698],[77.490920120240403,9.281004323202973],[77.490523990320725,9.281049224409877],[77.490082751503849,9.281099239055676],[77.489693043632172,9.281089776126182],[77.489030194745638,9.281073678735908],[77.488851894869626,9.281066314641748],[77.488341114799141,9.281078862102534],[77.488254607813133,9.281080987436512],[77.48825415438813,9.281081250229143],[77.488200151943417,9.281076158846915],[77.488157385513347,9.281137253876416],[77.488037484799889,9.281206645374757],[77.48781606380642,9.281203035236102],[77.48721092900611,9.281193165653281],[77.486688220340866,9.28124456673498],[77.486472742839894,9.281265754734006],[77.486467614140878,9.281287349748579],[77.486463474403919,9.281287053511429],[77.486353884830208,9.281636689912146],[77.486032767786526,9.281941168942208],[77.485776442110136,9.28201766794885],[77.485141568945338,9.282207698096837],[77.484918298403088,9.282274528697004],[77.484368665668882,9.282452145603555],[77.484303556120693,9.282465426892729],[77.484128969529408,9.282501039085878],[77.484112614614816,9.282366711530349],[77.483933140356811,9.282273306828291],[77.483842131006199,9.282262114452543],[77.48380597726721,9.282257668488466],[77.483703458920061,9.282525103110627],[77.483513579514664,9.282628749116938],[77.48299640291917,9.282911049320655],[77.481840757237109,9.28257948788853],[77.481776989456932,9.282731488630374],[77.481729867709106,9.282843807061923],[77.481548492332251,9.283370905675671],[77.481056516876947,9.284124746341076],[77.480683018557954,9.284719650709388],[77.480449221097487,9.28477624006867],[77.479727745425535,9.284950868699703],[77.479525451137405,9.284757291248891],[77.479498173064542,9.284722786497142],[77.479451589797776,9.284663861170909],[77.480297607739743,9.283653973565423],[77.480310818645222,9.283638204301973],[77.480238570951727,9.28321697562831],[77.47968252380069,9.283204719216828],[77.478602680746604,9.283400174536846],[77.477098384232733,9.283317606424099],[77.476147554929909,9.283453715453403],[77.475343478644476,9.283467906810451],[77.475319176979241,9.283469004070561],[77.475200596576414,9.28347435763531],[77.474863548976884,9.28358401903226],[77.474140493421999,9.283760982479871],[77.474136011756158,9.283761798652158],[77.473706501327882,9.283836915021798],[77.473656362940403,9.283861902199762],[77.473604180248913,9.283834331719332],[77.473605592746097,9.283847943652972],[77.473263756450578,9.284402841200938],[77.473186681591699,9.284499186100948],[77.472624759288905,9.285201595269823],[77.472302668883856,9.285563156230706],[77.471670845155955,9.285836814751546],[77.471340767221989,9.285953273983115],[77.47125867685952,9.285982237906493],[77.470959234812227,9.285994146094511],[77.470510958024718,9.285742091097042],[77.470001576847238,9.285971514889429],[77.46962951366578,9.286518494293173],[77.468464160225366,9.287250258365191],[77.468035835473373,9.287435392344348],[77.467636941802851,9.28740203710109],[77.467287558150744,9.287372820802634],[77.467067132934744,9.287524655213193],[77.467045012420925,9.287539893125578],[77.466975912876876,9.287731615535193],[77.466890570236828,9.287968401079867],[77.466801822500472,9.288214633722683],[77.467032119520681,9.288576428327243],[77.467120047357483,9.288978354821207],[77.467132621255729,9.289216763351009],[77.467187133622943,9.29025038792191],[77.466606850306491,9.291285995728082],[77.466546498820861,9.29150100314301],[77.466247558947913,9.291398966839113],[77.464251548649713,9.290398831071014],[77.461754171506186,9.290279170712507],[77.461567766312385,9.290285727793993],[77.461349947785024,9.290275155876259],[77.461004627988203,9.290258395144681],[77.459662569274428,9.290416719577392],[77.459668252774179,9.290525703613097],[77.459270851568704,9.29058036051997],[77.459404952855152,9.292907919418377],[77.459343051893853,9.293564639091953],[77.459318177508422,9.293828539044965],[77.45924711808361,9.294582414193201],[77.459192286993627,9.29490494819648],[77.459385162164864,9.295259089824704],[77.459368390037099,9.295521631938225],[77.459644478774848,9.295530663009487],[77.45966729108261,9.295604928370704],[77.45974672276003,9.295863517754009],[77.459750915060965,9.296170892228844],[77.459645124380259,9.296521163297561],[77.459962045146227,9.296546111625272],[77.460099539821087,9.296556934809718],[77.460169564062696,9.296562447537893],[77.460370824813339,9.29664695214154],[77.460351795155205,9.296727907602541],[77.460463923068247,9.296773467840667],[77.460719322432325,9.296877241105818],[77.460842852558628,9.296886755357043],[77.461098137725017,9.297028025296173],[77.46118151299703,9.296946424491752],[77.461385780026234,9.297061393556509],[77.461390675830586,9.297064148883479],[77.461645592548095,9.296991216657116],[77.461810520999308,9.297036479820202],[77.461919533182538,9.297028487874639],[77.46218908118658,9.297008726548778],[77.462262024635834,9.296980025491804],[77.46236165158291,9.297258217693299],[77.462340540937078,9.297653906948744],[77.462422862914067,9.297666031927934],[77.462826108911258,9.297725425167128],[77.46284936983055,9.298479860861274],[77.462852898982433,9.298594312272321],[77.462914796762476,9.298785640855439],[77.463011322928978,9.299084005545001],[77.460845755721678,9.299012897185722],[77.460838659398064,9.299189645059013],[77.460590953773519,9.299201901331813],[77.46058752111098,9.299394363482609],[77.46058192280961,9.299708279622269],[77.460108443959825,9.299876641371972],[77.460067482319459,9.300185306397509],[77.459806552007862,9.30024239502719],[77.459805262485972,9.300384954446459],[77.45934145945823,9.300465588181549],[77.459282435202852,9.300818116988804],[77.458968287958641,9.300883591738597],[77.458999250758694,9.301144843656665],[77.459187855173667,9.301135337901783],[77.45956239416671,9.301116461168878],[77.459565547776563,9.30113337483151],[77.459583682071667,9.301230638108882],[77.460347441166704,9.301215479467505],[77.460365720769772,9.302049079779806],[77.460366147994932,9.302068580117421],[77.459557322527715,9.302200433921302],[77.459408545679935,9.302224686104854],[77.459412477191904,9.303033152290178],[77.459413384491398,9.303219702100829],[77.458917844854739,9.303301484772573],[77.458852497964401,9.303312269937152],[77.458980245878621,9.304157594281259],[77.459109880079978,9.30480011666997],[77.459140601824586,9.305054917274983],[77.459141983399604,9.305066375488385],[77.45914503599829,9.305091687335267],[77.459208735941587,9.305171714940611],[77.459322071008515,9.305350565770389],[77.459421685055389,9.305507763597417],[77.4597561917425,9.306061677401011],[77.459799942348553,9.306310963932544],[77.459814899369491,9.306462679839083],[77.459791847358574,9.306657672465818],[77.459658509435755,9.307785488281988],[77.459026988693921,9.307890956644201],[77.459041161188992,9.307979488006554],[77.45905382783431,9.308058613894753],[77.459277919480314,9.309458469826383],[77.460377114186798,9.309689081593145],[77.460426461731402,9.310047738950406],[77.460837402004714,9.310066294346313],[77.460847763497028,9.310270069894679],[77.46131834656758,9.310528319867721],[77.461321367895437,9.310595364717569],[77.461362837752802,9.311515706237985],[77.461380838703008,9.31191520777158],[77.46149029133305,9.311931725321434],[77.461950433536856,9.312001163576689],[77.461952225025726,9.312004595954784],[77.462023648020747,9.312141465294065],[77.462261967545047,9.312109538848174],[77.462680629097548,9.312101809236687],[77.462681439110426,9.312101794713628],[77.462748865486915,9.312440606217487],[77.462885839182206,9.312412019637456],[77.463120504720607,9.312374893850858],[77.463799238905935,9.312267510628081],[77.464133059531733,9.312498706751343],[77.464134574452927,9.312498735340569],[77.464135398700591,9.312498751652802],[77.464507509990597,9.312505915184431],[77.464507536347327,9.312505915446183],[77.464581967169764,9.312507348010676],[77.465021759518478,9.31260365628971],[77.466287740111895,9.312313212165005],[77.466310926283583,9.312307892471244],[77.466313106409046,9.312244328885404],[77.466327697224287,9.311818632267245],[77.466789565822978,9.311794096421627],[77.46720821458014,9.311582353209902],[77.467935242771574,9.311494495885242],[77.467962558247336,9.311535911751719],[77.467984417781054,9.311569056614228],[77.467986808933546,9.311592046246178],[77.468003819193399,9.311755643404631],[77.46849415566291,9.3118565071275],[77.468940864369515,9.31175877886521],[77.469000333608136,9.311775183988342],[77.469121321308222,9.311859856500996],[77.469166202954213,9.311891266850045],[77.469188027919415,9.311984111770139],[77.469173753866016,9.312067932169589],[77.469339427799383,9.31262821089461],[77.469478947914325,9.313100045692156],[77.469519812225656,9.313238241228753],[77.469733153804071,9.31326031106024],[77.469772356086622,9.313264366333414],[77.46978039680674,9.313278369018454],[77.469868471227045,9.313431761047619],[77.47006013073657,9.313409984271713],[77.470105860058254,9.313667368111402],[77.470330644495291,9.314290702001635],[77.470436751017075,9.314569087404974],[77.470427437553255,9.314655754159501],[77.470506839555981,9.314691182362774],[77.470503519663836,9.314921737254078],[77.470501526272443,9.315060194044719],[77.470501251872591,9.315079535932428],[77.470741690773551,9.315644578917913],[77.470793101016369,9.315945578510826],[77.470822997183163,9.316095823289427],[77.470866059735471,9.316106433664372],[77.471563679499155,9.316278323187987],[77.47180986549381,9.315820305617265],[77.472099477532012,9.315889757983443],[77.472093816429776,9.316013432260828],[77.47208603111477,9.316183508640318],[77.472077706347875,9.316365384538601]]]]}},
{"type":"Feature","properties":{"vill_name":"Sivagiri Reserve Forest","dist_name":"Tenkasi","taluk_name":"Sivagiri","village_co":"YYY","lgddcode":733.0,"lgdtcode":5870.0,"lgdvcode":0.0},"geometry":{"type":"MultiPolygon","coordinates":[[[[77.353109819795051,9.4113039871869],[77.35351021268896,9.41119664565397],[77.354710188415396,9.411344173418913],[77.356819980428099,9.411313400037983],[77.35791157266523,9.411171682198834],[77.359876796421162,9.410779323994323],[77.3621842821006,9.410025035269953],[77.364603243951493,9.408813436319296],[77.366766701410739,9.407310392904478],[77.369250400057439,9.405817219085549],[77.370205170623507,9.404601921933605],[77.370867291137287,9.403313193805026],[77.371492161898601,9.402278814155741],[77.37179466525302,9.402070561708488],[77.372326008411846,9.401835615292105],[77.373131096781748,9.401910312734914],[77.375254448999144,9.401770184295358],[77.376719354357022,9.401464847412294],[77.377908639831787,9.40159500477619],[77.378558551574841,9.401514823635695],[77.379456876133574,9.400899112040937],[77.380535027521844,9.39976368128041],[77.380401164421883,9.399135241419796],[77.379992117202434,9.399147816343184],[77.380100695997626,9.399526266291611],[77.379310977148549,9.399846166349914],[77.379127665953447,9.399399122662807],[77.379393226279603,9.399319154419299],[77.379411006162925,9.398930236361172],[77.379291712266976,9.398561526687024],[77.379271013574311,9.398469762717394],[77.379081159376554,9.397628046647586],[77.379077540851625,9.397612006141257],[77.37858842389079,9.397857187137365],[77.378577029264704,9.397826452820457],[77.378214547846184,9.396848750988442],[77.37879279875834,9.396537169796998],[77.378614708064049,9.396150531182847],[77.378579072173594,9.395548975306156],[77.37857766966394,9.395452845013343],[77.378567768910642,9.394773660579951],[77.378504848223002,9.394665201056581],[77.378436562053551,9.394547492698301],[77.378432191740686,9.394324972450351],[77.378587972556772,9.394203805964667],[77.378557908784657,9.394012402310398],[77.378512096556292,9.393849014296258],[77.378415483513749,9.393810928399382],[77.378386709453466,9.393724156162856],[77.378326984810727,9.393545476994261],[77.378337402758277,9.39336214416044],[77.378171310670126,9.393366226026689],[77.378147224186961,9.39304994974918],[77.378146723521255,9.393043373367005],[77.378145085525446,9.393021861664712],[77.378144564043382,9.393015014238708],[77.378127714640556,9.39300266755623],[77.378114033747735,9.392992642798481],[77.37810275089295,9.392984375053585],[77.377889654258468,9.39282822540997],[77.377730122674393,9.392961595670648],[77.377615532391147,9.392696141159597],[77.377523649589349,9.392119039811162],[77.377288447969349,9.391912292513286],[77.377241402039672,9.391519516082507],[77.377217262178206,9.391317979388225],[77.37686676693383,9.391345478927295],[77.376086610495364,9.391406688819917],[77.375641625430632,9.391441600355973],[77.374907616004563,9.391499187110934],[77.374398766887793,9.391416996462041],[77.374233188267056,9.391390251766733],[77.373614058244769,9.38946666157587],[77.375726164301511,9.389428395714983],[77.376514627109941,9.38943013346282],[77.376968940507055,9.389431133708115],[77.377170421421667,9.3894315756051],[77.37768413840567,9.389566606079589],[77.377597315734789,9.389406115323592],[77.377464857809173,9.389377116670016],[77.377415389760969,9.389257685045747],[77.377206087094521,9.389095577751119],[77.377021265454175,9.388796451338031],[77.376883095867541,9.388130623047005],[77.376993802897914,9.388080976183728],[77.377014025606371,9.388071906781018],[77.376860486345933,9.387621797708269],[77.376796850811928,9.387435248202531],[77.377285495964671,9.387051253127312],[77.377270266673747,9.386878759627129],[77.377397619024322,9.386770180808892],[77.377846383728908,9.386842653436696],[77.378020946830674,9.386944897851276],[77.378210288084333,9.386936401334552],[77.37839460903534,9.38692812949105],[77.378699871322212,9.386914842074756],[77.378913232750648,9.386905554119068],[77.379165900174627,9.386729015714339],[77.379088053747736,9.386196434654478],[77.379052222814337,9.385951297920375],[77.379373048889335,9.385872522453855],[77.379351145546096,9.385721057993463],[77.380014964932869,9.385530833452517],[77.380157735290297,9.385315170176451],[77.380793778009561,9.385039849274671],[77.380943579381167,9.384971393697773],[77.381165416970262,9.384870019643012],[77.381280989003628,9.384817204975473],[77.381631575772985,9.384450913758039],[77.381640420880075,9.384129422773789],[77.381843093033467,9.383942776391788],[77.382752693344983,9.384120914356606],[77.382810719392666,9.384132278421831],[77.383352534428852,9.383990675959923],[77.383897859266114,9.38407711196167],[77.384128603071488,9.384061761667757],[77.384502395995952,9.384223571840279],[77.384390215937984,9.383636927316594],[77.384304623464743,9.383189298602126],[77.384299917207343,9.383164684170223],[77.384063010664448,9.382878870571616],[77.384385997858956,9.382315287286099],[77.384654692149041,9.382345723155012],[77.38492338748145,9.382376157943368],[77.385037146618927,9.382298543624534],[77.385322028463591,9.382287969914856],[77.38557898298653,9.382089038849486],[77.385601566264825,9.381945551617999],[77.385712269214622,9.381935768232053],[77.385739684749822,9.381395297967478],[77.385943918295879,9.38136170858785],[77.386235367003067,9.381520336015976],[77.386186782609784,9.382018673373118],[77.38649619659688,9.381922913443672],[77.3865316178059,9.381911951158916],[77.386738702445342,9.382084899690287],[77.38727619135237,9.381549621922062],[77.387303513532672,9.381467985033678],[77.387391162474799,9.381206140338588],[77.387625513350201,9.38050603047216],[77.387765614321097,9.380493559380069],[77.387985695335217,9.379983925346522],[77.388261136292741,9.379721164042039],[77.388463562942405,9.380513442539797],[77.388617857242266,9.380479974852003],[77.388706541607405,9.380460738980769],[77.389012722684171,9.380323094751827],[77.389207426815304,9.380235569489757],[77.389157711903351,9.37997311418148],[77.389086988502186,9.379599746518648],[77.389027729690383,9.379600340134456],[77.388855811804987,9.379602060695019],[77.388611408468648,9.378774172237996],[77.388580816059346,9.378584084983244],[77.388484502604598,9.377985653597872],[77.388007813640726,9.377782601244906],[77.387715165607887,9.377801214237888],[77.387566774705931,9.377452180533874],[77.387423909163687,9.37744645265451],[77.387309054803339,9.377248896382813],[77.387242090844509,9.377133715765131],[77.387399818673387,9.377112097824462],[77.38723189850262,9.376416841179443],[77.387021304804719,9.376397322094524],[77.386881908138278,9.375912064808375],[77.386719590388125,9.375347115573739],[77.386648949868771,9.375101251309559],[77.386615123414899,9.374983516833055],[77.386338209263059,9.374983498971638],[77.386312534003366,9.375268826210046],[77.386124975091477,9.375291877882114],[77.385641345930708,9.375351318217401],[77.385340013469872,9.375242330532719],[77.385382724312549,9.374948800000826],[77.385279048263698,9.374726409822637],[77.385277317758778,9.374722697079436],[77.385269321475008,9.374705544787915],[77.38526472841113,9.374695692809265],[77.385257149822024,9.374695692094308],[77.385247402279433,9.374695691782449],[77.385238479234815,9.374695690868734],[77.384797175746698,9.374695658342263],[77.384797854983546,9.374532659412365],[77.384798706110772,9.374328420788792],[77.384800680536955,9.373854802105875],[77.384801010061764,9.373775629436413],[77.385098305537241,9.373746560492267],[77.385181510536611,9.37373842454563],[77.385940155832131,9.373664244857345],[77.385907298145028,9.373433088392142],[77.385883895314265,9.37326844573359],[77.386258084695001,9.37318756726483],[77.386839020003947,9.373062000069625],[77.387376750932162,9.372863645626474],[77.387743523789993,9.372825834187799],[77.389477167493439,9.372321999806649],[77.389477937033661,9.372321775645775],[77.390062043071708,9.372152019991296],[77.390234170167687,9.372277364976627],[77.390835149634938,9.372115870749848],[77.390869946582356,9.371646333047968],[77.391041331765351,9.371543444457709],[77.391079509354512,9.371357778010728],[77.392566293147269,9.370955507677873],[77.392898622416354,9.370865611141081],[77.392956721739026,9.370989745559513],[77.393527034971214,9.370790683117004],[77.394671689252277,9.370445526905474],[77.394898511890204,9.370323662565765],[77.395178564375755,9.370173199289706],[77.395312000340084,9.370101507930997],[77.395354977508902,9.369156833962441],[77.395834289416328,9.369159985824238],[77.39583936962147,9.369160019504887],[77.395976141650735,9.369160920333639],[77.396736160604661,9.369053484453472],[77.39689497544984,9.36947844396089],[77.39740044626798,9.369336324659795],[77.397602038443253,9.369279649557665],[77.397356475439295,9.368869620271653],[77.39751905421754,9.368714940492184],[77.397601085788736,9.368636894455419],[77.397379525985102,9.368388306713511],[77.397349586243749,9.368069177452998],[77.397324135882045,9.367797903673569],[77.397300585454161,9.36754687978665],[77.397202957375796,9.367197053915771],[77.39716458202119,9.367059546314348],[77.397065078094855,9.366702999121292],[77.397141006639515,9.366674832180083],[77.397277719618955,9.3666241156259],[77.397360116960286,9.366593548948186],[77.397360720649701,9.366514953066854],[77.397362022060378,9.366345562000935],[77.398108741413211,9.366013258146422],[77.397972036106538,9.365503409333606],[77.398260278052291,9.365237599996803],[77.398244315149341,9.365070633160945],[77.398235208876258,9.364975418313939],[77.397919609622733,9.365141972295],[77.397479103180032,9.364729109351364],[77.397133286129318,9.364804947366794],[77.39698392942708,9.364837700911767],[77.396750116709157,9.364694264799237],[77.396648058023956,9.364413550268315],[77.396501336563588,9.363988282164479],[77.396335320289595,9.363584451224444],[77.396217596575411,9.363574247883648],[77.396212373247181,9.363559284317517],[77.396028417408942,9.363032436958967],[77.395879651514889,9.362606371863787],[77.396137926938266,9.362483090510644],[77.396134747252859,9.362348984554826],[77.396124868229563,9.361933263182127],[77.395906227136038,9.361733521509864],[77.395780070871893,9.361768904355795],[77.395477048937863,9.361853890867623],[77.395359302936242,9.361521628639945],[77.395225832774756,9.361144993438137],[77.39495612432377,9.360312938792928],[77.394905506940006,9.36015678178736],[77.395074449539095,9.360016969730136],[77.395141849417115,9.359961190943803],[77.395075242572844,9.359692344539372],[77.395029038600526,9.359505850156582],[77.394928352346113,9.359490592248669],[77.394786163124365,9.359138490224506],[77.394743223446639,9.35897482079795],[77.394662859400441,9.358668503457043],[77.394583507327411,9.358366042305354],[77.394887320052888,9.358227327123656],[77.39493767574298,9.357987909129633],[77.394529865034357,9.35794166720641],[77.394243704139058,9.357909218774745],[77.394002734869048,9.357881894744393],[77.393907100780879,9.35785075221111],[77.393525831202211,9.357726594707172],[77.39329889084992,9.357194444027124],[77.392677503844354,9.357256644367984],[77.392631632161923,9.356844132998733],[77.392152621638957,9.356853742351664],[77.39209816420437,9.356466501083114],[77.39175289525727,9.356422993340225],[77.391647601464527,9.356160500940906],[77.390772811486627,9.356437384122511],[77.390616405498022,9.356056021095981],[77.390248845515131,9.356075992459182],[77.390213469335038,9.355758066527311],[77.389775311799752,9.355614568866837],[77.38948245022307,9.355097409108751],[77.388672338817145,9.354637753409097],[77.388637627719149,9.354400047457883],[77.388213770100919,9.353998674924018],[77.387355819715395,9.354415548922301],[77.387334839631407,9.354425744108315],[77.386971128735084,9.354505053472886],[77.385100792777422,9.354880153725169],[77.384935291899154,9.354534793588687],[77.384300921300877,9.354240278098439],[77.383895399340886,9.354240199142515],[77.383856477150488,9.353762691270123],[77.383810707987905,9.353763084689154],[77.383734360292223,9.35374692613652],[77.383519888962169,9.353701535787895],[77.383502391314806,9.353607578915183],[77.383497218404983,9.353579801950843],[77.383551551722192,9.353283340929231],[77.383559187069224,9.353238522068212],[77.383590401978921,9.35305529030764],[77.383676882410356,9.352984820886759],[77.383604198052481,9.352729070102228],[77.383523592174839,9.352445444827142],[77.383594666857661,9.352106040709797],[77.383615533700379,9.351805109791435],[77.383994329737504,9.351647401165057],[77.384281950637416,9.351527652838946],[77.384436875429188,9.351500402629968],[77.384749975958343,9.351445329367664],[77.385235880663984,9.351081055639908],[77.385895136029646,9.35045056770085],[77.386218795034694,9.350404053014383],[77.387129223142878,9.35053650449367],[77.387371956715498,9.350042396620825],[77.387845728172792,9.349093007221596],[77.387887698313108,9.34901954952822],[77.387945578372836,9.348918244267187],[77.388056506831106,9.348327586556039],[77.388082460153157,9.348189392637439],[77.388204441510098,9.347622957757251],[77.388240786110615,9.347454186857776],[77.38831697129821,9.347100411627343],[77.388646808031496,9.347069878663065],[77.388718484570418,9.347063244432212],[77.388732444470023,9.346968210166004],[77.389123422367561,9.346839747229868],[77.389095830820267,9.346318726915699],[77.388949451099307,9.346305754431027],[77.388908733263207,9.346302145911023],[77.388812256055004,9.346117011290136],[77.38920750526384,9.345716135204018],[77.3891143071816,9.344974778310572],[77.388880182358108,9.344595890395624],[77.388817437629669,9.344494352660378],[77.388640584060468,9.343919602955856],[77.388635932815035,9.343905167122937],[77.38833930932266,9.342981485133402],[77.38792692824552,9.342944386055075],[77.387540450288185,9.342909617579146],[77.386656982932877,9.343359111886592],[77.385469863329647,9.343998994852308],[77.386227893076892,9.344951842946156],[77.386315927248575,9.345053069733352],[77.386419463146439,9.345605856430979],[77.386413900125518,9.345848125863119],[77.38640196066784,9.346368018198524],[77.386070558748187,9.346391893366315],[77.385262178084645,9.346450132835551],[77.385348028190577,9.347185999930582],[77.384232158156578,9.347780852792397],[77.383704052757565,9.348277238808306],[77.383635168314626,9.348290404850607],[77.382908830558364,9.348429234648638],[77.382882519722102,9.348321544387055],[77.382777539753391,9.347891863974313],[77.382606145092581,9.347885314105309],[77.382532814721188,9.347882512390401],[77.382524419954734,9.34745934933442],[77.382519593098067,9.347216025297941],[77.382515455983366,9.347007438884136],[77.382701355214181,9.346734925898083],[77.382711973766277,9.346285070247689],[77.382780025566248,9.344988752189561],[77.382213244836208,9.344367997850696],[77.382083808764989,9.343923297388407],[77.381960776049809,9.343579843251417],[77.381869288967124,9.343085521652711],[77.381849185751605,9.343038832009775],[77.382011244158079,9.342672647726312],[77.380972539635394,9.342903214734582],[77.380871413312533,9.34235792756597],[77.379976891881327,9.342575604441715],[77.379808005253281,9.342166592061879],[77.379810052136079,9.342096454110436],[77.379819909308139,9.341758680051015],[77.379743108187213,9.341433640345841],[77.380216674000593,9.341308432686212],[77.380707537726224,9.34117865207935],[77.380561164056346,9.340327655922263],[77.380230651007679,9.340409243570969],[77.380219278691996,9.340553849046646],[77.379798394057744,9.340574102930249],[77.379482273934812,9.340589314975341],[77.379394956287868,9.339957422072498],[77.379326713066064,9.339463584060324],[77.379062687313393,9.338525993095709],[77.379018117359152,9.338295093797312],[77.3789548496203,9.337967329776268],[77.379557039086961,9.337399375593447],[77.379613341640223,9.337365706687052],[77.380054707343021,9.337101775879047],[77.380846250422636,9.336734854899609],[77.381381821650393,9.336463695579109],[77.381409085636307,9.336134449719225],[77.381686770356822,9.335297771880851],[77.381578204909104,9.335211331171013],[77.381517399969439,9.334754456683958],[77.381061858716976,9.334254067779966],[77.381020385242635,9.333901993771967],[77.381014389375409,9.33385109938537],[77.381008722720651,9.333803003336133],[77.380345720219793,9.333759511086104],[77.380377996609255,9.333172972564753],[77.380936339978675,9.333188535175458],[77.381357520915344,9.333200274812111],[77.381456851121698,9.333158301167108],[77.381542092298062,9.332601704632506],[77.381885786052209,9.331794004139166],[77.381762867236134,9.331168236529342],[77.381699294928964,9.330757850278186],[77.38169877718974,9.330755968140849],[77.381577507678216,9.330315061135625],[77.381475534250981,9.329831291141209],[77.381400074192086,9.329532571613163],[77.381394398210318,9.329432260908424],[77.381314227612165,9.329162746892695],[77.380942020847058,9.328147029157279],[77.381145926815734,9.328034375721746],[77.381127018121376,9.327800813796745],[77.381078861346808,9.327559894396082],[77.381070276011428,9.32729972817439],[77.38095902365842,9.326870823970362],[77.381067849251835,9.326284424810044],[77.381377075171812,9.326193649220203],[77.381248515955377,9.325268795960575],[77.381803383191439,9.325107915307008],[77.38176037244952,9.324740317017289],[77.38196872563492,9.32465984896483],[77.382292782367102,9.324201849959273],[77.382494582073491,9.323669510724903],[77.382702482555757,9.323514408610595],[77.382627457885306,9.323167820622086],[77.382855548757405,9.321633860131092],[77.382805362841395,9.321644675906921],[77.382659349826739,9.320330713388291],[77.382568885011111,9.319372223598799],[77.382500169092708,9.318739149650263],[77.382357864138925,9.317428117935972],[77.382188535873226,9.31584038150819],[77.382083802543733,9.314773367508824],[77.38200998998596,9.314097611434869],[77.381960514378008,9.313644658193697],[77.381907067939963,9.313062626671764],[77.381890040300917,9.312860950907371],[77.381666688878823,9.312176546837593],[77.38132329593536,9.311225379306844],[77.381050673143903,9.310394649024619],[77.380984206122321,9.310192113436882],[77.380751204224595,9.309518660059936],[77.380571517524757,9.308982275015316],[77.380330743988452,9.308294169486178],[77.380203575963904,9.307915711372887],[77.380197307058154,9.307897060480654],[77.38034544605452,9.307577594420316],[77.380072511880257,9.307578362966316],[77.379986444692747,9.307498859456866],[77.379438947544557,9.307488011301984],[77.379326434847314,9.307485781508356],[77.378685661099937,9.307480397248289],[77.378542276757088,9.307303804556334],[77.378372320798505,9.307305772383712],[77.378186715721924,9.307117404308304],[77.377717284118063,9.307162175457691],[77.377060969716496,9.30688060152008],[77.377000046093016,9.306748008711775],[77.376932755180675,9.306601569470612],[77.376914740635385,9.306562368553157],[77.376310676837008,9.306599983658268],[77.376046139149125,9.306513447729834],[77.376057813294238,9.306312130006454],[77.375763947058402,9.306260719304953],[77.375164290819129,9.306375846628015],[77.37490069029927,9.306285315774112],[77.374658878948395,9.305882308817857],[77.374573668355765,9.305529630630204],[77.37408458667656,9.305566202697189],[77.373967828246649,9.305383723425878],[77.373945926005717,9.305165510409784],[77.373690749055868,9.305087849815285],[77.373668320357481,9.304661408497408],[77.373584866637486,9.304632132740593],[77.373395023252101,9.304565534271978],[77.373391755121204,9.304153772985826],[77.373390686008037,9.304019102844277],[77.373112406440455,9.303994486446113],[77.37316064596142,9.303778973674865],[77.372854024007253,9.303826123763622],[77.372695095689323,9.303850564135093],[77.372645199326726,9.303745701022198],[77.372451674731735,9.303747745363939],[77.372120710453814,9.303751240228207],[77.372086773761524,9.303640266294812],[77.370346898103378,9.303209126196469],[77.370204634374574,9.302843709204756],[77.370256406804899,9.302745371409088],[77.370597999634739,9.302096548415141],[77.370456849000121,9.300209529350806],[77.370072761460406,9.300217892826652],[77.370051777993496,9.300115630824733],[77.368906776384449,9.300129262665974],[77.36806750185977,9.300193099595425],[77.367964216395137,9.300551859582486],[77.367070215165313,9.300642604288688],[77.366990759210893,9.300750506526313],[77.366134933041707,9.301151984601637],[77.365574357696076,9.301232099082965],[77.365299348216823,9.301272753246208],[77.365256629060084,9.301399984719598],[77.364824772279633,9.30143432904752],[77.36372951360589,9.30161506714688],[77.363657917461225,9.30149661985619],[77.363362818838837,9.301573987399674],[77.363052203664736,9.301618865894289],[77.363060439264061,9.301761751503671],[77.362787840377933,9.301827582441573],[77.362796371995458,9.302028027136929],[77.362450462462832,9.301974866550818],[77.361199100947189,9.302148155125746],[77.360971669168279,9.302233318607103],[77.360807812632459,9.302294883195442],[77.36038417608475,9.30234033713076],[77.360095559618117,9.302400933082367],[77.359276315385699,9.302440082132939],[77.358755852809054,9.302521164835532],[77.358185323386664,9.302568041609284],[77.357553164194428,9.302751278962122],[77.357384578221783,9.302653335054632],[77.357191891335589,9.302551807253945],[77.356168532153234,9.302421315475819],[77.356016137725689,9.302156907220169],[77.355852220345639,9.30206738177888],[77.35439947829498,9.302099198593851],[77.352835488529152,9.302261330497608],[77.352246505311058,9.302305752729666],[77.351620908115905,9.302337741999388],[77.350690087592213,9.302346081488034],[77.350500426690814,9.30230813680005],[77.349939712092151,9.302160840056994],[77.349419588742478,9.302020769621505],[77.34905613735539,9.301815987343414],[77.348174670418885,9.301319336966923],[77.348867021863896,9.300880157312131],[77.3492040903961,9.300666343529707],[77.350320671402486,9.300619173154281],[77.350295236184749,9.300384183942311],[77.350295205663301,9.300383972387696],[77.350225111253309,9.29986048560858],[77.35023463285637,9.299629803868333],[77.350255556384866,9.299599659737599],[77.349433260727494,9.299597586297063],[77.348890083812051,9.299596216150627],[77.347549531436556,9.299279315560234],[77.346287480560463,9.299119367786782],[77.345931258020968,9.299569139955885],[77.344510798296994,9.299643915874274],[77.343405745919597,9.299797867138228],[77.340365186036493,9.300867825406378],[77.339537205885648,9.300669769128069],[77.33267723430545,9.302538005318786],[77.331239943966523,9.302801872413752],[77.32621848419673,9.300269343408212],[77.324872278955823,9.300042885167187],[77.320515767750123,9.30074507029402],[77.31957336839227,9.300608832314376],[77.318989049741873,9.300874872092459],[77.317998570194803,9.301942541779189],[77.317232194810074,9.303144576876232],[77.316371530722122,9.30604093286812],[77.3176984881961,9.313536188244635],[77.3180090877689,9.314919412195184],[77.315849039355484,9.316831295110944],[77.310544863667275,9.319270009239474],[77.305692456412928,9.320639586993572],[77.304972809369914,9.32112820682071],[77.302456977661066,9.321745836397563],[77.301915242114674,9.322005828050997],[77.302034749046427,9.322935014086598],[77.301785201017964,9.324245704705103],[77.301071361084695,9.325396050695929],[77.299637689320889,9.326621670991097],[77.297976932562975,9.327846011187571],[77.297172805208106,9.328802426325639],[77.297011267092714,9.329520734362493],[77.297424102240257,9.329924629225166],[77.298619980628843,9.330276496993356],[77.299568226388985,9.329944757682338],[77.300511317805231,9.329694426989628],[77.300978738954555,9.330120946803957],[77.300976638004329,9.33069077756962],[77.300243892704316,9.332071735147686],[77.300385863925214,9.333338581430917],[77.299956723200225,9.335077584970421],[77.29995618230781,9.336655771392236],[77.301433493018024,9.33740182723443],[77.302261963100847,9.337531276250385],[77.303123898252991,9.336955278300405],[77.304445814768158,9.337809155897375],[77.305788788291125,9.337795364669642],[77.30911029241139,9.33706439497964],[77.310003438978711,9.3366421903294],[77.310091364037049,9.336194556734345],[77.310808867259951,9.335432490443988],[77.312621494793831,9.335112603955228],[77.315599486955165,9.334864143864579],[77.317187548082686,9.335113297570578],[77.318387238121815,9.335790633814142],[77.320084791061007,9.337527631798233],[77.320735159595799,9.337597552155852],[77.324092359332795,9.337047342335591],[77.325270810140267,9.337118704019106],[77.325142398938439,9.340518674870546],[77.325037612576267,9.343484529004389],[77.325360529354271,9.344905276910808],[77.326020199613652,9.346552817298232],[77.326745727726291,9.347604053235104],[77.32901111474294,9.349609847371926],[77.330257476552774,9.351444831420952],[77.331756032267563,9.354040277388455],[77.333315101613707,9.356328270753623],[77.334329273730503,9.358284655106159],[77.335772589582376,9.36104283739871],[77.335806076662536,9.362164389315188],[77.33543077184234,9.36266047995764],[77.335411120313225,9.36317595980038],[77.335718557703899,9.363922839260905],[77.336683053684553,9.364187932191239],[77.337308644331841,9.364985894776662],[77.337398607816681,9.36685356991711],[77.337805633770429,9.367686434861342],[77.337757926994016,9.368504923002069],[77.337041395683357,9.37047390760133],[77.336075169445991,9.372234728826047],[77.336617553635264,9.375129772050386],[77.33663019080717,9.376925093180487],[77.336414837743391,9.377313308285405],[77.334558967952077,9.378216675694603],[77.334346731896929,9.379138495053422],[77.334540711332181,9.381218815285687],[77.335126012835119,9.381790056650193],[77.335453416786194,9.383546014994936],[77.33599139555605,9.386242061279781],[77.336584370870924,9.387324919122385],[77.33896124013927,9.387236973436485],[77.339475043165336,9.387414727088924],[77.34138493616625,9.389807991582597],[77.340478473197834,9.391482982112375],[77.339814818402488,9.392511967072153],[77.339761192741307,9.393750446383898],[77.340440067711157,9.394978047577339],[77.34208453364279,9.397836414981528],[77.343586584934485,9.400838826308743],[77.3436545937587,9.402439161370195],[77.342374761889246,9.404041006020446],[77.339890035114024,9.406488434131413],[77.338286209821632,9.408260811567013],[77.33684086378662,9.410521668401241],[77.336376167061886,9.411904090885731],[77.336481202600169,9.413360289056419],[77.337286880324086,9.414990428120408],[77.33812613970349,9.417506962575972],[77.338840068424574,9.419227526055071],[77.339173087127463,9.419805968035757],[77.340247959318432,9.419614773635482],[77.342104774695102,9.418969402116289],[77.344947273733723,9.416953988988812],[77.347972457355525,9.414613937664859],[77.348483572577777,9.413892842298999],[77.349212647893268,9.413280664580677],[77.349650167556774,9.412884460286925],[77.350924107564538,9.412562630395273],[77.352052920196925,9.412095943288014],[77.353109819795051,9.4113039871869]]]]}},
{"type":"Feature","properties":{"vill_name":"Inamkovilpatti","dist_name":"Tenkasi","taluk_name":"Sivagiri","village_co":"3","lgddcode":733.0,"lgdtcode":5870.0,"lgdvcode":642620.0},"geometry":{"type":"MultiPolygon","coordinates":[[[[77.482947870687468,9.337884031114353],[77.485963188200884,9.337008040200599],[77.486891933567222,9.336786025060459],[77.487278766000344,9.336766627177896],[77.487346708209316,9.336763221872816],[77.487445631156561,9.336758262176923],[77.487618759238742,9.337423821089827],[77.487678136531017,9.338672919568328],[77.487680031132612,9.338712787465074],[77.48783808179077,9.338769480335372],[77.48810686283845,9.338865890633681],[77.488278463067999,9.338854022333136],[77.488929110667371,9.338809020677283],[77.488929202543218,9.338809014362873],[77.489756529812112,9.338763911916308],[77.489798107589635,9.338565332297359],[77.489814963155041,9.338558234416494],[77.489945420371527,9.338522524375588],[77.48999960393725,9.33851585238938],[77.490529916386521,9.338530725566841],[77.49057104326063,9.338531878756529],[77.490593513632092,9.338539690423348],[77.490840601643512,9.338506106102908],[77.491293100033431,9.338459915949699],[77.491322814201766,9.338208135842617],[77.491897128188199,9.338168165771059],[77.491897161914878,9.338168428841133],[77.491925481826584,9.338387188344109],[77.491992806658416,9.338383947687579],[77.492259765952056,9.338371096339035],[77.492269968454295,9.338370604846331],[77.492280436774791,9.338367170797424],[77.492533515024093,9.338319107156554],[77.492597557021085,9.338314264749087],[77.492675161209377,9.338308397908046],[77.493820624153997,9.338221803945462],[77.493870896801937,9.338223337780677],[77.494017685996909,9.338667569326104],[77.494271808921013,9.338646141521677],[77.495273764884828,9.338545673590993],[77.49589118163135,9.338465090260474],[77.496234334299032,9.338484296997533],[77.496252012938555,9.338178814135606],[77.496316498125495,9.337620201246883],[77.496371773537433,9.337141367961472],[77.496374081170188,9.33712059559852],[77.496504827630602,9.335996676676892],[77.496601618294704,9.335150271192466],[77.496654535980085,9.334640019334449],[77.496740746963425,9.333808735343789],[77.497875424956248,9.333563466641415],[77.500284441171644,9.333115480202052],[77.502327856008719,9.332640447843652],[77.502752861453033,9.332554779310019],[77.504704050130513,9.332620228820177],[77.504713314073229,9.332618863604269],[77.506607388650579,9.332339786082288],[77.506826510592759,9.332307498949056],[77.507075321276005,9.332259375223648],[77.507075354061044,9.332259369225733],[77.507803536381942,9.332134237747127],[77.50786461076855,9.332339895355918],[77.507886153639191,9.332410641826989],[77.507925384885269,9.332422961845568],[77.508017222005094,9.332451802658914],[77.509298424753212,9.332854437927425],[77.511656014604242,9.33362206366748],[77.51239915692581,9.333851928459669],[77.513406275906931,9.333275890604785],[77.513593578322585,9.333168759230906],[77.513482800808589,9.332937082406827],[77.513326281234299,9.332609740917723],[77.512906308295683,9.331993478607982],[77.512783124621976,9.331726188182499],[77.512688484005167,9.331453319936674],[77.512568044940352,9.331245787513755],[77.512560929054345,9.331232532696985],[77.512545853847797,9.331204454582886],[77.512482099381032,9.331086225870788],[77.512450165924562,9.331027007582684],[77.511690748251667,9.330926294119489],[77.511651317191394,9.331046492153886],[77.510779494760584,9.330874882345329],[77.510604158246721,9.330840369315496],[77.50958815997258,9.330794440376803],[77.509372282705755,9.330699314695124],[77.509047120408169,9.330771642778707],[77.50872295837766,9.330700906349724],[77.508618394180886,9.330678089503422],[77.508438489956802,9.330626469596778],[77.508334344837323,9.330734624771265],[77.507448464882586,9.330538846259181],[77.507083685561952,9.330612912080191],[77.50690375889387,9.330649444912856],[77.506251097785025,9.330628013496696],[77.505936570943703,9.330599900977438],[77.505432061432359,9.330621513668337],[77.505309558115016,9.330686420206245],[77.505275060125243,9.330690282969377],[77.505020727591443,9.330940272419848],[77.504978872936178,9.330981412555776],[77.504844395397456,9.331015898353245],[77.504378305164252,9.33094524011233],[77.504302649231903,9.330933771334808],[77.504274358775817,9.330929087830215],[77.503284941355403,9.330485168110716],[77.502674668384643,9.330550112956093],[77.502023623191462,9.330858457831562],[77.501951533016083,9.330892600432584],[77.50117968182812,9.331406490162822],[77.500945713456602,9.331608582038236],[77.500363333762564,9.332186390942208],[77.499675412737489,9.332521556740437],[77.499015068038418,9.332401794322701],[77.498868998555594,9.332351249828088],[77.498622291407699,9.332198265654661],[77.498179614863034,9.331738737474],[77.498136468969406,9.331654837200645],[77.498074996851926,9.331535299238842],[77.497617675120622,9.3302111890376],[77.497560156486315,9.330167184515897],[77.496809339646546,9.329592752061396],[77.496293399699042,9.329410488187319],[77.496035396019238,9.329340539977746],[77.495929066465976,9.329356820577615],[77.49548600886277,9.329424665031581],[77.495070344337933,9.329593093401439],[77.495051789592125,9.329600174969441],[77.494488313157532,9.32989260954113],[77.494158754025918,9.329411679953695],[77.494093905339781,9.329323452922086],[77.494058353810331,9.32927508534417],[77.493978222441015,9.328766545137785],[77.493483162158242,9.328728882193708],[77.493173939963938,9.328643132205402],[77.492561198070391,9.32859626587989],[77.492463175984881,9.328706913945719],[77.492238303572222,9.328698199331576],[77.492211050243796,9.328807803186049],[77.492006585607527,9.328839201464666],[77.491662201351858,9.328786924917862],[77.49163507656688,9.32940628641007],[77.491634037278118,9.329430024493407],[77.491623164276859,9.329678317254437],[77.491616880691581,9.329821797126201],[77.490737895525299,9.329882691137819],[77.490630985367119,9.329940098339717],[77.488980618731702,9.330826295221989],[77.488861751111912,9.330798013717732],[77.486917836741355,9.330335501103164],[77.485615752223438,9.330019428627013],[77.485564779940447,9.330007055396592],[77.485460797812593,9.329981813856397],[77.485463034771357,9.328996318907198],[77.48428450820046,9.328710156932994],[77.484281490539914,9.328682211273213],[77.484186549756146,9.327803166992707],[77.483961143110861,9.327748730761195],[77.483510760936497,9.327639959716533],[77.483386968850965,9.327679548266444],[77.48302189209457,9.327796299330469],[77.482985193888055,9.327939225864785],[77.482820806639793,9.327942016063609],[77.482761147109827,9.328079578910371],[77.482751848461788,9.328080622701577],[77.481959170953573,9.328169711334434],[77.481027894965678,9.328219285169915],[77.480821231044544,9.328151898589679],[77.480170978569873,9.328141169298229],[77.479825879571109,9.328149970981295],[77.479658092484954,9.328092790213194],[77.479500686681618,9.328106004739528],[77.479350850702815,9.328120157311561],[77.479056295623337,9.327823185662515],[77.479021075312701,9.32779152995608],[77.478905556852979,9.327637307714859],[77.478771175740675,9.327485274048167],[77.478309694557808,9.327078790636891],[77.478238443993206,9.327039045820134],[77.478064690979011,9.326618390314417],[77.477920105580722,9.326397811234342],[77.47789279338572,9.326356144355332],[77.477766819555896,9.326449388984193],[77.47731677377574,9.326429476214333],[77.476944912255149,9.32641302194155],[77.476800539415677,9.326387002575981],[77.476571578682851,9.325572323624849],[77.47647189663391,9.325143735765918],[77.476452104383384,9.325136400687001],[77.47617134338158,9.32503235585277],[77.47576563365098,9.324932887695139],[77.474787969977868,9.324473917794824],[77.474617740289361,9.324376192772423],[77.474158832403958,9.324112745612265],[77.47401717666574,9.324031424317091],[77.47397781107918,9.324008661095714],[77.473865421432919,9.323943669276801],[77.47381037455682,9.323918329070885],[77.473798544353073,9.323912883077869],[77.473747313917073,9.323889299756276],[77.473134624124441,9.324216552508025],[77.472749399141037,9.324392750472379],[77.472724287539748,9.324404235813788],[77.472006154417357,9.324621670775731],[77.471938746250771,9.324642080033446],[77.471093559201734,9.32504469109297],[77.470738969896871,9.325213600828098],[77.469827662845333,9.325380714168682],[77.469790169095859,9.325401580656758],[77.46978185526973,9.325418044742211],[77.46978389873712,9.325425894598119],[77.469970970711458,9.325815819431469],[77.470303839264048,9.326475379959652],[77.470622701968225,9.327110660970272],[77.470682735622063,9.32727002887151],[77.470990904248524,9.328088107292562],[77.471104096292521,9.328070677433686],[77.471159693616684,9.328062115087938],[77.471167504311751,9.328077225203806],[77.471450768785687,9.328625228678336],[77.471741941227421,9.329394535198787],[77.471918008379745,9.329935206098098],[77.472104156818489,9.33050683505633],[77.472403671356048,9.331426585957935],[77.472510449727224,9.331866204878365],[77.472537184653845,9.331976280432372],[77.472564925908671,9.33254616363851],[77.472607711403484,9.332784729932504],[77.472766013310775,9.333667412836785],[77.472767053412881,9.333838169915342],[77.472765664622386,9.333864974626991],[77.47275671166085,9.334037748773467],[77.472906870962902,9.334629691147502],[77.472902086616884,9.334694101405645],[77.472874499212352,9.33506550172908],[77.472856501399235,9.335307804556885],[77.472854054582953,9.335340739099902],[77.472843187313075,9.33538598174839],[77.472704891937937,9.336198062721115],[77.472733005176195,9.336750669038629],[77.472754323762786,9.337325435346415],[77.474075382448717,9.337315439541509],[77.474109824118543,9.337315178422624],[77.47411145899639,9.337457099777213],[77.474218268079696,9.337559927954048],[77.474155740179086,9.337595435902781],[77.474151961649156,9.337670456699275],[77.47431135203675,9.338733162092469],[77.474387026707006,9.339278811007004],[77.474494876908238,9.340056451504411],[77.474497697228642,9.34007301358297],[77.474560847117559,9.340307066993118],[77.474605804897251,9.340404395750655],[77.47494722128441,9.341143520644648],[77.47588974597015,9.340622727871017],[77.475905832003221,9.34061876601073],[77.476310174193912,9.340519203773088],[77.476999870174495,9.3402223149299],[77.477133464344334,9.340179144083148],[77.47718463208696,9.340142780779351],[77.477209971886182,9.340131872867481],[77.477618591268566,9.339836309077722],[77.47873044424621,9.339065667139471],[77.478774631803446,9.339035038765138],[77.478782024348803,9.339029851098577],[77.478873537798236,9.338965661345666],[77.479658276315774,9.338415212148188],[77.480628744798778,9.338259477722444],[77.481466217172169,9.338160948000779],[77.481825565918726,9.338067416370322],[77.482083959663427,9.338025950985248],[77.482947870687468,9.337884031114353]]]]}},
{"type":"Feature","properties":{"vill_name":"Rayagiri - Part-1","dist_name":"Tenkasi","taluk_name":"Sivagiri","village_co":"151","lgddcode":733.0,"lgdtcode":5870.0,"lgdvcode":642621.0},"geometry":{"type":"MultiPolygon","coordinates":[[[[77.430773498489145,9.32635444005796],[77.430782479022326,9.326352909666232],[77.430990584592109,9.326451961909376],[77.431230730618879,9.326566392970305],[77.431292079325928,9.326544322814769],[77.431331570269975,9.326448495825083],[77.431383001709165,9.326344930546401],[77.431634114184163,9.326116696803043],[77.432018663431791,9.325758834362365],[77.432102440149009,9.325446381959951],[77.432134406207311,9.325327162986669],[77.432349109773398,9.325299166997224],[77.432850620910173,9.325364018433516],[77.43314087230462,9.325434113158257],[77.433905682259706,9.325727812340057],[77.433905857586495,9.325727822224168],[77.434726589068518,9.325775258250662],[77.435228402055486,9.325629724769637],[77.436457911126993,9.325273147064284],[77.436511318789002,9.325434768895704],[77.437188547802506,9.325253208936862],[77.437560458694975,9.325130726141069],[77.437582465935463,9.325027209263592],[77.437963765283811,9.324972109414274],[77.438121118071109,9.324893019239274],[77.438490802046275,9.324707203982701],[77.439281438576259,9.324652104689896],[77.439825677592026,9.324832266338342],[77.439908305560294,9.324831141802242],[77.439913623367929,9.324760349236042],[77.440180216025638,9.324773924716306],[77.441767701152159,9.324854756170414],[77.441819038299641,9.324850874971302],[77.441915146732882,9.324843608401659],[77.441919516742828,9.324779115148253],[77.442102893270174,9.324793151077117],[77.442114597976101,9.324794127699478],[77.442633737621037,9.324837610446073],[77.442757080216907,9.324962458292951],[77.443117881939486,9.324954327617045],[77.443386218256094,9.324774537190121],[77.443562147503727,9.324656661027831],[77.444108489386295,9.324193971941325],[77.444436867105878,9.324262098100261],[77.4446174313494,9.324484937796814],[77.444826975789098,9.324519293096015],[77.444851413929783,9.324503515784356],[77.445163743423066,9.324301877902304],[77.445692380930879,9.32440234754676],[77.445707044687552,9.324407326095892],[77.446170287250183,9.324564821660736],[77.446395254929982,9.32464130662725],[77.44646585284228,9.324596533761785],[77.447048439114795,9.324610801926227],[77.447088118751282,9.324611436783483],[77.447448229224776,9.324617194658575],[77.447473381388662,9.324616711965435],[77.447939590795926,9.32460779661826],[77.448247625167667,9.324521028137754],[77.449019469550962,9.324268649280256],[77.449061424938819,9.32425494972426],[77.449364538788842,9.324155973315793],[77.449641084934711,9.324068544932617],[77.450230348095701,9.324044516288737],[77.450782939967169,9.323673291705623],[77.450999237273024,9.323523761988902],[77.451005368463285,9.323522299190317],[77.451450550965561,9.323416068479073],[77.451728104329959,9.32354228420736],[77.452119151218355,9.323558814976499],[77.452479431278064,9.323389864146741],[77.452513879247974,9.32315999539779],[77.452908441352832,9.323129204448458],[77.45299573138378,9.323122391964295],[77.453318709263897,9.323264774494309],[77.453620247944144,9.323401478114583],[77.453620671397431,9.323401670128586],[77.453965233478584,9.323651853673793],[77.453972123042021,9.323657826056813],[77.454107633525481,9.323775319784875],[77.45417698864992,9.323835453559976],[77.454336406389558,9.323816206545445],[77.454350887866326,9.323804888470923],[77.454554787371521,9.323645536819013],[77.454855026671837,9.323396791752693],[77.455023457212903,9.323384145492973],[77.455311365103071,9.323543732733885],[77.455394354029821,9.323763369278264],[77.455438803599137,9.323881010350648],[77.455534085579998,9.323894983650922],[77.455566778980298,9.323899777710039],[77.455711672246622,9.323947315718396],[77.45589230217503,9.324006579379841],[77.456034015895767,9.323989077285981],[77.456094463098154,9.323935715913144],[77.456207135242607,9.323836252189912],[77.456499005975388,9.323760844653606],[77.45661333314159,9.32374579956401],[77.456870864391405,9.32378222149706],[77.456973694746338,9.323785650383899],[77.457023010053845,9.323746385022721],[77.45713132720492,9.323660142080257],[77.457613415356889,9.323553053663169],[77.457625101874612,9.323564672322625],[77.457631591279551,9.323571124594549],[77.457678772880101,9.323618036935086],[77.4580505907537,9.32352552724508],[77.458370471563015,9.323445938671673],[77.458416876850819,9.323485665591683],[77.458461359949325,9.323523745535185],[77.458467650942296,9.32352410251791],[77.458767292140308,9.323541105149332],[77.459039734170261,9.323487978993452],[77.459410585926236,9.323422208502297],[77.459499512398537,9.323333726571285],[77.459563359021118,9.323283483244204],[77.459586418144667,9.32326533538583],[77.45958816174732,9.323263964167527],[77.45987157726033,9.32322708759126],[77.460247629376951,9.323170837797582],[77.460521580952829,9.323127725275903],[77.460668399012405,9.323012962122544],[77.460757725010524,9.32294313923518],[77.461506843673718,9.322930617584495],[77.461887001659093,9.323089605148757],[77.462359808660551,9.32336596178507],[77.462649592850795,9.323470546895228],[77.463119437890896,9.323446320219803],[77.463212995866158,9.323468471342922],[77.463539230635831,9.323545712628237],[77.464083584618123,9.323468365231442],[77.464605662144578,9.32338536749605],[77.464853041450198,9.323439520517294],[77.465076414032367,9.323490603404776],[77.465107418879157,9.323509029138002],[77.46561881154706,9.323812934730366],[77.465833895992262,9.323769700591999],[77.466308124944874,9.32386070827674],[77.466460275252743,9.323999354574678],[77.466545305759595,9.324076837308265],[77.466587131187651,9.324091115339593],[77.467012709603353,9.324236399604972],[77.467261782472065,9.324278236040927],[77.467337079561403,9.324348986893821],[77.467351404105699,9.324351968687036],[77.467591676848244,9.324401980419779],[77.468089800683003,9.324503072810117],[77.468134557325882,9.324512155901107],[77.468647157825927,9.324407592903794],[77.469001117500028,9.324135093613407],[77.469285927160371,9.324083585235515],[77.469537190631371,9.324112403740864],[77.469595308452838,9.324093935041653],[77.469771092641977,9.324038076301372],[77.46995985657702,9.323925262338754],[77.470039932910822,9.32389185439175],[77.470375766850438,9.323894670801099],[77.470514657056484,9.323831337200154],[77.471053731888489,9.323729671922814],[77.471348373150306,9.32366848037805],[77.471414606654804,9.323736188328274],[77.472171812012078,9.323501215426601],[77.472338592940275,9.323451638207096],[77.472720926562332,9.323337967165543],[77.473313403294497,9.323498847270198],[77.473509766000021,9.32355228021496],[77.473688615182965,9.323600947453677],[77.473747313917073,9.323889299756276],[77.473798544353073,9.323912883077869],[77.47381037455682,9.323918329070885],[77.473865421432919,9.323943669276801],[77.474136137920155,9.323740936868477],[77.474365013856499,9.323548227270704],[77.474603589566357,9.323347349714604],[77.474650887739656,9.323307525765376],[77.47450968889693,9.322862240132247],[77.474495200651617,9.322824609745394],[77.47447558206963,9.322729995037612],[77.474511610218556,9.322355586654103],[77.474532244351451,9.32227087990143],[77.474536075363133,9.322255171994774],[77.474573796796079,9.322104298762142],[77.474511646822137,9.321960132420966],[77.47442770799826,9.321796041564957],[77.474404983511377,9.321730367066488],[77.474387765610899,9.321618282359726],[77.47436970642282,9.321500727012436],[77.474349465365066,9.321450061004141],[77.474296591083913,9.321317708473766],[77.474196014565749,9.321124935897366],[77.474130533176023,9.320999428489005],[77.474099038397782,9.320759838548991],[77.474043024930708,9.320334783876326],[77.473935218939701,9.320279230375009],[77.473897151940434,9.320259610382108],[77.473831236788996,9.319895931548412],[77.473813555732903,9.319798377451919],[77.473728894453401,9.319567373148944],[77.4736863136891,9.31943067344497],[77.473590308726259,9.319097690702367],[77.473584320931522,9.319078822980531],[77.473496071750631,9.318800538341783],[77.473483469718744,9.318779467088566],[77.473437887182442,9.318633131242064],[77.473328291333274,9.318520016298121],[77.47330227646583,9.318476520496525],[77.47317307113056,9.318260493779476],[77.473152054097127,9.318159790905071],[77.473148882698908,9.318144593240875],[77.473051714570374,9.317678994405236],[77.472968267358169,9.317319786396332],[77.47296233165693,9.317270946992906],[77.472902792363968,9.316781058748877],[77.472894997047732,9.316716915516189],[77.472442706404365,9.316700989371531],[77.472359334066468,9.316698053807007],[77.472324733795361,9.316597430319343],[77.472294718809309,9.316561712733201],[77.47226899209376,9.316484675008368],[77.472187029248801,9.316433560625915],[77.472077706347875,9.316365384538601],[77.47208603111477,9.316183508640318],[77.472093816429776,9.316013432260828],[77.472099477532012,9.315889757983443],[77.47180986549381,9.315820305617265],[77.471563679499155,9.316278323187987],[77.470866059735471,9.316106433664372],[77.470822997183163,9.316095823289427],[77.470793101016369,9.315945578510826],[77.470741690773551,9.315644578917913],[77.470501251872591,9.315079535932428],[77.470501526272443,9.315060194044719],[77.470503519663836,9.314921737254078],[77.470506839555981,9.314691182362774],[77.470427437553255,9.314655754159501],[77.470436751017075,9.314569087404974],[77.470330644495291,9.314290702001635],[77.470105860058254,9.313667368111402],[77.47006013073657,9.313409984271713],[77.469868471227045,9.313431761047619],[77.46978039680674,9.313278369018454],[77.469772356086622,9.313264366333414],[77.469733153804071,9.31326031106024],[77.469519812225656,9.313238241228753],[77.469478947914325,9.313100045692156],[77.469339427799383,9.31262821089461],[77.469173753866016,9.312067932169589],[77.469188027919415,9.311984111770139],[77.469166202954213,9.311891266850045],[77.469121321308222,9.311859856500996],[77.469000333608136,9.311775183988342],[77.468940864369515,9.31175877886521],[77.46849415566291,9.3118565071275],[77.468003819193399,9.311755643404631],[77.467986808933546,9.311592046246178],[77.467984417781054,9.311569056614228],[77.467962558247336,9.311535911751719],[77.467935242771574,9.311494495885242],[77.46720821458014,9.311582353209902],[77.466789565822978,9.311794096421627],[77.466327697224287,9.311818632267245],[77.466313106409046,9.312244328885404],[77.466310926283583,9.312307892471244],[77.466287740111895,9.312313212165005],[77.465021759518478,9.31260365628971],[77.464581967169764,9.312507348010676],[77.464507536347327,9.312505915446183],[77.464507509990597,9.312505915184431],[77.464135398700591,9.312498751652802],[77.464134574452927,9.312498735340569],[77.464133059531733,9.312498706751343],[77.463799238905935,9.312267510628081],[77.463120504720607,9.312374893850858],[77.462885839182206,9.312412019637456],[77.462748865486915,9.312440606217487],[77.462681439110426,9.312101794713628],[77.462680629097548,9.312101809236687],[77.462261967545047,9.312109538848174],[77.462023648020747,9.312141465294065],[77.461952225025726,9.312004595954784],[77.461950433536856,9.312001163576689],[77.46149029133305,9.311931725321434],[77.461380838703008,9.31191520777158],[77.461362837752802,9.311515706237985],[77.461321367895437,9.310595364717569],[77.46131834656758,9.310528319867721],[77.460847763497028,9.310270069894679],[77.460837402004714,9.310066294346313],[77.460426461731402,9.310047738950406],[77.460377114186798,9.309689081593145],[77.459277919480314,9.309458469826383],[77.45905382783431,9.308058613894753],[77.459041161188992,9.307979488006554],[77.459026988693921,9.307890956644201],[77.459658509435755,9.307785488281988],[77.459791847358574,9.306657672465818],[77.459814899369491,9.306462679839083],[77.459799942348553,9.306310963932544],[77.4597561917425,9.306061677401011],[77.459421685055389,9.305507763597417],[77.459322071008515,9.305350565770389],[77.459208735941587,9.305171714940611],[77.45914503599829,9.305091687335267],[77.459141983399604,9.305066375488385],[77.459140601824586,9.305054917274983],[77.459109880079978,9.30480011666997],[77.458980245878621,9.304157594281259],[77.458852497964401,9.303312269937152],[77.458917844854739,9.303301484772573],[77.459413384491398,9.303219702100829],[77.459412477191904,9.303033152290178],[77.459408545679935,9.302224686104854],[77.459557322527715,9.302200433921302],[77.460366147994932,9.302068580117421],[77.460365720769772,9.302049079779806],[77.460347441166704,9.301215479467505],[77.459583682071667,9.301230638108882],[77.459565547776563,9.30113337483151],[77.45956239416671,9.301116461168878],[77.459187855173667,9.301135337901783],[77.458999250758694,9.301144843656665],[77.458968287958641,9.300883591738597],[77.459282435202852,9.300818116988804],[77.45934145945823,9.300465588181549],[77.459805262485972,9.300384954446459],[77.459806552007862,9.30024239502719],[77.460067482319459,9.300185306397509],[77.460108443959825,9.299876641371972],[77.46058192280961,9.299708279622269],[77.46058752111098,9.299394363482609],[77.460590953773519,9.299201901331813],[77.460838659398064,9.299189645059013],[77.460845755721678,9.299012897185722],[77.463011322928978,9.299084005545001],[77.462914796762476,9.298785640855439],[77.462852898982433,9.298594312272321],[77.46284936983055,9.298479860861274],[77.462826108911258,9.297725425167128],[77.462422862914067,9.297666031927934],[77.462340540937078,9.297653906948744],[77.46236165158291,9.297258217693299],[77.462262024635834,9.296980025491804],[77.46218908118658,9.297008726548778],[77.461919533182538,9.297028487874639],[77.461810520999308,9.297036479820202],[77.461645592548095,9.296991216657116],[77.461390675830586,9.297064148883479],[77.461385780026234,9.297061393556509],[77.46118151299703,9.296946424491752],[77.461098137725017,9.297028025296173],[77.460842852558628,9.296886755357043],[77.460719322432325,9.296877241105818],[77.460463923068247,9.296773467840667],[77.460351795155205,9.296727907602541],[77.460370824813339,9.29664695214154],[77.460169564062696,9.296562447537893],[77.460099539821087,9.296556934809718],[77.459962045146227,9.296546111625272],[77.459645124380259,9.296521163297561],[77.459750915060965,9.296170892228844],[77.45974672276003,9.295863517754009],[77.45966729108261,9.295604928370704],[77.459644478774848,9.295530663009487],[77.459368390037099,9.295521631938225],[77.459385162164864,9.295259089824704],[77.459192286993627,9.29490494819648],[77.45924711808361,9.294582414193201],[77.459318177508422,9.293828539044965],[77.459343051893853,9.293564639091953],[77.459404952855152,9.292907919418377],[77.459270851568704,9.29058036051997],[77.459668252774179,9.290525703613097],[77.459662569274428,9.290416719577392],[77.459603172443877,9.290423727696155],[77.459183493198935,9.290480611112528],[77.459151834593243,9.290484902371212],[77.45910314669662,9.290491501143151],[77.459052119665387,9.290282343234704],[77.458653127087445,9.290473577178679],[77.45876632560396,9.290070796858085],[77.458389661673991,9.289395545873326],[77.457959610012608,9.289307960213483],[77.457888977707555,9.289293573795911],[77.457625230390619,9.289266580754676],[77.457198405943799,9.289340065025971],[77.457096780335405,9.289370643027095],[77.456884612958177,9.289957861317919],[77.456723316097353,9.29054826583123],[77.456691104622777,9.290786584961536],[77.456615499575776,9.29078873768608],[77.456322029955913,9.290797090622934],[77.456191122282178,9.29083608890053],[77.455656620583909,9.290921638293753],[77.455373245137466,9.29087862407917],[77.454978505352855,9.291032886723427],[77.454295605431241,9.291146880447931],[77.454092288798989,9.29127199719994],[77.453663815021855,9.291536645458205],[77.453502817678157,9.291660277369587],[77.453201341023401,9.291994375174193],[77.453174713780797,9.292215722795493],[77.453125067243377,9.292644171816749],[77.452984390890649,9.293229500669479],[77.452908104318752,9.293649182541676],[77.45287439123102,9.293675411577448],[77.452543684971815,9.293777374996134],[77.452448409693957,9.293743529715609],[77.451980021467833,9.293577138856646],[77.451282005184709,9.293317952549874],[77.45117342858903,9.293277635850586],[77.450968625698991,9.293173083549446],[77.450914793633032,9.293137113319579],[77.450387559909146,9.292784828686687],[77.449909714663178,9.292745554429754],[77.44977437844976,9.292734431627833],[77.449394323515151,9.292704615710456],[77.449378762548307,9.292699756140134],[77.449318818025958,9.292698440831293],[77.448549362817445,9.292644131676271],[77.448555107996313,9.292575741184868],[77.447987093272062,9.292425439730733],[77.447645897163611,9.292302360534414],[77.447506456136267,9.29225205903872],[77.447009494830311,9.292072790408701],[77.446895746729993,9.292357040232838],[77.446684456251575,9.292889044071288],[77.446286592482409,9.292908453297533],[77.44584878278954,9.292963242493355],[77.445735682085811,9.292977396071178],[77.444985659807429,9.292934316246852],[77.444576645254756,9.293130749173468],[77.444576579494083,9.293130781020011],[77.444291671169466,9.293273535628535],[77.444066646344908,9.293405523850316],[77.444037183114958,9.293409594425507],[77.443874296178919,9.29343210057136],[77.443088436518906,9.29354068253441],[77.44305109233953,9.293545842696192],[77.443036621275624,9.293478837371776],[77.442956128475601,9.29348559861991],[77.442834046649097,9.293031531641995],[77.442806029066617,9.293017927356358],[77.442756519410281,9.292993886886784],[77.442271283253731,9.292951082730397],[77.441275867823634,9.293020837341722],[77.441290146187285,9.293406661644813],[77.441170665565522,9.293427360518359],[77.441006639730873,9.292873278701547],[77.440969330331612,9.292816403754056],[77.440924033301528,9.2927473520955],[77.440920430570003,9.292742495038953],[77.440611387414393,9.292700878781496],[77.440423054857874,9.292684896464216],[77.44022815190128,9.29272151232402],[77.440082258361755,9.292710454830846],[77.43990271004661,9.292756038946289],[77.439355191752881,9.292728634672146],[77.439097330827948,9.292715726971633],[77.439169410319636,9.293191547212055],[77.439164914912936,9.293621614228478],[77.439159031130842,9.294089621369444],[77.439089391964913,9.294398226020226],[77.438997084286598,9.294582255059217],[77.438858939417557,9.29479896104419],[77.438685890487918,9.29485476128856],[77.438835172817861,9.293870621154337],[77.438790070795747,9.293706619964022],[77.438525091618828,9.293222815003167],[77.438248742026516,9.292739201728656],[77.438228736732739,9.292704191667241],[77.43776134269261,9.292782933176477],[77.436359182616215,9.293014741658782],[77.436253645096883,9.293032596079703],[77.435788712018336,9.292349405556706],[77.435541555168825,9.292007722213929],[77.435471684142954,9.292019872193801],[77.434949958546696,9.292110598435368],[77.434690918906242,9.292158880225745],[77.433949742596639,9.292298806595024],[77.433941415601765,9.292376499785856],[77.43392981647203,9.292484717225225],[77.433755933339071,9.29253391263728],[77.433755397357899,9.292598388718362],[77.433230577189221,9.292637307744434],[77.43305372408382,9.292650423348388],[77.432406011784678,9.292860938559492],[77.432092845195001,9.292868182522986],[77.431066955526234,9.293449097864684],[77.430912998069445,9.293536277577541],[77.430904774716907,9.293540934198967],[77.43053301209352,9.293728903601954],[77.430477047995609,9.293732482074104],[77.43002207336167,9.293998744740913],[77.429951260539298,9.294023886399138],[77.429716759886745,9.294107145379261],[77.429148700961221,9.294548519191816],[77.429046088302783,9.29462824623956],[77.42902219459836,9.29481326179179],[77.429004957830458,9.294946730746352],[77.428324520819018,9.295177769791273],[77.428315629658854,9.295180788245512],[77.428219459884403,9.295382981692061],[77.428146428139627,9.295536529164989],[77.427836824715683,9.295632078043486],[77.427836264014857,9.295632250282074],[77.427766201153531,9.295846421736409],[77.427712027420156,9.296012027259586],[77.427396258580771,9.296073752042247],[77.427295554410478,9.296085385262584],[77.427279096810267,9.296289096321923],[77.426770929726956,9.296488472652689],[77.426318394022019,9.296588704004094],[77.426284895682571,9.296991386275451],[77.426283784749614,9.297004747652524],[77.426283206075581,9.297011699856082],[77.425994740329102,9.297131883096352],[77.425950323714673,9.297066863981868],[77.425888326770462,9.297005882990407],[77.42576432327445,9.296942936150733],[77.425246423625367,9.297030337028739],[77.425182141951254,9.297041185394855],[77.425162884088081,9.297116937117424],[77.425140949850686,9.297203218617815],[77.424873413110404,9.297194087363598],[77.424825964181196,9.297265073894609],[77.42453227721073,9.297507008342247],[77.424125608660205,9.297726843214123],[77.423852700754054,9.297775080652336],[77.423461368227279,9.297710151247212],[77.423264572879631,9.297441360557112],[77.423245497994614,9.297415307217737],[77.423074706001771,9.297206547223318],[77.422516062762568,9.297206309749511],[77.422237607887581,9.297206546510845],[77.421842543014264,9.29720688129834],[77.421322991865978,9.297027648327646],[77.42128711360229,9.296926768307349],[77.421140085576795,9.296914387552405],[77.421046885201321,9.296906540161874],[77.421018968449488,9.296712491405806],[77.420649683413004,9.296577226146614],[77.420219225760235,9.296564198219199],[77.420242637770087,9.296812109359989],[77.420202587206347,9.297472632156937],[77.420112862755232,9.297501002202788],[77.420162823544331,9.29783499202445],[77.420186330586148,9.298220634160046],[77.420235257442641,9.299117756933047],[77.419972873412107,9.299284871064634],[77.419930151037562,9.299241219077233],[77.419690635962823,9.299262503307597],[77.419901394910354,9.299697555325958],[77.419905199686966,9.300087458488186],[77.419430855534856,9.300236877562574],[77.418506823159831,9.300538591893648],[77.418521348738096,9.300878174945598],[77.418638221421432,9.301187136692885],[77.418704205522744,9.301357504313527],[77.418681364172215,9.301724967140439],[77.418661031111441,9.302096981833682],[77.418732439142204,9.302618071207997],[77.418285099734788,9.302691792787964],[77.418206342561049,9.302409002690366],[77.418026308844887,9.302431783810958],[77.418250924405129,9.303221289441737],[77.417987990164761,9.303280524864217],[77.418000936209438,9.303637444758971],[77.417713885558925,9.303646724294206],[77.417740391397601,9.303816354815142],[77.418757271471506,9.303870484974677],[77.41875232814732,9.304560235355542],[77.418742081871216,9.305027762010933],[77.418740100311354,9.305295501617845],[77.418729297369268,9.30585606972665],[77.418095851205834,9.305910112446883],[77.418104358114604,9.305932521719551],[77.41830256404738,9.30643008143463],[77.418441506475602,9.306825603985928],[77.418500042133843,9.306965651181082],[77.418671176177895,9.307436854020926],[77.418768200937038,9.307677296880241],[77.419687420774864,9.307679289723623],[77.419931933446847,9.307541397659698],[77.420237616919678,9.307348096279878],[77.420646091314012,9.307053822539737],[77.420758635030737,9.306970946949214],[77.420766091103815,9.306968402818654],[77.421038939346985,9.3068751449596],[77.421568893755577,9.306719505348481],[77.421834020348598,9.306670391575775],[77.422177456175476,9.306712496102508],[77.422217320518484,9.306606203097228],[77.422726496210231,9.306497382919366],[77.422752603282618,9.306954832936302],[77.422754034121837,9.306979900351493],[77.423210035540933,9.307342192186407],[77.423423195767,9.307526644053613],[77.423791459357517,9.307860464589135],[77.424147584266933,9.308220028730423],[77.424466429946975,9.308483726960402],[77.424701867020502,9.308594464425113],[77.424794529184652,9.308636521467788],[77.42480748322204,9.308698115111568],[77.42547183642138,9.308644651934801],[77.425875002304878,9.308548335937989],[77.426032161558737,9.308585690800312],[77.426475444491089,9.308687233292616],[77.426680973145224,9.308666908434574],[77.427003300363026,9.308720363383149],[77.427002016917498,9.30901971358279],[77.427080562086189,9.309064506707941],[77.427061058398962,9.309272189925526],[77.426861443864539,9.309263971200032],[77.426837747411739,9.309395223197653],[77.426753086481312,9.309903869851007],[77.426848441860542,9.310302558769235],[77.426925149724781,9.310644729386354],[77.426985659121712,9.310946061094233],[77.42679247222685,9.31140911419992],[77.426818920603949,9.311512929941443],[77.427287826943441,9.311505709486058],[77.427877335349436,9.311510295720838],[77.428670385565397,9.311426847731719],[77.429361364347841,9.311334678551523],[77.429383573657944,9.311757785998044],[77.429390009979144,9.312130785921454],[77.430050222615691,9.312138727834636],[77.430588023946527,9.312130354197485],[77.430657072545202,9.312835905812205],[77.430702050713805,9.313253691531033],[77.431189777366242,9.31325767164744],[77.431309634919231,9.314007060307734],[77.431377578290082,9.314363753357739],[77.431310854565069,9.314662392738668],[77.431327165727296,9.3149839395317],[77.431629446896196,9.314971594486751],[77.432057012030242,9.314951089659134],[77.432157289209371,9.315200070070818],[77.432592115154904,9.315137441408631],[77.432662970168508,9.315255169036091],[77.432910735716874,9.31522806429423],[77.432956578044653,9.315564924181555],[77.433154310480731,9.315545508248935],[77.433195865790339,9.315738029003601],[77.433295424809415,9.31620318932443],[77.43340952495663,9.316822943041652],[77.43328567181473,9.31687216485286],[77.433534055044376,9.317807710408802],[77.434025899276605,9.317476105869183],[77.434023861925795,9.317483665549911],[77.434049718949552,9.317701380376416],[77.434083623552652,9.317946480838293],[77.433474423625995,9.318122988473791],[77.432729849489078,9.318337669355648],[77.432167010212581,9.318550353782149],[77.43186752096878,9.318628748540714],[77.431493927244418,9.318723359174918],[77.431192175512933,9.318806229310184],[77.430634237226002,9.318940793735253],[77.43028142000864,9.3190316082013],[77.429594548915333,9.319206216993923],[77.429124199933284,9.319324533010079],[77.428740205973128,9.319416978273566],[77.428615516233279,9.319453086882168],[77.428574255058933,9.319607559112168],[77.428280673456584,9.31980345881964],[77.427775508961759,9.319984116407483],[77.427731530838727,9.320706894139811],[77.427701635259453,9.321128673318674],[77.427701150437954,9.321136030016246],[77.427641204311143,9.322058918106562],[77.427625928164559,9.32222662985461],[77.42773447685336,9.32285723350026],[77.427785722915502,9.323093325658709],[77.42802926416519,9.323095139207748],[77.42806532083155,9.323449726126702],[77.428095192963511,9.323827795501035],[77.428274648905685,9.323856233080962],[77.428318683998512,9.324198708587019],[77.428355229571778,9.324668727501857],[77.428465781967901,9.324688135445653],[77.42851106821864,9.325148754526877],[77.42860417239126,9.325863565553513],[77.428563323690099,9.325938792311902],[77.428662813094007,9.32670490877806],[77.429272014194211,9.326598599072303],[77.4300959180202,9.326486027434212],[77.430285282942251,9.326437706179734],[77.430773498489145,9.32635444005796]]]]}},
{"type":"Feature","properties":{"vill_name":"Ramanathapuram","dist_name":"Tenkasi","taluk_name":"Sivagiri","village_co":"7","lgddcode":733.0,"lgdtcode":5870.0,"lgdvcode":642624.0},"geometry":{"type":"MultiPolygon","coordinates":[[[[77.424825964181196,9.297265073894609],[77.424873413110404,9.297194087363598],[77.425140949850686,9.297203218617815],[77.425162884088081,9.297116937117424],[77.425182141951254,9.297041185394855],[77.425246423625367,9.297030337028739],[77.42576432327445,9.296942936150733],[77.425888326770462,9.297005882990407],[77.425950323714673,9.297066863981868],[77.425994740329102,9.297131883096352],[77.426283206075581,9.297011699856082],[77.426283784749614,9.297004747652524],[77.426284895682571,9.296991386275451],[77.426318394022019,9.296588704004094],[77.426770929726956,9.296488472652689],[77.427279096810267,9.296289096321923],[77.427295554410478,9.296085385262584],[77.427396258580771,9.296073752042247],[77.427712027420156,9.296012027259586],[77.427766201153531,9.295846421736409],[77.427836264014857,9.295632250282074],[77.427836824715683,9.295632078043486],[77.428146428139627,9.295536529164989],[77.428219459884403,9.295382981692061],[77.428315629658854,9.295180788245512],[77.428324520819018,9.295177769791273],[77.429004957830458,9.294946730746352],[77.42902219459836,9.29481326179179],[77.429046088302783,9.29462824623956],[77.429148700961221,9.294548519191816],[77.429716759886745,9.294107145379261],[77.429951260539298,9.294023886399138],[77.43002207336167,9.293998744740913],[77.430477047995609,9.293732482074104],[77.43053301209352,9.293728903601954],[77.430904774716907,9.293540934198967],[77.430912998069445,9.293536277577541],[77.431066955526234,9.293449097864684],[77.432092845195001,9.292868182522986],[77.432406011784678,9.292860938559492],[77.43305372408382,9.292650423348388],[77.433230577189221,9.292637307744434],[77.433755397357899,9.292598388718362],[77.433755933339071,9.29253391263728],[77.43392981647203,9.292484717225225],[77.433941415601765,9.292376499785856],[77.433949742596639,9.292298806595024],[77.434690918906242,9.292158880225745],[77.434949958546696,9.292110598435368],[77.435471684142954,9.292019872193801],[77.435541555168825,9.292007722213929],[77.435788712018336,9.292349405556706],[77.436253645096883,9.293032596079703],[77.436359182616215,9.293014741658782],[77.43776134269261,9.292782933176477],[77.438228736732739,9.292704191667241],[77.438248742026516,9.292739201728656],[77.438525091618828,9.293222815003167],[77.438790070795747,9.293706619964022],[77.438835172817861,9.293870621154337],[77.438685890487918,9.29485476128856],[77.438858939417557,9.29479896104419],[77.438997084286598,9.294582255059217],[77.439089391964913,9.294398226020226],[77.439159031130842,9.294089621369444],[77.439164914912936,9.293621614228478],[77.439169410319636,9.293191547212055],[77.439097330827948,9.292715726971633],[77.439355191752881,9.292728634672146],[77.43990271004661,9.292756038946289],[77.440082258361755,9.292710454830846],[77.44022815190128,9.29272151232402],[77.440423054857874,9.292684896464216],[77.440611387414393,9.292700878781496],[77.440920430570003,9.292742495038953],[77.440924033301528,9.2927473520955],[77.440969330331612,9.292816403754056],[77.441006639730873,9.292873278701547],[77.441170665565522,9.293427360518359],[77.441290146187285,9.293406661644813],[77.441275867823634,9.293020837341722],[77.442271283253731,9.292951082730397],[77.442756519410281,9.292993886886784],[77.442806029066617,9.293017927356358],[77.442834046649097,9.293031531641995],[77.442956128475601,9.29348559861991],[77.443036621275624,9.293478837371776],[77.44305109233953,9.293545842696192],[77.443088436518906,9.29354068253441],[77.443874296178919,9.29343210057136],[77.444037183114958,9.293409594425507],[77.444066646344908,9.293405523850316],[77.444291671169466,9.293273535628535],[77.444576579494083,9.293130781020011],[77.444576645254756,9.293130749173468],[77.444985659807429,9.292934316246852],[77.445735682085811,9.292977396071178],[77.44584878278954,9.292963242493355],[77.446286592482409,9.292908453297533],[77.446684456251575,9.292889044071288],[77.446895746729993,9.292357040232838],[77.447009494830311,9.292072790408701],[77.447506456136267,9.29225205903872],[77.447645897163611,9.292302360534414],[77.447987093272062,9.292425439730733],[77.448555107996313,9.292575741184868],[77.448549362817445,9.292644131676271],[77.449318818025958,9.292698440831293],[77.449378762548307,9.292699756140134],[77.449050038233977,9.292597081692261],[77.448793815836964,9.292518412925745],[77.44866219705078,9.292483432261703],[77.448689002988402,9.29130657185757],[77.448661719650673,9.291306646973522],[77.44818138821411,9.291307981313796],[77.447666492099188,9.291241445925454],[77.44719166873891,9.291047999119204],[77.446850683331817,9.290951312621655],[77.446859776855959,9.290904006121233],[77.446944223068996,9.290464749021179],[77.447053060213847,9.290435844194118],[77.447059209568565,9.290255804145318],[77.446989594836282,9.290256510360493],[77.446461204013914,9.290261871289562],[77.446320766626215,9.290263295815967],[77.446268694345122,9.290206609132511],[77.446145693418089,9.289342673895412],[77.446571592062426,9.289254133449367],[77.446571776403118,9.289232983659558],[77.446576510025949,9.288689122175123],[77.446531121120898,9.28801484724173],[77.44672897292017,9.28791553790583],[77.447102245269065,9.287849472846537],[77.447505569379913,9.287756178084766],[77.447930402794498,9.287657908248711],[77.448006416658885,9.287640322711599],[77.447411827717843,9.28700195917161],[77.447333821730467,9.2865642290688],[77.447346820743974,9.286442889068145],[77.447362323614243,9.286373637833474],[77.447586138286738,9.285640875218675],[77.447920400908984,9.285373715966164],[77.448082811228289,9.285263098429617],[77.448652054315673,9.285125530880599],[77.448944295557069,9.284951623399104],[77.44894327817677,9.284946520372557],[77.448912402227734,9.284791634823428],[77.448973146154103,9.284523419986163],[77.448993368970577,9.284396560256537],[77.44910472660986,9.283698018121383],[77.4491226190069,9.283468246866082],[77.449152733884262,9.283081514182015],[77.449145140463202,9.282992670748584],[77.449126049610214,9.282769302997613],[77.4487833194014,9.282733705946304],[77.44877976956127,9.282714032121669],[77.448749793884261,9.282291229527379],[77.448873226362082,9.282265289667567],[77.448815814466755,9.282176521459871],[77.448751522562759,9.282077114415726],[77.448626007472797,9.281883045464262],[77.448555274121659,9.281773679270273],[77.448519463117492,9.281669384002756],[77.448500858445698,9.281603328882619],[77.448320958839986,9.280806365113943],[77.448272187941058,9.280590303387877],[77.448183432295636,9.280197112811427],[77.448181224230538,9.2801873293805],[77.44817134515759,9.280164773976241],[77.447986985833396,9.279743869999622],[77.447961151906256,9.279684888988298],[77.447903034260094,9.279552200763016],[77.447723577553802,9.279534820627239],[77.447686252432149,9.279548065131239],[77.447203831358735,9.279719246416883],[77.44712220333308,9.279765988720126],[77.447000692294878,9.279835568780777],[77.446954003042961,9.279862727543653],[77.446632354067162,9.28004543721794],[77.446304136556321,9.280238609993141],[77.445973391961516,9.280433065395441],[77.445807340798524,9.280506889210148],[77.445471098985891,9.28061943646374],[77.445421437597503,9.280666065687512],[77.445334912576072,9.28080227290288],[77.444808557757767,9.281002569605976],[77.444785155564645,9.280925120888007],[77.444764370778145,9.280856328414684],[77.444672473915375,9.280350601368463],[77.444657065959746,9.279993011589044],[77.44457379124114,9.27959432736246],[77.444400049440546,9.279547546632147],[77.444492433960946,9.278805843060045],[77.4446779942148,9.278737159544171],[77.444700747841736,9.278150555699856],[77.44467308630702,9.277405035298658],[77.444604381622383,9.277114226883731],[77.444595730117442,9.27703503178742],[77.44457354323238,9.276983700690664],[77.444400997029575,9.276584485022308],[77.444399094691235,9.276580083738301],[77.444398758874414,9.276579588352368],[77.444152403702049,9.276216101015255],[77.444139503934579,9.276197066415563],[77.444136476969732,9.276195950185787],[77.443966745388209,9.276133335258063],[77.443345349276981,9.275904094429309],[77.442605348816471,9.275891605871053],[77.442459875635748,9.27588915100899],[77.442390429358355,9.275887979334897],[77.442243928574015,9.276152056244637],[77.442163100785081,9.276132619761551],[77.442131343424748,9.276123268032377],[77.442192895074072,9.275783083597721],[77.442188731757625,9.275779568051755],[77.442193353331561,9.275763875000305],[77.442124496070676,9.275725313864486],[77.442088107696506,9.275694579420732],[77.442068963953545,9.275543621376016],[77.442061941868218,9.275544120247401],[77.442060942119397,9.275529620750939],[77.441902350662531,9.275491094295898],[77.441874550562275,9.275484338785871],[77.441791358401602,9.275050518914034],[77.441774324364872,9.275050691490012],[77.441410557083159,9.275124100835958],[77.441380322971796,9.275054679046352],[77.441329057284221,9.275055197791858],[77.440914045211059,9.274136734289826],[77.440785974549001,9.273644916911834],[77.440718180193358,9.273687785335053],[77.440711982839019,9.273780744033861],[77.440688769695683,9.273787862816675],[77.440689641608415,9.2738107943601],[77.440603191133036,9.273857064810718],[77.440589515008,9.273977765214877],[77.440574102846824,9.273989239280693],[77.440516166426264,9.274032373729739],[77.440516337638982,9.274034229847882],[77.440546268314051,9.27435785125518],[77.439846885029311,9.274614655087415],[77.439866153030266,9.27489897919618],[77.439823064186086,9.27492001924438],[77.439808364208091,9.274927198364825],[77.439564233257471,9.275046408994641],[77.439128274134589,9.275203155382675],[77.439068222564956,9.275221984093992],[77.439169308934538,9.275454055908902],[77.439029940788473,9.275531372194106],[77.438952458985909,9.275422738275633],[77.438794599871756,9.275445518118344],[77.438747253336572,9.275465814061494],[77.438720469283552,9.275596322743336],[77.438639107721499,9.275638712258099],[77.438615555143954,9.275613824005266],[77.438467241902273,9.275657966718333],[77.438465178928851,9.27566840000517],[77.438442942366223,9.275780833280555],[77.437970221409586,9.275783338803357],[77.437762724419116,9.275913151877148],[77.437713884326797,9.275761813379503],[77.437670243795367,9.275738665916705],[77.437492592820831,9.275644440013036],[77.437449600425523,9.275374144633171],[77.43681551944006,9.275426551879374],[77.436313345093168,9.27555305737914],[77.436236473901673,9.275575755242919],[77.436216692812039,9.275705407833625],[77.436264839427764,9.276264245278059],[77.436300870102855,9.27649118778125],[77.436492441084809,9.276886524719071],[77.436546464229778,9.276997871880369],[77.436677687306513,9.277268335680962],[77.436894146678227,9.277700588321284],[77.437121067772622,9.278204895227924],[77.437180465826842,9.278419952296932],[77.437224727663988,9.278580209415317],[77.437382771872635,9.278918854192492],[77.437550734715941,9.279295956339197],[77.437497602105509,9.279547534616324],[77.437421822620109,9.279906343266642],[77.437327034340711,9.279906307920175],[77.437245021338512,9.279505607133713],[77.437160707535966,9.279239847926801],[77.43715629399793,9.279225934682188],[77.437144494291488,9.279188740607557],[77.436879056455211,9.279059164735811],[77.436749774255972,9.278981395885996],[77.43672919530529,9.278969016908057],[77.43671404091134,9.278886979394047],[77.435845371839022,9.278959449777933],[77.43584047505334,9.278848163782094],[77.435806878248044,9.278084597909094],[77.435794907364567,9.277984520345639],[77.435795165930401,9.277964696875621],[77.435719376235539,9.277128230409],[77.435457878803618,9.276095166738013],[77.435299811187562,9.27567546091567],[77.435273928851217,9.275467681148555],[77.435178915741858,9.274734944893691],[77.435067097789172,9.274680965526443],[77.434953581413808,9.274051525760962],[77.435223468030301,9.273973567365836],[77.435213357288504,9.273888604571939],[77.43518655593904,9.273663377619325],[77.434800511538555,9.272633560747082],[77.434689227367798,9.272320719918238],[77.434669251335251,9.271970396243168],[77.434606840878288,9.271971086517375],[77.433455227553011,9.272012812600556],[77.432830011284636,9.272121119299284],[77.432668200329317,9.27276104330809],[77.432667635997305,9.27276121914368],[77.43266756690889,9.272761580486158],[77.43247653422705,9.272864093574093],[77.432503191890333,9.273634980129348],[77.432429742666216,9.273674864113984],[77.432430084608654,9.273730642098361],[77.431408449208035,9.274214099979782],[77.431414233356662,9.27463379913064],[77.431265393000814,9.274751387849124],[77.431192518203687,9.275384438022444],[77.431163802093522,9.276242177262029],[77.430620513544071,9.27623308716614],[77.430237363702346,9.276618984712023],[77.430175707448157,9.276750157936545],[77.429991094801125,9.276912517509263],[77.430009680907716,9.276971148176752],[77.430137023530364,9.277372867326864],[77.430162133817646,9.277452079781053],[77.430032462278774,9.277498676051735],[77.428924910436919,9.27789896381733],[77.42896633740115,9.278297328845019],[77.428998236384402,9.27860406904116],[77.429005079232624,9.278648000911781],[77.429111632806467,9.279332078573631],[77.429162567161256,9.27965908059358],[77.429169857796097,9.280194129884476],[77.429170552692838,9.280245120842443],[77.429138966946724,9.28030203388381],[77.429126928215879,9.280406315546491],[77.429038294080343,9.280568038888612],[77.429091844719593,9.281178576706019],[77.429098993023388,9.281260077954231],[77.429104258459233,9.281320118421595],[77.429170115789233,9.282070980858309],[77.429250252467313,9.282778785348736],[77.429248160811923,9.282790845960774],[77.429229520584258,9.282898296387327],[77.429389793416945,9.283319388658461],[77.429394283286243,9.283654969094592],[77.429168007221193,9.28383185897853],[77.429148183863489,9.283847355335253],[77.428600120569527,9.283938157563787],[77.428593186093778,9.284114793280688],[77.428602267639164,9.284329838918579],[77.428648828931372,9.284531951023528],[77.428667950023126,9.284691174706632],[77.428725048341036,9.285166646574107],[77.428809280603772,9.285827274571055],[77.428812974072798,9.285856236931334],[77.428812030066894,9.285866787758806],[77.428817652597587,9.285947606563782],[77.428762632278307,9.286499267913852],[77.428762127402024,9.286504333995405],[77.428750031810267,9.286625596955695],[77.427551067625487,9.286820498966986],[77.427556052779579,9.287666604475579],[77.42754635707422,9.288733230567351],[77.426700746621123,9.288850303932477],[77.42667084963341,9.289034404878251],[77.425648204822181,9.289091558558624],[77.425479585939613,9.289003874605649],[77.42540455529587,9.28925759874187],[77.424978394849319,9.289200622353178],[77.424642961589342,9.28955507793375],[77.424497599458931,9.289718179268153],[77.424250125764203,9.28979533582058],[77.423206674709533,9.289807838335934],[77.422573495160549,9.289789172907906],[77.420650257862491,9.289815233421185],[77.419202073139516,9.289830576771122],[77.418547853761098,9.289910577751192],[77.417330019578685,9.290003862482635],[77.416193961797717,9.290107068959189],[77.416209989152961,9.290532263251254],[77.416210015544067,9.290539224156721],[77.416241159136021,9.293254636276327],[77.416245426629203,9.293771220928196],[77.414617482953162,9.293736748326014],[77.414597784955447,9.294143345301608],[77.41457832698373,9.294573551215391],[77.414715889945057,9.295429635193889],[77.414770984132886,9.295775159106139],[77.414844200846673,9.296346443799973],[77.415115046114437,9.29633868073066],[77.415146324813648,9.296358530093963],[77.415335747550657,9.296355946523139],[77.415417679895171,9.296420632843263],[77.415510188062854,9.296493671697769],[77.416143640699119,9.296213794129397],[77.416166483029713,9.296217179914175],[77.41616100504541,9.296204360979411],[77.416217633886362,9.296173591888351],[77.416588512182059,9.295964899415733],[77.416726077039272,9.295953969274779],[77.41702713108063,9.295930048183243],[77.417037663869166,9.295973956421896],[77.417210020181528,9.295952724334098],[77.417241702688628,9.296125017565878],[77.417461428153999,9.296141154541704],[77.417702167126549,9.296158834131155],[77.418517249271815,9.296184519693329],[77.418576909721622,9.296191279665081],[77.418906074118169,9.29619222282356],[77.41891268750058,9.296229319762315],[77.419079774857607,9.296248249496799],[77.419126964754042,9.29625359584349],[77.419177417172989,9.296396053915636],[77.419216470219709,9.296397903219505],[77.419673886861617,9.296426366558252],[77.420209355503246,9.296459685497984],[77.420219225760235,9.296564198219199],[77.420649683413004,9.296577226146614],[77.421018968449488,9.296712491405806],[77.421046885201321,9.296906540161874],[77.421140085576795,9.296914387552405],[77.42128711360229,9.296926768307349],[77.421322991865978,9.297027648327646],[77.421842543014264,9.29720688129834],[77.422237607887581,9.297206546510845],[77.422516062762568,9.297206309749511],[77.423074706001771,9.297206547223318],[77.423245497994614,9.297415307217737],[77.423264572879631,9.297441360557112],[77.423461368227279,9.297710151247212],[77.423852700754054,9.297775080652336],[77.424125608660205,9.297726843214123],[77.42453227721073,9.297507008342247],[77.424825964181196,9.297265073894609]]]]}},
{"type":"Feature","properties":{"vill_name":"Subramaniyapuram","dist_name":"Tenkasi","taluk_name":"Sivagiri","village_co":"12","lgddcode":733.0,"lgdtcode":5870.0,"lgdvcode":642629.0},"geometry":{"type":"MultiPolygon","coordinates":[[[[77.392040468314846,9.215624425249121],[77.392069882033653,9.215627045045478],[77.392210350004476,9.215639556861316],[77.392312366682177,9.21582052017555],[77.392338165157142,9.215889373630677],[77.392339687605045,9.215893437],[77.392353520585999,9.215930354405188],[77.392367986359517,9.216067991218463],[77.392504462047427,9.216178670772473],[77.39253240663524,9.216172433916928],[77.392724018088174,9.216129667397556],[77.393006899996834,9.21606653041674],[77.393160531006217,9.216032241678963],[77.393197505170292,9.215980790761128],[77.39326243679325,9.215928183024243],[77.394265474319781,9.216389420009865],[77.394200980341012,9.216658599504584],[77.394430224760541,9.217052170552998],[77.394583461080444,9.217700888375647],[77.394584341823119,9.217704617599978],[77.394645199758074,9.217962256350949],[77.395034935096263,9.218246725317432],[77.395043077242661,9.218267757990231],[77.395043561688368,9.21827337909852],[77.395043755509647,9.218279970498996],[77.395044240182699,9.218286463703736],[77.39505608927233,9.218424701117378],[77.394993718629493,9.218480081973734],[77.395348178937866,9.218768297618158],[77.395402553293721,9.218812509874271],[77.395413602924847,9.218809318270758],[77.395797954291908,9.218698287627989],[77.395856826730537,9.218681280715936],[77.395864450050439,9.218680131159383],[77.395865985266354,9.218679900089938],[77.395923459940036,9.218670883284968],[77.395934839122219,9.218689191294466],[77.396077824526373,9.218919248250385],[77.396088176480063,9.218935903787115],[77.396118434868953,9.218984587662973],[77.396226236857643,9.219158034534217],[77.396225112667864,9.219171206707195],[77.396222210408354,9.219205211893625],[77.396213984144339,9.219301605178323],[77.396187414801744,9.219612931365498],[77.396036145074078,9.220143908142509],[77.3959195917638,9.220187584608881],[77.39570874623233,9.220471501112549],[77.395710262815797,9.220559865112868],[77.395710869581023,9.22059521540884],[77.395770436447663,9.220867479315398],[77.396052053880425,9.221349389642347],[77.396181950058306,9.221560733571165],[77.396245923488905,9.221740037250218],[77.396250962032738,9.221754158663144],[77.3970948844254,9.222154654004692],[77.39762578030286,9.22239864204267],[77.397829817839153,9.222447244428377],[77.398125896033278,9.222858703963608],[77.398340564041433,9.222861959874729],[77.398269613895465,9.223150552876167],[77.397632104376342,9.223407231663426],[77.39724408277641,9.223423420089132],[77.397121376120282,9.223626818034452],[77.397119425107007,9.223630052128211],[77.397036131074003,9.224266523008554],[77.397383457710006,9.224708039358731],[77.397867511951247,9.225952385239088],[77.397961870858111,9.226161208242752],[77.398008177270796,9.226263681729751],[77.398448895638836,9.226964707014456],[77.39919514709598,9.227176867747048],[77.39932967588642,9.227110960207135],[77.39969720875807,9.227083821458136],[77.399774747922365,9.226941151194724],[77.399934864621997,9.226942702873748],[77.400220206549889,9.226473787266238],[77.400243662426547,9.226318711135622],[77.400476373404572,9.226026068890302],[77.400503990281365,9.2259913398004],[77.400620023800826,9.225678710276815],[77.400876157204337,9.225681330842715],[77.401111803774228,9.225761868394544],[77.40118492139888,9.225877846280312],[77.401254016677456,9.22598744264026],[77.401259949217845,9.225996853223386],[77.401782775603209,9.22648972482809],[77.401871401870068,9.226573272580556],[77.402037624778842,9.226770046214206],[77.402089802607577,9.226908420333659],[77.402249052828637,9.227167948760194],[77.402649066765079,9.227654931487315],[77.403109205808974,9.227856915846909],[77.403418319747388,9.228096946093281],[77.403418165820099,9.228098593961159],[77.40340768058249,9.228211096579834],[77.403477429871273,9.228265825687473],[77.403446796031744,9.228595669818198],[77.40344063992255,9.228658348917394],[77.403333518896474,9.228826877204725],[77.403251535785941,9.228955854720391],[77.402881804433406,9.229252064595396],[77.402886399247649,9.229527067101428],[77.403190032268029,9.229740564091395],[77.403185082789804,9.229889375698875],[77.403259666190252,9.229913412260412],[77.403718060066453,9.230233153917425],[77.404185409609283,9.230381056269232],[77.404439413740462,9.230375893776257],[77.404637502015461,9.230371867529342],[77.404924168439521,9.230388127439612],[77.405006173732644,9.230408272945141],[77.405162683199165,9.230464156868299],[77.405289978370575,9.230504406992171],[77.405358804828609,9.230410364548455],[77.405504763953331,9.230541757506321],[77.405902274274283,9.231186155440453],[77.406033614304704,9.23152271204893],[77.406275372197442,9.231687289421933],[77.406453129651865,9.231783014145446],[77.406664034691545,9.23197661901292],[77.406810799842916,9.232111344927848],[77.40681001380598,9.232169235410721],[77.406829715701946,9.23217480427742],[77.407342816857266,9.232307757393841],[77.407634121656415,9.232386507980637],[77.407695801176118,9.23240318335025],[77.407773658417625,9.232403055176526],[77.407757559329042,9.232337530403655],[77.407581101948253,9.231619352649471],[77.407445637041917,9.231066736323053],[77.407216751113282,9.230223338566191],[77.407177980808285,9.230085276301287],[77.407161590088862,9.229989454297851],[77.407296833737618,9.229953424419403],[77.407702542045982,9.229901085737877],[77.408177851883039,9.229525088953267],[77.408756912730084,9.228944931908591],[77.40904979771814,9.228651354549617],[77.409712495882488,9.227987082862356],[77.409868155364776,9.227879221097282],[77.410050544665253,9.227752837286932],[77.410055238197558,9.227749583555909],[77.411295765071301,9.226518087354474],[77.411554067469453,9.226398235103982],[77.411588856660785,9.226382092033795],[77.411592555056487,9.226380375735522],[77.411590924497801,9.226357520300274],[77.411595128732046,9.226307527978802],[77.411610678734746,9.225882207851757],[77.411650186437868,9.225843541780165],[77.411625388765373,9.225502695736758],[77.411645667928411,9.22518118393365],[77.411653232980896,9.225095028128644],[77.411757461186056,9.225103431591467],[77.411957929094442,9.225122977199554],[77.412664927818497,9.225275655941157],[77.413877204227234,9.225293785125674],[77.414057048335295,9.225296474193023],[77.41419759215897,9.225158560460327],[77.414416580010155,9.2249436717113],[77.414776683011894,9.22462165010316],[77.414786487124303,9.224612884179606],[77.415118265517066,9.224340378195519],[77.415193179343689,9.224278847303317],[77.415216920053453,9.22425934790405],[77.415288452349799,9.2242044134602],[77.415920176776666,9.223719268582308],[77.416171620949925,9.223165014555898],[77.416266979387558,9.222954816710942],[77.416280726572495,9.222924511102921],[77.416490602091713,9.222535693309435],[77.416705917596289,9.222442784597435],[77.416704946191487,9.222308668903253],[77.417072461665157,9.22206061027158],[77.4171456739533,9.222011194556661],[77.417220018887804,9.221961012792201],[77.417207168672533,9.221729146033132],[77.417553118282015,9.221586239426008],[77.417553146487137,9.221585605934441],[77.417576412958269,9.221578934981034],[77.41757291976289,9.221140738388415],[77.417589054892559,9.220777723051064],[77.417658295852149,9.220689890859969],[77.417740505274793,9.22068187716539],[77.417750088727033,9.220573452169175],[77.417755188221378,9.220515755632414],[77.417797243397544,9.220039962149951],[77.418082645471216,9.219564429612605],[77.418166833944056,9.219424156504735],[77.418194862247432,9.219377456228003],[77.418129342321834,9.218773431431325],[77.418124671880079,9.218734625422131],[77.418086695561144,9.218419078496956],[77.417646858067187,9.21837817799844],[77.41743472077836,9.218166807042774],[77.417043490961589,9.218142254505473],[77.416542184347406,9.218058207938689],[77.416338201738284,9.217968288876603],[77.416334543744853,9.217930020252171],[77.416305350692184,9.217553405011689],[77.415988382370458,9.2172304903536],[77.415886907770272,9.21696864291212],[77.415871451814212,9.216928760742634],[77.415780249858969,9.216882128847946],[77.415635288096624,9.216808008567046],[77.415588525066113,9.216709327658938],[77.415532761933974,9.216591655834916],[77.415168754583092,9.21656346866974],[77.415077729557424,9.216277296385185],[77.414800748880936,9.216247449657821],[77.414717010098784,9.216162937083739],[77.414316470836496,9.216013547839143],[77.414159838655479,9.215910880528298],[77.413991499341947,9.215583004984587],[77.413860471087489,9.215327801034491],[77.41262905678569,9.215203259442578],[77.412597534340136,9.215098663704755],[77.412567789749772,9.215094903819562],[77.412476917422921,9.214881876801162],[77.412458022722291,9.214837586260069],[77.412228722289228,9.214748942700886],[77.412215652546209,9.21474389202379],[77.412182102982626,9.214674998285451],[77.411869010292563,9.214629004927865],[77.411695142687435,9.214580557248079],[77.411410280222199,9.214501184141698],[77.411345332236507,9.21441751325653],[77.411292236083852,9.214348723293011],[77.411282448954367,9.214336155193875],[77.411106253103938,9.214109875866685],[77.411081977550566,9.214097326597695],[77.410992478146653,9.214051063965389],[77.410774719560564,9.213938503230533],[77.410758934400917,9.213898803790109],[77.41075153270485,9.213880190844941],[77.410735287698387,9.213875104834401],[77.410579784744215,9.213680560576934],[77.410384899265708,9.213743122734163],[77.40986311631039,9.21391062731637],[77.409564487032995,9.213674872993629],[77.40938835652581,9.213369955365021],[77.40928110164387,9.213184275957394],[77.409253955310533,9.213137278603899],[77.40918089085369,9.213010789711459],[77.409191065604404,9.212879166075997],[77.408253398335802,9.212087746027931],[77.408099204998635,9.212104594696548],[77.407736886611971,9.211918034014579],[77.407514986022704,9.212075984900922],[77.406686393452915,9.211995467911695],[77.406548090592707,9.211975754136423],[77.406084700867567,9.211919273531318],[77.405405549410688,9.211708324365842],[77.404427147819774,9.211674087194744],[77.403302437740109,9.211750307115977],[77.403292395023598,9.211753056838338],[77.402246020636284,9.21203667757093],[77.401273968818487,9.212157341560465],[77.400907340649255,9.212141391956806],[77.400066286985719,9.211909577949775],[77.399975479673813,9.211848943074534],[77.399762351208466,9.211706631566413],[77.39932591465903,9.2116183696312],[77.398868821986838,9.211474724483953],[77.398428226386045,9.211439354338463],[77.398267871798595,9.211442445267984],[77.39764509550686,9.211438358284456],[77.397286602882588,9.211290271173475],[77.397247749989603,9.211020337494139],[77.397246163550022,9.21100931928974],[77.397188276940028,9.210068626049537],[77.39783657635995,9.209888758287832],[77.398004463805762,9.209842179374549],[77.397978678468988,9.209678626927472],[77.397963603788682,9.209583003957226],[77.398598579812699,9.209251266797532],[77.39871567754281,9.208851965309954],[77.39870427388702,9.208611179276989],[77.398761854054428,9.20855143721468],[77.398847525919592,9.207539230913447],[77.399032721088062,9.20679469522517],[77.39814157624329,9.206845449392191],[77.397964190445023,9.206847434325741],[77.397962312458304,9.20637039282029],[77.397954567089499,9.205477616404318],[77.397949803329382,9.204928523057964],[77.397711611542434,9.204736664414924],[77.397539728123022,9.204584319973581],[77.397393509424916,9.20445472177007],[77.397108194984952,9.204580940439206],[77.396575437914919,9.204564624064361],[77.396489789397705,9.204629168550381],[77.396198530966359,9.204617899540494],[77.396158528718729,9.204677330635818],[77.396010274158883,9.204634328072705],[77.395837002711119,9.204520497583507],[77.395748883654221,9.204539884831403],[77.395575953711315,9.204483603317334],[77.395090952194764,9.204338073618482],[77.394897568897349,9.20421140330849],[77.394774943789344,9.204194994070471],[77.394097327880431,9.204257894107498],[77.393636257230526,9.204234735242148],[77.393311858645916,9.204156885499863],[77.392950613136577,9.204145108801022],[77.392011017163554,9.204155955078507],[77.39174715481299,9.204284213781785],[77.391640243079991,9.204393319180454],[77.391474473779894,9.204524310334575],[77.391226929939663,9.20452804559441],[77.391173064544873,9.204591691897095],[77.390964618916229,9.204639945239613],[77.390919329015887,9.204643440893374],[77.390903724831162,9.204557003446023],[77.390689343472161,9.204389710395613],[77.390539669898956,9.204387824326748],[77.390472879914526,9.205060344360186],[77.39034348782738,9.205095219737272],[77.39028013570973,9.205656926469906],[77.390364081590448,9.206079794036709],[77.390432604766119,9.206138800198465],[77.390444356269654,9.206468539286519],[77.390423832682714,9.20700101450943],[77.390433549781562,9.207275992827],[77.390330597084812,9.207838261004747],[77.39025480288754,9.208494237861279],[77.389982836688716,9.208932815093958],[77.388886118274584,9.209249464414494],[77.388852552712052,9.209312286287938],[77.387773190832661,9.209150048622353],[77.388080904605374,9.209364467190989],[77.388442224053961,9.209596287672682],[77.388445856580077,9.209598619007453],[77.388791789151952,9.210602614175929],[77.388840455121951,9.210682599039382],[77.388847252435554,9.210693768792325],[77.389118722306378,9.211174384698726],[77.389129958733108,9.211311779265323],[77.3891393346276,9.211415183412919],[77.389385677149505,9.211607166487898],[77.389446038449506,9.212199024427218],[77.389608032220039,9.213101379613558],[77.389664179305441,9.213351229853362],[77.389847053099544,9.213609208800078],[77.390092149766645,9.214533439757229],[77.390363832891097,9.214900258905953],[77.390523831933137,9.215097945194527],[77.390621320157976,9.215466814849915],[77.390645011506507,9.215556456338096],[77.391180324042864,9.215544853976885],[77.391587941977619,9.215684722610751],[77.391762760602674,9.215599691128162],[77.391974681663626,9.215618566026279],[77.392040468314846,9.215624425249121]]]]}},
{"type":"Feature","properties":{"vill_name":"Ariyur","dist_name":"Tenkasi","taluk_name":"Sivagiri","village_co":"16","lgddcode":733.0,"lgdtcode":5870.0,"lgdvcode":642632.0},"geometry":{"type":"MultiPolygon","coordinates":[[[[77.492981802367808,9.212276655447209],[77.494354326141988,9.211706772208014],[77.494370068925861,9.211728655271699],[77.494512017637177,9.211925965663639],[77.494552871170029,9.211910899173015],[77.494976704654832,9.211754606341225],[77.495985596431524,9.210986340813951],[77.495957847761488,9.210898125198074],[77.49658819874962,9.210450418968385],[77.496591924833353,9.210317060436372],[77.496830895588133,9.210212276141164],[77.49706675957205,9.209711765896188],[77.497096169897674,9.209706883179951],[77.497510738000273,9.209638045831872],[77.497509342614407,9.209617360697756],[77.497469172429788,9.209021926968562],[77.497533657591518,9.208980940613987],[77.497574930681481,9.208954708099245],[77.499320924384875,9.207844987072859],[77.49932993555133,9.207829908028103],[77.499350638027011,9.207816867651497],[77.499385944503885,9.207767558599766],[77.499676029663007,9.207362414001993],[77.500237710297782,9.206819322027274],[77.500767805568032,9.207143307143273],[77.50090819433106,9.207229110043583],[77.500970065066895,9.207229046984287],[77.501193953259587,9.207228819899511],[77.501465872411714,9.207045346956455],[77.501720980319931,9.207018328149259],[77.501810637387919,9.207156733890839],[77.502201507033078,9.207760128686953],[77.502257097362389,9.207795010329594],[77.502594752493536,9.208006878078844],[77.503554980981534,9.207954072712043],[77.50359800398067,9.207907423881322],[77.504023447935666,9.207446120827736],[77.504262571016397,9.207186842327561],[77.504321693223858,9.207165245119779],[77.505613628426971,9.206693303162616],[77.505645605305844,9.206651590255721],[77.506625018345744,9.205373947980782],[77.507040690700336,9.204797863795386],[77.507043583609587,9.204798182593871],[77.507337123939863,9.202981437550761],[77.507327966806059,9.202725147974403],[77.507378143668319,9.202065489775912],[77.507395329151066,9.201839569893107],[77.507338987636899,9.201472729208868],[77.507275065362194,9.201056527847101],[77.507275061076299,9.201056501621599],[77.507275055088499,9.20105646364197],[77.507224516728641,9.200704119280299],[77.507226581678012,9.200577333227098],[77.507248057174749,9.200000812348417],[77.507247707248283,9.199958815342814],[77.507280178580899,9.199432978468158],[77.507245301006179,9.199072317762683],[77.507277486146805,9.198987996108823],[77.507285116939727,9.198944637262388],[77.507293139849978,9.198922142687678],[77.507352805941736,9.198579785609377],[77.507426935817904,9.198352416868488],[77.507849072562038,9.19717144492331],[77.507802379155109,9.19715160270675],[77.507713041814725,9.197113641408002],[77.507706074289487,9.197112965326314],[77.506452452083352,9.196991503967716],[77.505881633168741,9.197084301384749],[77.505944942332462,9.196933658126198],[77.505954882104689,9.196910005711961],[77.505039189279927,9.19677211361746],[77.504939584102658,9.196786817200469],[77.504030019564652,9.196808864429507],[77.503538483125027,9.196820777864088],[77.503373391548863,9.196864198509962],[77.503009674011338,9.196959860356678],[77.502081403084986,9.197177517011651],[77.501986495373075,9.197138762765926],[77.501928250176647,9.197138823913752],[77.501568777129592,9.197139200934295],[77.500983450911647,9.197170257690315],[77.500969738144335,9.197170984978644],[77.500921923052857,9.19631848277028],[77.500352719879757,9.196313647719544],[77.500350273800265,9.196292116267482],[77.500273702711468,9.195618189264509],[77.50033525315979,9.1952416804517],[77.500388544420673,9.194904435630143],[77.500419133737765,9.194539416889517],[77.500380367627372,9.194097890235035],[77.500364467618596,9.19391679707239],[77.499643151042818,9.193968485018985],[77.499631406513942,9.193880351173153],[77.499608877141355,9.193881440665148],[77.499380114788579,9.192328804469758],[77.499118846058479,9.191198266155588],[77.499102836198716,9.19112898476258],[77.498489705191957,9.191185191741182],[77.498486151828089,9.191185519289068],[77.498283627591647,9.190068944612769],[77.498238485309173,9.189638633026098],[77.498142607102537,9.188571758972405],[77.498070557789788,9.188120623883703],[77.49802614173197,9.187898888889487],[77.497787731794375,9.186549356994471],[77.496622068086467,9.187347614818181],[77.49584906386238,9.187945005627016],[77.49551246692964,9.188191145975953],[77.495509593427883,9.18819265837387],[77.495484423284154,9.188205911906854],[77.494714450129905,9.188611354624214],[77.494029000580966,9.188972287578848],[77.494021846019294,9.188976054370009],[77.493802354820062,9.189039811859134],[77.492482510030626,9.18942319646402],[77.49152981535542,9.189717721603291],[77.491034530586958,9.189831927132754],[77.490153882080946,9.190020068354912],[77.490153848392879,9.190020075250036],[77.490111388557537,9.190029146694171],[77.490077585071973,9.18995659637941],[77.489290285758329,9.190208330664754],[77.488818613645449,9.190354516728723],[77.488770003071465,9.190369582788732],[77.488476279725049,9.190403136335988],[77.488063265808833,9.190572851712499],[77.48735552052328,9.190877966205584],[77.487280592460607,9.190910268842117],[77.487215456784469,9.190938349310924],[77.486587971391046,9.191107700065356],[77.486406963665715,9.191219825731189],[77.486194551679503,9.191351402811314],[77.486180251106902,9.191360262391733],[77.48617845843097,9.191352612916491],[77.485891980070363,9.191551224116877],[77.485364919023695,9.191954559359917],[77.485190986618505,9.192241664197372],[77.484782650956134,9.192963240258202],[77.48476800776163,9.192989115574797],[77.484705289607376,9.193080664788239],[77.48437301833431,9.193512177704982],[77.484034285384737,9.194001378353525],[77.483944626510635,9.194130864142418],[77.4839444808606,9.194131074896704],[77.483944463348053,9.194131100006315],[77.483909304589744,9.194181876784619],[77.483738620297331,9.194372833235485],[77.483429719051941,9.194760652168865],[77.482936900200471,9.19555119401879],[77.482723175578528,9.195852305094464],[77.482638668830077,9.195991512956471],[77.482486924079083,9.196436191173156],[77.482451195252864,9.196540896013671],[77.48213691879927,9.196595922291566],[77.482067314884048,9.196640632796326],[77.482057278581934,9.196647079724158],[77.481535223199657,9.197418797937392],[77.481499238325711,9.197471992175561],[77.481460939315127,9.1975263564991],[77.481455231823475,9.197534459100105],[77.48113401401173,9.197936805596864],[77.480980942592055,9.198086502438784],[77.480840684467722,9.198242499960005],[77.480676187111513,9.198425455033796],[77.480665446632841,9.198437400715809],[77.479469371183654,9.199454341064907],[77.478881519357515,9.199954146479266],[77.478861502857228,9.199971164893999],[77.478652291381891,9.200064693692735],[77.478328185450792,9.200220605819471],[77.477926856373344,9.200413666608222],[77.477647737679646,9.200538428285824],[77.477581596663811,9.200558802010262],[77.477361188581199,9.200626693554911],[77.477316169341947,9.200649835226773],[77.477046128704032,9.200788647002138],[77.476879635374559,9.200874231711115],[77.476625985626256,9.200964745658624],[77.476522034816043,9.200990356051699],[77.475488627587211,9.201244958476392],[77.475021566833391,9.201519198349912],[77.474990025531156,9.201528971920029],[77.474604416722286,9.20164846188773],[77.474577968684628,9.20165665740701],[77.474570519269164,9.201658965336801],[77.474172558161172,9.201356916770152],[77.473535309723545,9.201301374081085],[77.473486939766886,9.201298525929504],[77.472827733521441,9.201259715588092],[77.472200118184361,9.201222763740189],[77.471719461008448,9.201111766818114],[77.471656816923698,9.201111490793602],[77.471399356868631,9.201110359772963],[77.470729378738483,9.20107712104048],[77.470133842247492,9.201159220640456],[77.470097962743552,9.201157309747936],[77.469283445703397,9.201113929149184],[77.469269333089798,9.200679634718878],[77.469248264764758,9.200674525664081],[77.468849464438861,9.200580454770737],[77.468840667985617,9.200577408057274],[77.468712892109238,9.200533155785235],[77.46843838308564,9.200475310520181],[77.467905538156685,9.200409259182768],[77.467679064390893,9.200381185805895],[77.467627869142902,9.200154663249915],[77.46755285800451,9.199822763063493],[77.467264904898954,9.199839623169773],[77.467146131858783,9.199846576771625],[77.467125088802533,9.199847808634916],[77.466874596784095,9.199829284496378],[77.46566477988172,9.199871648588797],[77.465039707696334,9.19986502276902],[77.465000677912172,9.199867623674708],[77.464972336095954,9.199906200807336],[77.46466433846085,9.200325424273137],[77.46461549267228,9.200339518718161],[77.464530680950148,9.200363991458911],[77.464430102320662,9.200576264792378],[77.464399106187813,9.200615847742819],[77.464330810443428,9.200774804722723],[77.464521721327188,9.201021940176842],[77.46536148856265,9.20142557651908],[77.465384010161159,9.201497642285211],[77.465455548391731,9.201726560101127],[77.465333190251329,9.20231060094663],[77.465138000635591,9.203216282986205],[77.465069611709694,9.20364122115574],[77.465013845937634,9.203987728467522],[77.464981330678654,9.204171526660163],[77.464878988197952,9.204508075813756],[77.464580784342374,9.205520236178621],[77.464510293689116,9.20572592652271],[77.464319285937421,9.2062295758722],[77.464045401885613,9.207039714335147],[77.463970403356527,9.207525083194101],[77.463848819254267,9.208387992075977],[77.463694964821684,9.209459580644738],[77.463668208378479,9.209588060120462],[77.463566599368377,9.210164632323663],[77.463459513962889,9.210686447548124],[77.463400866050961,9.211065994929532],[77.463441268330968,9.211133108430154],[77.46387046734246,9.211590269019357],[77.464163946019255,9.211873237823426],[77.464795619004335,9.212525655799322],[77.464899592210742,9.212633044700704],[77.464926122936475,9.212708461764064],[77.464933010677527,9.212760959131197],[77.464973653879355,9.213038690258418],[77.464971886458628,9.213043165494559],[77.464861233259029,9.213323442764878],[77.465464486654284,9.213267560724654],[77.465616981442778,9.213250703209164],[77.466013905669442,9.212987451729008],[77.466164356908394,9.21339307068536],[77.466380635996302,9.213422179124167],[77.466458111658312,9.213927696415725],[77.466894836993063,9.213936241824229],[77.467039740279276,9.213939825725941],[77.467230059681299,9.214326836702739],[77.467617414754883,9.214415395218479],[77.468439012065161,9.21463606321538],[77.469360715448261,9.214883619095335],[77.469459486980739,9.214899708013812],[77.469883791433773,9.214968824820257],[77.470031415686421,9.215014597918078],[77.470340846316319,9.215110540148936],[77.472170487012576,9.215161124937643],[77.47222464969019,9.215162621407785],[77.473963497793576,9.215330976182489],[77.474596550908885,9.215337759512474],[77.474881859315232,9.215340816313429],[77.476119119097987,9.215624492323917],[77.476285926550972,9.21565980101014],[77.476485541144314,9.215702055404392],[77.476492742038758,9.21570357957304],[77.477185553705908,9.215795550769027],[77.477802478847295,9.215843509400669],[77.478017764847664,9.215859916682435],[77.478019074215013,9.215860016181642],[77.478085424356777,9.215427583338389],[77.478137726072674,9.215086704400276],[77.478773624411886,9.215075302644241],[77.478789525212477,9.214931611665868],[77.47919943435582,9.214837446062694],[77.479223257465165,9.214835104303409],[77.47994557337357,9.214764089283712],[77.480038057039025,9.214754996993896],[77.480114892045634,9.214439468634465],[77.480117415420025,9.214429029080621],[77.480200610867286,9.214053941043499],[77.480276644822013,9.213570554129637],[77.480296617238537,9.213443578662972],[77.48030201524071,9.21340926016334],[77.480196836076303,9.213259425516823],[77.480084512835305,9.21278395278701],[77.479986005038484,9.212604832998197],[77.479879898481329,9.212108173089112],[77.479868850582733,9.212056460624938],[77.479860104038366,9.212007261694726],[77.479806138308476,9.21170370836653],[77.479410976667438,9.210979592879509],[77.479251184321342,9.210693307987068],[77.478996792503892,9.210237535579031],[77.479068806749368,9.210229983542758],[77.480042075347995,9.210127921325805],[77.480069009605018,9.210154639771037],[77.481254774923357,9.211330920833614],[77.482348568831966,9.211800371033091],[77.482760478814399,9.212110243325419],[77.48439841845132,9.212048642743575],[77.484459508515783,9.212093367644254],[77.484614952651654,9.212085417312771],[77.485379931027666,9.212645766431841],[77.485529892925328,9.212669258975206],[77.485528562133851,9.212699329730693],[77.485504255389856,9.213248654402488],[77.485766914581788,9.213434290972451],[77.485772336193676,9.213653895826626],[77.485908351999242,9.213750726213561],[77.48603940766867,9.213844024827743],[77.486785148938026,9.214309452798735],[77.48680171525757,9.214477187312687],[77.489373852734644,9.214565817817018],[77.489372583899979,9.214571543217446],[77.489424602560135,9.214572619783825],[77.489419748575315,9.214593169746514],[77.489064060468777,9.216072974824321],[77.489139034628479,9.216583416149504],[77.489147943570259,9.216644069031867],[77.489274758734766,9.216647118379985],[77.489302742238266,9.216782324789813],[77.489346048773015,9.216991565966273],[77.489355795264402,9.217038652277093],[77.489961072376275,9.21716266782075],[77.489992890364647,9.217169188422588],[77.490004415459154,9.217300710287555],[77.490684355646664,9.217629355279156],[77.49119646457099,9.216953343376172],[77.491720686172755,9.216140346845959],[77.492013911365234,9.215161275168462],[77.492177918241737,9.215136840361062],[77.492981802367808,9.212276655447209]]]]}},
{"type":"Feature","properties":{"vill_name":"Sivagiri - Part-1","dist_name":"Tenkasi","taluk_name":"Sivagiri","village_co":"121","lgddcode":733.0,"lgdtcode":5870.0,"lgdvcode":933536.0},"geometry":{"type":"MultiPolygon","coordinates":[[[[77.425572008430521,9.326592966630745],[77.425556975124323,9.326507739644835],[77.425548488441365,9.326514504864024],[77.425410935606862,9.326624154307231],[77.425409102149715,9.32666821758554],[77.425572008430521,9.326592966630745]]],[[[77.42969395924689,9.340686130298257],[77.429742816779836,9.34080170663956],[77.429741597686899,9.340936868796122],[77.429775351532683,9.341310611118461],[77.42989573978187,9.341894662459213],[77.429916375085298,9.342000081743217],[77.429993975280851,9.342396508841999],[77.430000478765521,9.342436208882598],[77.430064692161295,9.342828189501143],[77.43009219712178,9.343016287589657],[77.43005523093565,9.343044032184547],[77.430084734946391,9.343294770760682],[77.43008892520723,9.343331869088191],[77.430137851626355,9.34375792994736],[77.43015137427679,9.343901918341571],[77.430219813830405,9.343973707423268],[77.430521995119832,9.344067136643371],[77.430622985048288,9.34406591446059],[77.430974404119397,9.344260353112526],[77.430969627211169,9.344122277580082],[77.430965039900968,9.343989675941327],[77.430988572284249,9.343976984267231],[77.431027384352433,9.343956051863776],[77.431014002212763,9.34388534751076],[77.431002871259778,9.343826538774763],[77.430978359076704,9.343697025699212],[77.431710350373763,9.343602674693384],[77.432199027909192,9.343539685474159],[77.432658626176803,9.343561401034092],[77.432729770881011,9.343558330720878],[77.432853052116855,9.343553011033206],[77.433284937582201,9.343534374591904],[77.433346460009417,9.343531719333924],[77.433816626667408,9.343511430220959],[77.434245687211202,9.34345469848793],[77.434428618230783,9.343430510053883],[77.43448356197716,9.343423245483768],[77.435205086223007,9.343327838051936],[77.435533147264181,9.343237369855927],[77.435569772698315,9.343227269504768],[77.435608859567381,9.343244856380949],[77.435657997799254,9.343212214515336],[77.436067728600136,9.342940039431912],[77.436446678445705,9.3426883113864],[77.436573894585081,9.342603804237175],[77.43667326938801,9.342519886896147],[77.437294984283454,9.341994883963846],[77.437326456841276,9.341797873038923],[77.437533997409616,9.341701415611759],[77.437542527783179,9.341694500727067],[77.437862105441511,9.341435440173425],[77.437877667601398,9.341422824986759],[77.438336917184941,9.341050543629503],[77.438591003725605,9.340878954214293],[77.438991314190687,9.340608615941466],[77.439476480762906,9.340244019822766],[77.439564292310195,9.340178030892032],[77.439607674574916,9.340145430664226],[77.439731955454391,9.339735785997059],[77.439753331334771,9.339665327051033],[77.440242748204824,9.339501390005161],[77.441090639971705,9.338948376889547],[77.441342114571654,9.338784359171566],[77.441392062788651,9.338698646887462],[77.441407747287258,9.338671731869436],[77.441460924137729,9.338580478761378],[77.441715574177636,9.338469713324299],[77.44189449518521,9.338339892891087],[77.441903040149754,9.338338774150314],[77.442895273410741,9.338208812960914],[77.443545080942897,9.338001854459897],[77.443918135440484,9.337883038850736],[77.444220213864071,9.337807484393368],[77.444692364454966,9.337689393836781],[77.444867170240187,9.337663111179806],[77.445477023835551,9.337364699416641],[77.445666915907665,9.337271781136891],[77.445584191016039,9.337002260971166],[77.445548743252473,9.336773449706202],[77.44552077390901,9.336592908330882],[77.446084495495086,9.336622737362957],[77.446483824349428,9.336545348553281],[77.446562686982091,9.336530065454253],[77.446626255153461,9.336500155061596],[77.44692014333404,9.336361873446991],[77.447025526176049,9.336307915419599],[77.447573128768383,9.336027532775377],[77.447842775990807,9.335889468074461],[77.448048261361848,9.335691758390011],[77.448363220796708,9.335413412303055],[77.448548709929028,9.335249485791779],[77.44864947951254,9.335160430140375],[77.448986600406911,9.334862496511141],[77.448938695407591,9.334610417902145],[77.449045223293311,9.334536951997253],[77.449122309641226,9.33448378992367],[77.449053921589496,9.334381398120209],[77.449232974323451,9.334313259819824],[77.449313972925779,9.334422995842592],[77.449362501079236,9.334488742489995],[77.449411132381329,9.334554627399426],[77.449994714553753,9.334086695982045],[77.450103876136808,9.333999166262883],[77.45022755638837,9.333924788759129],[77.450307271984968,9.333876850222058],[77.4503740301069,9.333836704574617],[77.450921977472177,9.333507202499568],[77.450930425222353,9.333502122668223],[77.450943760686073,9.333472620245617],[77.450963725765718,9.333428449740898],[77.450970708699174,9.333413001526312],[77.451354071353862,9.333399932103495],[77.451547098486671,9.333393351991088],[77.452821367035597,9.333242500301939],[77.452770476799301,9.333067980615759],[77.453389788794127,9.333242126756319],[77.453482651465336,9.33330324623727],[77.453928882380808,9.333596944065102],[77.454157299169268,9.333552422730731],[77.454924917207236,9.333402811032622],[77.455625412500325,9.333425772331397],[77.455752867038626,9.333429950262929],[77.455790454057563,9.333431182077515],[77.455890178913975,9.333421342931979],[77.456669481487864,9.333344456624417],[77.457097902768623,9.333302187233617],[77.45719655915525,9.333272612606947],[77.457835439875979,9.333081092806324],[77.458874048719693,9.332746055745075],[77.458978453080263,9.332712376588987],[77.459053226816977,9.33268825571631],[77.459065704362828,9.332830513258491],[77.459070898164285,9.332889729401424],[77.459083359477049,9.333031792673557],[77.45909364370155,9.333149029467661],[77.459865915172713,9.333289851942657],[77.459914214673077,9.333298659322091],[77.460362016292805,9.333259579101362],[77.461148912823973,9.333190903578197],[77.461478046143,9.333044351005119],[77.461630794175079,9.33296479852325],[77.46163431189855,9.332955353657081],[77.461678351255841,9.332837101189851],[77.462126857988167,9.331632778562311],[77.462680466460057,9.331047055520067],[77.463048035319559,9.330419286147198],[77.463443959765215,9.330276519163176],[77.46358717751923,9.330224875882992],[77.463869194074988,9.330229846516888],[77.4639167946182,9.330345426368458],[77.464216304551186,9.330279142730042],[77.464311624020183,9.330258048974638],[77.464314294994779,9.330263060188516],[77.464426878352697,9.330474373026281],[77.464638476583787,9.330292422255653],[77.464715419927188,9.330226259422183],[77.464772149781183,9.330062589800821],[77.464902462682574,9.330007593420822],[77.465121335344975,9.329915222307605],[77.465546811831828,9.329557723249232],[77.465658641556715,9.329367969877763],[77.465766655742414,9.329127845389543],[77.465776821520777,9.329105246078477],[77.465870489118416,9.329038878061928],[77.465939435629224,9.328990025990596],[77.466015982819698,9.328935789028431],[77.466164632829347,9.328909862862965],[77.468760384925801,9.328472676287296],[77.470969930274919,9.328115014541986],[77.470997969232627,9.328106862964319],[77.470990904248524,9.328088107292562],[77.470682735622063,9.32727002887151],[77.470622701968225,9.327110660970272],[77.470303839264048,9.326475379959652],[77.469970970711458,9.325815819431469],[77.46978389873712,9.325425894598119],[77.46978185526973,9.325418044742211],[77.469790169095859,9.325401580656758],[77.469827662845333,9.325380714168682],[77.470738969896871,9.325213600828098],[77.471093559201734,9.32504469109297],[77.471938746250771,9.324642080033446],[77.472006154417357,9.324621670775731],[77.472724287539748,9.324404235813788],[77.472749399141037,9.324392750472379],[77.473134624124441,9.324216552508025],[77.473747313917073,9.323889299756276],[77.473688615182965,9.323600947453677],[77.473509766000021,9.32355228021496],[77.473313403294497,9.323498847270198],[77.472720926562332,9.323337967165543],[77.472338592940275,9.323451638207096],[77.472171812012078,9.323501215426601],[77.471414606654804,9.323736188328274],[77.471348373150306,9.32366848037805],[77.471053731888489,9.323729671922814],[77.470514657056484,9.323831337200154],[77.470375766850438,9.323894670801099],[77.470039932910822,9.32389185439175],[77.46995985657702,9.323925262338754],[77.469771092641977,9.324038076301372],[77.469595308452838,9.324093935041653],[77.469537190631371,9.324112403740864],[77.469285927160371,9.324083585235515],[77.469001117500028,9.324135093613407],[77.468647157825927,9.324407592903794],[77.468134557325882,9.324512155901107],[77.468089800683003,9.324503072810117],[77.467591676848244,9.324401980419779],[77.467351404105699,9.324351968687036],[77.467337079561403,9.324348986893821],[77.467261782472065,9.324278236040927],[77.467012709603353,9.324236399604972],[77.466587131187651,9.324091115339593],[77.466545305759595,9.324076837308265],[77.466460275252743,9.323999354574678],[77.466308124944874,9.32386070827674],[77.465833895992262,9.323769700591999],[77.46561881154706,9.323812934730366],[77.465107418879157,9.323509029138002],[77.465076414032367,9.323490603404776],[77.464853041450198,9.323439520517294],[77.464605662144578,9.32338536749605],[77.464083584618123,9.323468365231442],[77.463539230635831,9.323545712628237],[77.463212995866158,9.323468471342922],[77.463119437890896,9.323446320219803],[77.462649592850795,9.323470546895228],[77.462359808660551,9.32336596178507],[77.461887001659093,9.323089605148757],[77.461506843673718,9.322930617584495],[77.460757725010524,9.32294313923518],[77.460668399012405,9.323012962122544],[77.460521580952829,9.323127725275903],[77.460247629376951,9.323170837797582],[77.45987157726033,9.32322708759126],[77.45958816174732,9.323263964167527],[77.459586418144667,9.32326533538583],[77.459563359021118,9.323283483244204],[77.459499512398537,9.323333726571285],[77.459410585926236,9.323422208502297],[77.459039734170261,9.323487978993452],[77.458767292140308,9.323541105149332],[77.458467650942296,9.32352410251791],[77.458461359949325,9.323523745535185],[77.458416876850819,9.323485665591683],[77.458370471563015,9.323445938671673],[77.4580505907537,9.32352552724508],[77.457678772880101,9.323618036935086],[77.457631591279551,9.323571124594549],[77.457625101874612,9.323564672322625],[77.457613415356889,9.323553053663169],[77.45713132720492,9.323660142080257],[77.457023010053845,9.323746385022721],[77.456973694746338,9.323785650383899],[77.456870864391405,9.32378222149706],[77.45661333314159,9.32374579956401],[77.456499005975388,9.323760844653606],[77.456207135242607,9.323836252189912],[77.456094463098154,9.323935715913144],[77.456034015895767,9.323989077285981],[77.45589230217503,9.324006579379841],[77.455711672246622,9.323947315718396],[77.455566778980298,9.323899777710039],[77.455534085579998,9.323894983650922],[77.455438803599137,9.323881010350648],[77.455394354029821,9.323763369278264],[77.455311365103071,9.323543732733885],[77.455023457212903,9.323384145492973],[77.454855026671837,9.323396791752693],[77.454554787371521,9.323645536819013],[77.454350887866326,9.323804888470923],[77.454336406389558,9.323816206545445],[77.45417698864992,9.323835453559976],[77.454107633525481,9.323775319784875],[77.453972123042021,9.323657826056813],[77.453965233478584,9.323651853673793],[77.453620671397431,9.323401670128586],[77.453620247944144,9.323401478114583],[77.453318709263897,9.323264774494309],[77.45299573138378,9.323122391964295],[77.452908441352832,9.323129204448458],[77.452513879247974,9.32315999539779],[77.452479431278064,9.323389864146741],[77.452119151218355,9.323558814976499],[77.451728104329959,9.32354228420736],[77.451450550965561,9.323416068479073],[77.451005368463285,9.323522299190317],[77.450999237273024,9.323523761988902],[77.450782939967169,9.323673291705623],[77.450230348095701,9.324044516288737],[77.449641084934711,9.324068544932617],[77.449364538788842,9.324155973315793],[77.449061424938819,9.32425494972426],[77.449019469550962,9.324268649280256],[77.448247625167667,9.324521028137754],[77.447939590795926,9.32460779661826],[77.447473381388662,9.324616711965435],[77.447448229224776,9.324617194658575],[77.447088118751282,9.324611436783483],[77.447048439114795,9.324610801926227],[77.44646585284228,9.324596533761785],[77.446395254929982,9.32464130662725],[77.446170287250183,9.324564821660736],[77.445707044687552,9.324407326095892],[77.445692380930879,9.32440234754676],[77.445163743423066,9.324301877902304],[77.444851413929783,9.324503515784356],[77.444826975789098,9.324519293096015],[77.4446174313494,9.324484937796814],[77.444436867105878,9.324262098100261],[77.444108489386295,9.324193971941325],[77.443562147503727,9.324656661027831],[77.443386218256094,9.324774537190121],[77.443117881939486,9.324954327617045],[77.442757080216907,9.324962458292951],[77.442633737621037,9.324837610446073],[77.442114597976101,9.324794127699478],[77.442102893270174,9.324793151077117],[77.441919516742828,9.324779115148253],[77.441915146732882,9.324843608401659],[77.441819038299641,9.324850874971302],[77.441767701152159,9.324854756170414],[77.440180216025638,9.324773924716306],[77.439913623367929,9.324760349236042],[77.439908305560294,9.324831141802242],[77.439825677592026,9.324832266338342],[77.439281438576259,9.324652104689896],[77.438490802046275,9.324707203982701],[77.438121118071109,9.324893019239274],[77.437963765283811,9.324972109414274],[77.437582465935463,9.325027209263592],[77.437560458694975,9.325130726141069],[77.437188547802506,9.325253208936862],[77.436511318789002,9.325434768895704],[77.436457911126993,9.325273147064284],[77.435228402055486,9.325629724769637],[77.434726589068518,9.325775258250662],[77.433905857586495,9.325727822224168],[77.433905682259706,9.325727812340057],[77.43314087230462,9.325434113158257],[77.432850620910173,9.325364018433516],[77.432349109773398,9.325299166997224],[77.432134406207311,9.325327162986669],[77.432102440149009,9.325446381959951],[77.432018663431791,9.325758834362365],[77.431634114184163,9.326116696803043],[77.431383001709165,9.326344930546401],[77.431331570269975,9.326448495825083],[77.431292079325928,9.326544322814769],[77.431230730618879,9.326566392970305],[77.431288586479667,9.326593961800148],[77.431309927847792,9.326604130544007],[77.431299180339238,9.326617180343408],[77.431286496310094,9.326623665256895],[77.430978218209574,9.326781275704287],[77.430407916267185,9.327017625672044],[77.430402854722701,9.327019640492679],[77.430275160634622,9.32707047606223],[77.429801843724931,9.327258905668298],[77.429133969556347,9.327210246450829],[77.42907528008692,9.32727794959608],[77.429026275576931,9.327334482858042],[77.428573344489124,9.327392487521672],[77.428274377530471,9.327271840061325],[77.427519110445814,9.327486802286476],[77.427334726647459,9.327622409093673],[77.427183013377956,9.327733987991936],[77.427288500317985,9.327486532868807],[77.427257114532338,9.327369556406301],[77.427216681082044,9.327218858206646],[77.427005514458173,9.326267226151678],[77.426639992991426,9.326116499693928],[77.426295544327473,9.326169832354628],[77.425915090580133,9.326233246406787],[77.425883398241979,9.326238528830615],[77.425751840626162,9.326260456287461],[77.425604292328856,9.326457411353017],[77.425714019730378,9.326472334050781],[77.426298293861592,9.32764723575001],[77.426627724697553,9.328335257524467],[77.426761974113489,9.328537069345503],[77.426834768412519,9.328646496607313],[77.427186982560755,9.32911609465355],[77.427459014284679,9.329493275137327],[77.427971719250152,9.330145777475359],[77.428159780786075,9.330922898611568],[77.428369560966829,9.33184374643699],[77.428559972873359,9.332619683628737],[77.42867280106131,9.333182556182404],[77.428779313012384,9.333834784855823],[77.428925050860926,9.333632254855193],[77.4289397229755,9.333719795987722],[77.429068099667774,9.334335087369043],[77.429134121491046,9.334605533780216],[77.42931341821479,9.335532865350187],[77.429463659242742,9.336240756803738],[77.429343129110237,9.336639957215004],[77.429415104645557,9.337027231397336],[77.429503524681664,9.337447835990501],[77.429704430226593,9.337316565011207],[77.429729278918586,9.337427593345438],[77.429746870392833,9.337715636474886],[77.429754117209669,9.337834287273354],[77.429766957653214,9.338027688069406],[77.429785359127422,9.33840291998596],[77.429822709474848,9.338950655227826],[77.429671347254768,9.338956156979417],[77.429680445620889,9.339441161029166],[77.429683228957231,9.339589518398748],[77.429705336235102,9.339863596121067],[77.429746905673028,9.339899541899106],[77.429775026444361,9.340352405585715],[77.429694437014831,9.340511254758283],[77.429731922108147,9.340571927391149],[77.42969395924689,9.340686130298257]]]]}},
{"type":"Feature","properties":{"vill_name":"Viswanathaperi - Part-2","dist_name":"Tenkasi","taluk_name":"Sivagiri","village_co":"912","lgddcode":733.0,"lgdtcode":5870.0,"lgdvcode":933542.00000000012},"geometry":{"type":"MultiPolygon","coordinates":[[[[77.431000299023324,9.345008769768024],[77.431002804696504,9.345081193835268],[77.431008694472666,9.345251411895635],[77.431008708864752,9.345251872478116],[77.431062369557253,9.345248592444312],[77.431632693312949,9.345213726542459],[77.432256195785243,9.344971603150546],[77.432341750454171,9.345030394715739],[77.432490117428628,9.345134711507834],[77.433076323239931,9.345546911854219],[77.433341748285159,9.345733549093834],[77.433708056953535,9.346004705958245],[77.433794661502063,9.346068817396901],[77.433986503760863,9.346210836681369],[77.434132286738773,9.346308632262275],[77.434581809141307,9.346610185318401],[77.434705257895402,9.346701323692752],[77.434934689480301,9.346870712202247],[77.43565854495651,9.347359804986707],[77.43622965249881,9.347794305173986],[77.436529660323004,9.348012963378084],[77.436692239889354,9.348131461913706],[77.436824213480534,9.348221635594975],[77.436963639175588,9.348316902012174],[77.437400896908201,9.348572802406775],[77.437467390349227,9.348611716689813],[77.437783317702952,9.348787154415156],[77.43802271192564,9.348920092018867],[77.438270660056418,9.349081614929769],[77.438395944038746,9.349163231842061],[77.438925228672545,9.349450643964035],[77.439534288066056,9.349854862579308],[77.439550894546642,9.349865883997564],[77.439753300932878,9.349936813560403],[77.440183994434079,9.350339346487386],[77.440693076466999,9.350748680735963],[77.440694606945229,9.350910129852652],[77.440973369925075,9.351151465080159],[77.44103711716221,9.351206654714593],[77.441063938812164,9.351286696929888],[77.441302473940482,9.351998610427145],[77.441540878191432,9.352773728010115],[77.441645895931018,9.353109482383788],[77.441841260630852,9.353744118711113],[77.441965241515717,9.354186753549019],[77.442017102963817,9.354371907167577],[77.442018444135869,9.354376696595519],[77.44216302162458,9.354357981309056],[77.442666902032329,9.35429275329248],[77.443001041503294,9.354187050975952],[77.443113601997993,9.354151443423586],[77.443480891608473,9.35409796517529],[77.443848181255788,9.354044485600822],[77.444172348298039,9.353856825831915],[77.444663708553634,9.353572377039754],[77.444979045789779,9.353459702632344],[77.445401846742428,9.35363320089383],[77.446021622402498,9.353417284849533],[77.44682587075043,9.353485654382624],[77.447037552030679,9.353503648777698],[77.447971965886751,9.353583078268688],[77.449368828975835,9.353316241542606],[77.449561656950763,9.353152087106919],[77.449544740290179,9.352758807499345],[77.449656443744786,9.352712843264563],[77.450106338218745,9.352527720237747],[77.450167634516589,9.35250962360484],[77.450646623213686,9.352368210246764],[77.451127462478794,9.352146627294312],[77.451588815548021,9.351703443666146],[77.451614080223834,9.351679173625641],[77.452374735342161,9.35127395508861],[77.452524007707311,9.351203697253242],[77.452537187073105,9.351197493889078],[77.452728291917012,9.351107546428887],[77.45281316171797,9.351067600677434],[77.453364259083799,9.350984845409783],[77.454041864822571,9.350883096385436],[77.454101251619932,9.350800821246688],[77.454217834596662,9.350799451872254],[77.45425152742385,9.350799055678678],[77.454806604581293,9.350902131531297],[77.454832566814076,9.350911978371085],[77.454965953937034,9.351211555606627],[77.455704163991712,9.351512359001894],[77.455992296804112,9.351604881389909],[77.456430286991477,9.351593207371391],[77.456435656304706,9.351593065116258],[77.457417236228125,9.351376710613366],[77.457875885062094,9.35120809207071],[77.457901337462971,9.351198734654419],[77.458017973830309,9.35115857751579],[77.458178567269471,9.35110328805284],[77.458359922166821,9.351074128334481],[77.45880551193936,9.350698839455497],[77.458809427828967,9.350695541647234],[77.459172910755512,9.350439403880452],[77.459271560382248,9.350173317353434],[77.459580528640302,9.350050624945919],[77.46014201613805,9.349967489463419],[77.460189285940245,9.34966440458547],[77.460144800553451,9.349357689884071],[77.46062669920147,9.34933420615215],[77.460823981084161,9.349266630487424],[77.461559326858136,9.349397531682619],[77.461908998815147,9.34938344819988],[77.461946402262541,9.3494545278704],[77.462356113333442,9.34941027205511],[77.462488583096572,9.349395963327709],[77.462598736147569,9.349384064656453],[77.462592949919582,9.349699716755728],[77.462591944948073,9.349754511430964],[77.463002145135704,9.349732332686424],[77.463178918207632,9.349743183793418],[77.463332545032074,9.349740218815551],[77.463359169644789,9.349739705175969],[77.46420726111046,9.349740120204208],[77.464603072888892,9.349702356455923],[77.464897602886538,9.349633747952772],[77.46487777171852,9.349470249902385],[77.465644970720362,9.349370095245623],[77.465643028062559,9.349525579360572],[77.465935619560497,9.349452688182105],[77.46595952558954,9.349541048321404],[77.466577866265879,9.349342672993906],[77.466920215378678,9.349352375682166],[77.466859642975294,9.348945453490613],[77.46670428151694,9.348716283177097],[77.467071135074306,9.348631194456679],[77.466996023961499,9.348170084502348],[77.466732997965039,9.348186831548579],[77.466698129606542,9.347259653144274],[77.466687877574287,9.346987045850582],[77.466976114164027,9.346717625406965],[77.467371067029688,9.346756928815857],[77.467409355982895,9.3467204240496],[77.467649866519977,9.346696509857409],[77.467665251107661,9.346781065370227],[77.467687206046705,9.346778824612645],[77.468588144951326,9.346686872538752],[77.468192723438634,9.345580452386098],[77.467594348576071,9.345762107199489],[77.467566298025204,9.345770622602128],[77.466512881822723,9.345725738354263],[77.465824172584988,9.345962129159865],[77.46578043236282,9.345859273058268],[77.46476138500968,9.346013520970075],[77.464436652694857,9.345947646969961],[77.46390949355515,9.345840706005797],[77.463644057084608,9.345736495132401],[77.463590543000691,9.34586634670806],[77.463181849025162,9.345895985887712],[77.463167285666273,9.34534115194657],[77.46297062802175,9.345353052913723],[77.462912448341498,9.345054791923726],[77.462749759427965,9.344220634332835],[77.462731572192979,9.344172366407935],[77.462581979453631,9.343775320046074],[77.46238320706783,9.343247743520106],[77.462186487038522,9.343318659415621],[77.461748365598126,9.343476597194417],[77.461671525607272,9.34281848298094],[77.461088863776695,9.342222621935422],[77.46107702517503,9.342189483156371],[77.461061453491595,9.342145887394883],[77.460834170688727,9.341509578681425],[77.460709024609869,9.341547708451909],[77.460554643596922,9.341594745737872],[77.460533233553889,9.341050345003977],[77.460958876318017,9.341043942760004],[77.461098344733074,9.341106897550786],[77.461292344455728,9.341194467685686],[77.461453583765433,9.341000726937095],[77.461316839683747,9.340424147865617],[77.461306968469216,9.340382522993186],[77.461243803409587,9.339867491495212],[77.461063112914331,9.339883210892816],[77.461051788042283,9.339741306742791],[77.460867891358973,9.339741215040824],[77.460602045258142,9.338692920836575],[77.460030643013724,9.338888669794461],[77.459973624361055,9.338908203134194],[77.459867055017966,9.33855512259982],[77.459866376872924,9.33855287677957],[77.459811657272923,9.338371579569623],[77.459809336131443,9.338363889456438],[77.459664337964071,9.337883445941971],[77.459527783465447,9.337280803442612],[77.459445639246937,9.336566541194996],[77.459440708588971,9.336523661932707],[77.459059529664771,9.335817036749638],[77.458764748801869,9.336002342552881],[77.458714657443423,9.335676798038209],[77.458705131456426,9.335614893368831],[77.458854518373442,9.334964345321588],[77.459099820092931,9.333978674317756],[77.45910402366421,9.333793142630091],[77.459113493879343,9.333375330565683],[77.45909364370155,9.333149029467661],[77.459083359477049,9.333031792673557],[77.459070898164285,9.332889729401424],[77.459065704362828,9.332830513258491],[77.459053226816977,9.33268825571631],[77.458978453080263,9.332712376588987],[77.458874048719693,9.332746055745075],[77.457835439875979,9.333081092806324],[77.45719655915525,9.333272612606947],[77.457097902768623,9.333302187233617],[77.456669481487864,9.333344456624417],[77.455890178913975,9.333421342931979],[77.455790454057563,9.333431182077515],[77.455752867038626,9.333429950262929],[77.455625412500325,9.333425772331397],[77.454924917207236,9.333402811032622],[77.454157299169268,9.333552422730731],[77.453928882380808,9.333596944065102],[77.453482651465336,9.33330324623727],[77.453389788794127,9.333242126756319],[77.452770476799301,9.333067980615759],[77.452821367035597,9.333242500301939],[77.451547098486671,9.333393351991088],[77.451354071353862,9.333399932103495],[77.450970708699174,9.333413001526312],[77.450963725765718,9.333428449740898],[77.450943760686073,9.333472620245617],[77.450930425222353,9.333502122668223],[77.450921977472177,9.333507202499568],[77.4503740301069,9.333836704574617],[77.450307271984968,9.333876850222058],[77.45022755638837,9.333924788759129],[77.450103876136808,9.333999166262883],[77.449994714553753,9.334086695982045],[77.449411132381329,9.334554627399426],[77.449362501079236,9.334488742489995],[77.449313972925779,9.334422995842592],[77.449232974323451,9.334313259819824],[77.449053921589496,9.334381398120209],[77.449122309641226,9.33448378992367],[77.449045223293311,9.334536951997253],[77.448938695407591,9.334610417902145],[77.448986600406911,9.334862496511141],[77.44864947951254,9.335160430140375],[77.448548709929028,9.335249485791779],[77.448363220796708,9.335413412303055],[77.448048261361848,9.335691758390011],[77.447842775990807,9.335889468074461],[77.447573128768383,9.336027532775377],[77.447025526176049,9.336307915419599],[77.44692014333404,9.336361873446991],[77.446626255153461,9.336500155061596],[77.446562686982091,9.336530065454253],[77.446483824349428,9.336545348553281],[77.446084495495086,9.336622737362957],[77.44552077390901,9.336592908330882],[77.445548743252473,9.336773449706202],[77.445584191016039,9.337002260971166],[77.445666915907665,9.337271781136891],[77.445477023835551,9.337364699416641],[77.444867170240187,9.337663111179806],[77.444692364454966,9.337689393836781],[77.444220213864071,9.337807484393368],[77.443918135440484,9.337883038850736],[77.443545080942897,9.338001854459897],[77.442895273410741,9.338208812960914],[77.441903040149754,9.338338774150314],[77.44189449518521,9.338339892891087],[77.441715574177636,9.338469713324299],[77.441460924137729,9.338580478761378],[77.441407747287258,9.338671731869436],[77.441392062788651,9.338698646887462],[77.441342114571654,9.338784359171566],[77.441090639971705,9.338948376889547],[77.440242748204824,9.339501390005161],[77.439753331334771,9.339665327051033],[77.439731955454391,9.339735785997059],[77.439607674574916,9.340145430664226],[77.439564292310195,9.340178030892032],[77.439476480762906,9.340244019822766],[77.438991314190687,9.340608615941466],[77.438591003725605,9.340878954214293],[77.438336917184941,9.341050543629503],[77.437877667601398,9.341422824986759],[77.437862105441511,9.341435440173425],[77.437542527783179,9.341694500727067],[77.437533997409616,9.341701415611759],[77.437326456841276,9.341797873038923],[77.437294984283454,9.341994883963846],[77.43667326938801,9.342519886896147],[77.436573894585081,9.342603804237175],[77.436446678445705,9.3426883113864],[77.436067728600136,9.342940039431912],[77.435657997799254,9.343212214515336],[77.435608859567381,9.343244856380949],[77.435569772698315,9.343227269504768],[77.435533147264181,9.343237369855927],[77.435205086223007,9.343327838051936],[77.43448356197716,9.343423245483768],[77.434428618230783,9.343430510053883],[77.434245687211202,9.34345469848793],[77.433816626667408,9.343511430220959],[77.433346460009417,9.343531719333924],[77.433284937582201,9.343534374591904],[77.432853052116855,9.343553011033206],[77.432729770881011,9.343558330720878],[77.432658626176803,9.343561401034092],[77.432199027909192,9.343539685474159],[77.431710350373763,9.343602674693384],[77.430978359076704,9.343697025699212],[77.431002871259778,9.343826538774763],[77.431014002212763,9.34388534751076],[77.431027384352433,9.343956051863776],[77.430988572284249,9.343976984267231],[77.430965039900968,9.343989675941327],[77.430969627211169,9.344122277580082],[77.430974404119397,9.344260353112526],[77.43098191003061,9.34447730108551],[77.430990634112661,9.344729445073222],[77.431000299023324,9.345008769768024]]]]}},
{"type":"Feature","properties":{"vill_name":"Cuddalor","dist_name":"Tenkasi","taluk_name":"Sivagiri","village_co":"8","lgddcode":733.0,"lgdtcode":5870.0,"lgdvcode":642623.0},"geometry":{"type":"MultiPolygon","coordinates":[[[[77.453663815021855,9.291536645458205],[77.454092288798989,9.29127199719994],[77.454295605431241,9.291146880447931],[77.454978505352855,9.291032886723427],[77.455373245137466,9.29087862407917],[77.455656620583909,9.290921638293753],[77.456191122282178,9.29083608890053],[77.456322029955913,9.290797090622934],[77.456615499575776,9.29078873768608],[77.456691104622777,9.290786584961536],[77.456723316097353,9.29054826583123],[77.456884612958177,9.289957861317919],[77.457096780335405,9.289370643027095],[77.457198405943799,9.289340065025971],[77.457625230390619,9.289266580754676],[77.457888977707555,9.289293573795911],[77.457959610012608,9.289307960213483],[77.458389661673991,9.289395545873326],[77.45876632560396,9.290070796858085],[77.458653127087445,9.290473577178679],[77.459052119665387,9.290282343234704],[77.45910314669662,9.290491501143151],[77.459151834593243,9.290484902371212],[77.459183493198935,9.290480611112528],[77.459603172443877,9.290423727696155],[77.459662569274428,9.290416719577392],[77.461004627988203,9.290258395144681],[77.461349947785024,9.290275155876259],[77.461567766312385,9.290285727793993],[77.461754171506186,9.290279170712507],[77.464251548649713,9.290398831071014],[77.466247558947913,9.291398966839113],[77.466546498820861,9.29150100314301],[77.466606850306491,9.291285995728082],[77.467187133622943,9.29025038792191],[77.467132621255729,9.289216763351009],[77.467120047357483,9.288978354821207],[77.467032119520681,9.288576428327243],[77.466801822500472,9.288214633722683],[77.466890570236828,9.287968401079867],[77.466975912876876,9.287731615535193],[77.467045012420925,9.287539893125578],[77.467067132934744,9.287524655213193],[77.467287558150744,9.287372820802634],[77.467636941802851,9.28740203710109],[77.468035835473373,9.287435392344348],[77.468464160225366,9.287250258365191],[77.46962951366578,9.286518494293173],[77.470001576847238,9.285971514889429],[77.470510958024718,9.285742091097042],[77.470959234812227,9.285994146094511],[77.47125867685952,9.285982237906493],[77.471340767221989,9.285953273983115],[77.471670845155955,9.285836814751546],[77.472302668883856,9.285563156230706],[77.472624759288905,9.285201595269823],[77.473186681591699,9.284499186100948],[77.473263756450578,9.284402841200938],[77.473605592746097,9.283847943652972],[77.473604180248913,9.283834331719332],[77.473516762567442,9.282991655638595],[77.473495356244598,9.282911783049219],[77.473431938022017,9.282675161668994],[77.473404920711985,9.282574361348646],[77.473114865056161,9.281844491212912],[77.473103696095805,9.281844292434066],[77.473021035250056,9.281842821536317],[77.472341016551596,9.281830727798217],[77.472372307047308,9.280368822418597],[77.472373294166232,9.280341024092388],[77.472403671575947,9.279766924810316],[77.472418535274969,9.279019509220612],[77.472419145858382,9.278988826147023],[77.472650529089066,9.278400374147084],[77.472620719244674,9.278027743123612],[77.47251441403418,9.27669892717562],[77.472516648281456,9.276578789423146],[77.472532430219076,9.27573010256349],[77.472533796955219,9.275619538291357],[77.472535284295375,9.275499186402119],[77.472499570555001,9.274813333928064],[77.472967800040635,9.274754272674096],[77.47349016057295,9.274674795784897],[77.473479320433512,9.274600736401041],[77.473313093123707,9.27346517726356],[77.473240107804372,9.272981648842991],[77.47381944305387,9.272879913682557],[77.473752661673927,9.272122126442097],[77.473429581767263,9.272122040868812],[77.473243326052724,9.27160963217778],[77.474101560711077,9.271523487319913],[77.47406987857012,9.270562669334538],[77.47401899844283,9.269956297021011],[77.473955915606822,9.269954577997769],[77.472983355352127,9.269928070384305],[77.47295769756137,9.269927372195561],[77.472956790087764,9.269886134122356],[77.47295261460097,9.269693565170114],[77.473123672491155,9.269683882622065],[77.473484437726228,9.26968543809846],[77.473626104029364,9.268326820297002],[77.473474266444896,9.268326900424144],[77.473487109827857,9.268140641347319],[77.473580472860036,9.267534337284365],[77.473529065847359,9.267530116065569],[77.472824408794054,9.267472251835057],[77.472818566139992,9.267471772581866],[77.47270556606874,9.266395156571438],[77.472462140672306,9.266397456426024],[77.471317570606189,9.266408272213482],[77.471106693015756,9.266411255153367],[77.471081746641261,9.266411607646196],[77.471066544913299,9.265734860700235],[77.471016677408784,9.265641854638284],[77.47099383177374,9.265513876563695],[77.470917462077693,9.265274019129272],[77.470941267649437,9.264835049304438],[77.470920274431293,9.264635665272129],[77.470925063068947,9.264474531458292],[77.470925943703961,9.264453800576742],[77.470893740350888,9.26407397620407],[77.470820022372465,9.263904618563666],[77.47074944545939,9.26366068148625],[77.470690275569993,9.263466087107293],[77.470703766133198,9.263295579901882],[77.470720473169905,9.26308440264636],[77.471101553089127,9.263102946212662],[77.471612647662354,9.263457667242799],[77.471623705452117,9.263465203202538],[77.472365053148138,9.263290676659262],[77.472565457434541,9.263396715965143],[77.472630683945283,9.263265945835913],[77.472664127648329,9.263198896848788],[77.472706572176719,9.263197830943493],[77.472887056167323,9.263193302625199],[77.473901736436204,9.263162008648708],[77.473929718672991,9.263161145877859],[77.474030525661078,9.263158035707692],[77.473786291271693,9.262001797370754],[77.473543972112338,9.261412590491172],[77.473405749896287,9.261076498177001],[77.473375146499606,9.261032605593776],[77.473232586016863,9.260827206651442],[77.472822573007178,9.260456111065542],[77.472489998632355,9.260168535549376],[77.47238335011933,9.259916785515406],[77.472300413546336,9.259721011769276],[77.472297042301619,9.259712137739003],[77.472218255272921,9.259504821205194],[77.47208371532264,9.259150793943311],[77.47203245734805,9.259015916147854],[77.47195079514907,9.258801032448387],[77.471911800249174,9.258698421846116],[77.471894443581832,9.258652752077579],[77.471686181724465,9.258104737660839],[77.471665514070679,9.258050353373411],[77.471660557642508,9.257932103952493],[77.471451472422586,9.257475781378437],[77.470622680103844,9.257583435823458],[77.47044551923986,9.257626183182847],[77.46998897606386,9.257733119326044],[77.469137944864002,9.257951878384238],[77.469099331919267,9.25795892899712],[77.468923667148488,9.258024744673101],[77.46854891892643,9.258165148884137],[77.468216912838656,9.258281800264863],[77.468062315342777,9.258336118597109],[77.46804097340754,9.258343616635047],[77.467394747852282,9.258491116188074],[77.467344459377031,9.258319648907875],[77.467334999418128,9.258305852019891],[77.467234403108662,9.25831054646172],[77.466937906851527,9.258324382996957],[77.466927205369771,9.258317777733515],[77.466384736346484,9.257982939713944],[77.466322758717553,9.257978114379288],[77.465504028114822,9.257914355407195],[77.46506625561922,9.257894033898754],[77.464731433884978,9.25789710025211],[77.464294393698907,9.258028423687072],[77.464115772262545,9.258082095684317],[77.463907903927293,9.258435059579178],[77.463743221798154,9.25874540179943],[77.463719751194603,9.25879559876714],[77.463716580284981,9.258795608072925],[77.463538759063681,9.25879607611961],[77.46336432407503,9.258766582984792],[77.463023949688377,9.258686905811718],[77.462858343714061,9.25846306973682],[77.46276240216956,9.258118849599624],[77.462703571889492,9.257625707888556],[77.46234322002168,9.257479019463275],[77.46224620304281,9.257439527188705],[77.461924235631699,9.257284767056973],[77.461628027147157,9.257142390183752],[77.460914049718795,9.257244382658254],[77.460871062533371,9.257315450804631],[77.460792168602822,9.257445875768422],[77.460469599131955,9.257590135877418],[77.460161432094125,9.257727956225303],[77.459755421694496,9.25797174392163],[77.458790096939708,9.257927222640374],[77.458659340007273,9.258104965770467],[77.458514711002437,9.258120681110237],[77.458412435553115,9.25830558912187],[77.45771308012668,9.258401637951618],[77.45709458883168,9.25844945106366],[77.45685897878694,9.258467665382932],[77.456783188284192,9.258587521930787],[77.456369135249162,9.259262281243105],[77.456044909066534,9.259826580065734],[77.455922462149474,9.259927844251022],[77.4558123877692,9.260147210121971],[77.455248558086382,9.260572915557436],[77.454753328342335,9.26094779097763],[77.454653432816301,9.261023409550376],[77.454222872937237,9.261349329402336],[77.45360454807097,9.261540328697953],[77.453495905304763,9.261522689464551],[77.452205494282325,9.261313178737215],[77.452200447000592,9.261310083419669],[77.451671338547087,9.260985671997108],[77.451227267052516,9.260937828078076],[77.451109963023498,9.261139005935286],[77.451089881116062,9.261156302046873],[77.451011469018326,9.2614264840413],[77.450589637421245,9.26174346617367],[77.450478959592957,9.261738284919055],[77.449604321733233,9.261697337925698],[77.448999485647846,9.261762084383498],[77.448692722877794,9.261679017375396],[77.448104249861558,9.261519667002171],[77.447808667377672,9.261580230779833],[77.447757154770414,9.261514468728466],[77.447671665178774,9.261625801312867],[77.447294911293866,9.262168506161755],[77.447152817312713,9.262185121520861],[77.44706253296296,9.262311587421744],[77.447036088755354,9.262348628273733],[77.446035276767816,9.262449537769104],[77.44576590299296,9.262704834975736],[77.445363337161325,9.263049169895565],[77.44527230936778,9.263050334017203],[77.445234216758294,9.263050821415655],[77.44488560474349,9.263038372128209],[77.444451922292615,9.262793933626593],[77.444103285987708,9.262612279737191],[77.443532545661711,9.262523095765991],[77.443391650223305,9.262252141971263],[77.442890223220189,9.261180231066101],[77.442359036774576,9.26090948879266],[77.441859350140064,9.260968572904689],[77.441659177165818,9.260853952769489],[77.441460583186043,9.260740207763307],[77.440821155307447,9.260659246997671],[77.440541724147408,9.260755572792908],[77.440488906855521,9.260792408450389],[77.440318534194006,9.260911228321984],[77.439864975706087,9.261227543945671],[77.439070591731877,9.261570112042198],[77.43877164158512,9.261676458200077],[77.437823331413952,9.262141639723918],[77.437805054319227,9.262150605244262],[77.437339421954647,9.262520367112243],[77.437059960828478,9.262464743157819],[77.436781070140128,9.262407992550905],[77.435797735579698,9.262016109422666],[77.435730919403241,9.261692407389754],[77.434892238703355,9.261161163384065],[77.434924085021223,9.261123002199882],[77.435028560367925,9.260938426497557],[77.435286885543192,9.260434834824457],[77.435246978413034,9.26043553701162],[77.435057179369039,9.260448602855952],[77.434845426628101,9.260800620588302],[77.434711009803223,9.261024074241972],[77.434476948399578,9.261413175783405],[77.43459404966157,9.261478266028409],[77.434426392026609,9.261662797904567],[77.43440918660805,9.261681734770946],[77.434405267091165,9.26168604914111],[77.433676444430375,9.262526029608564],[77.433469859576107,9.262736225494766],[77.433442296942019,9.262736413025298],[77.433316770523149,9.262737264559938],[77.433056060468218,9.262688900855531],[77.432849479415808,9.262903092143508],[77.432806894387113,9.26294747202714],[77.432753656204554,9.263002953345605],[77.432818704588982,9.263350833052911],[77.432886408639391,9.263497173134374],[77.432928758222062,9.263798456687729],[77.432930175030108,9.263808531875734],[77.43302946582223,9.26518336164424],[77.433153187017183,9.265844864323974],[77.43315473922695,9.265853140635821],[77.433214899055542,9.266706608064618],[77.433253764416889,9.267257968954244],[77.433306031571618,9.267471893283579],[77.433443440899069,9.267670750806115],[77.433435265189615,9.267710249969756],[77.433473910946546,9.267705482031838],[77.433514820218107,9.268261241238164],[77.433526889913722,9.268334366639476],[77.433589112980329,9.268711350923413],[77.433591560502251,9.268726178030844],[77.433595331964725,9.268749027291593],[77.433605178160363,9.269535078735919],[77.433607371324797,9.269710140986382],[77.433608804832446,9.269824581877449],[77.433422694367835,9.269948051947136],[77.433316958597658,9.270504161239964],[77.433269659903118,9.27075292465525],[77.433136973523858,9.271390827857633],[77.433127706786152,9.271435379112932],[77.433018625430904,9.27144579547879],[77.43297995467745,9.271449488605343],[77.432859205410693,9.272005665992763],[77.432830011284636,9.272121119299284],[77.433455227553011,9.272012812600556],[77.434606840878288,9.271971086517375],[77.434669251335251,9.271970396243168],[77.434689227367798,9.272320719918238],[77.434800511538555,9.272633560747082],[77.43518655593904,9.273663377619325],[77.435213357288504,9.273888604571939],[77.435223468030301,9.273973567365836],[77.434953581413808,9.274051525760962],[77.435067097789172,9.274680965526443],[77.435178915741858,9.274734944893691],[77.435273928851217,9.275467681148555],[77.435299811187562,9.27567546091567],[77.435457878803618,9.276095166738013],[77.435719376235539,9.277128230409],[77.435795165930401,9.277964696875621],[77.435794907364567,9.277984520345639],[77.435806878248044,9.278084597909094],[77.43584047505334,9.278848163782094],[77.435845371839022,9.278959449777933],[77.43671404091134,9.278886979394047],[77.43672919530529,9.278969016908057],[77.436749774255972,9.278981395885996],[77.436879056455211,9.279059164735811],[77.437144494291488,9.279188740607557],[77.43715629399793,9.279225934682188],[77.437160707535966,9.279239847926801],[77.437245021338512,9.279505607133713],[77.437327034340711,9.279906307920175],[77.437421822620109,9.279906343266642],[77.437497602105509,9.279547534616324],[77.437550734715941,9.279295956339197],[77.437382771872635,9.278918854192492],[77.437224727663988,9.278580209415317],[77.437180465826842,9.278419952296932],[77.437121067772622,9.278204895227924],[77.436894146678227,9.277700588321284],[77.436677687306513,9.277268335680962],[77.436546464229778,9.276997871880369],[77.436492441084809,9.276886524719071],[77.436300870102855,9.27649118778125],[77.436264839427764,9.276264245278059],[77.436216692812039,9.275705407833625],[77.436236473901673,9.275575755242919],[77.436313345093168,9.27555305737914],[77.43681551944006,9.275426551879374],[77.437449600425523,9.275374144633171],[77.437492592820831,9.275644440013036],[77.437670243795367,9.275738665916705],[77.437713884326797,9.275761813379503],[77.437762724419116,9.275913151877148],[77.437970221409586,9.275783338803357],[77.438442942366223,9.275780833280555],[77.438465178928851,9.27566840000517],[77.438467241902273,9.275657966718333],[77.438615555143954,9.275613824005266],[77.438639107721499,9.275638712258099],[77.438720469283552,9.275596322743336],[77.438747253336572,9.275465814061494],[77.438794599871756,9.275445518118344],[77.438952458985909,9.275422738275633],[77.439029940788473,9.275531372194106],[77.439169308934538,9.275454055908902],[77.439068222564956,9.275221984093992],[77.439128274134589,9.275203155382675],[77.439564233257471,9.275046408994641],[77.439808364208091,9.274927198364825],[77.439823064186086,9.27492001924438],[77.439866153030266,9.27489897919618],[77.439846885029311,9.274614655087415],[77.440546268314051,9.27435785125518],[77.440516337638982,9.274034229847882],[77.440516166426264,9.274032373729739],[77.440574102846824,9.273989239280693],[77.440589515008,9.273977765214877],[77.440603191133036,9.273857064810718],[77.440689641608415,9.2738107943601],[77.440688769695683,9.273787862816675],[77.440711982839019,9.273780744033861],[77.440718180193358,9.273687785335053],[77.440785974549001,9.273644916911834],[77.440914045211059,9.274136734289826],[77.441329057284221,9.275055197791858],[77.441380322971796,9.275054679046352],[77.441410557083159,9.275124100835958],[77.441774324364872,9.275050691490012],[77.441791358401602,9.275050518914034],[77.441874550562275,9.275484338785871],[77.441902350662531,9.275491094295898],[77.442060942119397,9.275529620750939],[77.442061941868218,9.275544120247401],[77.442068963953545,9.275543621376016],[77.442088107696506,9.275694579420732],[77.442124496070676,9.275725313864486],[77.442193353331561,9.275763875000305],[77.442188731757625,9.275779568051755],[77.442192895074072,9.275783083597721],[77.442131343424748,9.276123268032377],[77.442163100785081,9.276132619761551],[77.442243928574015,9.276152056244637],[77.442390429358355,9.275887979334897],[77.442459875635748,9.27588915100899],[77.442605348816471,9.275891605871053],[77.443345349276981,9.275904094429309],[77.443966745388209,9.276133335258063],[77.444136476969732,9.276195950185787],[77.444139503934579,9.276197066415563],[77.444152403702049,9.276216101015255],[77.444398758874414,9.276579588352368],[77.444399094691235,9.276580083738301],[77.444400997029575,9.276584485022308],[77.44457354323238,9.276983700690664],[77.444595730117442,9.27703503178742],[77.444604381622383,9.277114226883731],[77.44467308630702,9.277405035298658],[77.444700747841736,9.278150555699856],[77.4446779942148,9.278737159544171],[77.444492433960946,9.278805843060045],[77.444400049440546,9.279547546632147],[77.44457379124114,9.27959432736246],[77.444657065959746,9.279993011589044],[77.444672473915375,9.280350601368463],[77.444764370778145,9.280856328414684],[77.444785155564645,9.280925120888007],[77.444808557757767,9.281002569605976],[77.445334912576072,9.28080227290288],[77.445421437597503,9.280666065687512],[77.445471098985891,9.28061943646374],[77.445807340798524,9.280506889210148],[77.445973391961516,9.280433065395441],[77.446304136556321,9.280238609993141],[77.446632354067162,9.28004543721794],[77.446954003042961,9.279862727543653],[77.447000692294878,9.279835568780777],[77.44712220333308,9.279765988720126],[77.447203831358735,9.279719246416883],[77.447686252432149,9.279548065131239],[77.447723577553802,9.279534820627239],[77.447903034260094,9.279552200763016],[77.447961151906256,9.279684888988298],[77.447986985833396,9.279743869999622],[77.44817134515759,9.280164773976241],[77.448181224230538,9.2801873293805],[77.448183432295636,9.280197112811427],[77.448272187941058,9.280590303387877],[77.448320958839986,9.280806365113943],[77.448500858445698,9.281603328882619],[77.448519463117492,9.281669384002756],[77.448555274121659,9.281773679270273],[77.448626007472797,9.281883045464262],[77.448751522562759,9.282077114415726],[77.448815814466755,9.282176521459871],[77.448873226362082,9.282265289667567],[77.448749793884261,9.282291229527379],[77.44877976956127,9.282714032121669],[77.4487833194014,9.282733705946304],[77.449126049610214,9.282769302997613],[77.449145140463202,9.282992670748584],[77.449152733884262,9.283081514182015],[77.4491226190069,9.283468246866082],[77.44910472660986,9.283698018121383],[77.448993368970577,9.284396560256537],[77.448973146154103,9.284523419986163],[77.448912402227734,9.284791634823428],[77.44894327817677,9.284946520372557],[77.448944295557069,9.284951623399104],[77.448652054315673,9.285125530880599],[77.448082811228289,9.285263098429617],[77.447920400908984,9.285373715966164],[77.447586138286738,9.285640875218675],[77.447362323614243,9.286373637833474],[77.447346820743974,9.286442889068145],[77.447333821730467,9.2865642290688],[77.447411827717843,9.28700195917161],[77.448006416658885,9.287640322711599],[77.447930402794498,9.287657908248711],[77.447505569379913,9.287756178084766],[77.447102245269065,9.287849472846537],[77.44672897292017,9.28791553790583],[77.446531121120898,9.28801484724173],[77.446576510025949,9.288689122175123],[77.446571776403118,9.289232983659558],[77.446571592062426,9.289254133449367],[77.446145693418089,9.289342673895412],[77.446268694345122,9.290206609132511],[77.446320766626215,9.290263295815967],[77.446461204013914,9.290261871289562],[77.446989594836282,9.290256510360493],[77.447059209568565,9.290255804145318],[77.447053060213847,9.290435844194118],[77.446944223068996,9.290464749021179],[77.446859776855959,9.290904006121233],[77.446850683331817,9.290951312621655],[77.44719166873891,9.291047999119204],[77.447666492099188,9.291241445925454],[77.44818138821411,9.291307981313796],[77.448661719650673,9.291306646973522],[77.448689002988402,9.29130657185757],[77.44866219705078,9.292483432261703],[77.448793815836964,9.292518412925745],[77.449050038233977,9.292597081692261],[77.449378762548307,9.292699756140134],[77.449394323515151,9.292704615710456],[77.44977437844976,9.292734431627833],[77.449909714663178,9.292745554429754],[77.450387559909146,9.292784828686687],[77.450914793633032,9.293137113319579],[77.450968625698991,9.293173083549446],[77.45117342858903,9.293277635850586],[77.451282005184709,9.293317952549874],[77.451980021467833,9.293577138856646],[77.452448409693957,9.293743529715609],[77.452543684971815,9.293777374996134],[77.45287439123102,9.293675411577448],[77.452908104318752,9.293649182541676],[77.452984390890649,9.293229500669479],[77.453125067243377,9.292644171816749],[77.453174713780797,9.292215722795493],[77.453201341023401,9.291994375174193],[77.453502817678157,9.291660277369587],[77.453663815021855,9.291536645458205]]]]}},
{"type":"Feature","properties":{"vill_name":"Sivagiri - Part-2","dist_name":"Tenkasi","taluk_name":"Sivagiri","village_co":"122","lgddcode":733.0,"lgdtcode":5870.0,"lgdvcode":933537.99999999988},"geometry":{"type":"MultiPolygon","coordinates":[[[[77.385938256410128,9.353000430353008],[77.386924135581381,9.35286096745658],[77.387598534244248,9.35291393254294],[77.388441619135577,9.352985183702131],[77.389074651275834,9.352815401759868],[77.389438786393342,9.352734115728209],[77.389746810725441,9.352621880198059],[77.390387317832207,9.352163337750723],[77.39065653789639,9.352108382900751],[77.390917006051978,9.352055214699339],[77.390960483940631,9.352055158962305],[77.391887088626873,9.352053964643165],[77.39188726822286,9.352031888035743],[77.39188865918436,9.351860858415746],[77.392413835445524,9.351868224051385],[77.392609726659344,9.351926214181871],[77.392670082179606,9.351944081373041],[77.392749427597323,9.351928510405486],[77.393044753697509,9.351870553776759],[77.393078182686295,9.351867433503962],[77.393122410763439,9.35186330364103],[77.39371408534862,9.351808056017886],[77.394829684436829,9.351544634793768],[77.395212360352375,9.351364575161579],[77.395567571642047,9.351197434491542],[77.395912879580081,9.350980785915761],[77.396131848720572,9.350894023977389],[77.396501270369555,9.350730496768238],[77.396958564495051,9.350528070719664],[77.397027112377174,9.35062540967286],[77.397046704266373,9.350653231317821],[77.397080355880703,9.350639792211624],[77.398159712148754,9.350208739388725],[77.398221673047701,9.350183994088246],[77.398319260934755,9.350168122124288],[77.398440576568092,9.35014839156368],[77.398676859125686,9.350043371233014],[77.398866107987047,9.349975724275833],[77.399758085314872,9.349637515314427],[77.399759545383688,9.349636961380231],[77.399759752649018,9.349635281587688],[77.399762868408473,9.349610044142763],[77.39976887178851,9.349561422168525],[77.399815554240092,9.349183315824005],[77.399828354321272,9.349079637608073],[77.399832244513675,9.349048128216021],[77.400136250447289,9.348987364403934],[77.400964662385988,9.348671539592372],[77.401365349490305,9.348658967982573],[77.401386914701348,9.348658291231148],[77.401365212374799,9.348420978240389],[77.40136195555246,9.348385360784114],[77.401422191249551,9.348203535941101],[77.401459981800485,9.348089463510357],[77.401473683742523,9.34804810212357],[77.401806174743257,9.348009941550538],[77.401808955999726,9.348012525568627],[77.401965619422214,9.348158077623619],[77.402521332671853,9.348111021399077],[77.402561056892139,9.348107657869186],[77.402890022883554,9.348147416627173],[77.403302851328405,9.348069858090245],[77.403354290799854,9.348217753438917],[77.403794127942334,9.34803628675704],[77.403845371724046,9.348015144704398],[77.404041657555595,9.347863923525374],[77.404065624410066,9.347845458821507],[77.404422012547315,9.347715165812376],[77.404675270273955,9.347622576728639],[77.404702855076437,9.347612491356916],[77.405676331257226,9.347412087431271],[77.405737720855967,9.347399449250263],[77.406463860055695,9.347232473976248],[77.406519946569219,9.347345790555531],[77.40652267329375,9.347351299053626],[77.406575555696591,9.347340348520488],[77.407623603508753,9.347123323268518],[77.407635089809816,9.347057764726863],[77.407645833546127,9.346996448128357],[77.407667223652851,9.346993705383356],[77.408617079589362,9.346871928524578],[77.409139787125142,9.346823064089989],[77.409202620749312,9.346817190063556],[77.410149873777172,9.346467883234075],[77.410228565659011,9.34643886461039],[77.410256308465364,9.346506316339536],[77.410259703379154,9.34651456978046],[77.410817586014971,9.346372020170071],[77.410853718958137,9.346359612032543],[77.410987773258341,9.346313576720247],[77.41152575535061,9.346128830654719],[77.411864818668292,9.346043960009462],[77.412016792349988,9.346005919198825],[77.412784555003967,9.345922669295271],[77.412948845206841,9.345899455600511],[77.413397398789073,9.345836072893285],[77.414287705663469,9.345652559768585],[77.41449658391825,9.345609504511978],[77.415543854424328,9.345429225311632],[77.416050383446034,9.345371845917896],[77.416149157359541,9.345360655836213],[77.417789191769089,9.345165624577215],[77.418017545029386,9.345138468830456],[77.418302635836923,9.345201509170606],[77.418383701180971,9.345219434834616],[77.41838594064663,9.345241223220112],[77.418402380537415,9.345401194177507],[77.418406234469515,9.345438693261958],[77.418562604207892,9.346959919497673],[77.418577595397153,9.347105734296166],[77.418832906189223,9.347647167066215],[77.419144926528247,9.347712945880305],[77.419409417358395,9.347865708702894],[77.419507699535288,9.347922473622328],[77.419995812544627,9.347960550891518],[77.420040997145094,9.347964075601622],[77.420140592070169,9.348223662398661],[77.420169048279703,9.348297831870074],[77.420787323014835,9.348213221137575],[77.421103665209458,9.34833170213037],[77.421639900138743,9.348188130961971],[77.421745014398113,9.348159987338223],[77.421854543024665,9.348130660388501],[77.422540314990925,9.347980600856207],[77.423005713890674,9.347878751188468],[77.423029019809732,9.347876959411785],[77.424441638257548,9.347768333288595],[77.424683939253399,9.347935372105866],[77.425103726766665,9.347777560101262],[77.425708105361053,9.347447390698337],[77.426029911890993,9.347049582440141],[77.426048682620021,9.34703508367636],[77.426087610328707,9.34700501492796],[77.426279192245261,9.346857032749055],[77.426444397725319,9.346729424843732],[77.42655468370117,9.346644236673159],[77.427242745013629,9.346302171241055],[77.427792334857031,9.345993525886177],[77.427835347873113,9.345964832345286],[77.428179710894554,9.345735101265017],[77.42818320706219,9.345732769279811],[77.428605388983584,9.345530016293543],[77.428658793367973,9.345504368588607],[77.428711803120223,9.345478911005884],[77.428845641312137,9.345458305323612],[77.428957406213158,9.345441097704311],[77.428980566561108,9.345437531768635],[77.429147097277379,9.34541189228657],[77.429540214350411,9.345355353647845],[77.429901175778426,9.345303439300563],[77.430168828919435,9.345262283520162],[77.430419847689592,9.345223685762972],[77.430626535242041,9.345361683651321],[77.431009168851432,9.345298666603314],[77.431010323395654,9.345298476888829],[77.431008708864752,9.345251872478116],[77.431008694472666,9.345251411895635],[77.431002804696504,9.345081193835268],[77.431000299023324,9.345008769768024],[77.430990634112661,9.344729445073222],[77.43098191003061,9.34447730108551],[77.430974404119397,9.344260353112526],[77.430622985048288,9.34406591446059],[77.430521995119832,9.344067136643371],[77.430219813830405,9.343973707423268],[77.43015137427679,9.343901918341571],[77.430137851626355,9.34375792994736],[77.43008892520723,9.343331869088191],[77.430084734946391,9.343294770760682],[77.43005523093565,9.343044032184547],[77.43009219712178,9.343016287589657],[77.430064692161295,9.342828189501143],[77.430000478765521,9.342436208882598],[77.429993975280851,9.342396508841999],[77.429916375085298,9.342000081743217],[77.42989573978187,9.341894662459213],[77.429775351532683,9.341310611118461],[77.429741597686899,9.340936868796122],[77.429742816779836,9.34080170663956],[77.42969395924689,9.340686130298257],[77.429731922108147,9.340571927391149],[77.429694437014831,9.340511254758283],[77.429775026444361,9.340352405585715],[77.429746905673028,9.339899541899106],[77.429705336235102,9.339863596121067],[77.429683228957231,9.339589518398748],[77.429680445620889,9.339441161029166],[77.429671347254768,9.338956156979417],[77.429822709474848,9.338950655227826],[77.429785359127422,9.33840291998596],[77.429766957653214,9.338027688069406],[77.429754117209669,9.337834287273354],[77.429746870392833,9.337715636474886],[77.429729278918586,9.337427593345438],[77.429704430226593,9.337316565011207],[77.429503524681664,9.337447835990501],[77.429415104645557,9.337027231397336],[77.429343129110237,9.336639957215004],[77.429463659242742,9.336240756803738],[77.42931341821479,9.335532865350187],[77.429134121491046,9.334605533780216],[77.429068099667774,9.334335087369043],[77.4289397229755,9.333719795987722],[77.428925050860926,9.333632254855193],[77.428779313012384,9.333834784855823],[77.42867280106131,9.333182556182404],[77.428559972873359,9.332619683628737],[77.428369560966829,9.33184374643699],[77.428159780786075,9.330922898611568],[77.427971719250152,9.330145777475359],[77.427459014284679,9.329493275137327],[77.427186982560755,9.32911609465355],[77.426834768412519,9.328646496607313],[77.426761974113489,9.328537069345503],[77.426627724697553,9.328335257524467],[77.426298293861592,9.32764723575001],[77.425714019730378,9.326472334050781],[77.425604292328856,9.326457411353017],[77.425580839732802,9.326488716258986],[77.425556975124323,9.326507739644835],[77.425572008430521,9.326592966630745],[77.425409102149715,9.32666821758554],[77.425403401483194,9.326805164139111],[77.425312809089448,9.326831530748013],[77.425166919691108,9.32687399181961],[77.425151245303255,9.326791478580381],[77.424812407156665,9.326654458858391],[77.424560667535218,9.326634089072822],[77.4242772890711,9.326625085070726],[77.424258421417676,9.326480650998862],[77.424166988680369,9.326414098551131],[77.424136155234123,9.326351192743003],[77.424116062320678,9.326283962165222],[77.424036188979059,9.326016715988811],[77.423699071177538,9.325985584880405],[77.423607261009906,9.325861675595419],[77.423352856859452,9.325821653039451],[77.423294024209696,9.325251985980938],[77.422919885729428,9.325174308555582],[77.422789669234788,9.325152586691765],[77.422107533550118,9.325038798082307],[77.421899497472097,9.325004094895428],[77.421531460504013,9.324890370601258],[77.420754484530931,9.324872086778555],[77.420415796840757,9.324877823335026],[77.420340865857852,9.32487909210394],[77.420317583509174,9.324871253321747],[77.42015214723142,9.324815521044792],[77.420093298314882,9.32479556865308],[77.419574310655676,9.324619613289105],[77.419368336657428,9.32439163911434],[77.418791221568668,9.324361051865715],[77.418243093662241,9.324331709989609],[77.417963547917253,9.324319370993003],[77.417930240618432,9.324551277215889],[77.417928139419047,9.324585876000663],[77.417916371204853,9.32477557177976],[77.417912406251887,9.324839494829824],[77.417890607410442,9.324832099688589],[77.417889974955301,9.324839471057883],[77.41787000884284,9.325072346751003],[77.417483706553455,9.324840747455413],[77.417473512258567,9.324839028708839],[77.417283712376687,9.324807031017002],[77.416569781564306,9.324674005651051],[77.416283934010764,9.324623280334036],[77.416255317384127,9.324628961241196],[77.415861992730697,9.324707037982167],[77.415840890956375,9.32466674792032],[77.415673503289895,9.324347156558174],[77.415468240920575,9.324362889659197],[77.415019009835277,9.324236466429948],[77.414663760721723,9.324083167814635],[77.414325509346781,9.324099314309976],[77.413967744255359,9.324110754159157],[77.413915035785593,9.324084952184238],[77.413547743605946,9.323905152209107],[77.412822527054317,9.324238953269898],[77.41253664004779,9.324225253286507],[77.412304597863468,9.324110421924788],[77.412263503347233,9.324115595612454],[77.412249124276826,9.324315446449976],[77.412247192760475,9.324342288931208],[77.412097283614955,9.324475142928225],[77.412094003710152,9.32449971750067],[77.411696263388578,9.324833781067559],[77.411691181541102,9.324838049682892],[77.411578084921189,9.325337505249193],[77.411619371153222,9.325407599282737],[77.41165822015752,9.325473557359413],[77.411429919228368,9.325453841503627],[77.411342301472516,9.325446276338912],[77.411201000365551,9.325361545807255],[77.410507866449308,9.324955114075047],[77.410374590943064,9.324954469044853],[77.410009283126413,9.324967952650713],[77.409957418803913,9.324795775993209],[77.409768413706487,9.324718312140003],[77.409506046415416,9.324610779920382],[77.409468370712545,9.324565130373255],[77.409405526139452,9.32447338520722],[77.408693564550376,9.324565134936844],[77.408585968651963,9.324448520580871],[77.408212704746532,9.324437823738704],[77.408076195693312,9.324416420616231],[77.407881968420909,9.32421349917651],[77.407807485462769,9.324190117148085],[77.407618993182737,9.324130944687425],[77.40719865127906,9.32386238826412],[77.407053743991284,9.323767707518959],[77.406488258242305,9.323398416034449],[77.406422294926585,9.32341176803301],[77.406219718870091,9.323452773269668],[77.40572859324179,9.323566977408669],[77.405479014281653,9.323449114244658],[77.404915611619955,9.323346832922587],[77.404836070390971,9.323332392910903],[77.404418418806571,9.323097321783793],[77.404384184631809,9.323082324170782],[77.404190193360421,9.322921262198317],[77.403678376217954,9.322883705871583],[77.403617021612376,9.322879204257049],[77.403615770076186,9.322853753575163],[77.403614042919912,9.32281866346638],[77.403607892750969,9.322693688894242],[77.402800791203546,9.322424708565114],[77.402195455173597,9.322432347062636],[77.401340802196657,9.322443131186725],[77.401315102610738,9.322476020731242],[77.40112757475481,9.322716023281682],[77.401287523351556,9.32278342750851],[77.401280925672651,9.322822404676762],[77.401599337728697,9.322966896664576],[77.4016053143568,9.323075840181133],[77.401609429308024,9.323150865921734],[77.401584768431945,9.323142207762336],[77.400402471320206,9.32272710841595],[77.400385442697058,9.322724558094121],[77.400280533862713,9.322708850171651],[77.399855056301647,9.322737865827987],[77.399505970582808,9.323018429630622],[77.399517524226553,9.323202678768775],[77.39954612876565,9.323658915299019],[77.399521747024167,9.323662475479773],[77.399526659800799,9.323761824907541],[77.399227734635105,9.323796487551514],[77.399191513193983,9.323800687955023],[77.398424890554665,9.323889784735643],[77.398329319009619,9.323892305940809],[77.397779338909459,9.323906812534027],[77.397239669548895,9.323753900508576],[77.397206180061573,9.323744411424125],[77.397008464536711,9.323524187997233],[77.396556863558942,9.323384878863809],[77.396244422751309,9.323423635195098],[77.396203036016132,9.323233547438432],[77.39577875216645,9.323012776120711],[77.395401780008868,9.322952321455725],[77.395090126100442,9.32299876935142],[77.394850509370329,9.322666831487529],[77.394797646457022,9.322647913943234],[77.39465562344752,9.322597088095],[77.394576012791745,9.322295108139615],[77.394793153971108,9.321423056452954],[77.392655313532046,9.321355286584906],[77.392577294482379,9.321288102739082],[77.392293899440645,9.321044064964987],[77.392285757740737,9.320947066790508],[77.39224359821911,9.320444781043587],[77.391752401846958,9.320356630542243],[77.391487030099441,9.31983305638494],[77.391040636042433,9.319804500121281],[77.39089373915678,9.319795102249936],[77.390896889611199,9.319678152627505],[77.390882330212406,9.319676722957357],[77.390903565798794,9.319430292954307],[77.390908243966095,9.319256608144578],[77.390924279302709,9.318747870791185],[77.390616692736444,9.318701981830747],[77.390427881440218,9.319074957028553],[77.390107086249458,9.319538372981645],[77.389988743422521,9.319723538536781],[77.389997676437034,9.319798955446576],[77.390039256890745,9.319977484418352],[77.390399200444179,9.320107734252622],[77.390416083615037,9.320388950494049],[77.390382784183501,9.320428208562705],[77.390384137366567,9.320557319143877],[77.390188560046212,9.320804221172915],[77.390005920477506,9.32103478667773],[77.389949229607595,9.321051690912046],[77.389693342968087,9.321127993879529],[77.389490274122181,9.321185119689666],[77.388966234542252,9.32134572596957],[77.388443198019075,9.321566127157197],[77.388111273763258,9.321694962057288],[77.387989266903318,9.32174231864005],[77.387259552274543,9.321901627270107],[77.386381169942666,9.322087017835337],[77.385852681974683,9.322056238684324],[77.385514683013326,9.32202794106707],[77.385032712029911,9.321993273117091],[77.385022584467862,9.321985310599906],[77.384487077571464,9.321564285661228],[77.384194100173644,9.32131677500923],[77.384190377056086,9.321313628901438],[77.384184581124828,9.321315121847631],[77.384147326766168,9.321324718764165],[77.383416827650507,9.321512904470355],[77.382855548757405,9.321633860131092],[77.382627457885306,9.323167820622086],[77.382702482555757,9.323514408610595],[77.382494582073491,9.323669510724903],[77.382292782367102,9.324201849959273],[77.38196872563492,9.32465984896483],[77.38176037244952,9.324740317017289],[77.381803383191439,9.325107915307008],[77.381248515955377,9.325268795960575],[77.381377075171812,9.326193649220203],[77.381067849251835,9.326284424810044],[77.38095902365842,9.326870823970362],[77.381070276011428,9.32729972817439],[77.381078861346808,9.327559894396082],[77.381127018121376,9.327800813796745],[77.381145926815734,9.328034375721746],[77.380942020847058,9.328147029157279],[77.381314227612165,9.329162746892695],[77.381394398210318,9.329432260908424],[77.381400074192086,9.329532571613163],[77.381475534250981,9.329831291141209],[77.381577507678216,9.330315061135625],[77.38169877718974,9.330755968140849],[77.381699294928964,9.330757850278186],[77.381762867236134,9.331168236529342],[77.381885786052209,9.331794004139166],[77.381542092298062,9.332601704632506],[77.381456851121698,9.333158301167108],[77.381357520915344,9.333200274812111],[77.380936339978675,9.333188535175458],[77.380377996609255,9.333172972564753],[77.380345720219793,9.333759511086104],[77.381008722720651,9.333803003336133],[77.381014389375409,9.33385109938537],[77.381020385242635,9.333901993771967],[77.381061858716976,9.334254067779966],[77.381517399969439,9.334754456683958],[77.381578204909104,9.335211331171013],[77.381686770356822,9.335297771880851],[77.381409085636307,9.336134449719225],[77.381381821650393,9.336463695579109],[77.380846250422636,9.336734854899609],[77.380054707343021,9.337101775879047],[77.379613341640223,9.337365706687052],[77.379557039086961,9.337399375593447],[77.3789548496203,9.337967329776268],[77.379018117359152,9.338295093797312],[77.379062687313393,9.338525993095709],[77.379326713066064,9.339463584060324],[77.379394956287868,9.339957422072498],[77.379482273934812,9.340589314975341],[77.379798394057744,9.340574102930249],[77.380219278691996,9.340553849046646],[77.380230651007679,9.340409243570969],[77.380561164056346,9.340327655922263],[77.380707537726224,9.34117865207935],[77.380216674000593,9.341308432686212],[77.379743108187213,9.341433640345841],[77.379819909308139,9.341758680051015],[77.379810052136079,9.342096454110436],[77.379808005253281,9.342166592061879],[77.379976891881327,9.342575604441715],[77.380871413312533,9.34235792756597],[77.380972539635394,9.342903214734582],[77.382011244158079,9.342672647726312],[77.381849185751605,9.343038832009775],[77.381869288967124,9.343085521652711],[77.381960776049809,9.343579843251417],[77.382083808764989,9.343923297388407],[77.382213244836208,9.344367997850696],[77.382780025566248,9.344988752189561],[77.382711973766277,9.346285070247689],[77.382701355214181,9.346734925898083],[77.382515455983366,9.347007438884136],[77.382519593098067,9.347216025297941],[77.382524419954734,9.34745934933442],[77.382532814721188,9.347882512390401],[77.382606145092581,9.347885314105309],[77.382777539753391,9.347891863974313],[77.382882519722102,9.348321544387055],[77.382908830558364,9.348429234648638],[77.383635168314626,9.348290404850607],[77.383704052757565,9.348277238808306],[77.384232158156578,9.347780852792397],[77.385348028190577,9.347185999930582],[77.385262178084645,9.346450132835551],[77.386070558748187,9.346391893366315],[77.38640196066784,9.346368018198524],[77.386413900125518,9.345848125863119],[77.386419463146439,9.345605856430979],[77.386315927248575,9.345053069733352],[77.386227893076892,9.344951842946156],[77.385469863329647,9.343998994852308],[77.386656982932877,9.343359111886592],[77.387540450288185,9.342909617579146],[77.38792692824552,9.342944386055075],[77.38833930932266,9.342981485133402],[77.388635932815035,9.343905167122937],[77.388640584060468,9.343919602955856],[77.388817437629669,9.344494352660378],[77.388880182358108,9.344595890395624],[77.3891143071816,9.344974778310572],[77.38920750526384,9.345716135204018],[77.388812256055004,9.346117011290136],[77.388908733263207,9.346302145911023],[77.388949451099307,9.346305754431027],[77.389095830820267,9.346318726915699],[77.389123422367561,9.346839747229868],[77.388732444470023,9.346968210166004],[77.388718484570418,9.347063244432212],[77.388646808031496,9.347069878663065],[77.38831697129821,9.347100411627343],[77.388240786110615,9.347454186857776],[77.388204441510098,9.347622957757251],[77.388082460153157,9.348189392637439],[77.388056506831106,9.348327586556039],[77.387945578372836,9.348918244267187],[77.387887698313108,9.34901954952822],[77.387845728172792,9.349093007221596],[77.387371956715498,9.350042396620825],[77.387129223142878,9.35053650449367],[77.386218795034694,9.350404053014383],[77.385895136029646,9.35045056770085],[77.385235880663984,9.351081055639908],[77.384749975958343,9.351445329367664],[77.384436875429188,9.351500402629968],[77.384281950637416,9.351527652838946],[77.383994329737504,9.351647401165057],[77.383615533700379,9.351805109791435],[77.383594666857661,9.352106040709797],[77.383523592174839,9.352445444827142],[77.383604198052481,9.352729070102228],[77.383676882410356,9.352984820886759],[77.383590401978921,9.35305529030764],[77.383559187069224,9.353238522068212],[77.383551551722192,9.353283340929231],[77.383497218404983,9.353579801950843],[77.383502391314806,9.353607578915183],[77.383519888962169,9.353701535787895],[77.383734360292223,9.35374692613652],[77.383810707987905,9.353763084689154],[77.383856477150488,9.353762691270123],[77.383843488016069,9.35360333555918],[77.383838929629292,9.353547425385161],[77.383685151824068,9.353426070198971],[77.383681174740119,9.353297608201339],[77.385918989913762,9.353002966634671],[77.385938256410128,9.353000430353008]]]]}},
{"type":"Feature","properties":{"vill_name":"Patakurichi","dist_name":"Tenkasi","taluk_name":"Sivagiri","village_co":"15","lgddcode":733.0,"lgdtcode":5870.0,"lgdvcode":642631.0},"geometry":{"type":"MultiPolygon","coordinates":[[[[77.437908182597155,9.23295764443362],[77.438941316368599,9.23270769525945],[77.439855091157213,9.232485417801316],[77.440199283760776,9.232419289757246],[77.440589953775216,9.232361992333074],[77.440602203602239,9.232360056242962],[77.441899921401117,9.23215489448762],[77.442345602760767,9.232084435169638],[77.442404180151868,9.232078841208237],[77.442696931621811,9.232050882543884],[77.44279274756849,9.232081194853267],[77.442800495577558,9.232083065558795],[77.443293100959039,9.232197062074714],[77.444493823254575,9.232053989413117],[77.444561261594217,9.232045954002915],[77.444562982940113,9.23183544794173],[77.444646154188959,9.231835801270291],[77.444817184209896,9.231605772399831],[77.445254643732142,9.231504492319553],[77.445347934517628,9.231397573182985],[77.445393819639861,9.231344984981048],[77.44592771068497,9.231315039261991],[77.445919828941967,9.231270503762779],[77.445876379216074,9.231018372762048],[77.445840768889369,9.230843632874056],[77.445760341403371,9.230486970204002],[77.445730354312872,9.230353993433463],[77.445690077660203,9.230324518887647],[77.445943727894388,9.229910723664069],[77.446263594320939,9.229750345179513],[77.446079927904947,9.228560237215479],[77.446684031733867,9.228375189130922],[77.447384887890237,9.228181565637227],[77.448036195347285,9.227985412736938],[77.448420980315788,9.227913932186707],[77.449102971186576,9.22780293645334],[77.450610717125301,9.227524429699713],[77.450878683045474,9.227480876679744],[77.450993175167099,9.227462267413662],[77.451115895676281,9.227488684664225],[77.451158128819301,9.227348981873654],[77.45118340646539,9.227265365784792],[77.451187021083371,9.227253405444221],[77.452221849589108,9.227135877386665],[77.452461419555945,9.22694824043456],[77.452417841617901,9.22606650193647],[77.452385637691165,9.225509461298174],[77.452427312357116,9.225514049403007],[77.453113720247984,9.225589619420106],[77.453223013828136,9.225546138676043],[77.453228751237404,9.225546519443212],[77.455194545358736,9.224798313630751],[77.455211823120393,9.224791445525824],[77.45530244789903,9.224755419636052],[77.455725512588373,9.225388775992567],[77.456137534817785,9.226005599772925],[77.457178179691653,9.225593119218368],[77.457248388964913,9.225552696868117],[77.458503947611945,9.224964726069413],[77.459918791640135,9.224360154404705],[77.459924211270973,9.223882818772703],[77.460883847985656,9.223940622914977],[77.460942782093582,9.223823998047681],[77.461018309873921,9.223843642255257],[77.461026438903502,9.223690214213871],[77.461048261811385,9.223688916882299],[77.46110998444091,9.223685246198444],[77.461038406150678,9.22310946405087],[77.461035018709296,9.223079658279664],[77.46099093798766,9.222802790182168],[77.461024330570723,9.222779171837592],[77.461023738819407,9.222770355088512],[77.461019831634175,9.222723967858668],[77.461053308890115,9.222704157663859],[77.460999627149135,9.22228460237752],[77.460998214280593,9.222273563752141],[77.461179078127387,9.222148924064628],[77.461337267786377,9.22194311855854],[77.461345361205019,9.221937968938944],[77.461449590781939,9.221871642546638],[77.461590747345852,9.221781818233888],[77.461605890730695,9.221772181328083],[77.461563944845281,9.221651556381357],[77.461373400655575,9.22110359793529],[77.462188741166941,9.220737360987036],[77.462191346092439,9.220635324629143],[77.462193031052507,9.220569321066213],[77.462196243182589,9.22044347705946],[77.462744731282868,9.220201281581828],[77.462784144224315,9.220159557694801],[77.462776188076091,9.22003535974622],[77.462747111807673,9.219581451613575],[77.462926889451239,9.218821382713761],[77.46298949759769,9.217997184915722],[77.463044616252446,9.216943541722051],[77.463071218142488,9.216768283377981],[77.46309714799726,9.216597447807425],[77.463513161998975,9.216598537657534],[77.463514445872619,9.2165966335271],[77.463623665007731,9.21643469390659],[77.463676495828551,9.21617233594991],[77.463937020574193,9.215668548673012],[77.464131979393684,9.215243515068746],[77.464336299201449,9.214724103968907],[77.464418419055264,9.214524207687484],[77.464565279389916,9.214111486795499],[77.46457141387242,9.214094246599981],[77.464663315420665,9.213850355406636],[77.4647002135696,9.213752433340895],[77.464785113009242,9.213516250416282],[77.464861233259029,9.213323442764878],[77.464971886458628,9.213043165494559],[77.464973653879355,9.213038690258418],[77.464933010677527,9.212760959131197],[77.464926122936475,9.212708461764064],[77.464899592210742,9.212633044700704],[77.464795619004335,9.212525655799322],[77.464163946019255,9.211873237823426],[77.46387046734246,9.211590269019357],[77.463441268330968,9.211133108430154],[77.463400866050961,9.211065994929532],[77.463459513962889,9.210686447548124],[77.463566599368377,9.210164632323663],[77.463668208378479,9.209588060120462],[77.463694964821684,9.209459580644738],[77.463848819254267,9.208387992075977],[77.463970403356527,9.207525083194101],[77.464045401885613,9.207039714335147],[77.464319285937421,9.2062295758722],[77.464510293689116,9.20572592652271],[77.464580784342374,9.205520236178621],[77.464878988197952,9.204508075813756],[77.464981330678654,9.204171526660163],[77.465013845937634,9.203987728467522],[77.465069611709694,9.20364122115574],[77.465138000635591,9.203216282986205],[77.465333190251329,9.20231060094663],[77.465455548391731,9.201726560101127],[77.465384010161159,9.201497642285211],[77.46536148856265,9.20142557651908],[77.464521721327188,9.201021940176842],[77.464330810443428,9.200774804722723],[77.464399106187813,9.200615847742819],[77.464430102320662,9.200576264792378],[77.464530680950148,9.200363991458911],[77.464503635060893,9.200372563126265],[77.464088603631808,9.200504086023049],[77.463776952984631,9.200639470941274],[77.463285381745479,9.201059035178039],[77.46321122464731,9.20110480210856],[77.462251350003783,9.201697199151832],[77.461843141967265,9.201959557422754],[77.461771747998228,9.201927783423448],[77.461459830788158,9.2017889613871],[77.461392561662663,9.201687215319433],[77.461360336666374,9.201669186535748],[77.461112862925901,9.201314233708134],[77.46061656104618,9.201025891160826],[77.460540467145705,9.200872235601807],[77.460011875603598,9.200689791150353],[77.459796435430675,9.200739540558398],[77.4592960165851,9.200948305272835],[77.458708525489087,9.201653691933092],[77.458707500995871,9.201654922373995],[77.458705573017852,9.201653170847909],[77.45866425419058,9.201615646608454],[77.457623717789872,9.20067066091775],[77.457609985635941,9.200666075719234],[77.457602622070056,9.200658858154952],[77.456697400839175,9.200324564978466],[77.456673009969506,9.200321836786095],[77.455294237585946,9.200167575422322],[77.455214801785218,9.20016468552487],[77.455094131194144,9.200160297346741],[77.454827852475788,9.200188145840208],[77.454676717315749,9.200110440032558],[77.453791579052989,9.200101007093265],[77.452940495844516,9.200118072668548],[77.452788097763545,9.200139630498629],[77.452036149351414,9.200246001617288],[77.45199188691754,9.20025226200171],[77.451974178775288,9.200870656055267],[77.451522696562847,9.201189255176422],[77.450978013436568,9.201150697857722],[77.450483240768534,9.200997439889674],[77.450117448990127,9.20106021155876],[77.449750303443068,9.201666702729437],[77.449566448550883,9.201590906919977],[77.449248852901633,9.202116381614109],[77.449254750973893,9.202251753890085],[77.449271096158512,9.202626899021071],[77.449271989821497,9.202647413146218],[77.449272524300227,9.202659675378934],[77.449223189601511,9.203254611272405],[77.449229052946365,9.203324672630803],[77.449254451508054,9.203628134835155],[77.449222346497834,9.204013795140993],[77.449197372172677,9.20432033941715],[77.449182300580162,9.204505327216241],[77.448590900662737,9.204490568462029],[77.448582185246551,9.204490351578478],[77.448562076779567,9.204365950456554],[77.447163843561611,9.204590611980473],[77.447131395988734,9.204595403644564],[77.445995724989757,9.204788435262316],[77.445134509889186,9.204882916297251],[77.444766776887803,9.204932412380355],[77.443629662944701,9.205141369948869],[77.443239971852094,9.205148355875625],[77.442891153132194,9.205230288658688],[77.442875799311551,9.205235143164765],[77.442129329383604,9.205326114901764],[77.4417113111882,9.205365637106484],[77.44161499568439,9.205367817002314],[77.441171369699106,9.205285157836723],[77.440834255408973,9.205693171775524],[77.440840384660689,9.205705739315231],[77.440874859070647,9.205668590046391],[77.440911522110568,9.205744248770227],[77.441120742856342,9.206175997058356],[77.441510432256635,9.206442433253386],[77.441510048739616,9.206457049038564],[77.441591578434384,9.206502203107613],[77.441589457574992,9.206558378992769],[77.441587401105224,9.206612842839585],[77.44172547591775,9.20662752010149],[77.441846955277597,9.206509881020143],[77.442049042932425,9.20646562376478],[77.442511814018417,9.206492493255784],[77.442968869930667,9.206378846318845],[77.44301489033667,9.206367402630359],[77.443114824413129,9.206348617163563],[77.443137963992712,9.206344267542056],[77.443161322968777,9.206339876750704],[77.443921780160792,9.206196928268879],[77.443971456793321,9.206187589856224],[77.444078096864558,9.206050827294055],[77.444186675351034,9.206045707321325],[77.444483253603266,9.206036211127449],[77.444508694835989,9.206113412931028],[77.444578041366753,9.206384491848418],[77.444503967265419,9.206460141901205],[77.444525715989215,9.206656831884757],[77.444528625603596,9.206657183840841],[77.444532246058344,9.206789643063965],[77.445065127368949,9.206784676435131],[77.445141560405773,9.20722328625439],[77.445123463593632,9.207266344354737],[77.445086803606586,9.207353570944351],[77.445199100392202,9.207798612032773],[77.445209241878544,9.208308014926594],[77.445292289357411,9.208291128803088],[77.445342178842907,9.208280985261693],[77.445663779605212,9.208273262615707],[77.446283694411179,9.208159789326789],[77.446402241761334,9.208837549135636],[77.445943682029665,9.208941621084509],[77.4459370779811,9.208965955035644],[77.445874650639126,9.209195994400188],[77.445695613389063,9.209211124447384],[77.445690569165848,9.209315773915575],[77.445548264264019,9.209330647336323],[77.44552439939423,9.20936305276399],[77.445249287661326,9.209398080920504],[77.445151437622272,9.209410540355748],[77.445059654420916,9.209639314280896],[77.444791799600694,9.209851789375588],[77.444795821335589,9.209858870330754],[77.444853686577545,9.20996074117817],[77.444840910619547,9.210248290133439],[77.444685676264797,9.210370632589298],[77.444707368721851,9.210446618350934],[77.444710271004709,9.210456784071724],[77.445019765296422,9.210436659116835],[77.445334742635652,9.210437678313385],[77.445569209983063,9.21052940259538],[77.445599631945697,9.21054130277972],[77.445596480356969,9.210710413607602],[77.444995100790536,9.21080814379995],[77.444785438123034,9.210766722881704],[77.444777193718679,9.21116325728482],[77.444650327000403,9.211165899321363],[77.44461234366851,9.211307444342133],[77.444499629855727,9.211436929239003],[77.444502669275934,9.211614020718022],[77.444507715222827,9.211675092353744],[77.443956341194948,9.211772600154619],[77.443885762283458,9.211797128609017],[77.443416265556451,9.211960291806397],[77.443104718595308,9.211933960876758],[77.442954703070896,9.211887756601184],[77.442759188477879,9.211857030176512],[77.442546923551376,9.211845818894432],[77.442524622992494,9.211899717843815],[77.442511601919108,9.211931188265595],[77.442198504738855,9.211955421599427],[77.442197922372998,9.211957408393642],[77.442081381232668,9.212355272081977],[77.442152017202673,9.212431358210088],[77.44211942386093,9.21264281711016],[77.442098681987602,9.212777385131538],[77.442069422961353,9.212967203562021],[77.441992777472365,9.213112715272196],[77.441994558035901,9.213186303872886],[77.442035197810085,9.213232856002064],[77.442035414025241,9.213355105394195],[77.442035948140941,9.213657826199706],[77.442036019796305,9.213698374058763],[77.442036219058281,9.213811518206812],[77.441994511269826,9.213892218877215],[77.442025439071216,9.213991292089155],[77.441892826121503,9.214519025125401],[77.44182600685626,9.214598479660976],[77.441807766930438,9.214722714122619],[77.441803705040215,9.214750380981153],[77.441802500585496,9.214758587554476],[77.441886454096974,9.214752904227879],[77.442046644501488,9.214769213365607],[77.442556176885873,9.214760577782165],[77.443047494437522,9.214682544617316],[77.443040750082304,9.214950664839826],[77.443045514173079,9.214951306927372],[77.443665527892435,9.215034862208736],[77.4436649376715,9.215061761753983],[77.44365730715009,9.215409306605897],[77.443654336943098,9.215544615787076],[77.443652038588567,9.215645965158913],[77.443648081129624,9.215820497261316],[77.443625567908768,9.21582320972486],[77.443325174656152,9.21585941815151],[77.443200960702001,9.215874389117301],[77.443160757820252,9.215782200292693],[77.442864175946383,9.215768596944361],[77.442826287154702,9.215766858868793],[77.442801538591027,9.215767487997097],[77.442508720877044,9.21577380290114],[77.44241469220816,9.215695746295403],[77.442209032916537,9.215688439074881],[77.442037012554096,9.215821493115689],[77.441554716551238,9.215814243431225],[77.441067899291653,9.215814694658329],[77.440523841386025,9.215773375185757],[77.440406201036566,9.215835920836927],[77.439659835255426,9.215785734978521],[77.439428789394952,9.215763825214923],[77.439426309641078,9.215858495883966],[77.439268604080482,9.215858265982424],[77.439233417021541,9.216439893051367],[77.439167268703301,9.216472569597116],[77.43892763660871,9.216590951813371],[77.438894651901734,9.216607248051069],[77.438876871592967,9.217234113802975],[77.438854887986395,9.21725386486429],[77.438673487976658,9.217416851763089],[77.438644163097194,9.217412250275101],[77.438052239796662,9.217319351963782],[77.438114260996088,9.217571997603757],[77.438217093897009,9.217611550938392],[77.438227837353736,9.217830649548951],[77.438234431240886,9.21791950907844],[77.438216321000866,9.217919363965692],[77.438155943566471,9.217918877743681],[77.437948378928112,9.217905009559141],[77.437833643325888,9.217963953337808],[77.437831840310125,9.217973932502121],[77.437815991108963,9.218061668604744],[77.437800840894738,9.218062019560206],[77.437474830775329,9.218069588798217],[77.437289439681905,9.217812586037848],[77.43686225873212,9.21782762706883],[77.435092490335421,9.217768536573843],[77.435023834943365,9.217770059601156],[77.435026885454832,9.217794021979755],[77.435032029619109,9.217834441079047],[77.435050943961841,9.218817595649909],[77.435089866044549,9.219074215594274],[77.435404436928152,9.219482673704297],[77.435660233247447,9.219740172267219],[77.435684553233216,9.219764670589925],[77.435751487818493,9.219832100200492],[77.435818315646799,9.219860677378744],[77.436025150796908,9.219949130668358],[77.436421761684301,9.220118739137991],[77.436919755351497,9.220228261563461],[77.437137655948874,9.220275383346605],[77.437713024067563,9.220577184439694],[77.437815815186866,9.220631101788785],[77.437942113878748,9.220870294193951],[77.43817536787941,9.22086233530216],[77.438312010742592,9.220858551445424],[77.438911065449389,9.220833335375426],[77.439015557012823,9.220702839139346],[77.43921999731181,9.220711128472963],[77.43927976609973,9.220713553357678],[77.43922156109069,9.220445300998694],[77.439282993982957,9.220286970792607],[77.43918019786291,9.219657546259777],[77.439367112375066,9.21965419662658],[77.440824260764998,9.219635616645006],[77.441787965453173,9.219623327117549],[77.441822737650554,9.219626713871239],[77.441840516838084,9.219626813123563],[77.442359159029223,9.219629721202555],[77.442923657722972,9.219609471405146],[77.442923177312395,9.219628569716459],[77.442922358882555,9.219661082602151],[77.443988370586368,9.219776842867777],[77.444355134632275,9.219816670250014],[77.444407365349889,9.219822342102006],[77.444610438133779,9.219958753237384],[77.444650180065594,9.219985449552881],[77.444875118246415,9.220006915659791],[77.444879868867659,9.220007368020184],[77.444881685212764,9.220089729129093],[77.444889545409794,9.220188849771867],[77.44521119303586,9.220222969395893],[77.44527166639385,9.22022938444718],[77.445306071654173,9.219966107358291],[77.445310966252819,9.219910010182168],[77.445312554289416,9.219891812971044],[77.445371930899356,9.219898038377597],[77.445508934085638,9.219908413447051],[77.44580553242487,9.219906018705686],[77.445811922815366,9.219905968136604],[77.44581941828622,9.219867894691317],[77.445836917412876,9.219819849016242],[77.445926127779913,9.219818843272664],[77.447161113958884,9.219879958041927],[77.447204166240894,9.219882089038826],[77.447200917657256,9.220101623525029],[77.447201599321104,9.220105420376834],[77.447848229395049,9.220167604029115],[77.448029217809705,9.220185009023327],[77.448088864935443,9.220190652550247],[77.448387784975779,9.220902149060638],[77.448601231110644,9.221710611999537],[77.448685988737182,9.222007973615392],[77.448930178885135,9.222864674220155],[77.448939670358385,9.222897973554403],[77.44892970121083,9.223941291195596],[77.447605692627533,9.223883146787626],[77.447546596221969,9.223880708059491],[77.447548437139645,9.223913560681792],[77.447550439993094,9.223949297667744],[77.447594841831204,9.22474146263327],[77.447601834088573,9.224866217346412],[77.447601958247148,9.224868427819295],[77.447586810109129,9.22486861840185],[77.447098747565178,9.224946556956519],[77.44533354670267,9.224900536008274],[77.444308114777243,9.224881068423555],[77.443333826239169,9.225485514920743],[77.443321463964821,9.225494608657085],[77.443295743949378,9.225536033349677],[77.443286160769858,9.225558143674748],[77.443283264987485,9.225564823964708],[77.441987867293506,9.228561985009497],[77.441963246365304,9.228619249720749],[77.441906698231222,9.228668892371088],[77.441882474974406,9.228690156940639],[77.441862600004498,9.228707605883747],[77.441735172710182,9.228811303004255],[77.440746226168713,9.229616091489017],[77.439642328139684,9.230153057592611],[77.439563803805115,9.230191253241568],[77.439393491320601,9.230198385920614],[77.439302748071142,9.230214915185082],[77.43870584077834,9.230486002373626],[77.43799805517294,9.230574178296045],[77.437277498322175,9.230758759078157],[77.437003185121441,9.230851875761623],[77.436599803457625,9.23089748188268],[77.436595787845192,9.230919085517277],[77.436567559009106,9.231070991400992],[77.436555381393433,9.231136515136903],[77.436545537067744,9.231136726194119],[77.436278164992927,9.231927986246005],[77.435986748019545,9.232799151770845],[77.435978938153966,9.232830359896667],[77.436106317753598,9.232818869464159],[77.436074221677075,9.232933375071152],[77.437097706092828,9.232839848370292],[77.437410802299979,9.232885354575593],[77.437908182597155,9.23295764443362]]]]}},
{"type":"Feature","properties":{"vill_name":"Vasudevanallur","dist_name":"Tenkasi","taluk_name":"Sivagiri","village_co":"11","lgddcode":733.0,"lgdtcode":5870.0,"lgdvcode":933533.0},"geometry":{"type":"MultiPolygon","coordinates":[[[[77.379936707909664,9.251803256634869],[77.379981747349944,9.251686840746505],[77.380615042493275,9.251358776671967],[77.380637670353281,9.251347054826272],[77.380623401228419,9.250305763177021],[77.380608212905472,9.248990905409181],[77.380551606873098,9.248637060308026],[77.380497003682706,9.248153202026216],[77.380453691160838,9.247667035668199],[77.37938345051451,9.247683062890218],[77.37937695797082,9.247678177878822],[77.379378055805418,9.247143687216937],[77.379378145422933,9.247099950564161],[77.379379465661415,9.246457322051224],[77.379380092533395,9.246152247892921],[77.37937840554693,9.245838849359261],[77.3791222428937,9.245882368277837],[77.378871725376627,9.24587986378488],[77.378797583853284,9.245879122914786],[77.3787836936784,9.245789448301577],[77.378725065901548,9.245410974341983],[77.378722296345103,9.245394181875275],[77.378671321260185,9.245085428747423],[77.378704049148396,9.244566935001533],[77.378547086541928,9.244478122669301],[77.378464678321663,9.243975174484667],[77.378455987004642,9.243755657010738],[77.378462694954152,9.243596179593945],[77.378490012291238,9.24294675181002],[77.378522858434565,9.242692951277258],[77.378532794446286,9.242616176029872],[77.378546194298067,9.242512407654981],[77.378590222802757,9.242508127205845],[77.379237332289193,9.242445218893231],[77.379694320120933,9.242433140746305],[77.380326945976762,9.242556962892058],[77.380413104019425,9.242519164977544],[77.380475435804755,9.242491819895386],[77.380484428385074,9.242491617265378],[77.380493417331095,9.242491414598435],[77.380644704088724,9.242487935773735],[77.380849992310615,9.242464085536684],[77.381434497867559,9.242358813108071],[77.381840128674739,9.242285755891066],[77.381810401584701,9.241601411048171],[77.381886405784613,9.241518090631191],[77.381933292831135,9.241535872597655],[77.382046389652217,9.241578767000419],[77.382071103081017,9.241578144244867],[77.38237948805353,9.241682696658504],[77.382850025740865,9.241842226861621],[77.383868028199302,9.241720439048734],[77.383920676706339,9.241765243063119],[77.384005763137736,9.241753950550589],[77.384580817007972,9.242235575083487],[77.384585210201053,9.242292449273682],[77.384599469921298,9.242477064968069],[77.385581673005632,9.243022113503821],[77.38564472514598,9.243031988129827],[77.385761369680793,9.243050255330079],[77.385954395582814,9.243080483236323],[77.386114925765924,9.243183160217049],[77.386415605838266,9.243210397799743],[77.386565860482278,9.243233631153675],[77.386778883836399,9.243266571741808],[77.386793038618833,9.243277508928367],[77.387148660151254,9.243342059926274],[77.38791502410912,9.243885610013441],[77.387962128721995,9.243919018948864],[77.388047970422548,9.244241639630658],[77.388460810452798,9.2444130326879],[77.388537081628712,9.244350368843827],[77.388861682792708,9.244084153518536],[77.38909595701557,9.243881832451162],[77.389395138984526,9.243886854208775],[77.389405536858305,9.243867381172093],[77.390329110213798,9.243871310214596],[77.390339415282767,9.24387135438185],[77.390554789630016,9.243974186716404],[77.390747400344765,9.243983651371636],[77.390937803361936,9.243879208363346],[77.391101884277305,9.243844605087761],[77.391693134276679,9.243677229390455],[77.391811189257027,9.243650419394546],[77.39196828920349,9.243614866082044],[77.391986270995545,9.243605725775973],[77.392029234954734,9.243583901754469],[77.393258756066672,9.243538780961881],[77.393608143917788,9.243568042915346],[77.393871642721862,9.243487077976521],[77.393973261591654,9.243548695990818],[77.394814815639137,9.243527839037835],[77.396305116178382,9.243451190594802],[77.39626468399311,9.243055104263624],[77.396257217656967,9.242981971894094],[77.396365242304825,9.242965967769914],[77.396443701020971,9.242963577560335],[77.39654620138198,9.242960455736245],[77.396986150890712,9.243040535118681],[77.397212955132105,9.243010546554455],[77.3974408211797,9.243003904731721],[77.397882341664101,9.242991034893018],[77.397994765324569,9.2429695963045],[77.39868178616868,9.24283858220161],[77.398792283824946,9.242795040791274],[77.399301528657645,9.24258375826167],[77.399699381331942,9.242492586103806],[77.400584626405035,9.242317384531816],[77.401072572585008,9.242220811607069],[77.401144479287922,9.242206580291842],[77.401574287049684,9.242140629084309],[77.402073660028762,9.242074371362351],[77.402249757017771,9.242052066917459],[77.402258006714945,9.242037356483767],[77.402295408328811,9.241970630568982],[77.402667178561572,9.242032319637344],[77.402769087225323,9.242011629689808],[77.403174526447373,9.241929316094758],[77.403272239876046,9.241952241315198],[77.4041402366136,9.242155882485269],[77.404159397852141,9.242160325895625],[77.404255277444335,9.242182564434984],[77.404524403929088,9.242196797071955],[77.404535904751086,9.242198919303279],[77.404677243303396,9.242225004440655],[77.405182305372747,9.242198618032434],[77.405541634294906,9.242171835434165],[77.40553376220096,9.242114833295048],[77.405545609206882,9.242108101611816],[77.405565201270221,9.242096969681535],[77.40556653821011,9.242054442326952],[77.405587977050232,9.242051782707959],[77.406499990265829,9.241938613598167],[77.40714395307495,9.241834612962228],[77.40782619872337,9.241758740259471],[77.408304388871684,9.24169155319105],[77.408353508890556,9.24169147908923],[77.408938752781211,9.241690601486107],[77.409414828882859,9.241696577280056],[77.409425540353311,9.241757531568055],[77.409435202884481,9.241812512348078],[77.409491825122871,9.241831714002279],[77.409847217410999,9.241952231039985],[77.40989992211253,9.241970104224002],[77.409893904236057,9.242018881971743],[77.409844999467396,9.242415295841479],[77.409812540734322,9.242416778277459],[77.409194594985806,9.242444993055406],[77.408808969327708,9.242448581217124],[77.408806264608444,9.242469129873813],[77.408775082353912,9.242705999724967],[77.408604324327129,9.242718492381],[77.408589148626319,9.24329136537011],[77.409072268202195,9.243295202907593],[77.40975776034638,9.243283885890504],[77.409767804474356,9.243447349415828],[77.409774438580001,9.243611937995752],[77.409776375535287,9.243659990979927],[77.409736110027879,9.243769845201598],[77.409454405529885,9.244404161269173],[77.409342871423888,9.24469200668862],[77.40934331500425,9.244692352390409],[77.40934424726639,9.244693076746593],[77.409472450186144,9.24474086588771],[77.409663702517321,9.244725795977182],[77.409672285320468,9.244747292784934],[77.409699088196533,9.244814435368205],[77.409733780900211,9.24490133715044],[77.409756400989906,9.244957998747019],[77.409773751937863,9.24497162155555],[77.409816848090017,9.245005452315501],[77.409889703971828,9.245062645894109],[77.409821654291164,9.245648033765921],[77.409817870806336,9.245680769396255],[77.409747582826526,9.246094085039246],[77.4097323255167,9.246183802553844],[77.409728265742785,9.246207673505335],[77.409753033618884,9.246377206899743],[77.409771275827495,9.246502070194975],[77.409783922427494,9.24655267072605],[77.40975547972738,9.246749013409907],[77.409769282789966,9.24675254710862],[77.409767735498136,9.246780011098942],[77.409766889800437,9.246795022545649],[77.409852826868942,9.246835124535787],[77.409750501398662,9.247113659453285],[77.409325713049199,9.246996341716033],[77.40934063339958,9.247232515136552],[77.409384678975456,9.247503267857132],[77.409407909528937,9.247646067422927],[77.409622026906746,9.247681414521153],[77.409675032001616,9.247624224987312],[77.409679765074813,9.247619118265952],[77.409695881916875,9.247627948186468],[77.409790108108893,9.247679571809917],[77.410269976039189,9.247687662061537],[77.410717821960247,9.247667624116648],[77.41089475316322,9.247604084607019],[77.411168915930048,9.24755115966861],[77.411783293464367,9.247440398128303],[77.411869701447046,9.247424003401397],[77.411942883751365,9.247601939342703],[77.412035675309397,9.247658976820928],[77.412237128086616,9.247639647161034],[77.412618144854619,9.247603088099199],[77.412800541150602,9.247612379048249],[77.413275092357622,9.247657763329864],[77.413237992667845,9.247738895255473],[77.413218047154018,9.247782513354519],[77.413233382724925,9.247792755436819],[77.41341685372106,9.247915296659997],[77.413462077282063,9.247945501430332],[77.413547132887516,9.247942609347415],[77.413638201609459,9.247939513132486],[77.414769163013872,9.247901058985509],[77.415025149371274,9.247898105392222],[77.415108303252765,9.247897153233025],[77.415137092427599,9.247896823686286],[77.415111792916179,9.247601952173328],[77.415037665714578,9.247030518407351],[77.413627500850808,9.247223026364583],[77.41348315627873,9.246844397718235],[77.413245463806135,9.245997346405211],[77.413167579579849,9.245689381259611],[77.412992343431412,9.245580293302195],[77.412789435843223,9.245461982501613],[77.412725878442089,9.24530795903539],[77.412694304299521,9.245142382841017],[77.412763516668818,9.244985284984699],[77.412776203391061,9.244964750338777],[77.412844519705416,9.244854171335545],[77.412843271901266,9.244804255399954],[77.412827839758563,9.244187545651407],[77.412822003071668,9.243954286397216],[77.412803477869019,9.243746671667914],[77.412782634056114,9.24341305272611],[77.412778642349949,9.243349172293156],[77.413478252145467,9.24333721864407],[77.413832973818472,9.243398906598285],[77.41391601086498,9.243405506605189],[77.413929335887985,9.243345139618132],[77.414008553833824,9.243327118266791],[77.414225628086058,9.243277735914397],[77.414238767205944,9.243223444022329],[77.414347753668494,9.243200527522415],[77.414402537973587,9.243189008068589],[77.414406085887322,9.243188262619816],[77.414441272905904,9.243061554391224],[77.414450858397771,9.242931459213631],[77.414411542550596,9.242885019326074],[77.414435284302755,9.242680084910106],[77.414300113684547,9.242659641623455],[77.414299340646579,9.242535832044014],[77.414299026546587,9.242485211253468],[77.414125726960719,9.24240775181493],[77.414011927133586,9.241977727601517],[77.41402829313428,9.241912690592024],[77.414043478611987,9.241878698309295],[77.414045992292046,9.241842352992842],[77.414079398430232,9.241709595335966],[77.414113954204169,9.241524435838079],[77.414159081806048,9.241340537618983],[77.41419073880698,9.241211530888892],[77.414266096906303,9.241187793666009],[77.41429321600414,9.241179251358341],[77.414365630232751,9.241018590901712],[77.4144242013097,9.240888643291294],[77.414472762495222,9.240780903505696],[77.414554051121783,9.240556184552377],[77.414576299386283,9.240237817428017],[77.414566800438692,9.23988033818317],[77.414537736237278,9.239786526769077],[77.414542246052392,9.239702492534974],[77.414571417684556,9.239586523108493],[77.414508780361473,9.239405269784504],[77.414666645736347,9.238675994082277],[77.414742377614289,9.238195643895757],[77.414779033896494,9.237813726285889],[77.414783372325687,9.237748788689856],[77.414786955688214,9.237695152929474],[77.414797431790717,9.237538379540984],[77.414779449227652,9.237490293287999],[77.414787652612276,9.237481804013436],[77.41490310167687,9.236914023923024],[77.415082625408758,9.236645354644537],[77.415087993082935,9.236630454172568],[77.415097416599565,9.236604301005189],[77.415176962338208,9.236383546794535],[77.415341241471182,9.235927639689404],[77.415357438714139,9.235882687293749],[77.415465907151017,9.235455295563774],[77.415480899672488,9.235396218422828],[77.415477152967014,9.235388240803294],[77.415525019827967,9.235102831289115],[77.41546205027268,9.23491708339092],[77.415460395428042,9.234686394055247],[77.415526989830198,9.234618620948661],[77.415516185759628,9.234379795296039],[77.415505147165575,9.23413585380062],[77.415505105810325,9.234134911759003],[77.415707906874971,9.234181576501431],[77.415826358096552,9.234121029933348],[77.415572141071678,9.233625855908942],[77.415540855917172,9.233558559640455],[77.415485945794444,9.233526008532538],[77.415326357217609,9.233457061648672],[77.414921234335125,9.233281008916341],[77.41474287315296,9.233221604805252],[77.41461103483806,9.233353144083665],[77.414559730968477,9.233404329940269],[77.414020440166738,9.233238287995212],[77.41394527102517,9.233213011362491],[77.413916905733416,9.233127323388505],[77.413882279401619,9.232947743297101],[77.413846414827603,9.232914384703648],[77.413588134345886,9.232674145004134],[77.412995803664344,9.232123190962181],[77.412760408006577,9.232165856222512],[77.412430247779938,9.232225698054201],[77.412312211031832,9.23233888389414],[77.412197484896737,9.232448895090494],[77.412192790675249,9.232448710043137],[77.411533690198539,9.232398277113885],[77.410753531415082,9.232343201061655],[77.409977663082103,9.232288426308331],[77.409888470749721,9.23231913780034],[77.409530014379527,9.232442565171263],[77.407854587565311,9.23240771277748],[77.407774392323503,9.232406043568472],[77.407773658417625,9.232403055176526],[77.407695801176118,9.23240318335025],[77.407634121656415,9.232386507980637],[77.407342816857266,9.232307757393841],[77.406829715701946,9.23217480427742],[77.40681001380598,9.232169235410721],[77.406810799842916,9.232111344927848],[77.406664034691545,9.23197661901292],[77.406453129651865,9.231783014145446],[77.406275372197442,9.231687289421933],[77.406033614304704,9.23152271204893],[77.405902274274283,9.231186155440453],[77.405504763953331,9.230541757506321],[77.405358804828609,9.230410364548455],[77.405289978370575,9.230504406992171],[77.405162683199165,9.230464156868299],[77.405006173732644,9.230408272945141],[77.404924168439521,9.230388127439612],[77.404637502015461,9.230371867529342],[77.404439413740462,9.230375893776257],[77.404185409609283,9.230381056269232],[77.403718060066453,9.230233153917425],[77.403259666190252,9.229913412260412],[77.403185082789804,9.229889375698875],[77.403190032268029,9.229740564091395],[77.402886399247649,9.229527067101428],[77.402881804433406,9.229252064595396],[77.403251535785941,9.228955854720391],[77.403333518896474,9.228826877204725],[77.40344063992255,9.228658348917394],[77.403446796031744,9.228595669818198],[77.403477429871273,9.228265825687473],[77.40340768058249,9.228211096579834],[77.403418165820099,9.228098593961159],[77.403418319747388,9.228096946093281],[77.403109205808974,9.227856915846909],[77.402649066765079,9.227654931487315],[77.402249052828637,9.227167948760194],[77.402089802607577,9.226908420333659],[77.402037624778842,9.226770046214206],[77.401871401870068,9.226573272580556],[77.401782775603209,9.22648972482809],[77.401259949217845,9.225996853223386],[77.401254016677456,9.22598744264026],[77.40118492139888,9.225877846280312],[77.401111803774228,9.225761868394544],[77.400876157204337,9.225681330842715],[77.400620023800826,9.225678710276815],[77.400503990281365,9.2259913398004],[77.400476373404572,9.226026068890302],[77.400243662426547,9.226318711135622],[77.400220206549889,9.226473787266238],[77.399934864621997,9.226942702873748],[77.399774747922365,9.226941151194724],[77.39969720875807,9.227083821458136],[77.39932967588642,9.227110960207135],[77.39919514709598,9.227176867747048],[77.398448895638836,9.226964707014456],[77.398008177270796,9.226263681729751],[77.397961870858111,9.226161208242752],[77.397867511951247,9.225952385239088],[77.397383457710006,9.224708039358731],[77.397036131074003,9.224266523008554],[77.397119425107007,9.223630052128211],[77.397121376120282,9.223626818034452],[77.39724408277641,9.223423420089132],[77.397632104376342,9.223407231663426],[77.398269613895465,9.223150552876167],[77.398340564041433,9.222861959874729],[77.398125896033278,9.222858703963608],[77.397829817839153,9.222447244428377],[77.39762578030286,9.22239864204267],[77.3970948844254,9.222154654004692],[77.396250962032738,9.221754158663144],[77.396245923488905,9.221740037250218],[77.396181950058306,9.221560733571165],[77.396052053880425,9.221349389642347],[77.395770436447663,9.220867479315398],[77.395710869581023,9.22059521540884],[77.395710262815797,9.220559865112868],[77.39570874623233,9.220471501112549],[77.3959195917638,9.220187584608881],[77.396036145074078,9.220143908142509],[77.396187414801744,9.219612931365498],[77.396213984144339,9.219301605178323],[77.396222210408354,9.219205211893625],[77.396225112667864,9.219171206707195],[77.396226236857643,9.219158034534217],[77.396118434868953,9.218984587662973],[77.396088176480063,9.218935903787115],[77.396077824526373,9.218919248250385],[77.395934839122219,9.218689191294466],[77.395923459940036,9.218670883284968],[77.395865985266354,9.218679900089938],[77.395864450050439,9.218680131159383],[77.395856826730537,9.218681280715936],[77.395797954291908,9.218698287627989],[77.395413602924847,9.218809318270758],[77.395402553293721,9.218812509874271],[77.395348178937866,9.218768297618158],[77.394993718629493,9.218480081973734],[77.39505608927233,9.218424701117378],[77.395044240182699,9.218286463703736],[77.395043755509647,9.218279970498996],[77.395043561688368,9.21827337909852],[77.395043077242661,9.218267757990231],[77.395034935096263,9.218246725317432],[77.394645199758074,9.217962256350949],[77.394584341823119,9.217704617599978],[77.394583461080444,9.217700888375647],[77.394430224760541,9.217052170552998],[77.394200980341012,9.216658599504584],[77.394265474319781,9.216389420009865],[77.39326243679325,9.215928183024243],[77.393197505170292,9.215980790761128],[77.393160531006217,9.216032241678963],[77.393006899996834,9.21606653041674],[77.392724018088174,9.216129667397556],[77.39253240663524,9.216172433916928],[77.392504462047427,9.216178670772473],[77.392367986359517,9.216067991218463],[77.392353520585999,9.215930354405188],[77.392339687605045,9.215893437],[77.392338165157142,9.215889373630677],[77.392312366682177,9.21582052017555],[77.392210350004476,9.215639556861316],[77.392069882033653,9.215627045045478],[77.392040468314846,9.215624425249121],[77.391974681663626,9.215618566026279],[77.391762760602674,9.215599691128162],[77.391587941977619,9.215684722610751],[77.391180324042864,9.215544853976885],[77.390645011506507,9.215556456338096],[77.390621320157976,9.215466814849915],[77.390591186768432,9.215464920780917],[77.390309513761181,9.215539443089794],[77.389958476154419,9.215801265460216],[77.389544369652114,9.215924618793428],[77.389447880412519,9.216135870036769],[77.389167040260958,9.216464495148999],[77.389108442745055,9.216519549739658],[77.388685789313115,9.2169166651104],[77.38868120142061,9.216920975859267],[77.388441375770071,9.217791632766401],[77.388220657842851,9.217774560117496],[77.38817065642256,9.217770692205296],[77.388074628423993,9.217763264422036],[77.388055465137882,9.217761781815382],[77.388033192340515,9.217813081637196],[77.387997164931861,9.217896056406893],[77.387990817483526,9.217910676387161],[77.387891611491526,9.21813915693769],[77.387886656907583,9.218150567975426],[77.387752746252119,9.218458976005907],[77.386988131260807,9.218967174653462],[77.386201573315674,9.219489956731152],[77.385725364908822,9.219549071971759],[77.385419099257632,9.219488477063013],[77.384774904453749,9.219931194281278],[77.384528944226872,9.220695435969869],[77.384035534560255,9.221126454443128],[77.383947345456548,9.221351017045247],[77.383791421290979,9.221748058970404],[77.383397620424404,9.22196673360158],[77.383176662462787,9.221897699690611],[77.382935580478019,9.22217591053565],[77.382647671913588,9.222393420904647],[77.382545242140793,9.222470804956465],[77.382153287299559,9.222385069097255],[77.381700162968187,9.222285954397559],[77.381596019859401,9.222005835064206],[77.381306664167496,9.221227537078288],[77.380836306884575,9.221072230279347],[77.379990673590939,9.221181671672852],[77.379307564411477,9.221369049886009],[77.379226132101223,9.221310404967959],[77.377611228064836,9.221479206345666],[77.377544582556922,9.221985289515791],[77.377254288995587,9.221910016711574],[77.377159051756053,9.22194128914399],[77.376574116774435,9.221976644582874],[77.37567355231667,9.222031077170644],[77.374906933991099,9.222072377342368],[77.374682419148542,9.222084472699517],[77.3746490391256,9.222646504448333],[77.374612796829155,9.2227645550497],[77.3742962677116,9.223782481586971],[77.373985298727703,9.223957557059929],[77.37380460431902,9.224221484035906],[77.372895905971021,9.224424795439338],[77.3725821937186,9.22463665637548],[77.372364408594862,9.224772948082363],[77.372070100278947,9.225031902117101],[77.371784761752181,9.225022376870395],[77.371448016795227,9.225147729052919],[77.37124115396459,9.22509522720501],[77.370979229555275,9.225650331709311],[77.370762803642222,9.22592164611382],[77.370338699705556,9.226048371030254],[77.37032530108138,9.226081740865672],[77.370190796386353,9.226418489758608],[77.370156256563519,9.226775539074502],[77.370087431801721,9.226824922585292],[77.370130460631927,9.227117913812872],[77.370150808338551,9.227256468205129],[77.370074303005495,9.228162779658065],[77.369977163882339,9.228330087573051],[77.369745708116184,9.228718320823718],[77.369685860999738,9.229297973123312],[77.369490484084338,9.229547212694284],[77.369370101170659,9.229519012748787],[77.369251291009348,9.229491180751067],[77.368737269627417,9.229109294685486],[77.368543051327336,9.229094206176169],[77.368457213321832,9.229083209057103],[77.367771079651703,9.228995302201303],[77.367567113900975,9.229017710146197],[77.36743264799685,9.229032482238217],[77.36720925011393,9.229057026117394],[77.366748682896585,9.229235024771148],[77.365723085242962,9.229654933231291],[77.365695277963979,9.229655051694943],[77.365462222382362,9.229578818877203],[77.365472236866879,9.229226288449796],[77.364683151873621,9.228993744393849],[77.364475914918373,9.228932670799622],[77.364461776023077,9.228478340284196],[77.363845319758397,9.228510859596895],[77.363361768535924,9.22872907067852],[77.362888643989464,9.22896042321978],[77.362729282816261,9.228944753086012],[77.362175042321823,9.228890254247279],[77.362142994137471,9.228848544465583],[77.362058161395609,9.228704091550425],[77.361980928894639,9.228577481900507],[77.361750875687591,9.228410002587797],[77.361538941077242,9.228318269332892],[77.360746490057153,9.228241139677653],[77.360620008230015,9.22825459536004],[77.359976189923827,9.228309009590101],[77.359895849651693,9.22838125339613],[77.359639611342871,9.228262799939642],[77.359157091579092,9.228455246710354],[77.3590017999163,9.227834077580166],[77.357664729931471,9.227888040509185],[77.357424839936854,9.227690567617875],[77.357131737259735,9.22719107797084],[77.356660503099079,9.227167810412363],[77.356115432298822,9.226344533832984],[77.355972885938556,9.226129232146874],[77.356017020516489,9.225983589419501],[77.354818777874655,9.225208152199395],[77.354715503894994,9.225336140639428],[77.353279378234674,9.224786229450253],[77.352653841521374,9.22485787814168],[77.351350715475775,9.224542829493938],[77.351108860723159,9.224647868515861],[77.350802128111553,9.224923706944647],[77.350047619017474,9.225289651960226],[77.350038901919817,9.22529387941462],[77.349948904635681,9.225337528993462],[77.349743426562867,9.225441833204673],[77.349321013824479,9.225286191603644],[77.348590820217623,9.22523225876899],[77.348463680173978,9.22501153450712],[77.348485747162826,9.224294795616466],[77.347502879481326,9.22380887877185],[77.347124870427777,9.224479938047978],[77.34688257414615,9.224735254278361],[77.346787464386352,9.224814696184282],[77.346542078522376,9.224905611934778],[77.346134278851949,9.224792628780456],[77.345599372944136,9.225754753366193],[77.345028277020546,9.226124597612314],[77.344454533210197,9.226117536549223],[77.343776574278763,9.225857971826057],[77.343027901428158,9.225578022805882],[77.342437602547022,9.225381378605089],[77.341554229719023,9.225463840978376],[77.341551644070663,9.225464082757197],[77.341336013375056,9.225484211237429],[77.340826705971992,9.225596752913377],[77.340801990379617,9.225693848679859],[77.339835452540186,9.225791385199809],[77.339067959225943,9.225866413112756],[77.338793003761708,9.225681049611209],[77.338490604738752,9.225913154891698],[77.338138493916702,9.226362039315942],[77.337623227537605,9.226579399840709],[77.337447353296355,9.226532617780224],[77.337043967109167,9.226856121338157],[77.336790428390884,9.227065415922327],[77.33675312285861,9.22709621129704],[77.335898244254025,9.227117395391975],[77.335051988232905,9.227037748145886],[77.334678102780174,9.226880495400872],[77.3345717241979,9.226776783675813],[77.33445549847616,9.226663475617967],[77.334175988061787,9.22655577882953],[77.334086096153229,9.226521143446419],[77.333535948196683,9.226575877100323],[77.333370791688068,9.226592308873199],[77.333159609889989,9.226563181137175],[77.332994184649877,9.226529437189079],[77.332760415551036,9.226481752324954],[77.332415507559404,9.226154718655673],[77.332196050564562,9.226431440722962],[77.331900461623533,9.226138500013697],[77.331423628779802,9.226252677309175],[77.331416390192373,9.22637919561782],[77.331177417644099,9.226433425193511],[77.331014563195239,9.226470381219183],[77.330991673745501,9.226475576399455],[77.330640052880554,9.227098487770041],[77.330671367176421,9.227117579015468],[77.331060876543859,9.227355059705328],[77.331701205566659,9.227755783362866],[77.332049071049809,9.228364247673603],[77.332291361338406,9.228289573445782],[77.332311024991668,9.22879732447119],[77.332153094123527,9.228895282266185],[77.332207427928338,9.229139431354104],[77.332302395418594,9.22957770575362],[77.332283102443085,9.230143800281859],[77.332623916113349,9.230175438776371],[77.333034159087134,9.230279975561226],[77.33334947068866,9.230260306310692],[77.333954205355269,9.229786595857611],[77.334246343779157,9.229557752935079],[77.334383189855203,9.229450556059561],[77.334592146437402,9.229290899111524],[77.334663946981166,9.229597276905009],[77.334747347354011,9.229953154337201],[77.335328039584084,9.229849213156701],[77.335722354630136,9.22987227175526],[77.335746646215583,9.22973974765438],[77.335855918956966,9.229731394070045],[77.335937914826843,9.229704720085602],[77.336096875017816,9.229653009713962],[77.336168519956018,9.229728210812425],[77.33623168331664,9.229794511079968],[77.336303217319127,9.229870341147917],[77.336900153260686,9.230503133549313],[77.336958155398861,9.230798654579457],[77.337901593270118,9.231147130667976],[77.337971183159752,9.231424333555186],[77.338593320703197,9.231229308309675],[77.338889121094326,9.231136581042978],[77.338895405654313,9.23097522980169],[77.338938794111343,9.230967191082488],[77.340046382650698,9.230761994852537],[77.340314484540443,9.230741146675051],[77.340365039859989,9.23028158422162],[77.340359527765784,9.230248015751828],[77.34026874399504,9.229690309675789],[77.340278327663384,9.229677057695675],[77.340411855620417,9.229492411653094],[77.340449227525411,9.229492163348095],[77.340718551842997,9.229490379213033],[77.341006988843176,9.229750079661041],[77.341286743889299,9.229454274302645],[77.342182292260446,9.22962176508419],[77.342202995036786,9.22933016767298],[77.342685116526951,9.229304629388466],[77.342701154447752,9.229455202552085],[77.342832919531915,9.229577790611472],[77.342831604915261,9.229600142575251],[77.342811939467097,9.229934514414499],[77.343443025235416,9.229917573808152],[77.344751680685931,9.229896481211268],[77.344735958662412,9.229781887041353],[77.344699405363698,9.229515441144454],[77.34479419729756,9.22950621239565],[77.345123361018992,9.229474166669442],[77.345309443468807,9.229259172684888],[77.345628593333544,9.229143220261555],[77.345636707010343,9.229149501962953],[77.345801878915012,9.229286874933562],[77.346438570177185,9.229141018919204],[77.347163896333413,9.228928201354375],[77.347262052646371,9.228937423855628],[77.347630082820515,9.228252008609191],[77.348035377007704,9.228214677446292],[77.348822413642679,9.228352236932114],[77.34988343787937,9.227953549718094],[77.350071386841194,9.228015329214513],[77.350234025344122,9.228170225121724],[77.350713553827191,9.228626923936513],[77.35130221921429,9.229187563472996],[77.351751836803359,9.229291877453335],[77.352406311532008,9.229057799784785],[77.352403483521542,9.228925837142841],[77.352481547792266,9.228917879787383],[77.352901846949138,9.22887503898729],[77.353842838100945,9.228779123321774],[77.353854388022398,9.228777844948858],[77.35421979882581,9.228744866477783],[77.35491801354739,9.22868185162428],[77.354943295436286,9.229089229753642],[77.354949008809541,9.229181300591206],[77.354950298058782,9.229202072425414],[77.355073486063361,9.229202564618731],[77.355415651722282,9.229203932567575],[77.355415266259527,9.229260948207145],[77.355413669802175,9.229496614983011],[77.35541263734514,9.229648976213626],[77.355411057938014,9.229882179551097],[77.356198988442785,9.229928535622118],[77.356447328289249,9.229933375016648],[77.356449534631722,9.230238894052587],[77.357062006473015,9.230358938918542],[77.357393454328502,9.230587995466649],[77.357327694139101,9.231141437851761],[77.357672822961831,9.231238973992353],[77.357697170997909,9.231773138947316],[77.357678319048176,9.232497836641169],[77.357252004074212,9.233599930305981],[77.357143875434829,9.233895408663372],[77.357305678467426,9.234688647593938],[77.356706524628365,9.234697321710916],[77.356795740054991,9.235641997824834],[77.356712213435031,9.235722351401625],[77.355873867849638,9.235917491843551],[77.355869745570658,9.235926389019784],[77.355507305073274,9.236697735708431],[77.355503439481183,9.2367052623968],[77.355493019558963,9.236765175936846],[77.355468329038672,9.236907147189733],[77.355555492219125,9.237455306300248],[77.35562707715151,9.237905499588134],[77.355741609352236,9.238645706442938],[77.355883582760342,9.23948487012486],[77.355918388443811,9.239662597169771],[77.355925755680133,9.239691122219021],[77.355992622492508,9.239988708286035],[77.355841241892847,9.240069474051674],[77.356120611625855,9.240889927924727],[77.356059926650303,9.24123351229346],[77.356021971489128,9.241859003972863],[77.356102516064595,9.242783835199941],[77.356104061369166,9.242967432572289],[77.356178206412508,9.243251325874088],[77.356536685892081,9.243277916804365],[77.356719622042661,9.24326258011302],[77.357138871404402,9.243112964993582],[77.358128119525901,9.242759937926907],[77.358514953552216,9.242621889794744],[77.359115323288023,9.242529306377961],[77.359121485083335,9.242526994700686],[77.359446796258311,9.242353412017131],[77.35984243708765,9.242534604183316],[77.359854139907014,9.242579823712516],[77.359881783605601,9.242843327776162],[77.359887691483038,9.242899628472607],[77.359887445375918,9.242923556197539],[77.359980762020086,9.24396135269086],[77.360482309535996,9.243854668070345],[77.360965011141104,9.243693031082277],[77.36116232738236,9.243708579622858],[77.361219217950492,9.244013557322805],[77.361571393291584,9.243994735084017],[77.361847727273599,9.243973292221728],[77.362664013339,9.24396512289765],[77.362633139996873,9.243695796101502],[77.362598032268494,9.243389511709116],[77.363594946926128,9.243542325755081],[77.363842985595141,9.243580345965222],[77.36416739895472,9.243658701234617],[77.364418111635288,9.243695885177063],[77.3647638442024,9.243684943967274],[77.364797386254125,9.243905615137365],[77.365069473066001,9.243889726430728],[77.365531838781507,9.24385603394609],[77.365850034015637,9.243832847385596],[77.365872984386854,9.244017328012616],[77.366440471719216,9.24400722833232],[77.367633495891113,9.243985992096475],[77.36792264082797,9.243984914108797],[77.368107055246156,9.243984226598123],[77.36861568529774,9.244031060256427],[77.368725374191044,9.244041160076899],[77.368736726133633,9.244012306287541],[77.368756784907916,9.243961323680971],[77.368810669945134,9.243824362350557],[77.369018351761355,9.243833438658379],[77.369295135579449,9.243845536544033],[77.369853002357928,9.243869919663453],[77.369876809428064,9.243777022523282],[77.369904870303941,9.243667529596749],[77.369950633813403,9.2434889549092],[77.370277741042301,9.243437441678006],[77.37048191438943,9.243411807247215],[77.370695188240504,9.243372429029437],[77.373229112304912,9.243430572605718],[77.373364546632615,9.243435414587383],[77.373647409429893,9.243455875983667],[77.37404329905165,9.243455876089664],[77.374038350255091,9.24382348744459],[77.374513417958354,9.243909734997645],[77.374523668523551,9.244240939009234],[77.374854153176884,9.244221799247583],[77.374787353359281,9.24424484945796],[77.37503315599939,9.244788713832328],[77.375069661728659,9.244870556081723],[77.37525891754089,9.245294845732733],[77.37569884891397,9.24541402508955],[77.376111181493158,9.245525727217881],[77.37611485597786,9.245698749576139],[77.376118165453278,9.245854530750764],[77.376125487584176,9.246199367290938],[77.376484263890731,9.246237362867539],[77.377015692232703,9.246293641137486],[77.377566391233657,9.246678046096148],[77.377942261185197,9.246765299617358],[77.37796349754754,9.247061879795773],[77.377961798892827,9.247111520500244],[77.378074300437291,9.24826663834955],[77.378395253988401,9.248256034420498],[77.378883827172103,9.24767001384423],[77.37941766165298,9.248058787119255],[77.3794507943079,9.248122106540086],[77.379491018842231,9.248175088633856],[77.379852974521171,9.248211672990065],[77.379904582249225,9.248837849897896],[77.379719361824414,9.251595643451324],[77.379936707909664,9.251803256634869]]]]}}
]
}
