{
"type": "FeatureCollection",
"name": "Tenkasi_Boundary",
"crs": { "type": "name", "properties": { "name": "urn:ogc:def:crs:OGC:1.3:CRS84" } },
"features": [
{"type":"Feature","properties":{"district_id":34,"district_name":"Tenkasi"},"geometry":{"type":"MultiPolygon","coordinates":[[[[77.339373886388998,9.420134985647781,0.0],[77.339374885886556,9.420136715980219,0.0],[77.33985578877423,9.419947575760572,0.0],[77.339914958341282,9.420060600644383,0.0],[77.340657066642848,9.419821094544552,0.0],[77.341217072646941,9.419554441582241,0.0],[77.342459993872367,9.419084437051147,0.0],[77.343174806912756,9.418641492340196,0.0],[77.344649954817427,9.417732998806434,0.0],[77.345419411808109,9.417113748308354,0.0],[77.346607727185173,9.41627754617118,0.0],[77.347805180626381,9.415066124303282,0.0],[77.348724893334847,9.41412591158748,0.0],[77.349608157870918,9.413416248572005,0.0],[77.350277451058744,9.412693001569599,0.0],[77.350973984364984,9.41273375287189,0.0],[77.351697843311527,9.412670529641321,0.0],[77.352239622687804,9.412358650002686,0.0],[77.352822384880383,9.411924714686965,0.0],[77.353186616147255,9.411585694017548,0.0],[77.353933248994849,9.41135520289652,0.0],[77.354434026140794,9.411355244570663,0.0],[77.355198843969106,9.411409555215883,0.0],[77.35569507194873,9.411364388706431,0.0],[77.356118459753986,9.411310173268932,0.0],[77.356974324632517,9.411418735749217,0.0],[77.357752801295007,9.411459480508583,0.0],[77.35857681825108,9.411301315203211,0.0],[77.359387178748577,9.411116024244595,0.0],[77.360106484059415,9.41100305519512,0.0],[77.36120820629877,9.410777092341771,0.0],[77.362036783680082,9.410429050095948,0.0],[77.362505707097739,9.410175919792788,0.0],[77.363115769805972,9.40971484515272,0.0],[77.363498188205881,9.409561162940644,0.0],[77.364381394389909,9.409149829803013,0.0],[77.365291918926118,9.408625477290006,0.0],[77.365952056666586,9.408078506663013,0.0],[77.366703247429541,9.407409480537154,0.0],[77.367377028692076,9.407061418023464,0.0],[77.367791310557735,9.406880609261341,0.0],[77.368801972744393,9.406482832124713,0.0],[77.36925267722377,9.406198046311619,0.0],[77.369648759241713,9.40573695113326,0.0],[77.370158654630146,9.405158321566759,0.0],[77.370641238098855,9.404493797929163,0.0],[77.371142037506715,9.40359419624038,0.0],[77.371815826505113,9.402649393382191,0.0],[77.372216455324875,9.402115964455721,0.0],[77.372621621606115,9.402021042708979,0.0],[77.372967604636415,9.401975846377342,0.0],[77.373905391579157,9.40221547045696,0.0],[77.374570041207335,9.40219740586258,0.0],[77.375339400700923,9.402030159317647,0.0],[77.376682370029755,9.401356603803803,0.0],[77.377210445565652,9.401424424588512,0.0],[77.378075392690619,9.401772533489016,0.0],[77.3785761539432,9.40189912041296,0.0],[77.378958555303655,9.401862960971039,0.0],[77.379158863595649,9.40165049027736,0.0],[77.379327306720896,9.401221025770763,0.0],[77.379559482749343,9.400877455821032,0.0],[77.379718818951332,9.400601694371478,0.0],[77.380032935629757,9.400362100746138,0.0],[77.38040623210621,9.400163193939633,0.0],[77.381580746876935,9.399593595284909,0.0],[77.381812919185066,9.399254543511333,0.0],[77.381894863339696,9.39878439122451,0.0],[77.382136143448022,9.39756832430103,0.0],[77.382217569158243,9.397290784049929,0.0],[77.382234450332533,9.397233258717112,0.0],[77.382234460880383,9.397233224057917,0.0],[77.382304582318554,9.3969941954612,0.0],[77.382614141682382,9.396727475637533,0.0],[77.383215049033424,9.396374862292092,0.0],[77.384070884313303,9.396062933973038,0.0],[77.384913062152407,9.395850459172163,0.0],[77.386556444440899,9.39554304241803,0.0],[77.386906970715913,9.395330566376391,0.0],[77.386925176357622,9.39501863830046,0.0],[77.386765842570455,9.394584651748325,0.0],[77.386843228020311,9.394186829683955,0.0],[77.386938822837052,9.393865859219389,0.0],[77.387689947625816,9.393594609605017,0.0],[77.388049573331955,9.393291718372364,0.0],[77.388459268338863,9.392482507175032,0.0],[77.389082924610776,9.392238380316066,0.0],[77.389947853731499,9.392125348934929,0.0],[77.390512333498108,9.392080131156968,0.0],[77.390885623530039,9.392301638414423,0.0],[77.391245264719657,9.392880280632966,0.0],[77.391459229489769,9.393214808344297,0.0],[77.391700502579397,9.393341381919399,0.0],[77.392073790596896,9.393359456747552,0.0],[77.392460735229065,9.393418216725916,0.0],[77.392961495376696,9.3937572562367,0.0],[77.393239189174736,9.393924514597384,0.0],[77.393685310093133,9.393820526730746,0.0],[77.393972100447684,9.393680376764513,0.0],[77.394213373258893,9.393716535058712,0.0],[77.394500171812794,9.393901875411498,0.0],[77.394691380254315,9.394272566861751,0.0],[77.394723255315952,9.394570932324049,0.0],[77.394891695711536,9.394738192283572,0.0],[77.395269541531093,9.394891884744009,0.0],[77.395947835840573,9.394928026786848,0.0],[77.396261949157847,9.395068157740409,0.0],[77.39640307838232,9.39528062574372,0.0],[77.396576088133244,9.395877352112958,0.0],[77.397163349047858,9.396193778948732,0.0],[77.397436487941036,9.39620280986183,0.0],[77.39773238129338,9.396031011719078,0.0],[77.398187609266373,9.395936058957663,0.0],[77.398583661453699,9.395954124905121,0.0],[77.398788505965342,9.39573712305859,0.0],[77.398993339124047,9.395266961195947,0.0],[77.399093478398527,9.394991193839996,0.0],[77.399439447773318,9.394869120258914,0.0],[77.39965341094701,9.394982128211709,0.0],[77.400186065740442,9.395732539859329,0.0],[77.400463760402189,9.395804858464874,0.0],[77.400827940999193,9.395732509377673,0.0],[77.40109653137965,9.395804827945327,0.0],[77.401346921213587,9.396062495477718,0.0],[77.401688346364097,9.39608056105663,0.0],[77.402088943886142,9.395972043455005,0.0],[77.402393951677325,9.396017234809943,0.0],[77.40278545918386,9.396170917621539,0.0],[77.403126881102153,9.396134733191289,0.0],[77.403267986641126,9.395858963009399,0.0],[77.403313486668267,9.395434014582991,0.0],[77.40319510168014,9.394995512766734,0.0],[77.40315411290328,9.394660983110597,0.0],[77.403144994438307,9.394412344854533,0.0],[77.40375955207405,9.39438518662163,0.0],[77.40423754172707,9.394362555682466,0.0],[77.404601716034847,9.394208830959837,0.0],[77.405066030178588,9.393892353834691,0.0],[77.405676014534137,9.39353970159492,0.0],[77.405981016298497,9.393521600274157,0.0],[77.406286028075215,9.393666243260025,0.0],[77.406518220291105,9.394055008879004,0.0],[77.406650255930288,9.394339803968714,0.0],[77.407114592565392,9.394384980488319,0.0],[77.407865710440603,9.394231226115446,0.0],[77.408375568033719,9.394249274328729,0.0],[77.408830802813625,9.394326093733927,0.0],[77.40939533044866,9.394913744020119,0.0],[77.409859712484135,9.395546608259613,0.0],[77.409928041177395,9.396129773621213,0.0],[77.409928084226877,9.396699382295841,0.0],[77.410051017442484,9.39697513586394,0.0],[77.410542698142322,9.39735483685347,0.0],[77.41092055929029,9.397580843784841,0.0],[77.411457732129577,9.397544635815379,0.0],[77.412268038052062,9.39742703353906,0.0],[77.413000948103104,9.397241624415248,0.0],[77.414799114679624,9.397196264516928,0.0],[77.415040404882163,9.397381591392735,0.0],[77.415158804689767,9.397820089084373,0.0],[77.415236249498889,9.398421335369171,0.0],[77.415568598806445,9.398733233236145,0.0],[77.416028399192726,9.398868812318867,0.0],[77.416574668077018,9.398728620294516,0.0],[77.417075407436229,9.398534183305646,0.0],[77.417576161616523,9.398488929345948,0.0],[77.417931251445893,9.398561226335502,0.0],[77.418404727971165,9.398886670539369,0.0],[77.419060291850982,9.399126202021378,0.0],[77.419747712283524,9.399270794985938,0.0],[77.420184692488746,9.398836763762697,0.0],[77.42042137127531,9.398420834366771,0.0],[77.420580629162274,9.397720109767267,0.0],[77.420767200038654,9.397014861170504,0.0],[77.420794433969206,9.396259901346248,0.0],[77.420999256967534,9.395966034208506,0.0],[77.421372522805413,9.395744480108238,0.0],[77.421804958887392,9.395441547278578,0.0],[77.42216911158151,9.395152182775458,0.0],[77.422483165251663,9.394654871742706,0.0],[77.422883726264502,9.394288650763162,0.0],[77.423284266189725,9.39374160175503,0.0],[77.423634785321482,9.393687313638988,0.0],[77.423939805383654,9.393831941820739,0.0],[77.42436776267941,9.394193548975798,0.0],[77.425000593645322,9.394722397703607,0.0],[77.425428529537854,9.394889613065086,0.0],[77.426029435432255,9.394907624541634,0.0],[77.426420894514806,9.394591128220764,0.0],[77.42680778209369,9.394125449063448,0.0],[77.427226569416277,9.393940049215935,0.0],[77.42786837963952,9.393442693326781,0.0],[77.428810666066411,9.393171331852091,0.0],[77.429416064478048,9.392755350205322,0.0],[77.429980507572154,9.392461431307222,0.0],[77.430381055419048,9.392072598294835,0.0],[77.430795276524975,9.391814863342054,0.0],[77.431223169230165,9.391670143501143,0.0],[77.431742105305077,9.391516370042776,0.0],[77.43221099128732,9.39154342997611,0.0],[77.432889246483967,9.391321822558773,0.0],[77.433540199348386,9.391186110055099,0.0],[77.43398627673001,9.390883160203614,0.0],[77.434523374918413,9.39042197219651,0.0],[77.434837433801917,9.39010999870543,0.0],[77.434896592884783,9.389974368679299,0.0],[77.434905660970585,9.389725729447015,0.0],[77.434814572544553,9.389431897072985,0.0],[77.43443212678504,9.389029609731626,0.0],[77.434254538550249,9.38866797879399,0.0],[77.434295438854747,9.388188778941231,0.0],[77.434896299153664,9.387976219519608,0.0],[77.435278654808883,9.387772732470076,0.0],[77.435574475054025,9.387275411890879,0.0],[77.435852092519596,9.386832342884993,0.0],[77.43645295589306,9.386655946666442,0.0],[77.436657759816399,9.386362070241127,0.0],[77.436753277872185,9.385846695857079,0.0],[77.436844242841858,9.385331322492014,0.0],[77.437217461234454,9.384937964764543,0.0],[77.437481448060808,9.38468928619125,0.0],[77.437490522834068,9.384494895227725,0.0],[77.437190045270313,9.384264385043664,0.0],[77.437217275844674,9.383730938130142,0.0],[77.437554076561582,9.38335114825823,0.0],[77.437868121043039,9.38300300613566,0.0],[77.437895374863402,9.382623262576303,0.0],[77.437972642579993,9.381854732009277,0.0],[77.438341298053615,9.381429728608563,0.0],[77.439187975791697,9.381321100299257,0.0],[77.439761503932473,9.38107237198555,0.0],[77.440162048974969,9.380814627739325,0.0],[77.440753786197874,9.380583977226355,0.0],[77.441199770721582,9.379837989153522,0.0],[77.441518354041946,9.379453677721763,0.0],[77.442110059157969,9.379046717949603,0.0],[77.442146413517733,9.378676014225324,0.0],[77.442091707459895,9.378187787623219,0.0],[77.44222369654527,9.378061185765819,0.0],[77.442592410640842,9.378038521287406,0.0],[77.442870079820452,9.377993267617196,0.0],[77.443375282057218,9.377532071368204,0.0],[77.444276502150487,9.377007517563452,0.0],[77.445091233581934,9.37650105821767,0.0],[77.445646482974112,9.375931353059542,0.0],[77.446215447409926,9.375691656230876,0.0],[77.447408022815793,9.375356911673922,0.0],[77.44789959799563,9.375108183971928,0.0],[77.448163537792539,9.37467866941101,0.0],[77.448072342548969,9.373842355824866,0.0],[77.448286190253043,9.373313395285736,0.0],[77.448732199409406,9.372834119038846,0.0],[77.449018905514663,9.372458848055478,0.0],[77.449091655424766,9.372015805373897,0.0],[77.449018697678198,9.371342233991346,0.0],[77.449073241323958,9.370912756733949,0.0],[77.449268900087745,9.370505858067148,0.0],[77.449605743474493,9.37048771197572,0.0],[77.449938007297419,9.370324905230913,0.0],[77.450511483274497,9.369940537689718,0.0],[77.450461386509559,9.369809446698337,0.0],[77.450320232227568,9.369583437806735,0.0],[77.449641782226635,9.368485033699265,0.0],[77.449327706686617,9.368539340848843,0.0],[77.449131929517065,9.36830882103029,0.0],[77.448927023569851,9.367942681564463,0.0],[77.448539997834757,9.367350540392167,0.0],[77.447961764342381,9.366604729066509,0.0],[77.447083100960171,9.365827325252788,0.0],[77.446286534374963,9.36593596370594,0.0],[77.444324707851479,9.3662391916166,0.0],[77.443910496170488,9.36631611390554,0.0],[77.443856065348314,9.367432738187977,0.0],[77.441857805588697,9.367695271837157,0.0],[77.441807689876484,9.367428557973563,0.0],[77.441306982421381,9.367464805285316,0.0],[77.441170366382423,9.36711221318232,0.0],[77.440847188804,9.367175555104147,0.0],[77.44075608491697,9.366773226978733,0.0],[77.439299615994983,9.367718285274114,0.0],[77.438498533215707,9.368098149536038,0.0],[77.438093290576617,9.367329691652753,0.0],[77.438129640290057,9.366909260416287,0.0],[77.43761975267681,9.366448226119907,0.0],[77.437464899515035,9.36587864079868,0.0],[77.437642287450103,9.364988034960803,0.0],[77.437564787088533,9.364224047004065,0.0],[77.437177712303821,9.36315269861514,0.0],[77.437346100299649,9.362944720244815,0.0],[77.437104720917446,9.362099384106127,0.0],[77.438406545510418,9.362026854967391,0.0],[77.441133134709119,9.362139442503166,0.0],[77.442589811361941,9.362595794734968,0.0],[77.443154214850679,9.362423913706518,0.0],[77.443363530295571,9.362007973980297,0.0],[77.443063009609361,9.361429373563919,0.0],[77.442471239673907,9.361266726574202,0.0],[77.442166208249546,9.360927724368375,0.0],[77.442166131330282,9.360466611711518,0.0],[77.442220661673844,9.359915076315364,0.0],[77.441824443480982,9.358667426124644,0.0],[77.44173328890578,9.357953169725977,0.0],[77.442206635234825,9.357695411687343,0.0],[77.44139584898717,9.354273367897768,0.0],[77.445078112572773,9.353594644473503,0.0],[77.446848746982951,9.353589813881896,0.0],[77.447995761021772,9.353426862310341,0.0],[77.449038027856886,9.352965560709023,0.0],[77.44948851813821,9.352251205345201,0.0],[77.450062004091933,9.352074791050068,0.0],[77.450976729107424,9.351161435800757,0.0],[77.451732254718422,9.350840321518113,0.0],[77.452861033342273,9.350591464905635,0.0],[77.454690811151991,9.350518772636111,0.0],[77.454845736019521,9.351336990206768,0.0],[77.456315945316419,9.351336693270174,0.0],[77.457645081984438,9.351481081989474,0.0],[77.459278927901508,9.350427412849015,0.0],[77.460471400881076,9.350074541878852,0.0],[77.460667066122838,9.349807777883639,0.0],[77.46214176977287,9.349576899831682,0.0],[77.462569686342249,9.349825443691495,0.0],[77.464508593633411,9.349291564703396,0.0],[77.466679668455654,9.348915845991375,0.0],[77.466602164219708,9.348386941421394,0.0],[77.466369981642785,9.348192605316505,0.0],[77.466601763477229,9.346691675756187,0.0],[77.468040083131044,9.346655172506523,0.0],[77.468130983836332,9.346103624349258,0.0],[77.467825936701857,9.345746560702928,0.0],[77.466942898463813,9.345678957748973,0.0],[77.462942038573431,9.345892344800841,0.0],[77.462231418254078,9.343388029740755,0.0],[77.461780795006561,9.343333880382719,0.0],[77.461152414122708,9.342172195501028,0.0],[77.460433236264365,9.342068374650472,0.0],[77.460524128341874,9.34142641439276,0.0],[77.460992891367027,9.3411912360743,0.0],[77.460705943740649,9.340291676721133,0.0],[77.460364407694044,9.339527750262322,0.0],[77.460059431421129,9.339437401672193,0.0],[77.459394229123163,9.336318252851203,0.0],[77.459052852920976,9.336268598225912,0.0],[77.459161668685013,9.334306585979682,0.0],[77.459193486273421,9.334107667504391,0.0],[77.458820222814552,9.333922397962882,0.0],[77.459430001212567,9.333348137633234,0.0],[77.460335697275525,9.333108346377021,0.0],[77.460986534070898,9.332986146325064,0.0],[77.461427974500467,9.332737410978943,0.0],[77.461905710965652,9.331973306414323,0.0],[77.462337897876111,9.331064548460834,0.0],[77.46286572075104,9.330408927861864,0.0],[77.463543763221537,9.329857249853708,0.0],[77.464221817417396,9.329364339508409,0.0],[77.464777041175168,9.329138178061678,0.0],[77.465673643008628,9.328997830251623,0.0],[77.469792572945792,9.328481497528207,0.0],[77.471512992785506,9.328390663637398,0.0],[77.473033841661376,9.331025860769223,0.0],[77.473826466029081,9.333629590089014,0.0],[77.474149926922394,9.334813934034131,0.0],[77.474077369407155,9.335849195677582,0.0],[77.474346011704881,9.336242428530861,0.0],[77.474168726656885,9.337114971178636,0.0],[77.474724957340229,9.34074947959898,0.0],[77.477041704774322,9.340694630786249,0.0],[77.479476450439691,9.339382977961135,0.0],[77.481237702405238,9.338632061729779,0.0],[77.482202540382559,9.338297263443206,0.0],[77.484482709845508,9.337727016464008,0.0],[77.486958557104558,9.337048200593255,0.0],[77.487472957155205,9.337301209916946,0.0],[77.487705555941716,9.338887910640477,0.0],[77.489485193316014,9.338796972357732,0.0],[77.489594377481652,9.338620632000815,0.0],[77.491292089747773,9.338547791458138,0.0],[77.491346583171392,9.338136390880933,0.0],[77.491974687043026,9.338100034605223,0.0],[77.492156859497186,9.338457114796759,0.0],[77.492944230950101,9.338298649199274,0.0],[77.493053395511296,9.338063538588855,0.0],[77.493749784360958,9.338063324252346,0.0],[77.493859127925035,9.338402343358894,0.0],[77.495834524256153,9.338455975010454,0.0],[77.495993726886226,9.338134954639807,0.0],[77.496852621565083,9.333943987321422,0.0],[77.497030080551795,9.333790227206503,0.0],[77.499008562076241,9.333328474632964,0.0],[77.500355890226373,9.333075822927208,0.0],[77.502240354384128,9.332755525403783,0.0],[77.503856238444527,9.332534646516404,0.0],[77.504179402814032,9.332476012656837,0.0],[77.504420590224598,9.33248964190145,0.0],[77.50471643901254,9.332489760598381,0.0],[77.504957707704207,9.332498834762042,0.0],[77.505476532496814,9.332449361150715,0.0],[77.505649559079316,9.332386114305553,0.0],[77.505858969416792,9.332300278804766,0.0],[77.506104803448125,9.332124044025516,0.0],[77.506241327125323,9.332069892205649,0.0],[77.506464423181001,9.331947934065781,0.0],[77.506610098643137,9.331925303010031,0.0],[77.506942382446837,9.331884782137774,0.0],[77.50718361526144,9.331921011165392,0.0],[77.507552217561681,9.331957337379869,0.0],[77.507756996377907,9.332025177576329,0.0],[77.508257558106337,9.332409671952867,0.0],[77.508594301546111,9.332653873773031,0.0],[77.509135856148362,9.332893634600223,0.0],[77.509308712072723,9.3329660940796,0.0],[77.509859416876452,9.333106394596165,0.0],[77.510546679301456,9.333165378894211,0.0],[77.511411411115532,9.333265179195273,0.0],[77.51215330453671,9.333423660665501,0.0],[77.5125674482601,9.333554852997619,0.0],[77.513077144517183,9.333654484753264,0.0],[77.513759855438707,9.333686391174648,0.0],[77.514474428798664,9.33372734116193,0.0],[77.51498417436035,9.333763622546947,0.0],[77.515293633084184,9.333818010292653,0.0],[77.51565315695035,9.333980846380307,0.0],[77.516017226337183,9.334166365152452,0.0],[77.516313031608618,9.334270365301105,0.0],[77.516763627545672,9.334324812540661,0.0],[77.517141448878206,9.334293284151563,0.0],[77.517710415872841,9.334175938867034,0.0],[77.518015369151513,9.334099174174311,0.0],[77.518224727216236,9.334117315574373,0.0],[77.518402186896154,9.334194222620384,0.0],[77.51856598836882,9.33436157416053,0.0],[77.518884445941168,9.334877039736075,0.0],[77.519412169556134,9.335659288858151,0.0],[77.51966701214053,9.335912486396847,0.0],[77.519999353593207,9.335686544524595,0.0],[77.520267927309078,9.335424462706708,0.0],[77.520959937207337,9.334800797833761,0.0],[77.521419533762028,9.335230456207162,0.0],[77.521733643979033,9.33510398936788,0.0],[77.522129672720951,9.334963944159052,0.0],[77.522197866284827,9.335217088366488,0.0],[77.522384156012109,9.336252455825974,0.0],[77.522848327017542,9.336505735176669,0.0],[77.523694710972464,9.337170516916045,0.0],[77.524022303788698,9.337532282824995,0.0],[77.524199714029351,9.337830759412199,0.0],[77.524308829748421,9.338201484748749,0.0],[77.524404311532578,9.338630939453987,0.0],[77.524590510624122,9.339779250615665,0.0],[77.524740399310744,9.340941139430864,0.0],[77.524822161364227,9.341348022844706,0.0],[77.524926975887567,9.341854348584203,0.0],[77.525076733184093,9.342577774529349,0.0],[77.525244888690295,9.343368934790576,0.0],[77.52562716191305,9.343346394553178,0.0],[77.525804490164774,9.343929625520179,0.0],[77.526477557778662,9.345891846899841,0.0],[77.5265821484507,9.346244454854475,0.0],[77.52615431885711,9.346294079220133,0.0],[77.526235992288491,9.347107864502814,0.0],[77.526358609874606,9.347966773684831,0.0],[77.527245981077286,9.348658727929934,0.0],[77.527582716019651,9.348948199978423,0.0],[77.526549218591867,9.349879145543539,0.0],[77.52629421373787,9.350141224169022,0.0],[77.526034616439844,9.350566108516286,0.0],[77.525897967867948,9.350896104833438,0.0],[77.52570213321917,9.351271262950291,0.0],[77.525433449127036,9.351574026196046,0.0],[77.52513753269568,9.351890430627421,0.0],[77.524800573280984,9.352157063669186,0.0],[77.524395401967965,9.352414552707998,0.0],[77.524049416315606,9.352586226341067,0.0],[77.523662455859963,9.352739848182154,0.0],[77.523389380104391,9.352888937613194,0.0],[77.522993292603516,9.353065094426011,0.0],[77.521859771179592,9.353575572230479,0.0],[77.521122226176644,9.353860210751591,0.0],[77.52154974066697,9.35494080435355,0.0],[77.521181004797697,9.355121456487844,0.0],[77.520980834548354,9.354832117349513,0.0],[77.52062575189052,9.355003803392057,0.0],[77.520880367696194,9.355758817274872,0.0],[77.520866640982391,9.356192829114498,0.0],[77.519810532301804,9.356445619672185,0.0],[77.519423560037694,9.356558488054066,0.0],[77.519073007822598,9.356748300791633,0.0],[77.519373246697356,9.357259204791299,0.0],[77.519673499492626,9.357733921765989,0.0],[77.519841841516708,9.35803235895419,0.0],[77.519932785960762,9.358235889228826,0.0],[77.520014678229771,9.358579456520761,0.0],[77.520155479628542,9.359289242806748,0.0],[77.520178268298295,9.359343521910279,0.0],[77.5208747663943,9.35907701722396,0.0],[77.521789818748871,9.358697546617144,0.0],[77.522258716156884,9.358566624641323,0.0],[77.522518186039989,9.358525948699029,0.0],[77.522891391348196,9.358535155051788,0.0],[77.524002002090569,9.358598797944225,0.0],[77.525317476140586,9.358870450548835,0.0],[77.525617841403573,9.358771063700644,0.0],[77.526742335165991,9.358192746047118,0.0],[77.527088311242622,9.358052692159431,0.0],[77.527037811356749,9.35946770358758,0.0],[77.527019517176299,9.359779585718382,0.0],[77.52775689841657,9.359901912661236,0.0],[77.529322618797508,9.360345345498967,0.0],[77.52928581567248,9.361719684729506,0.0],[77.529158289903975,9.361742212674455,0.0],[77.529285487858587,9.362705171490022,0.0],[77.529266858360202,9.363998081521778,0.0],[77.529335041830279,9.364395918967245,0.0],[77.529384768022723,9.365517127371525,0.0],[77.529375507232189,9.365964639489889,0.0],[77.528792835946319,9.366163392194702,0.0],[77.529292821753998,9.368514325104726,0.0],[77.529620111264535,9.370114701963161,0.0],[77.530001994121676,9.37178296993217,0.0],[77.530229272247865,9.37275048387917,0.0],[77.530374711482168,9.373613989792622,0.0],[77.530856535159955,9.375906054582028,0.0],[77.532549883097715,9.376042158865911,0.0],[77.533050628575793,9.376087515857634,0.0],[77.533501448162497,9.375499960432041,0.0],[77.533988584713157,9.375138491147897,0.0],[77.534653278256641,9.374790566110196,0.0],[77.535131332807467,9.374632495833207,0.0],[77.535459033507678,9.374632567064829,0.0],[77.535964324792687,9.374700510908301,0.0],[77.536697173567873,9.374809224826368,0.0],[77.537184168121243,9.374863621559966,0.0],[77.53763024235171,9.374886297102609,0.0],[77.537876242315477,9.374334847276927,0.0],[77.538531814652615,9.374136154248855,0.0],[77.539574283456844,9.373738563352889,0.0],[77.540644166263675,9.373214461369038,0.0],[77.541923475803173,9.372676830387503,0.0],[77.542729106446458,9.372668017908596,0.0],[77.543043252629687,9.372645496581754,0.0],[77.543521255249686,9.372356311223733,0.0],[77.54412219097371,9.372193641308556,0.0],[77.545000763224223,9.371981450149512,0.0],[77.546161568656444,9.371837050013783,0.0],[77.547313225626667,9.371706243358716,0.0],[77.548583324317448,9.371475966286663,0.0],[77.54892471736332,9.371372051784462,0.0],[77.551278266193663,9.370902514315716,0.0],[77.552493688775243,9.370690291540882,0.0],[77.554701515632189,9.370283947685518,0.0],[77.554724242254011,9.370193553061771,0.0],[77.554696969949987,9.370039834535024,0.0],[77.554401123200975,9.369886037918583,0.0],[77.553709267008401,9.369569476169568,0.0],[77.552293766827646,9.369071883817526,0.0],[77.552084414861611,9.36900401967498,0.0],[77.551938765258669,9.36882314674083,0.0],[77.551711265434335,9.368502088474017,0.0],[77.551274390318568,9.367837410777575,0.0],[77.550555514003932,9.366517255822821,0.0],[77.549745271324014,9.366652649657805,0.0],[77.549517887916082,9.365807252149088,0.0],[77.550287175181765,9.365590464466083,0.0],[77.550077945457588,9.364812849741032,0.0],[77.55037840981538,9.364681777331626,0.0],[77.549827985026511,9.363171721290456,0.0],[77.550688489752261,9.362539046493623,0.0],[77.552045083235456,9.361757319559718,0.0],[77.553356214224834,9.360894111563196,0.0],[77.555181788384871,9.359628746859698,0.0],[77.555896532077426,9.359158749341274,0.0],[77.556055968999331,9.35897796824686,0.0],[77.556197062398653,9.35865247598108,0.0],[77.556620673220266,9.35770326091513,0.0],[77.556948514397391,9.357034214071964,0.0],[77.557112471850019,9.356790161068517,0.0],[77.55726724558464,9.356654601403346,0.0],[77.557472049730919,9.356559666332501,0.0],[77.558309750533809,9.355940510434388,0.0],[77.559347641232634,9.355294241484993,0.0],[77.559607187997074,9.355145116305907,0.0],[77.560039612568218,9.354982528464596,0.0],[77.560426560311384,9.354837919191041,0.0],[77.560139924293836,9.353987988671877,0.0],[77.560135454036072,9.353888463832707,0.0],[77.560413087259278,9.353816223399072,0.0],[77.560372180057129,9.353459097778556,0.0],[77.562802882686626,9.353369139803807,0.0],[77.563330906799138,9.353269839237598,0.0],[77.563909029884698,9.353165947701982,0.0],[77.564418777294463,9.353206699220781,0.0],[77.565256274600131,9.353360571211331,0.0],[77.565210623404823,9.353961833477307,0.0],[77.566193823152091,9.353808334021,0.0],[77.567313633229233,9.3537090859994,0.0],[77.568101080129793,9.353740921341283,0.0],[77.569939963474312,9.35367338395492,0.0],[77.57068189595573,9.353601223924567,0.0],[77.570973197994491,9.35384987869794,0.0],[77.57246162103327,9.353976713304558,0.0],[77.573663213384975,9.354058323070063,0.0],[77.574860364177951,9.354126353927569,0.0],[77.574855885358602,9.353497961964464,0.0],[77.574919936175249,9.351942840272883,0.0],[77.574970146582245,9.35064088774066,0.0],[77.574965858018132,9.349275644498363,0.0],[77.574915927088057,9.348674363265719,0.0],[77.57482947683819,9.348145457447337,0.0],[77.574538379808871,9.347232156638356,0.0],[77.574347292715359,9.346626408949028,0.0],[77.574224430017622,9.346210445096105,0.0],[77.574133535579122,9.34577197700715,0.0],[77.574019747986938,9.345351523616245,0.0],[77.573906003492027,9.345089305905461,0.0],[77.57345096785383,9.344582864075747,0.0],[77.572982215711718,9.344094593412207,0.0],[77.573014213708447,9.343231065382124,0.0],[77.573023413030953,9.343027691196273,0.0],[77.574707451875611,9.343217800138902,0.0],[77.575554047104688,9.343290276522476,0.0],[77.5767693423807,9.343313123504302,0.0],[77.577238099782164,9.343448817406696,0.0],[77.577775194157809,9.343747217728907,0.0],[77.578476049166397,9.344199411343542,0.0],[77.579076793276258,9.34447977488996,0.0],[77.579745838824138,9.344629069322217,0.0],[77.580269341627329,9.344642746819471,0.0],[77.581493645427429,9.344769528716771,0.0],[77.582058092907587,9.344787651181701,0.0],[77.582308389629176,9.344869029232239,0.0],[77.582704332975723,9.345090666305612,0.0],[77.583368859868074,9.34574619996229,0.0],[77.583814837650024,9.346248078596343,0.0],[77.584242598422421,9.346627865126166,0.0],[77.584870698433988,9.347075575558414,0.0],[77.585435092718612,9.347378526653426,0.0],[77.586254305628245,9.347871393057513,0.0],[77.586641126541224,9.348038721624157,0.0],[77.586823207254895,9.348038695806689,0.0],[77.587041734190038,9.348043221951986,0.0],[77.587383064276352,9.347948339093897,0.0],[77.58856205276328,9.347663732575665,0.0],[77.588980741511151,9.347600451833777,0.0],[77.589567934552861,9.347568916858027,0.0],[77.589567918718714,9.347568896039039,0.0],[77.589281347580979,9.346768742320117,0.0],[77.589257458273721,9.346697976119458,0.0],[77.589035633439153,9.346040857552978,0.0],[77.589686447965377,9.345977666093672,0.0],[77.589686492186161,9.345977657910417,0.0],[77.589518210967086,9.34500564134642,0.0],[77.589454558884356,9.34447670050913,0.0],[77.590096308696289,9.344436193319488,0.0],[77.590096304069519,9.344436148567606,0.0],[77.590069106443238,9.343934356482881,0.0],[77.59069918822739,9.343907724977761,0.0],[77.591457299060096,9.343875704206486,0.0],[77.591457306700462,9.343875678425789,0.0],[77.591488538772083,9.343106616677224,0.0],[77.591498428371139,9.342863094371543,0.0],[77.59149842894,9.34286306132314,0.0],[77.591510289333314,9.34199491756238,0.0],[77.591525976708667,9.340846840344565,0.0],[77.591580825263051,9.338948198521964,0.0],[77.59159212164947,9.33820999634122,0.0],[77.591612948768741,9.336850586739494,0.0],[77.59163614179532,9.335616634341033,0.0],[77.591644992412,9.335146255682329,0.0],[77.591704019699662,9.334048765095559,0.0],[77.591722555580532,9.333704155165169,0.0],[77.591741031979495,9.331981755286245,0.0],[77.591768511489491,9.330426579024277,0.0],[77.591818759656277,9.328726854319132,0.0],[77.591818759218185,9.328726827509497,0.0],[77.591802878277221,9.32849355690978,0.0],[77.591759682025369,9.327858857191757,0.0],[77.591738258994738,9.32747693680632,0.0],[77.591709764581665,9.326968274603642,0.0],[77.591652504911579,9.326424480026914,0.0],[77.591596032381418,9.325887813249656,0.0],[77.591506839457722,9.324470791117623,0.0],[77.59150070466022,9.324373311078382,0.0],[77.591418956335062,9.322316393476537,0.0],[77.591386680538747,9.321800774057735,0.0],[77.591371736254814,9.321561986303966,0.0],[77.591358823503356,9.321355667365751,0.0],[77.591341830748988,9.321084150361273,0.0],[77.591323602804792,9.320792902143209,0.0],[77.591207299513954,9.319679212116728,0.0],[77.591114463028092,9.318790232526348,0.0],[77.591086509497643,9.318186191942157,0.0],[77.591037263856563,9.317122067765663,0.0],[77.590991247932052,9.316141844856659,0.0],[77.590955556865993,9.315381563949989,0.0],[77.59091894793778,9.315166017072244,0.0],[77.590896439648986,9.315033488038216,0.0],[77.590850960892382,9.314943021057029,0.0],[77.590850936877473,9.314943005462144,0.0],[77.590821146246071,9.314924209814667,0.0],[77.590564293932218,9.314762153766045,0.0],[77.590522682611393,9.314727277022072,0.0],[77.590273051463271,9.314518047401084,0.0],[77.590159584167111,9.314354625698073,0.0],[77.589999943171378,9.314124701892478,0.0],[77.589906335887164,9.314017358278122,0.0],[77.589906075722794,9.314017059051757,0.0],[77.589822494720522,9.313921213474682,0.0],[77.589722422737381,9.313830800610168,0.0],[77.58964046449978,9.313826275716547,0.0],[77.589385560573419,9.313880541011684,0.0],[77.589326693493248,9.313906740298027,0.0],[77.588989570922351,9.314056766413795,0.0],[77.588740843169433,9.31412852288612,0.0],[77.588457089907465,9.314210383086458,0.0],[77.588147631788573,9.314187780269521,0.0],[77.588144189187929,9.314186513917818,0.0],[77.58802475432401,9.314142542739198,0.0],[77.58791152474754,9.314027641342641,0.0],[77.587810847919187,9.313925477270558,0.0],[77.587711225382009,9.31377593622997,0.0],[77.587606056191134,9.313618070446283,0.0],[77.587442340504481,9.313197639290234,0.0],[77.587146532643359,9.312478808744228,0.0],[77.586940074653057,9.311956504010803,0.0],[77.586846299940817,9.31171926453478,0.0],[77.586268444696998,9.310277117942952,0.0],[77.585792288669268,9.309036587169048,0.0],[77.585631576953816,9.308617874645595,0.0],[77.586618958886277,9.308444951346955,0.0],[77.586869512768999,9.308401074830414,0.0],[77.587708132379063,9.308247046631099,0.0],[77.58790258580008,9.308211330566154,0.0],[77.587902627280968,9.308211324124986,0.0],[77.588013123889752,9.308469013341112,0.0],[77.588020900994721,9.308487145291092,0.0],[77.589049484526186,9.308247641853491,0.0],[77.589716931773182,9.308159101342888,0.0],[77.589900598222471,9.308134742827843,0.0],[77.590355706450609,9.308080569882273,0.0],[77.590355723087143,9.308080596071404,0.0],[77.590851671070581,9.308849144062332,0.0],[77.590851704367594,9.308849142841229,0.0],[77.5925765941344,9.308609761749839,0.0],[77.59257662296659,9.308609758665947,0.0],[77.594124100689541,9.308429065862347,0.0],[77.59497972473396,9.308320664286232,0.0],[77.595446915184013,9.308262236452421,0.0],[77.5961357202968,9.308176090587539,0.0],[77.596851840635864,9.308109667059181,0.0],[77.597400965950399,9.308058731491059,0.0],[77.597929702087313,9.307957587491643,0.0],[77.59827476887007,9.307891576534942,0.0],[77.599336326333514,9.307726392060363,0.0],[77.600104353636027,9.307606885687685,0.0],[77.600469804968512,9.307562623858683,0.0],[77.601073788391545,9.307489479546396,0.0],[77.602366321439533,9.307290709796296,0.0],[77.602770582887899,9.307223824462465,0.0],[77.603130955118502,9.307164200467923,0.0],[77.603794563145001,9.307035325515734,0.0],[77.604154947498955,9.306965324148312,0.0],[77.60411561700262,9.306570248693081,0.0],[77.604104994035026,9.306463514022418,0.0],[77.603995837039989,9.305654280845669,0.0],[77.603882054673576,9.304994245872834,0.0],[77.603705120009224,9.303876435057244,0.0],[77.603677413353125,9.30370137042765,0.0],[77.603527352964974,9.302340545755623,0.0],[77.60346569453317,9.30193536623133,0.0],[77.603409025471009,9.301562972762509,0.0],[77.603394601906757,9.301301709201205,0.0],[77.6033943656969,9.301297437913959,0.0],[77.603386324812618,9.301151576210644,0.0],[77.604792665693324,9.300898528921163,0.0],[77.605430545284037,9.300850785509379,0.0],[77.605757509085947,9.300826322832695,0.0],[77.605971309407835,9.301653644619732,0.0],[77.605971337369866,9.301653639731882,0.0],[77.606378299260982,9.301581496115961,0.0],[77.606481017699608,9.301563286712057,0.0],[77.606481055581511,9.301563280204942,0.0],[77.606542612815943,9.301776068112115,0.0],[77.606594828441885,9.301956561084923,0.0],[77.607069314822624,9.301869386999213,0.0],[77.607627876946026,9.301766764062226,0.0],[77.607898612545242,9.301735259103063,0.0],[77.608210439685834,9.301698972459533,0.0],[77.60863159815824,9.301636275300629,0.0],[77.609029637571112,9.30157701942834,0.0],[77.610058194458574,9.301432426852628,0.0],[77.610058220591839,9.301432423719733,0.0],[77.610130446544019,9.301426390761399,0.0],[77.610545169564418,9.301391771231557,0.0],[77.611507705074473,9.30124474819837,0.0],[77.61161008185185,9.301229111895797,0.0],[77.611610119718236,9.301229106280289,0.0],[77.613439668527931,9.300976047069941,0.0],[77.613357237536263,9.300037585915714,0.0],[77.613339603586596,9.299836829506937,0.0],[77.61368093753191,9.299823285065569,0.0],[77.613680938156293,9.299823248451018,0.0],[77.613685531748558,9.29963339193575,0.0],[77.613685529645394,9.299633357061964,0.0],[77.614672544995088,9.299526330804229,0.0],[77.615018951959641,9.29948876657782,0.0],[77.615883685415795,9.299479829728959,0.0],[77.616175324001276,9.299467686095939,0.0],[77.616534512680118,9.299452727849257,0.0],[77.616528020260162,9.298884360695997,0.0],[77.616520883135195,9.29825923352421,0.0],[77.616497532665107,9.297694586070374,0.0],[77.616489106168331,9.297490746025572,0.0],[77.618057282989852,9.29729417920823,0.0],[77.618364152333299,9.297255714562001,0.0],[77.619802262481514,9.297124632104232,0.0],[77.620751683791681,9.297034341523499,0.0],[77.621750101506549,9.296939385979432,0.0],[77.621672723446821,9.296234174452698,0.0],[77.621839758779629,9.296205041603125,0.0],[77.623201873882735,9.295967470348256,0.0],[77.623993748374247,9.295804777473684,0.0],[77.624142466142303,9.295747963308752,0.0],[77.624289640555034,9.295691737725441,0.0],[77.624683119431722,9.295579207223046,0.0],[77.624858493790953,9.295529047980686,0.0],[77.624826905045254,9.294759642601118,0.0],[77.624822113602136,9.29464293216772,0.0],[77.624840345881736,9.294014548496822,0.0],[77.624822155256538,9.293571535889345,0.0],[77.624849803050822,9.293214080704374,0.0],[77.624849813369735,9.293213949566873,0.0],[77.6248630664237,9.29304259993263,0.0],[77.624895002251932,9.292830179182161,0.0],[77.625303418891761,9.292939799264932,0.0],[77.625400146118906,9.292965760335626,0.0],[77.625969021343394,9.293124025426138,0.0],[77.626505987885182,9.293286756614823,0.0],[77.626770005905144,9.293334665348642,0.0],[77.627029358734035,9.293381730010491,0.0],[77.627173071393941,9.293420253788778,0.0],[77.627889447718587,9.293612304283766,0.0],[77.628276359719678,9.293630395656724,0.0],[77.628303581078953,9.293775026253464,0.0],[77.628303613518369,9.293775022329601,0.0],[77.62839229819258,9.293760648041761,0.0],[77.629168343527283,9.293634876084994,0.0],[77.629237185964556,9.293858159637519,0.0],[77.629254769200188,9.293915210114502,0.0],[77.629301269454629,9.293908410695115,0.0],[77.629409469616746,9.293892602236774,0.0],[77.630039462655603,9.29379023174253,0.0],[77.630410760342158,9.29372990784965,0.0],[77.631003703731267,9.293689000759894,0.0],[77.631393715745745,9.293662100384768,0.0],[77.63140951060285,9.293659840690335,0.0],[77.631457447735158,9.293652983284293,0.0],[77.632322169263773,9.293530946677034,0.0],[77.632454126460104,9.293512875068943,0.0],[77.633049497066168,9.293430762320064,0.0],[77.633273280148501,9.293399898008996,0.0],[77.633273409081895,9.293399877828898,0.0],[77.633547691555506,9.293356056613401,0.0],[77.633782998652919,9.293318465447262,0.0],[77.634025882385274,9.29326296524307,0.0],[77.634356425546358,9.293187438421153,0.0],[77.634797902088323,9.293228039153529,0.0],[77.635207467466614,9.293214514020116,0.0],[77.635296907965937,9.2932126046672,0.0],[77.635421389255498,9.293209952982808,0.0],[77.635735379500986,9.293200990987224,0.0],[77.635882715668245,9.293169344841479,0.0],[77.636240490805449,9.293092505202747,0.0],[77.63624052598675,9.293092498642954,0.0],[77.636691107760271,9.293051773138746,0.0],[77.63684577858578,9.293051763537385,0.0],[77.637269068327996,9.293056238923167,0.0],[77.637358895469333,9.293056240049946,0.0],[77.637564832621493,9.293056253853983,0.0],[77.638165638592156,9.293002046337428,0.0],[77.638579741918704,9.292911584060919,0.0],[77.638711697722897,9.292893506678768,0.0],[77.639444452640092,9.292789505310211,0.0],[77.639710241055965,9.292747076312935,0.0],[77.639954177279023,9.292708142094526,0.0],[77.639987097544022,9.292703450913082,0.0],[77.640049720694648,9.292694542016182,0.0],[77.640759694838152,9.292581578680657,0.0],[77.641374047205545,9.292576981422522,0.0],[77.641528779383648,9.292418769104994,0.0],[77.641765447682531,9.292057094307285,0.0],[77.642297893343326,9.291939560173898,0.0],[77.642697059084071,9.291903057174395,0.0],[77.642989579212951,9.291876310931295,0.0],[77.643358194135772,9.29176327656403,0.0],[77.643807302575496,9.29165279522627,0.0],[77.643836054139697,9.291645722166653,0.0],[77.64386459122376,9.291641667434662,0.0],[77.643995330501198,9.291623091628129,0.0],[77.643995415795573,9.291559803847553,0.0],[77.643995413835228,9.291559760045232,0.0],[77.643958942080403,9.290981122487443,0.0],[77.644011922279674,9.290975600638864,0.0],[77.644045420665222,9.290972109767473,0.0],[77.644149258263056,9.290960193743185,0.0],[77.644282016940664,9.290944959011348,0.0],[77.644618851388884,9.290908755348482,0.0],[77.644752688259075,9.29087785786483,0.0],[77.644814476821409,9.290863596778877,0.0],[77.644800882687832,9.290592351862351,0.0],[77.644782656432696,9.290158370577281,0.0],[77.64474168039709,9.288747872119769,0.0],[77.645075199548259,9.288744738851843,0.0],[77.645711013588766,9.288738785037802,0.0],[77.645724975634678,9.288738788138961,0.0],[77.645738259682062,9.288738790702871,0.0],[77.646784987037208,9.288720722056333,0.0],[77.647859015886638,9.288603143193924,0.0],[77.647872685487684,9.288603103717264,0.0],[77.650926288565358,9.28835436108673,0.0],[77.651372283244825,9.28828645233423,0.0],[77.651397864777323,9.288283297628013,0.0],[77.651408686683126,9.288281963681699,0.0],[77.651697630801962,9.288240064625594,0.0],[77.652250606442763,9.288159878230111,0.0],[77.653037909214902,9.288055819939407,0.0],[77.653206276297496,9.288037797050386,0.0],[77.653205714283501,9.288031041073527,0.0],[77.653165362032041,9.287545027573444,0.0],[77.653158837784375,9.287478030919898,0.0],[77.65315170991704,9.287404829661202,0.0],[77.653074215860784,9.28648260735924,0.0],[77.653106131803156,9.286365138700559,0.0],[77.653106175896525,9.286365136750518,0.0],[77.653329107131796,9.286356059524547,0.0],[77.653440680069409,9.286315490221231,0.0],[77.653515661817536,9.286288225825089,0.0],[77.653467902517775,9.286038384030117,0.0],[77.653447384207411,9.285931048163242,0.0],[77.6533469894826,9.28489106333255,0.0],[77.653344381442125,9.284864220519058,0.0],[77.653342643463532,9.284864211412543,0.0],[77.653253542622579,9.283935366937568,0.0],[77.653251577817386,9.283914888412493,0.0],[77.653515502895743,9.283860575634137,0.0],[77.654503069715858,9.283625486028235,0.0],[77.655108360215976,9.283467222885804,0.0],[77.655246376486232,9.283443319858966,0.0],[77.655709052474393,9.283363189454814,0.0],[77.65570905999634,9.283363223521764,0.0],[77.655822816406555,9.283887614347567,0.0],[77.655833072246253,9.283940558500827,0.0],[77.655845574324346,9.284005093711043,0.0],[77.655886296362198,9.284196214927496,0.0],[77.65589567243488,9.284240218556356,0.0],[77.656200576380613,9.284380321426582,0.0],[77.65630979549492,9.284398385865927,0.0],[77.656366528713292,9.284404934685092,0.0],[77.656896910380638,9.284466159630927,0.0],[77.657220013619352,9.284502320145789,0.0],[77.657816288587881,9.284577552534108,0.0],[77.658043730478553,9.284606248475411,0.0],[77.658069978166736,9.284610252158076,0.0],[77.658102829569103,9.284615271513088,0.0],[77.658598686443895,9.284719933095648,0.0],[77.658680862475322,9.284737279498362,0.0],[77.658772829420613,9.284747605904053,0.0],[77.65920419831015,9.284796039278564,0.0],[77.659412974187774,9.284817177268604,0.0],[77.659650161304441,9.284841191953884,0.0],[77.659897822169611,9.284863005747575,0.0],[77.660009661938986,9.284872865178485,0.0],[77.660260495563691,9.284882396942105,0.0],[77.660482973233457,9.284890858459672,0.0],[77.660516147697436,9.285020717148873,0.0],[77.660560359551368,9.285193783218709,0.0],[77.660733819369398,9.286011745176395,0.0],[77.660760714726067,9.28613856924628,0.0],[77.66077888004412,9.286224441849388,0.0],[77.660844931990951,9.286540683386427,0.0],[77.660933725276308,9.286965800413247,0.0],[77.661041416125514,9.286964788712964,0.0],[77.661898457212843,9.286956718258818,0.0],[77.662581087134598,9.286884376750674,0.0],[77.663800707022844,9.286721471959698,0.0],[77.664160164786708,9.286662739276101,0.0],[77.664160202646983,9.286662733646963,0.0],[77.664742715953665,9.286608377872682,0.0],[77.664742716360934,9.286608407356178,0.0],[77.664745021820593,9.286864809239423,0.0],[77.664747309456516,9.287119208464549,0.0],[77.665916894532543,9.287141704568649,0.0],[77.665932691782288,9.287141700157019,0.0],[77.665948816355964,9.287141694877921,0.0],[77.666444839228305,9.287150764884666,0.0],[77.667209356067701,9.287091895581593,0.0],[77.667265921063873,9.287087913173512,0.0],[77.667659931109256,9.287060189497037,0.0],[77.667669012039468,9.287060249513548,0.0],[77.668272907635114,9.287066762037748,0.0],[77.668911398298135,9.287073646790116,0.0],[77.668946759585154,9.287074336090612,0.0],[77.669143503700397,9.287078178918948,0.0],[77.669234479187296,9.287082622661043,0.0],[77.669234518726469,9.287082624204048,0.0],[77.669246279772892,9.28681663766981,0.0],[77.669252720095358,9.286671222524564,0.0],[77.669275429094,9.286662221199119,0.0],[77.669657681856847,9.286662168736445,0.0],[77.669665465127551,9.286687830721622,0.0],[77.669671405547433,9.286707414314691,0.0],[77.669643440079213,9.286886396536733,0.0],[77.669630435674136,9.286969622070158,0.0],[77.669657776453334,9.287078074646796,0.0],[77.670078591644597,9.287119557877649,0.0],[77.670344976178498,9.287145822750205,0.0],[77.670609809090664,9.287145813795888,0.0],[77.670713564346087,9.287145812715032,0.0],[77.670870310668406,9.287123861354463,0.0],[77.671359801859239,9.287055320185962,0.0],[77.671553756656451,9.287004143947355,0.0],[77.67165107800416,9.286978471163337,0.0],[77.671651121317382,9.286978462048786,0.0],[77.672037891383638,9.286915063634748,0.0],[77.672142572858334,9.287308380639633,0.0],[77.672362156540771,9.287275058160457,0.0],[77.672470263485252,9.287258652300906,0.0],[77.673166528713594,9.287095820713134,0.0],[77.673186156131294,9.287158901713358,0.0],[77.67324386386089,9.287344429301129,0.0],[77.673298570268926,9.287493607367029,0.0],[77.674017955049877,9.287502170480689,0.0],[77.67404944160667,9.287502545745827,0.0],[77.67404947308502,9.287502545368849,0.0],[77.674449951027782,9.287475445697822,0.0],[77.674521840736801,9.287470886324343,0.0],[77.674522683274404,9.287470833146481,0.0],[77.674991503502682,9.287434671401801,0.0],[77.675847042402452,9.287443619863453,0.0],[77.676220214855064,9.287443579520843,0.0],[77.676861877739341,9.287438919232169,0.0],[77.676861879171952,9.287438887098954,0.0],[77.676884459649557,9.287042548922555,0.0],[77.676889174787163,9.286959794389089,0.0],[77.676921845812842,9.286959769491045,0.0],[77.676984670636628,9.286959741860707,0.0],[77.678122455357467,9.286909884934399,0.0],[77.678218025968889,9.286905377330189,0.0],[77.678452715214362,9.286890300477184,0.0],[77.678641193907296,9.286878191667309,0.0],[77.679153593005609,9.286854188052573,0.0],[77.679319272239582,9.286846426895057,0.0],[77.679324217010858,9.286834763522629,0.0],[77.679324286258179,9.286834600300073,0.0],[77.679355677662784,9.286760557238512,0.0],[77.679496746556069,9.286457680520286,0.0],[77.679496760558621,9.28645764948611,0.0],[77.679547208679068,9.28634758238076,0.0],[77.679660495534051,9.286100442178498,0.0],[77.679820462939531,9.28610478324844,0.0],[77.679992690738672,9.286109456900068,0.0],[77.680088249626351,9.286113972217587,0.0],[77.680088290064319,9.286113973772302,0.0],[77.680604393715939,9.286135363545895,0.0],[77.681285202085306,9.286163581836,0.0],[77.681472963349123,9.286167182092452,0.0],[77.681985996434733,9.286177017136392,0.0],[77.682391103190184,9.286181514622136,0.0],[77.682527700964087,9.287243838169626,0.0],[77.68252773513926,9.287243837834854,0.0],[77.683336606895679,9.287243762536326,0.0],[77.683456134224357,9.287243750729051,0.0],[77.683510717189222,9.287243660614134,0.0],[77.683656375888845,9.287243720842957,0.0],[77.683724639067478,9.287487799416589,0.0],[77.683934150505351,9.288464236754974,0.0],[77.68399789081802,9.288626922558922,0.0],[77.683997916252636,9.288626961383745,0.0],[77.684366491403878,9.288649512870983,0.0],[77.68493563828838,9.288696565538306,0.0],[77.685458711731613,9.288739816268862,0.0],[77.686418991266109,9.288848124840815,0.0],[77.686919602950056,9.288879703336752,0.0],[77.687137769634532,9.288922566817757,0.0],[77.687356460799947,9.28896553231208,0.0],[77.688080079680887,9.288997086072044,0.0],[77.688412325952342,9.289014272056599,0.0],[77.688776378113957,9.289033102866471,0.0],[77.689422619538448,9.28907821484874,0.0],[77.68947721644588,9.289082767525777,0.0],[77.690352871571292,9.289112075542349,0.0],[77.690419345953615,9.289114300548489,0.0],[77.69054701913835,9.28911683787392,0.0],[77.690869888525299,9.289123257231005,0.0],[77.691411457673624,9.289159346441863,0.0],[77.691966619095467,9.28926770751438,0.0],[77.692499155372062,9.289403225487703,0.0],[77.692504129870997,9.289405240301058,0.0],[77.69284500949783,9.28954337772328,0.0],[77.693368442168079,9.28967436755614,0.0],[77.69420121608799,9.289701325994981,0.0],[77.694442413625211,9.289656123137163,0.0],[77.694897529253311,9.289687647595768,0.0],[77.695534675233617,9.289859336575121,0.0],[77.695534696454118,9.289859303869763,0.0],[77.695676820770871,9.289584412814964,0.0],[77.695789430242939,9.289366613859414,0.0],[77.695921402703618,9.289456873049096,0.0],[77.695944995432228,9.289468338835537,0.0],[77.696135330545303,9.289560845678801,0.0],[77.696576806245332,9.289890758181798,0.0],[77.69665063696651,9.289971527753629,0.0],[77.69679994474437,9.290134893492246,0.0],[77.696962407620802,9.290238803799365,0.0],[77.697068414812634,9.290306609498501,0.0],[77.697234972705076,9.290198836990623,0.0],[77.697264082763866,9.290180002974516,0.0],[77.69774187968882,9.289822786188925,0.0],[77.698022831821973,9.29010725555103,0.0],[77.698206108827023,9.290292846802316,0.0],[77.69837451437229,9.290458575499162,0.0],[77.698377595580311,9.290461608062245,0.0],[77.698725037538154,9.290803567231226,0.0],[77.69886061932003,9.290932968727104,0.0],[77.698957164286767,9.291025125116864,0.0],[77.699557893232964,9.290957171001608,0.0],[77.699944721706615,9.290898357371642,0.0],[77.700026668352677,9.29088475654034,0.0],[77.700056565769628,9.290879170855305,0.0],[77.700099474906665,9.290871178946173,0.0],[77.700299067913591,9.290858929236885,0.0],[77.700395251229466,9.290853029298468,0.0],[77.700809366722751,9.290762584537266,0.0],[77.700877585486197,9.290748941110078,0.0],[77.700877611659337,9.290748935281581,0.0],[77.700983485529378,9.290726519532843,0.0],[77.701369129963879,9.290644892532086,0.0],[77.701887947629942,9.290581492963849,0.0],[77.702911849791761,9.290540575856308,0.0],[77.703197952796927,9.290554761913597,0.0],[77.703366901529776,9.290563161985714,0.0],[77.703967668185115,9.290549476308003,0.0],[77.703981058813042,9.290548304090279,0.0],[77.704795964031746,9.290476968979862,0.0],[77.705237438412723,9.290463309124096,0.0],[77.705310811718633,9.290451534383713,0.0],[77.70551955605481,9.290418043749366,0.0],[77.705608854947045,9.290416551431857,0.0],[77.705797126205951,9.290413421192829,0.0],[77.705947431400318,9.290684635517469,0.0],[77.706211425311054,9.291091501269118,0.0],[77.706211454450582,9.291091533897458,0.0],[77.706413085647284,9.29105190450529,0.0],[77.706557301231442,9.291023587481044,0.0],[77.707110826130119,9.290857480099394,0.0],[77.707280871238154,9.290806454616515,0.0],[77.707708596848761,9.290639100995474,0.0],[77.707708621252834,9.29063909335067,0.0],[77.708113600233347,9.290535094431274,0.0],[77.708737057550763,9.290385707311799,0.0],[77.708737098180336,9.290385697249208,0.0],[77.708841738716899,9.290363103023438,0.0],[77.708905525576256,9.290783518119575,0.0],[77.709110365099036,9.290833191155979,0.0],[77.709424328190039,9.290896419956415,0.0],[77.709617300218397,9.290930812726206,0.0],[77.710006925312101,9.291000297385592,0.0],[77.710221513335497,9.291025168848922,0.0],[77.710357338219509,9.291040937316893,0.0],[77.710442071129805,9.29104307432722,0.0],[77.710534878000999,9.291045440775738,0.0],[77.710648930188725,9.291049713298353,0.0],[77.710771483376206,9.291054331073955,0.0],[77.711047552995765,9.291058049998044,0.0],[77.711103674580386,9.291058805687316,0.0],[77.711915617985142,9.291351471504615,0.0],[77.711918334719371,9.291352450568166,0.0],[77.712028941037048,9.291396399096783,0.0],[77.712100413800556,9.291424798060364,0.0],[77.712098135719671,9.291234120993428,0.0],[77.712095867992574,9.291040500989478,0.0],[77.712104561722356,9.29084264889649,0.0],[77.712109398067795,9.290733115439863,0.0],[77.712109332655004,9.290484428697585,0.0],[77.712109373944898,9.290481353018194,0.0],[77.712118354390327,9.289819932688207,0.0],[77.712136407750208,9.289336234636316,0.0],[77.712140896832992,9.289119173958644,0.0],[77.712146201249979,9.289022972457239,0.0],[77.712149899795975,9.288956465929715,0.0],[77.712155103737572,9.288801614420539,0.0],[77.712159038514116,9.288685234077336,0.0],[77.712172530837051,9.288233110461391,0.0],[77.712171363433072,9.288200892142257,0.0],[77.712163365692845,9.28798000721291,0.0],[77.712162095178869,9.28787747513824,0.0],[77.712158759542149,9.287604793661203,0.0],[77.712155030382405,9.287360640572855,0.0],[77.712154143020825,9.287301887068873,0.0],[77.712204197374959,9.287292780500135,0.0],[77.712367619277259,9.28727474447378,0.0],[77.712490880315514,9.287261161766063,0.0],[77.71299150769714,9.287175102966415,0.0],[77.713247751134531,9.287143230353227,0.0],[77.713464712916632,9.287116263813186,0.0],[77.71403811554552,9.287084429253799,0.0],[77.714058856133178,9.287086317786887,0.0],[77.71408823367193,9.287089021707216,0.0],[77.714816340821145,9.287156589862926,0.0],[77.714917652319343,9.28716248834499,0.0],[77.715048498138074,9.287170137241105,0.0],[77.715226347782973,9.287191384405293,0.0],[77.715426257032846,9.287215302858311,0.0],[77.716067907300769,9.287341675938032,0.0],[77.716500269132496,9.287391349039744,0.0],[77.716770654504515,9.287448220964553,0.0],[77.717101007213387,9.287517742994806,0.0],[77.717184133085212,9.287532551033642,0.0],[77.717278536528624,9.287549410980439,0.0],[77.717278536343414,9.287549367208893,0.0],[77.717281350840537,9.287457634299944,0.0],[77.717296584328039,9.286961636613423,0.0],[77.717298946484718,9.286860864275589,0.0],[77.717301044807868,9.286771801594199,0.0],[77.717307306312946,9.286471988804163,0.0],[77.71731455956818,9.286125319178478,0.0],[77.717321627092147,9.285970690584708,0.0],[77.717323656635514,9.285926362766293,0.0],[77.71735089857043,9.285926355510096,0.0],[77.717455599514906,9.285885703338028,0.0],[77.717479248270493,9.285755419648991,0.0],[77.717514710264837,9.285560203527684,0.0],[77.717564591725605,9.28497699455049,0.0],[77.717579315709671,9.284817719206337,0.0],[77.7175963611664,9.284633423686412,0.0],[77.71762246107015,9.284388218577675,0.0],[77.71762812163054,9.284335053873356,0.0],[77.717687230508204,9.283679502546413,0.0],[77.717701893255665,9.283459235300011,0.0],[77.717718868312389,9.28320480230342,0.0],[77.717741508604661,9.283199835910082,0.0],[77.717759826813733,9.283195847707116,0.0],[77.71784500968937,9.283205171704489,0.0],[77.717923734056868,9.283213820065118,0.0],[77.717979827489657,9.283213792824828,0.0],[77.718042024929375,9.283213794107281,0.0],[77.718478167283209,9.283201142445963,0.0],[77.718829308994543,9.283190980956553,0.0],[77.719011377468533,9.283186409912929,0.0],[77.719084194437627,9.283181866232898,0.0],[77.719413961537285,9.283163336632283,0.0],[77.719730398172018,9.283145589660432,0.0],[77.719798622664598,9.283141068242591,0.0],[77.719927263808017,9.283110742102071,0.0],[77.719971574033593,9.283100309782025,0.0],[77.720449407247898,9.283077631386544,0.0],[77.720711648156893,9.283059645301122,0.0],[77.720913517416875,9.283045826358132,0.0],[77.721168405839762,9.283027665003992,0.0],[77.721318470024002,9.282652416559515,0.0],[77.721340265390836,9.282587830768119,0.0],[77.72155497326743,9.281951670059968,0.0],[77.721706970233171,9.281487608808741,0.0],[77.721877816427437,9.280966081812352,0.0],[77.721892228289505,9.280919615374055,0.0],[77.721896043865513,9.28090732445753,0.0],[77.721936951632699,9.28059540456989,0.0],[77.721939965859676,9.280257492328463,0.0],[77.721941285686285,9.280111669685303,0.0],[77.722132447775451,9.280111617548087,0.0],[77.722592060631655,9.280183761866487,0.0],[77.72265143323402,9.280358379919345,0.0],[77.722724225829651,9.280572563889544,0.0],[77.722779824556596,9.280802469321037,0.0],[77.722860822672445,9.281137602879181,0.0],[77.722897230430533,9.281173800682856,0.0],[77.723552600260334,9.281264010705229,0.0],[77.723771048677179,9.281300123681198,0.0],[77.724157673523791,9.281360649191882,0.0],[77.724289891750004,9.281381350584761,0.0],[77.724289930316672,9.281381356562859,0.0],[77.724590197897541,9.281426548542658,0.0],[77.724590239160975,9.281426554563961,0.0],[77.725195544538124,9.281521331829596,0.0],[77.725273235354777,9.281536056547001,0.0],[77.725409383335716,9.281561896064488,0.0],[77.72541370752424,9.28156404571007,0.0],[77.725418490595658,9.281566452814785,0.0],[77.726324171221918,9.281670210266974,0.0],[77.726674664775416,9.281715325057277,0.0],[77.727220636939208,9.281787517961813,0.0],[77.727985325220473,9.281900365175186,0.0],[77.728011703729848,9.281905085015865,0.0],[77.728035324807863,9.281909343546953,0.0],[77.728572371407097,9.282049350267489,0.0],[77.728754461156214,9.282102129322416,0.0],[77.728868245364268,9.282135118447087,0.0],[77.729000192035699,9.282121604607401,0.0],[77.729204937887332,9.282080863705389,0.0],[77.729819262401065,9.281958611195712,0.0],[77.729928138537332,9.281935148383941,0.0],[77.729987657756922,9.281922335760537,0.0],[77.730756748662841,9.281831760033338,0.0],[77.730966092369258,9.281836185865719,0.0],[77.730984238996498,9.281831652847799,0.0],[77.731640188764686,9.281728674029646,0.0],[77.732772642397791,9.281550885112257,0.0],[77.732791847651654,9.281548491065097,0.0],[77.732918250925863,9.281532756486218,0.0],[77.733004717927656,9.28152368989354,0.0],[77.733601290559989,9.281453078745812,0.0],[77.734037768992152,9.281401425623951,0.0],[77.734488253302047,9.281319941943229,0.0],[77.734865927611395,9.281256472991055,0.0],[77.735083659148998,9.281221758508726,0.0],[77.735803375915381,9.281107018767019,0.0],[77.735816563463075,9.281054576385062,0.0],[77.735817022793569,9.281052750852258,0.0],[77.735817144515678,9.281048339447175,0.0],[77.735830542997078,9.280564579872337,0.0],[77.736435854030461,9.280541843092358,0.0],[77.736452696722495,9.280541745699065,0.0],[77.736453992485039,9.280541740477322,0.0],[77.736457919563534,9.280541599504769,0.0],[77.736581353281068,9.280537211681503,0.0],[77.737361614249537,9.280526291551023,0.0],[77.737901110898179,9.280518770049282,0.0],[77.738601968469084,9.280532105312336,0.0],[77.738622222069708,9.280532092419209,0.0],[77.738661163443041,9.280532091676644,0.0],[77.739184498172037,9.280545525727636,0.0],[77.739181573916881,9.280500287292156,0.0],[77.739170760668614,9.280332977162526,0.0],[77.739167766689107,9.280265505751908,0.0],[77.739166153188535,9.280229019354724,0.0],[77.73915968999188,9.280092326391935,0.0],[77.739152483353109,9.279939761908128,0.0],[77.739197748235839,9.279392677942679,0.0],[77.739194406589675,9.27903425318085,0.0],[77.739193112608476,9.278895444257852,0.0],[77.739192998739398,9.278495507560255,0.0],[77.739192925922211,9.27823991660841,0.0],[77.739194998504431,9.278101486053391,0.0],[77.73919739746087,9.277941571345796,0.0],[77.739206413700458,9.277828543422135,0.0],[77.739227535656724,9.277312712894922,0.0],[77.739238069923942,9.277055446088823,0.0],[77.739239965982733,9.276985047976364,0.0],[77.739242573076083,9.276888221800807,0.0],[77.739247025616578,9.276779679595904,0.0],[77.739265615264117,9.276200012164249,0.0],[77.739283124892381,9.275654022700888,0.0],[77.739283164363925,9.275640446862434,0.0],[77.73929094335098,9.275544665649672,0.0],[77.739296749067094,9.275473189712224,0.0],[77.739309792289987,9.275314849670186,0.0],[77.739323936144558,9.275143141982038,0.0],[77.739428594700144,9.275143115003699,0.0],[77.739619748538743,9.275143129487272,0.0],[77.74035694341336,9.27507057490493,0.0],[77.740630014709055,9.275047867410326,0.0],[77.740991749859177,9.275014835275739,0.0],[77.741276179120121,9.274988861554085,0.0],[77.741371688870871,9.274988844631903,0.0],[77.741530991069695,9.274988816398565,0.0],[77.741535435787014,9.274685916029778,0.0],[77.741526958302018,9.27440481027087,0.0],[77.74152630304593,9.274383068677103,0.0],[77.741489702775553,9.273754661620952,0.0],[77.74150638692582,9.273247908180181,0.0],[77.741507711115219,9.273207693330212,0.0],[77.741489398140914,9.27287763749443,0.0],[77.741484676616309,9.27240747966756,0.0],[77.741489064839698,9.271751954731187,0.0],[77.741490143395822,9.271709800718906,0.0],[77.741498088286605,9.271399381755611,0.0],[77.741474848806305,9.270910582683953,0.0],[77.741470575698472,9.270820699217083,0.0],[77.741475065581298,9.270481632499301,0.0],[77.741470298955278,9.269975393911093,0.0],[77.741470288751771,9.269887440943943,0.0],[77.741470270318516,9.269726734143955,0.0],[77.741465667477641,9.269505243325549,0.0],[77.741442586799636,9.268691465460893,0.0],[77.741444923454978,9.268635922103741,0.0],[77.741460672746612,9.268261961662727,0.0],[77.741446904567056,9.267800867635367,0.0],[77.741442330112605,9.267610997763382,0.0],[77.741438271928288,9.267365960596825,0.0],[77.741437691491399,9.267330727924845,0.0],[77.741436405180494,9.267278509574242,0.0],[77.741428466320372,9.266955551902436,0.0],[77.741419189297417,9.266589386682851,0.0],[77.741422351718384,9.266279769152156,0.0],[77.741423671936673,9.266150826985612,0.0],[77.741423670845109,9.266150783203756,0.0],[77.74138701992797,9.265481798283414,0.0],[77.741390488875581,9.265479879670826,0.0],[77.741428011079407,9.265459145276944,0.0],[77.741511958407855,9.265445222759446,0.0],[77.74161912480848,9.265427448932755,0.0],[77.741728293029951,9.265409362148564,0.0],[77.74172832673942,9.265346037503157,0.0],[77.741701775833235,9.265059981282766,0.0],[77.741687205242499,9.264903001807067,0.0],[77.741640736361077,9.26467749240112,0.0],[77.741600584984965,9.264482642788394,0.0],[77.741181904481536,9.264365214735232,0.0],[77.740722323653472,9.264297507295499,0.0],[77.740198931662519,9.264211810911508,0.0],[77.739666521938773,9.264094439983293,0.0],[77.73932063979241,9.26401764565016,0.0],[77.738710861153109,9.263959056225367,0.0],[77.738510602707962,9.263900394140578,0.0],[77.738364881958773,9.263710505622189,0.0],[77.738278314126305,9.263204226260594,0.0],[77.738241789503221,9.262955615814485,0.0],[77.738255344508261,9.262634656221064,0.0],[77.73820978673875,9.262349819513203,0.0],[77.738118672354062,9.261902328140966,0.0],[77.738032000368079,9.261391495850058,0.0],[77.737940919758387,9.261025372021923,0.0],[77.737836138740761,9.260722531831798,0.0],[77.737758640768888,9.260333761439238,0.0],[77.737690228858071,9.259728015223573,0.0],[77.738309099646486,9.259673593944008,0.0],[77.738554814438757,9.259700649900404,0.0],[77.738946190657984,9.259659829866131,0.0],[77.73926471683167,9.259659734218321,0.0],[77.73946493159248,9.259659625755564,0.0],[77.739683333138203,9.259618900745078,0.0],[77.73978336388609,9.259392837853952,0.0],[77.739856003206611,9.2585700831075,0.0],[77.73986943882575,9.257928137759661,0.0],[77.739855594653704,9.257444377335942,0.0],[77.739709674738833,9.256449876714647,0.0],[77.739664086713034,9.256205773539175,0.0],[77.739664122767394,9.256070109144057,0.0],[77.73989616596792,9.256097212477673,0.0],[77.740069078967167,9.256178476501503,0.0],[77.740169205306984,9.25612425424562,0.0],[77.740273829037349,9.255925328958217,0.0],[77.740287352505888,9.255427987863429,0.0],[77.740341778105474,9.255075360011711,0.0],[77.740341734576688,9.254822250214749,0.0],[77.740459972965013,9.254537357002647,0.0],[77.740487075716899,9.254017461893923,0.0],[77.740487076369178,9.253800524713105,0.0],[77.740514312606919,9.25353373990486,0.0],[77.740964845398551,9.253691863059071,0.0],[77.741237903426381,9.253773115235898,0.0],[77.741469931769927,9.253773064255316,0.0],[77.741742932972727,9.253718740308457,0.0],[77.741911325105761,9.253601122364831,0.0],[77.742011347954929,9.253375063701084,0.0],[77.742070364931593,9.253049572462402,0.0],[77.742070234956358,9.252701436659535,0.0],[77.742083829957849,9.252394067531625,0.0],[77.742051818438085,9.251910386820743,0.0],[77.742065005228199,9.251483604316126,0.0],[77.741928675021313,9.250968879805992,0.0],[77.74198302667908,9.25016417006351,0.0],[77.741991964434064,9.249644262254746,0.0],[77.741841735940852,9.249255513657392,0.0],[77.741795949066727,9.248572907503991,0.0],[77.742013991614542,9.247139759691368,0.0],[77.742045704809485,9.246628974299185,0.0],[77.741872533025813,9.246041332758676,0.0],[77.741926877486904,9.245186895719275,0.0],[77.741890244550063,9.244282696264525,0.0],[77.741671585231686,9.243500716470766,0.0],[77.741716935283762,9.242958184556333,0.0],[77.741989743758211,9.242352389223715,0.0],[77.74214416279473,9.241312552725889,0.0],[77.742225683630849,9.24003311305492,0.0],[77.742257178499088,9.238862280466837,0.0],[77.742379869744568,9.238233830115279,0.0],[77.742411083077855,9.236145218876398,0.0],[77.742105520320351,9.234016071674333,0.0],[77.741972933929887,9.232063127848438,0.0],[77.742454993598585,9.231149833810161,0.0],[77.743874365379497,9.230046350464143,0.0],[77.744224563253752,9.229689094850091,0.0],[77.744410748823952,9.228355392095974,0.0],[77.744542257637633,9.226967513012836,0.0],[77.7447512857688,9.226022646620109,0.0],[77.744719250593292,9.225556970759277,0.0],[77.744437081224177,9.225308418516249,0.0],[77.744132104652422,9.224969488297958,0.0],[77.743877022590468,9.224128683363002,0.0],[77.743808604053797,9.223595277473503,0.0],[77.74374471095075,9.222781544941547,0.0],[77.743539892342426,9.222713807632505,0.0],[77.743553414833798,9.222388349042987,0.0],[77.743489733764378,9.222207485790692,0.0],[77.743148429290372,9.222126231527813,0.0],[77.743102818506102,9.22170579970318,0.0],[77.742984384592944,9.221448159999008,0.0],[77.742743005212233,9.220711348608347,0.0],[77.742679138396667,9.220191506279765,0.0],[77.742542595821021,9.21982534998612,0.0],[77.742278562329588,9.219423139221146,0.0],[77.741978165698981,9.21931922860959,0.0],[77.741177379291955,9.219323960422132,0.0],[77.740449364075175,9.219369407901471,0.0],[77.73853396630382,9.219677362686625,0.0],[77.737287352021937,9.220061971170486,0.0],[77.736391029637389,9.220410377631087,0.0],[77.735581256346563,9.220758644022094,0.0],[77.734994362905709,9.220908031547005,0.0],[77.734503018776408,9.221084484448134,0.0],[77.734302777835069,9.221061903757777,0.0],[77.733779359952351,9.220605427455979,0.0],[77.733287844233658,9.22017160678787,0.0],[77.732869195972839,9.219877900090147,0.0],[77.732541268638442,9.218856258185752,0.0],[77.732299962599242,9.218074253116253,0.0],[77.732204206296558,9.2175724750195,0.0],[77.732367982083773,9.217332833041958,0.0],[77.733177844121755,9.217355264784262,0.0],[77.733919506710819,9.21733239833021,0.0],[77.734228915271672,9.217201260011606,0.0],[77.734369779247558,9.216572806765765,0.0],[77.73425123801178,9.21566865449487,0.0],[77.734273795637662,9.214958929233191,0.0],[77.734209654186316,9.213620781257884,0.0],[77.734273001305255,9.21241826670483,0.0],[77.734350237594072,9.211939093401753,0.0],[77.734345529545479,9.211342347669444,0.0],[77.734404565739567,9.210777251694072,0.0],[77.734458359053846,9.208173216625575,0.0],[77.734830849813605,9.206016755426125,0.0],[77.735112832147252,9.2054967589327,0.0],[77.734807642033829,9.204470637850397,0.0],[77.734611907164322,9.20388299935961,0.0],[77.734675093398366,9.202296220993427,0.0],[77.734893138886108,9.20081336483992,0.0],[77.735006443640131,9.199538497269128,0.0],[77.734974389020167,9.198665974533707,0.0],[77.734710250933645,9.197924659787837,0.0],[77.734646405154777,9.197350576434342,0.0],[77.734778241016045,9.196911951439098,0.0],[77.734496003614154,9.196306249942339,0.0],[77.733804284338575,9.195705248352644,0.0],[77.733126126968557,9.194977581352028,0.0],[77.732052209876187,9.194367598050398,0.0],[77.730841838287873,9.193594880522834,0.0],[77.730536831022746,9.193169980131884,0.0],[77.729877075449409,9.192799484508424,0.0],[77.728630414771644,9.192691276814937,0.0],[77.728016222920829,9.192790890904874,0.0],[77.727665915065259,9.192682499258694,0.0],[77.727511032448092,9.192072231544453,0.0],[77.727538112721632,9.19121327236339,0.0],[77.727519652546292,9.190408586902965,0.0],[77.727583301670904,9.190069513284861,0.0],[77.727287487182068,9.189870656237154,0.0],[77.726104554151107,9.189785056919121,0.0],[77.724944493760191,9.189862229165232,0.0],[77.724202830748069,9.189744863306242,0.0],[77.722128205642761,9.189700166450866,0.0],[77.721413891468558,9.189691351960967,0.0],[77.720676804943011,9.189646274700802,0.0],[77.720676862473795,9.189813599930755,0.0],[77.720058099861532,9.189813728126129,0.0],[77.718565865150495,9.189850230184863,0.0],[77.71717361782386,9.189855113724036,0.0],[77.715667674747976,9.189878060916744,0.0],[77.715071644157547,9.189801300868945,0.0],[77.714375529853342,9.189602564298983,0.0],[77.713369983067778,9.189363202001761,0.0],[77.711900394552345,9.189015352345042,0.0],[77.710398974572684,9.188685722991789,0.0],[77.709015773348483,9.188369508932892,0.0],[77.706690970517755,9.188365448816889,0.0],[77.70584468209681,9.188388258674811,0.0],[77.705835616978803,9.18826168224947,0.0],[77.705730286281835,9.184938986094693,0.0],[77.705720760992236,9.18278706561888,0.0],[77.705752381621153,9.181566437997102,0.0],[77.705742877849659,9.179654186011463,0.0],[77.705760630814567,9.177362136930892,0.0],[77.705760304211822,9.17592004706513,0.0],[77.705778150454975,9.174328714311439,0.0],[77.705768808064761,9.172877568413433,0.0],[77.705804932339447,9.171842322438369,0.0],[77.70580925130831,9.170522297991379,0.0],[77.705872733723353,9.169396618578896,0.0],[77.704516671047045,9.16751620951092,0.0],[77.704057058780805,9.166978353932285,0.0],[77.704370835781148,9.166236896480648,0.0],[77.704639137976685,9.165622013803034,0.0],[77.704297861316547,9.165554254622927,0.0],[77.703037654596301,9.165455073472796,0.0],[77.701804799078786,9.165288028383953,0.0],[77.70103136352806,9.165188695142081,0.0],[77.699670965169901,9.164189814027978,0.0],[77.698410664084079,9.16329495247512,0.0],[77.697719024727135,9.162702872944797,0.0],[77.696777352493982,9.162978779843524,0.0],[77.695831142230801,9.16329540644778,0.0],[77.6957036984615,9.163069425434159,0.0],[77.695203159404855,9.162237700046196,0.0],[77.694607041911652,9.161274878948426,0.0],[77.694111039133531,9.160452157201417,0.0],[77.692846295541912,9.159977675630984,0.0],[77.690676087893166,9.159105516405264,0.0],[77.690111937238214,9.158874999991626,0.0],[77.690125546576226,9.158111025320302,0.0],[77.690198255765139,9.157771984163032,0.0],[77.690311748328597,9.156252950045101,0.0],[77.690470675436913,9.1542999941987,0.0],[77.690615962115245,9.152753826954143,0.0],[77.690656781281177,9.15185426398175,0.0],[77.690715837042248,9.151275580227676,0.0],[77.69068853202009,9.151035973513807,0.0],[77.690856763417386,9.150787326372569,0.0],[77.691438952342764,9.150059342011495,0.0],[77.691943802980859,9.149308850221143,0.0],[77.692130222789501,9.149073712606324,0.0],[77.692544182346282,9.149051088884947,0.0],[77.692607899801558,9.148739141117129,0.0],[77.692698735651717,9.148237309009581,0.0],[77.692866935453125,9.147287882655206,0.0],[77.692966901477462,9.14677700729699,0.0],[77.693066881564562,9.146270686889588,0.0],[77.693325986646983,9.145135907107328,0.0],[77.693448750245992,9.144620586582795,0.0],[77.693999202215153,9.144507431875031,0.0],[77.69409465732214,9.144231625148333,0.0],[77.694417552540457,9.143449525269393,0.0],[77.694735850752252,9.1426899366376,0.0],[77.695313599948335,9.142762187984466,0.0],[77.696328080115322,9.143015171867868,0.0],[77.696287037722996,9.142780172131717,0.0],[77.696004843993933,9.141681588957805,0.0],[77.697087514706254,9.141649836972444,0.0],[77.698757003673407,9.141532009251065,0.0],[77.69969406071165,9.141473054396908,0.0],[77.699575724842987,9.141016486289587,0.0],[77.699962359686765,9.140916895267877,0.0],[77.699930382035163,9.140234276703364,0.0],[77.700480846650976,9.140184479470786,0.0],[77.700507885843692,9.138873483560953,0.0],[77.700516838254316,9.138077808347639,0.0],[77.699479568913603,9.137797708641928,0.0],[77.698533363871931,9.137589871098273,0.0],[77.698506037913077,9.137558272547256,0.0],[77.698205768762492,9.137246401898631,0.0],[77.697614356986023,9.137165104433791,0.0],[77.697173011067889,9.136414778941134,0.0],[77.696540588825869,9.135682503091216,0.0],[77.695981014414386,9.135266700396102,0.0],[77.696121965581639,9.134927550177792,0.0],[77.696526622600018,9.133923910829203,0.0],[77.693578899172351,9.133598930190644,0.0],[77.692491623757363,9.133445351541845,0.0],[77.688975234095281,9.132898911990836,0.0],[77.688324712864869,9.132808577648671,0.0],[77.687624365703527,9.133938939222691,0.0],[77.687537944823234,9.134069998309595,0.0],[77.687205871805432,9.134124293238269,0.0],[77.686823765175859,9.134097251857813,0.0],[77.684872236095487,9.13408392219444,0.0],[77.682793351910689,9.134075175308865,0.0],[77.682798015663266,9.134536311202176,0.0],[77.682843675735228,9.13566199450047,0.0],[77.682857364049156,9.136462138291854,0.0],[77.682907492201181,9.137144780775435,0.0],[77.682925764638512,9.137646583003365,0.0],[77.682671035948161,9.137651162051426,0.0],[77.68138369286963,9.137741760168193,0.0],[77.679955311664756,9.137773529050399,0.0],[77.678267674623044,9.137882265260115,0.0],[77.675893066440025,9.137995596734601,0.0],[77.674805910536534,9.138022827606477,0.0],[77.674105316535915,9.138063541532988,0.0],[77.674137089540181,9.137195580549262,0.0],[77.674164325001186,9.136341205211703,0.0],[77.674182377079305,9.135590678150404,0.0],[77.674182433353735,9.135441514674753,0.0],[77.674186875259409,9.135093447798553,0.0],[77.674223188983561,9.133963219403199,0.0],[77.674227651208184,9.133732718372416,0.0],[77.674932799715421,9.133773311096917,0.0],[77.674941791946011,9.133221706627538,0.0],[77.674486878262812,9.133149428381348,0.0],[77.674364049619271,9.1331087589072,0.0],[77.673157913373757,9.126485958087326,0.0],[77.673176113244722,9.126336830459717,0.0],[77.673194270600462,9.126174045074986,0.0],[77.673239733363616,9.126151494694383,0.0],[77.673808353973172,9.126146913414068,0.0],[77.673894788563146,9.126155920847427,0.0],[77.673881174760936,9.126612545661349,0.0],[77.674295173582209,9.126648625505261,0.0],[77.674822822246639,9.126666664557872,0.0],[77.674863642226441,9.126069896661093,0.0],[77.674859050556037,9.125595210190202,0.0],[77.674849904621112,9.125156690367749,0.0],[77.674848318583884,9.124916928089997,0.0],[77.674845328491713,9.12446500878174,0.0],[77.675263741420579,9.124424303592642,0.0],[77.675632259323493,9.124397148415095,0.0],[77.675846041133184,9.124347367947747,0.0],[77.676187161541023,9.124374479569855,0.0],[77.676259929512199,9.124351841347679,0.0],[77.676287152033353,9.123718972193956,0.0],[77.676323372686625,9.122317530563651,0.0],[77.676350567844679,9.121151152457632,0.0],[77.676336789975622,9.120283130750959,0.0],[77.676309513248952,9.119849143948823,0.0],[77.676268478255665,9.119437782926937,0.0],[77.676254739947012,9.118913330936822,0.0],[77.676268375069242,9.118438690209899,0.0],[77.67624549121615,9.117394420309228,0.0],[77.676354513140282,9.116092397286071,0.0],[77.676436249058597,9.115210877285156,0.0],[77.676436173772345,9.11422081915244,0.0],[77.676463283824305,9.112475731828154,0.0],[77.676494958882472,9.111417924382677,0.0],[77.676522158619264,9.110364600472142,0.0],[77.676936034582639,9.110405220917631,0.0],[77.67741369123479,9.110396098362239,0.0],[77.677754852433964,9.110445788552122,0.0],[77.677836725919192,9.110436776987108,0.0],[77.677873131893548,9.11039149652353,0.0],[77.67788214870977,9.110237854744909,0.0],[77.677868468987128,9.109952989910667,0.0],[77.677804693182011,9.10873689353371,0.0],[77.677959338578262,9.108736931314848,0.0],[77.678382360262901,9.108664520051022,0.0],[77.678814433271199,9.108669016514185,0.0],[77.679123725408218,9.108668999580928,0.0],[77.679373910192467,9.108718621387153,0.0],[77.679751482817309,9.10880897837005,0.0],[77.67991072183996,9.108894864844341,0.0],[77.67999708279855,9.108940104681139,0.0],[77.680006217579674,9.108849658732368,0.0],[77.68001977799895,9.10841118659301,0.0],[77.679987856926004,9.107850581833477,0.0],[77.67997421482778,9.107606510450971,0.0],[77.679937745553147,9.107027803663001,0.0],[77.679955902127915,9.106593782791279,0.0],[77.679928507715729,9.106263803089597,0.0],[77.679901229923871,9.106024240676248,0.0],[77.679919423471219,9.105820769348583,0.0],[77.679937609394301,9.10580723255222,0.0],[77.680001266240012,9.105802653186132,0.0],[77.680369735601118,9.105748354520088,0.0],[77.680724450533148,9.105689544757908,0.0],[77.681088397333369,9.105653378173342,0.0],[77.681174760347062,9.105617216643452,0.0],[77.681438576549226,9.105635193378511,0.0],[77.681852529761457,9.105594488410675,0.0],[77.682311939715817,9.105531141737409,0.0],[77.68273041316867,9.10552656781169,0.0],[77.682839570108399,9.105513002267042,0.0],[77.682866797726675,9.105409019731221,0.0],[77.682875874403166,9.104975031744353,0.0],[77.682903116051179,9.104902645645478,0.0],[77.683294332351579,9.104884503282268,0.0],[77.683844710051076,9.104929657007904,0.0],[77.684386016597941,9.104974838921196,0.0],[77.684790853017205,9.105001899024035,0.0],[77.684963620973789,9.104997316250074,0.0],[77.685327506156213,9.104997285868777,0.0],[77.685655036627793,9.1050017484779,0.0],[77.685973467392827,9.105078535284052,0.0],[77.686155394689379,9.105128278775219,0.0],[77.6862236467001,9.105128234357029,0.0],[77.686255465787156,9.105110188863929,0.0],[77.686287270751691,9.105033324624156,0.0],[77.686323667715726,9.104581219289187,0.0],[77.686323588678235,9.104124591395211,0.0],[77.686341772859919,9.104002521238467,0.0],[77.68630524298095,9.102980855937588,0.0],[77.686286857822282,9.102257509019305,0.0],[77.686796350438613,9.102271011838647,0.0],[77.687173849138915,9.102316183457813,0.0],[77.687710613395595,9.102374843785007,0.0],[77.688088143425162,9.102429028060115,0.0],[77.688670406295032,9.10245156707381,0.0],[77.689639239441178,9.102492104286956,0.0],[77.69068989641552,9.102510049887442,0.0],[77.690885530802575,9.102523594802033,0.0],[77.69093556552086,9.102500937186967,0.0],[77.691117418961895,9.102234178366855,0.0],[77.691240264209739,9.102152818755126,0.0],[77.691340345627736,9.102112144689091,0.0],[77.691504086020458,9.10212115109899,0.0],[77.691640465463919,9.10211203965407,0.0],[77.69203166598642,9.102279253600521,0.0],[77.692341027318733,9.102437455802818,0.0],[77.692500219141337,9.102482624677858,0.0],[77.692877751314413,9.10253679622263,0.0],[77.693032435741046,9.102550384785824,0.0],[77.693032368420575,9.102423821861002,0.0],[77.693082355836296,9.102120905506803,0.0],[77.693073263285143,9.101714029341284,0.0],[77.693136840630658,9.101420171985954,0.0],[77.693218701420406,9.101275486806557,0.0],[77.693291500534144,9.101266409244936,0.0],[77.693468860546091,9.101293486428631,0.0],[77.693659945736485,9.101343190027666,0.0],[77.69390562183527,9.101496870207528,0.0],[77.694415089212953,9.102061931374706,0.0],[77.694633466438816,9.102188479163832,0.0],[77.694779009653459,9.102233601949781,0.0],[77.694806358115599,9.102301433639006,0.0],[77.694815480406604,9.102821307482101,0.0],[77.694924635506041,9.10283486579781,0.0],[77.695829856699717,9.102997495752314,0.0],[77.696125533340577,9.103010965611343,0.0],[77.696780511760551,9.103051522928487,0.0],[77.697417366899217,9.103096602502001,0.0],[77.698258849676122,9.10313268877665,0.0],[77.698895609668327,9.103123494145752,0.0],[77.699273127305005,9.103146051934591,0.0],[77.699314043919102,9.103109855326718,0.0],[77.699354907706251,9.102558305475208,0.0],[77.699377621736232,9.102504052142661,0.0],[77.699796129763058,9.102513083443728,0.0],[77.700169133747565,9.102607950712729,0.0],[77.700705820789167,9.102720827343651,0.0],[77.701138008999195,9.102842805111816,0.0],[77.701620159148874,9.102973803923774,0.0],[77.701970432214466,9.10309132536991,0.0],[77.702502585412176,9.103190644627928,0.0],[77.702675474399825,9.103222279153048,0.0],[77.702720869433918,9.102869659491976,0.0],[77.702738940711754,9.102195998155821,0.0],[77.703161977038235,9.102268284873674,0.0],[77.70333483328551,9.102290904299206,0.0],[77.70364872631832,9.102326966826531,0.0],[77.703871587594676,9.102345040510041,0.0],[77.704221812240803,9.102421766666389,0.0],[77.704785847026912,9.102548280987367,0.0],[77.705295349755716,9.102719964024754,0.0],[77.705736584071204,9.102860014032427,0.0],[77.70619601751649,9.102991074910056,0.0],[77.70654173103658,9.103113063137656,0.0],[77.706769140412078,9.103198860742356,0.0],[77.707906386104852,9.103478970485316,0.0],[77.70816572197316,9.103835990573451,0.0],[77.708456893190046,9.104283494834537,0.0],[77.708511538338939,9.104373901455446,0.0],[77.708566095954396,9.104387458334266,0.0],[77.708934515169219,9.104296936555594,0.0],[77.709184670050391,9.104260731521624,0.0],[77.709539488647692,9.104210956730734,0.0],[77.709939684119846,9.104219929912652,0.0],[77.710071604729407,9.104219921726479,0.0],[77.710094369402555,9.104387195597594,0.0],[77.710189950685518,9.104549845284273,0.0],[77.71031739705019,9.104888931736991,0.0],[77.710331098298198,9.105083282095517,0.0],[77.710367515142579,9.10509690230176,0.0],[77.710644941380167,9.105051584882982,0.0],[77.710949661572442,9.104979217492701,0.0],[77.711117992106196,9.104938471735453,0.0],[77.711167992172321,9.104906791581872,0.0],[77.711158874693993,9.104816407821236,0.0],[77.711104176780665,9.104377908978801,0.0],[77.711126882887029,9.10429651927946,0.0],[77.711445282694498,9.104233208979577,0.0],[77.711677309359189,9.10417430334121,0.0],[77.711872816602138,9.104124535588651,0.0],[77.712109304530387,9.104006971577444,0.0],[77.712486825795068,9.103875799736656,0.0],[77.712564163168892,9.103880261791982,0.0],[77.712759790871019,9.104146990432035,0.0],[77.712864459620207,9.104314248307904,0.0],[77.71294632838557,9.104382064996731,0.0],[77.713292062719816,9.104404518937276,0.0],[77.713610457341716,9.104390917949821,0.0],[77.714210855197464,9.104408914121652,0.0],[77.714588389560845,9.104408761889268,0.0],[77.715361697981066,9.104462836098737,0.0],[77.715807465725376,9.104458247521299,0.0],[77.716312304814664,9.104498791587364,0.0],[77.7167262878869,9.104521355779998,0.0],[77.71724024942894,9.104525717244186,0.0],[77.71767689847654,9.104507587886413,0.0],[77.718159043723105,9.10453008685602,0.0],[77.718577492327469,9.104570658403341,0.0],[77.719373540176875,9.104629182381645,0.0],[77.72001948371917,9.10470144072991,0.0],[77.719869583529785,9.105705014679412,0.0],[77.719860621471412,9.106139005492299,0.0],[77.719756154087747,9.106762911625577,0.0],[77.719751636495246,9.106957325476873,0.0],[77.720079139823383,9.106952693348793,0.0],[77.720515761227418,9.106975254577559,0.0],[77.721057090216163,9.106970581213902,0.0],[77.721602940206935,9.106974993162069,0.0],[77.721603042594992,9.107304971827141,0.0],[77.721689717386298,9.108439645184054,0.0],[77.721707871742396,9.108493936327516,0.0],[77.722135430261233,9.108466721115551,0.0],[77.72271766546659,9.108498223061282,0.0],[77.722703932601746,9.108023519058737,0.0],[77.722703892348747,9.107761285727527,0.0],[77.722626292801678,9.106730566929215,0.0],[77.722598915044657,9.106332763005094,0.0],[77.722621619442293,9.106328218794406,0.0],[77.723085622577415,9.106323633304697,0.0],[77.723272131054031,9.106319046015191,0.0],[77.72335868111152,9.107065003747215,0.0],[77.723386068456435,9.107214143569347,0.0],[77.723627113128373,9.107241226294928,0.0],[77.724441367225722,9.107313314421678,0.0],[77.725264624526417,9.107466854280304,0.0],[77.725755940686327,9.107539011057657,0.0],[77.72587871974325,9.107543571944126,0.0],[77.725842127853966,9.106684616551512,0.0],[77.725791964616249,9.106146674899009,0.0],[77.72583282746443,9.105947757297258,0.0],[77.726556087369033,9.105915906666805,0.0],[77.727802366232467,9.105933683255568,0.0],[77.729003171374984,9.105892615048891,0.0],[77.729794614296949,9.105842741697883,0.0],[77.731313827444509,9.105693138133786,0.0],[77.732041583835624,9.10568837639882,0.0],[77.733815553840472,9.105633687845934,0.0],[77.734475073750914,9.10563353315891,0.0],[77.735466778434443,9.105877356642074,0.0],[77.735871614216464,9.105999327188616,0.0],[77.736576721187632,9.106184470929076,0.0],[77.737081618463904,9.106310893792813,0.0],[77.737472857600679,9.106446388037277,0.0],[77.7378321624617,9.106518625020072,0.0],[77.73845086562676,9.106699255149607,0.0],[77.738746479250892,9.106717275459729,0.0],[77.739478846797226,9.106744234271712,0.0],[77.739979210507457,9.106784712096605,0.0],[77.740065485804791,9.106147292806215,0.0],[77.740270000897453,9.105695179546625,0.0],[77.740474532438796,9.105247530733248,0.0],[77.740883679938008,9.104352325472046,0.0],[77.740933533323741,9.103895695223393,0.0],[77.740969814297287,9.103411982621781,0.0],[77.741001493428641,9.10294631689764,0.0],[77.74104229311223,9.102421890722594,0.0],[77.741083108867812,9.101902016962033,0.0],[77.74107393446765,9.101825112803951,0.0],[77.741164751105103,9.101373068254359,0.0],[77.741296383121991,9.100401064838003,0.0],[77.741396272862914,9.099731926409657,0.0],[77.741591455346807,9.098438923258989,0.0],[77.741673137836258,9.097873835363952,0.0],[77.741759418325174,9.097313195343464,0.0],[77.741559290229119,9.097322319859167,0.0],[77.741186279077183,9.097277187112866,0.0],[77.741176934564578,9.096404697927728,0.0],[77.741190393847035,9.09582156875182,0.0],[77.741231158629944,9.095215761352936,0.0],[77.74124024876555,9.095003222157811,0.0],[77.741244652034581,9.094713943013533,0.0],[77.741244530933201,9.094148808562457,0.0],[77.741262622784902,9.093773623042445,0.0],[77.741321603998259,9.093285296186053,0.0],[77.741375949593873,9.092661415782274,0.0],[77.741403145916749,9.092150628702921,0.0],[77.74148477134149,9.091594481106746,0.0],[77.74151644211382,9.090934454502055,0.0],[77.741543657535658,9.090694898103218,0.0],[77.741539064763856,9.090473310366537,0.0],[77.741556976441316,9.089614400517254,0.0],[77.74156588988501,9.0889679395443,0.0],[77.741565761590564,9.088425398545535,0.0],[77.741611093521655,9.087986932992829,0.0],[77.741638322361311,9.0876297523833,0.0],[77.741665390026824,9.086915490997981,0.0],[77.741692539252128,9.086585441703567,0.0],[77.741646903355232,9.086047445865727,0.0],[77.74161946608821,9.085550170596765,0.0],[77.741623940309168,9.085401021538061,0.0],[77.741651292177252,9.085391998146108,0.0],[77.741751353405675,9.085401001584103,0.0],[77.742124334546133,9.085446041309533,0.0],[77.742510894865362,9.085473090132474,0.0],[77.742610995302584,9.085468528186054,0.0],[77.742710911930999,9.084980246479105,0.0],[77.742824440923798,9.084482991100472,0.0],[77.742924345637746,9.084039869380476,0.0],[77.74303339017878,9.083447675809895,0.0],[77.743169635403959,9.0827332932093,0.0],[77.743228632238825,9.082566005773476,0.0],[77.743328572776818,9.082109412977104,0.0],[77.743569462526011,9.081431239601287,0.0],[77.743705833401123,9.081209676410014,0.0],[77.744283262445379,9.080535886804583,0.0],[77.744860668896081,9.079857635232758,0.0],[77.744806084376094,9.079834989461899,0.0],[77.744596861639437,9.079830584998106,0.0],[77.744392151854356,9.07980804718493,0.0],[77.743900964576937,9.079794596596606,0.0],[77.743828225859488,9.079767467024178,0.0],[77.743773594853096,9.079708766498458,0.0],[77.743746174650312,9.07933805403677,0.0],[77.743732324123457,9.078705091229683,0.0],[77.74370039755479,9.078257559387218,0.0],[77.743709323722001,9.077737677873259,0.0],[77.7437002039985,9.07765176921763,0.0],[77.743600181963529,9.077651870785184,0.0],[77.743395504240638,9.077660923349802,0.0],[77.743086197055575,9.07763841142064,0.0],[77.742881478813771,9.077661116785789,0.0],[77.74259046528833,9.077656655352726,0.0],[77.742549473152451,9.077643061343966,0.0],[77.742549495780224,9.077552657609868,0.0],[77.742558452860308,9.077209122956184,0.0],[77.742544783933042,9.077082536458141,0.0],[77.74252657930036,9.077064486294537,0.0],[77.742235500894012,9.077041906795426,0.0],[77.741917114246576,9.077064672325047,0.0],[77.741694217266343,9.077051120535078,0.0],[77.741666961764324,9.077037567573925,0.0],[77.741635070953009,9.076960755051742,0.0],[77.741639565884398,9.076599033939118,0.0],[77.741657549988361,9.076002373485315,0.0],[77.74166198325868,9.075527671273335,0.0],[77.741670971207213,9.075288018882883,0.0],[77.741643665491097,9.075260899514973,0.0],[77.741520839382687,9.075260993207067,0.0],[77.740966032616356,9.075301847958247,0.0],[77.74010192274126,9.075392469387928,0.0],[77.739437846012663,9.075433359874445,0.0],[77.738632881072718,9.075469764884891,0.0],[77.737941487330488,9.075528684812909,0.0],[77.737936929965926,9.075510673486878,0.0],[77.737973335765659,9.07542477874436,0.0],[77.738091561723081,9.075248361334198,0.0],[77.738196065134488,9.075076543166025,0.0],[77.738341545946525,9.074841481625873,0.0],[77.738518844439014,9.074615317487256,0.0],[77.738805275179985,9.074158688165582,0.0],[77.738932595668572,9.0739416318015,0.0],[77.739018967687187,9.073747213491288,0.0],[77.739078040056469,9.073575384138262,0.0],[77.739155261858187,9.07328604480249,0.0],[77.739173393047494,9.073041990252321,0.0],[77.739173372142091,9.072987730309103,0.0],[77.739155169902332,9.072969591705405,0.0],[77.739105161275461,9.072969596284302,0.0],[77.738700323119176,9.072992311832264,0.0],[77.738350118542158,9.072978863761087,0.0],[77.737572374166987,9.073065047844239,0.0],[77.737176693777528,9.073087726753908,0.0],[77.735944112192655,9.072979579130891,0.0],[77.734711547766764,9.072875972390623,0.0],[77.734038384499513,9.072785683732354,0.0],[77.733938355141007,9.072758648961333,0.0],[77.733592641879582,9.072745171698546,0.0],[77.733169665420405,9.072718140839076,0.0],[77.732573871999492,9.072645951017755,0.0],[77.731978020953377,9.0725330628999,0.0],[77.731473133397415,9.072375046148418,0.0],[77.7309091414498,9.072307375131508,0.0],[77.730545252916372,9.072307431839906,0.0],[77.729735723253825,9.07229409352813,0.0],[77.728926103075125,9.072280750033382,0.0],[77.728434894639477,9.072303478301009,0.0],[77.727948264268477,9.072326189017357,0.0],[77.727607123485654,9.0722358445867,0.0],[77.727261475543386,9.072141053384573,0.0],[77.725519553455896,9.072227393957665,0.0],[77.724714561606561,9.072277283414509,0.0],[77.723409258262109,9.072340898128285,0.0],[77.722681502143018,9.072372742320209,0.0],[77.722163046393931,9.072409021072971,0.0],[77.721944696795561,9.072359369621221,0.0],[77.721398994838623,9.072409218538176,0.0],[77.720880455316816,9.072472621508968,0.0],[77.720043651642186,9.07254062354561,0.0],[77.719070354516091,9.072576972744301,0.0],[77.718924790345497,9.072595152072145,0.0],[77.718283516401982,9.072658530933545,0.0],[77.717805989624665,9.072717407885937,0.0],[77.716432463955542,9.072812700040465,0.0],[77.715900319256363,9.072812860384364,0.0],[77.714340280530635,9.072822215811755,0.0],[77.71407654031573,9.072808675971228,0.0],[77.713116821842036,9.072750160300558,0.0],[77.712634734190246,9.07268695141823,0.0],[77.712020874571309,9.073324484028413,0.0],[77.711848071491985,9.073487324437011,0.0],[77.711707053324119,9.073573216909026,0.0],[77.711552434551891,9.073595883166256,0.0],[77.711320429814904,9.073568751249784,0.0],[77.709473839222312,9.073334072306904,0.0],[77.709028102881916,9.073293482054186,0.0],[77.708232206878847,9.073225804748946,0.0],[77.70806841034711,9.073216816451879,0.0],[77.708036646276469,9.073248519068212,0.0],[77.707959523871523,9.074360571312422,0.0],[77.708014366773497,9.075468162525965,0.0],[77.707996164314764,9.075526946770598,0.0],[77.707987085200457,9.075549556817112,0.0],[77.707896089990172,9.075563165529751,0.0],[77.70766412106498,9.075599390277072,0.0],[77.707468558531218,9.075622013934099,0.0],[77.707236585573455,9.075631108163149,0.0],[77.707104744983567,9.075594971299807,0.0],[77.706622561891677,9.075246964972132,0.0],[77.706458379982209,9.075115331522191,0.0],[77.705962971053012,9.074718132525099,0.0],[77.705894726739885,9.074663927007304,0.0],[77.705476265179769,9.074410833997316,0.0],[77.70509865671211,9.07415777767422,0.0],[77.705053149532446,9.073719215941329,0.0],[77.705044008550558,9.073619740791292,0.0],[77.705034861124773,9.073597192071361,0.0],[77.704971174162665,9.073588128187119,0.0],[77.704434514484092,9.073529450379745,0.0],[77.704329911163086,9.07350240881344,0.0],[77.704234386572537,9.073425539688852,0.0],[77.704116031765693,9.073158837775379,0.0],[77.704075065006791,9.072968979116943,0.0],[77.704038664976679,9.072905651715541,0.0],[77.703779439765583,9.072874139027602,0.0],[77.703624697176281,9.072286467404517,0.0],[77.703410812238118,9.071418511417155,0.0],[77.703392487227049,9.070998064376173,0.0],[77.703324122829557,9.070333534458079,0.0],[77.703324085538384,9.070035111542101,0.0],[77.703319562541878,9.069895019008367,0.0],[77.703305869782639,9.069881410165394,0.0],[77.703110337832769,9.0698588719493,0.0],[77.703010272068568,9.06981816118542,0.0],[77.70301023046126,9.069727759060196,0.0],[77.703051086078858,9.069415810423394,0.0],[77.703096547746455,9.069085821980103,0.0],[77.703169130824236,9.068339876287247,0.0],[77.703182709071527,9.0679285196919,0.0],[77.703196269967179,9.067485483503885,0.0],[77.703232505431004,9.06684800433711,0.0],[77.703255229912898,9.066694255464158,0.0],[77.703455266413144,9.066070413541439,0.0],[77.703577934961103,9.065609250281298,0.0],[77.70361426635516,9.06539227389608,0.0],[77.703596109472642,9.065333438215593,0.0],[77.703359488732758,9.065030647557645,0.0],[77.703109305179282,9.064777521408205,0.0],[77.7027181343759,9.064357193848727,0.0],[77.702581658590063,9.064117603353324,0.0],[77.701981179069321,9.063475777878395,0.0],[77.701749159823734,9.063046342783473,0.0],[77.701853672515924,9.06276149490103,0.0],[77.702035558975055,9.062499231399034,0.0],[77.702221936598221,9.06213298894691,0.0],[77.702440230182233,9.061911473620107,0.0],[77.702872222855675,9.061463817062844,0.0],[77.703363315135235,9.061025240130153,0.0],[77.703818070518778,9.0607765052752,0.0],[77.704081854354513,9.060731257439162,0.0],[77.704604871159987,9.060726620881026,0.0],[77.705045922379568,9.060514070034662,0.0],[77.705537133686121,9.060242719931995,0.0],[77.705987261889263,9.059799545063751,0.0],[77.706260065855091,9.059455941592756,0.0],[77.706460093268319,9.059017369557306,0.0],[77.706641901882165,9.058633116670718,0.0],[77.706746481019991,9.058474809463135,0.0],[77.706914739953376,9.05804081199777,0.0],[77.707146512289384,9.057412415680828,0.0],[77.707360239785089,9.057068748595958,0.0],[77.707464748209034,9.056865286802026,0.0],[77.707810368971607,9.056553293697034,0.0],[77.708001327790043,9.056349804136712,0.0],[77.708092216750728,9.056128275260988,0.0],[77.70832407792858,9.055630971640065,0.0],[77.708478632302402,9.055337033271499,0.0],[77.708801466945303,9.054979873898343,0.0],[77.709192518031287,9.054568404139358,0.0],[77.709474422984314,9.054265461160256,0.0],[77.70974263639016,9.0538720809616,0.0],[77.710006393065896,9.053410899390348,0.0],[77.710201863833916,9.052958786813651,0.0],[77.710610964582102,9.052217262860731,0.0],[77.710738284438648,9.051941447132474,0.0],[77.710815504333084,9.05171541685398,0.0],[77.710997382161167,9.051331171972308,0.0],[77.711292871899118,9.050833741709607,0.0],[77.711479240582449,9.0504766078042,0.0],[77.711579250327929,9.050273166433609,0.0],[77.711615576636817,9.050033537444438,0.0],[77.711661038491812,9.049839118688183,0.0],[77.711720041325307,9.049332781566232,0.0],[77.711765450361767,9.048944013570917,0.0],[77.711969921071045,9.048039821201979,0.0],[77.712047149206413,9.047714299857059,0.0],[77.712201697663886,9.047397792037227,0.0],[77.712565433651534,9.047090286962703,0.0],[77.712856483527176,9.0468415710711,0.0],[77.71332480964179,9.046538609844475,0.0],[77.713488554291345,9.046439084481923,0.0],[77.7135522030066,9.046389339611061,0.0],[77.713565830603727,9.046308001171317,0.0],[77.71356129511878,9.046217535844088,0.0],[77.713552131497877,9.046036783155152,0.0],[77.713579388049538,9.04587401823553,0.0],[77.713633854615992,9.045611753643525,0.0],[77.7136338435933,9.045557501020372,0.0],[77.713602023169798,9.045494256517618,0.0],[77.713470152836507,9.045467141694111,0.0],[77.712792490938341,9.045512498317567,0.0],[77.712301341464297,9.04552615520287,0.0],[77.712310402739703,9.045345340205495,0.0],[77.71239220200674,9.044992680899258,0.0],[77.712460251476202,9.044328115056102,0.0],[77.712519307420976,9.044043262172142,0.0],[77.712560160868009,9.0434827486059,0.0],[77.71256924342039,9.043333523007583,0.0],[77.712555515189479,9.043283777819372,0.0],[77.712505500276635,9.043279311236191,0.0],[77.711855190976181,9.04328843067943,0.0],[77.711418636178237,9.043279499041921,0.0],[77.710922858666549,9.043225350494355,0.0],[77.710881920394172,9.043198275370973,0.0],[77.710831862223372,9.042949672284815,0.0],[77.710790868950667,9.042777865267002,0.0],[77.710736266685004,9.042461373629624,0.0],[77.710577003662351,9.042172100373715,0.0],[77.710399584043842,9.041824087691325,0.0],[77.710345025526934,9.041751731600286,0.0],[77.709981220164821,9.041778950593864,0.0],[77.709949351851904,9.041674928486536,0.0],[77.709858372770114,9.041480540641675,0.0],[77.709785523375686,9.041363094809697,0.0],[77.709653661962534,9.041363102727523,0.0],[77.70924439502447,9.041403860887488,0.0],[77.708762261958327,9.041399447971937,0.0],[77.708407557090439,9.041358817175528,0.0],[77.708384813648877,9.041245841032929,0.0],[77.708384760342469,9.040816286789992,0.0],[77.708402784672259,9.040346158755931,0.0],[77.708416292768547,9.039686078854592,0.0],[77.708452636176389,9.039166192985197,0.0],[77.708479736693576,9.038388643221381,0.0],[77.708456832760874,9.037841656680282,0.0],[77.708434095365661,9.037755718444673,0.0],[77.708061181584171,9.037742274179493,0.0],[77.707983887208101,9.037764846245588,0.0],[77.707906663904552,9.038144603129368,0.0],[77.707761220087164,9.038809234182761,0.0],[77.707656703505734,9.039161870978765,0.0],[77.70755676711461,9.039722486223631,0.0],[77.707456848517452,9.040210738340647,0.0],[77.70732048503335,9.040594983483752,0.0],[77.70717953565331,9.040848254739839,0.0],[77.707115908536807,9.041033536070518,0.0],[77.707043204083391,9.041060732930521,0.0],[77.706570182189537,9.041042719532628,0.0],[77.705883480203511,9.041038372483708,0.0],[77.705228579253799,9.04098876328392,0.0],[77.704632809462495,9.040880325150326,0.0],[77.704146223133264,9.040780972792426,0.0],[77.703873303060561,9.04069061734738,0.0],[77.702959149222139,9.040478319925498,0.0],[77.702226977771033,9.040275038529341,0.0],[77.702172324369585,9.040252467968401,0.0],[77.702154127466486,9.040076122286663,0.0],[77.702144919705162,9.039642138494642,0.0],[77.702181218874998,9.039049887947158,0.0],[77.702272013035142,9.038041735359666,0.0],[77.70227192177795,9.03764841362824,0.0],[77.702303610282286,9.037047169749117,0.0],[77.702335313360962,9.036057072399251,0.0],[77.702357954165393,9.035618616683676,0.0],[77.702421573236094,9.035324751278267,0.0],[77.702426091939898,9.035202671706855,0.0],[77.70240792669307,9.035166507026005,0.0],[77.701844016637509,9.035180195158393,0.0],[77.70133003812451,9.035148649749427,0.0],[77.701048135786323,9.035157722591144,0.0],[77.700629750790156,9.035126120996843,0.0],[77.700102194212448,9.035139768317757,0.0],[77.6990699050736,9.035149045069964,0.0],[77.698210389872429,9.035180844218758,0.0],[77.697664626470441,9.035199004139285,0.0],[77.69763736934128,9.035180893461089,0.0],[77.697619112741563,9.035117601619639,0.0],[77.697596340015025,9.034914238260727,0.0],[77.697578155814725,9.034633945873626,0.0],[77.697546238604886,9.03435360916454,0.0],[77.697496138066242,9.033820195536313,0.0],[77.697491608595172,9.033675484748439,0.0],[77.697327812734088,9.03365292238998,0.0],[77.697064102957995,9.033653004126236,0.0],[77.696668451070138,9.033680204656903,0.0],[77.696409212740775,9.033648593189181,0.0],[77.696381890911184,9.033585332697736,0.0],[77.696322665211596,9.032979498704204,0.0],[77.696290752338129,9.032541053187511,0.0],[77.696281679301691,9.03243249507617,0.0],[77.696163466880876,9.032405408992915,0.0],[77.695590374782583,9.032301500235395,0.0],[77.694780837306766,9.032057577347228,0.0],[77.694658046868199,9.032003290886301,0.0],[77.694385259476121,9.031998847850321,0.0],[77.694012288934701,9.031989827060087,0.0],[77.693953166824897,9.03197182199365,0.0],[77.693953189907475,9.031845209898801,0.0],[77.693962200550232,9.031429292981414,0.0],[77.693989355858832,9.030484473119067,0.0],[77.694016536554727,9.029946437357562,0.0],[77.694025641192923,9.029878685167464,0.0],[77.694157521633215,9.029860579572961,0.0],[77.694384843372802,9.02985143409175,0.0],[77.694539521223689,9.029833342133497,0.0],[77.694898720821683,9.029806178947437,0.0],[77.695044229689628,9.029810689705204,0.0],[77.695339867312541,9.029779010928722,0.0],[77.695462653549839,9.029778958155097,0.0],[77.695489893836779,9.029765392779915,0.0],[77.695508082274614,9.029729195491667,0.0],[77.69549447691837,9.029634305591529,0.0],[77.695389796403404,9.0292545527464,0.0],[77.695312386936124,9.028897460896111,0.0],[77.695244157550064,9.028440854983909,0.0],[77.695166725129141,9.027703933170098,0.0],[77.695112060356564,9.027410117415652,0.0],[77.69553497739183,9.027355795349767,0.0],[77.695894246183229,9.027324080733155,0.0],[77.695953317342955,9.027301486849829,0.0],[77.695966988710992,9.027283418175234,0.0],[77.695966953114308,9.027192944365909,0.0],[77.695948723639091,9.026659530292118,0.0],[77.695953170918074,9.026302347821078,0.0],[77.695962241340894,9.02617124632406,0.0],[77.696016809225895,9.026144118137282,0.0],[77.696435155914955,9.026040111106735,0.0],[77.696658010572037,9.026012955676311,0.0],[77.696753521899041,9.025990330187268,0.0],[77.6967717399191,9.025963145405322,0.0],[77.696771646612419,9.025908895058947,0.0],[77.696758021066771,9.025569889283096,0.0],[77.696744142481762,9.024652173768274,0.0],[77.696771483266275,9.024588823626022,0.0],[77.697462698755487,9.024624874121612,0.0],[77.697608245744505,9.024615821837688,0.0],[77.697626418519476,9.024602287505594,0.0],[77.697626388065714,9.024593275482186,0.0],[77.697626388077822,9.024407868266128,0.0],[77.697553539076907,9.024046220579409,0.0],[77.697467061851171,9.023503762631769,0.0],[77.697426044096332,9.023133086650299,0.0],[77.697253071876389,9.022305762727489,0.0],[77.697189424651697,9.02214305619696,0.0],[77.696875641435085,9.02213857443396,0.0],[77.696830074958982,9.021722680202826,0.0],[77.696702586247071,9.020597028156491,0.0],[77.696675222799328,9.020334804949144,0.0],[77.695993114516583,9.020384641685681,0.0],[77.695861198011713,9.020389185849407,0.0],[77.695820236433335,9.019873797431263,0.0],[77.695774670734167,9.01921834571684,0.0],[77.695669909209627,9.018228334511704,0.0],[77.695524229611564,9.017504966039622,0.0],[77.694878541279479,9.017545753915179,0.0],[77.69400537093189,9.017568556794044,0.0],[77.693450557224764,9.017437551833485,0.0],[77.693377651507618,9.016574044267474,0.0],[77.69333213882895,9.016090351657349,0.0],[77.69321370791323,9.014738608823084,0.0],[77.692736213343551,9.014725115543589,0.0],[77.69203587898717,9.014711734354552,0.0],[77.691499243090163,9.014725376889334,0.0],[77.690767111528544,9.014757150844082,0.0],[77.68979397995075,9.014752779790642,0.0],[77.689057344472417,9.014752887854002,0.0],[77.688316026173666,9.014694209377643,0.0],[77.688261445426704,9.014662537461433,0.0],[77.688238721698369,9.014440989524237,0.0],[77.68819314532449,9.013500672231526,0.0],[77.688229392206907,9.012876817989062,0.0],[77.688197481129691,9.012483553804964,0.0],[77.688079219201597,9.011895810516727,0.0],[77.687988165744386,9.011421195795442,0.0],[77.687933549203493,9.010837972919008,0.0],[77.687824163758464,9.009572230981346,0.0],[77.687783109722304,9.008613807748009,0.0],[77.687760197513967,9.007551388518817,0.0],[77.687741974624927,9.007144528073404,0.0],[77.687764693684642,9.007040515600728,0.0],[77.687773831576251,9.007036025449878,0.0],[77.687878365004835,9.007031488580918,0.0],[77.688296723667477,9.007054023989776,0.0],[77.688810550471018,9.007044929408568,0.0],[77.689019736614114,9.007017743306678,0.0],[77.689037938416845,9.006986101580519,0.0],[77.689028743263847,9.006461712578936,0.0],[77.689028674250892,9.006036772731267,0.0],[77.68902405287686,9.005376762444563,0.0],[77.689046720475972,9.005069336318208,0.0],[77.689073975918916,9.004549383255803,0.0],[77.689105601848951,9.00356388635144,0.0],[77.68913278440516,9.002510517200854,0.0],[77.689123227074106,8.99974827329233,0.0],[77.700646324563024,9.001495955989732,0.0],[77.700900965166667,9.001590824571322,0.0],[77.701692198796323,9.001753467065395,0.0],[77.702274289566944,9.001821175972236,0.0],[77.703010956649919,9.001902364193981,0.0],[77.703956793528505,9.002033334635072,0.0],[77.704843550284764,9.002128100502787,0.0],[77.70574850566004,9.00219121675493,0.0],[77.706430567878741,9.00225892309015,0.0],[77.706994485628044,9.002285903564085,0.0],[77.707849368963764,9.002348998212909,0.0],[77.708667841657828,9.002366980120954,0.0],[77.709650066919153,9.002353169987076,0.0],[77.710536802928289,9.002389196001207,0.0],[77.711382614658945,9.002474872426163,0.0],[77.712564975726835,9.002492738016571,0.0],[77.713247064189105,9.002515180298602,0.0],[77.713674439961196,9.002501475773247,0.0],[77.714124634464994,9.002469760789729,0.0],[77.714747606028936,9.002446990136166,0.0],[77.71527506996506,9.002442391509087,0.0],[77.715757122656427,9.00248746500974,0.0],[77.716471019046352,9.002496397839575,0.0],[77.717189510294403,9.0025097725932,0.0],[77.717680652246273,9.00253678625015,0.0],[77.717948927072825,9.002550301205744,0.0],[77.718562819680656,9.002522996069754,0.0],[77.719217589332757,9.002509282273774,0.0],[77.719786005634106,9.002513713010591,0.0],[77.720586353435849,9.002531602053679,0.0],[77.720972896394301,9.002517931537,0.0],[77.721386668581843,9.002540474515284,0.0],[77.722014206517585,9.002540316562273,0.0],[77.722364366985005,9.002490460901313,0.0],[77.722491690245306,9.00243621487764,0.0],[77.722491675394693,9.002431664713315,0.0],[77.722787629649886,9.001639414533336,0.0],[77.726848305514963,8.996657848800695,0.0],[77.727125062305888,8.994420035212741,0.0],[77.726978716102892,8.990957098272538,0.0],[77.729329189208158,8.989586737396804,0.0],[77.729227524386076,8.983058696013506,0.0],[77.728381730845072,8.983072508991746,0.0],[77.727826725508422,8.98188820589052,0.0],[77.724480120069813,8.982024623998811,0.0],[77.72437485796722,8.979113286727669,0.0],[77.721664760219369,8.978756748122549,0.0],[77.721399421500124,8.972016294228631,0.0],[77.720744623558744,8.972007444421903,0.0],[77.720316313460231,8.968268852086991,0.0],[77.719884040105356,8.966618888527691,0.0],[77.710535773317019,8.9671995864251,0.0],[77.708402548171122,8.967763228392878,0.0],[77.708022889663653,8.967863538364567,0.0],[77.707522831918993,8.967995657607272,0.0],[77.705261708588353,8.9685930379826,0.0],[77.703038389750077,8.968864714893968,0.0],[77.702938729862538,8.970754368152516,0.0],[77.703320940546277,8.972354720636528,0.0],[77.702475202409232,8.972314142070342,0.0],[77.702489044213181,8.973186689152609,0.0],[77.701334121304072,8.973223062446545,0.0],[77.701316042569204,8.973919272724014,0.0],[77.700429423606707,8.973838054607501,0.0],[77.700215920315699,8.975348026181438,0.0],[77.69933385563273,8.975289443358644,0.0],[77.700057084839855,8.976867013267151,0.0],[77.698665739668172,8.976858221175657,0.0],[77.698188511155706,8.97828693617916,0.0],[77.697520108692331,8.978296045319203,0.0],[77.697256623623161,8.979444388803026,0.0],[77.695415048088023,8.979390415605275,0.0],[77.694974200494315,8.980498138175426,0.0],[77.694187602973315,8.980742417974493,0.0],[77.693833543150177,8.98471619781056,0.0],[77.693342939100702,8.987767800517886,0.0],[77.693697971778207,8.989842811124547,0.0],[77.692743179223385,8.990358317660645,0.0],[77.691720066506875,8.990222895558473,0.0],[77.690756246990361,8.991235681893471,0.0],[77.69116570817188,8.993012312974242,0.0],[77.690565655341899,8.993948167010668,0.0],[77.686164070635058,8.994649564380492,0.0],[77.683999348468262,8.992606443773434,0.0],[77.682080358046775,8.992064203366779,0.0],[77.680538615191708,8.990314852900694,0.0],[77.678574344398569,8.990789810687033,0.0],[77.677883127661005,8.99039655983923,0.0],[77.677432796786533,8.989243796852762,0.0],[77.675986841692591,8.989311767608745,0.0],[77.675677499974427,8.987883253334754,0.0],[77.675622725665349,8.986038752249964,0.0],[77.675977134866017,8.983565913582652,0.0],[77.676426870228966,8.979971818111693,0.0],[77.677013200241504,8.978194998162721,0.0],[77.677149503765449,8.977259236263633,0.0],[77.677858706598229,8.97660816771316,0.0],[77.677858428164356,8.974284465042398,0.0],[77.678085673417058,8.973036657937875,0.0],[77.678112840399081,8.971816083553271,0.0],[77.679013017602813,8.971246300349215,0.0],[77.680854450508491,8.970961244394132,0.0],[77.681140590712303,8.968556213041182,0.0],[77.68041770318267,8.968488436434976,0.0],[77.680976356352517,8.964148403292347,0.0],[77.682422224096641,8.964216064832158,0.0],[77.684435881390357,8.959920971645005,0.0],[77.685745259923237,8.95936474072796,0.0],[77.686713775992303,8.959418841891589,0.0],[77.690278125589927,8.957741175543465,0.0],[77.691296163055654,8.955032987063035,0.0],[77.691745646446762,8.950702005358524,0.0],[77.691731366309568,8.946565473370143,0.0],[77.69186737925024,8.943997594500562,0.0],[77.691716431219405,8.93831497569137,0.0],[77.691934347227047,8.936235409504039,0.0],[77.692984246113838,8.934444934318723,0.0],[77.693256530287442,8.930932238974805,0.0],[77.695011166319588,8.929408440211194,0.0],[77.695106300160958,8.927428356170143,0.0],[77.695506275914909,8.926989743127539,0.0],[77.696115418628906,8.926316054181388,0.0],[77.696115505425709,8.926287271145315,0.0],[77.696119690501121,8.924896470976602,0.0],[77.695605419000742,8.92183602528557,0.0],[77.69531874601762,8.920014153064884,0.0],[77.695145930621266,8.919643457828617,0.0],[77.694832090327395,8.91880716091238,0.0],[77.693800135817227,8.918848045758448,0.0],[77.691513299260635,8.918884599131896,0.0],[77.689935855425958,8.919024912993745,0.0],[77.68760355754489,8.918903252812456,0.0],[77.684789446089113,8.918989494260959,0.0],[77.684712273377485,8.919821379549413,0.0],[77.684489601302744,8.920644197608221,0.0],[77.684203201895158,8.920852124996689,0.0],[77.682848459849296,8.921006083846397,0.0],[77.68171190237392,8.921318160936607,0.0],[77.681511919633749,8.921652712742505,0.0],[77.681480203078536,8.92237601104004,0.0],[77.681280275494885,8.923112965875436,0.0],[77.679693584451329,8.923131280945217,0.0],[77.679502654406519,8.923135820099631,0.0],[77.679420835318766,8.923321141070959,0.0],[77.679370863387817,8.923619536779182,0.0],[77.679280055439222,8.924157526350914,0.0],[77.679220926102346,8.924342863867128,0.0],[77.679161857027324,8.924519194868687,0.0],[77.679093688224683,8.924627685876265,0.0],[77.677443318056149,8.924401812539671,0.0],[77.676070384385596,8.924600896413537,0.0],[77.674060953332685,8.924836238485728,0.0],[77.670142239575682,8.927327566792261,0.0],[77.668173857305021,8.928869376134617,0.0],[77.66554618585063,8.931261133797701,0.0],[77.662759327289635,8.932314730036675,0.0],[77.659454216273673,8.933612378407872,0.0],[77.657658398606145,8.934204756623313,0.0],[77.656917359491445,8.934326896135456,0.0],[77.656772035583131,8.936930878965699,0.0],[77.656640252384491,8.938838623055521,0.0],[77.656649362337248,8.938942681287433,0.0],[77.656540317338582,8.939792560936969,0.0],[77.656490401732086,8.941171439011768,0.0],[77.656226777157642,8.942681376135461,0.0],[77.655858534627328,8.942993336721386,0.0],[77.655035658328714,8.943703145673719,0.0],[77.655103927136352,8.944403906143332,0.0],[77.654790274503853,8.945579270621678,0.0],[77.653962797455407,8.945733060689278,0.0],[77.654003753917792,8.94685874129101,0.0],[77.653962900360739,8.9483054204211,0.0],[77.65451761047666,8.948648917699202,0.0],[77.654995016343136,8.949232135849577,0.0],[77.654917887927994,8.952206777906412,0.0],[77.654704508410305,8.956469978273777,0.0],[77.650985230580304,8.956253175016272,0.0],[77.649775823288152,8.956415950358757,0.0],[77.647488873623672,8.957008223829783,0.0],[77.645010907713413,8.957003847350563,0.0],[77.645170020886439,8.956099619831384,0.0],[77.644237889570945,8.955842023718464,0.0],[77.642382836430613,8.956122341672152,0.0],[77.640159525014155,8.956163064918488,0.0],[77.639072856420611,8.955973234507937,0.0],[77.638981904127832,8.955191059315162,0.0],[77.63713590953985,8.95516854445075,0.0],[77.634462479085315,8.955186586709756,0.0],[77.634144236307179,8.954436112416486,0.0],[77.634144265527411,8.953314995326043,0.0],[77.633662265766588,8.952456000814761,0.0],[77.632671151434735,8.951737182265997,0.0],[77.630538755893667,8.951863830865205,0.0],[77.630234146176107,8.950670282382598,0.0],[77.630029516015767,8.948812215079819,0.0],[77.629697622511685,8.946868277906827,0.0],[77.628524656416872,8.946678354427164,0.0],[77.627374382966551,8.946673878897338,0.0],[77.626815139055125,8.94756447360184,0.0],[77.62571024041678,8.947650297218456,0.0],[77.623623362000629,8.948649393862311,0.0],[77.621672814972499,8.949241527652392,0.0],[77.621431876909028,8.948676440408153,0.0],[77.621418241655192,8.948644814168727,0.0],[77.621459347529651,8.942559715777513,0.0],[77.620586434419138,8.942546200496221,0.0],[77.620613740123034,8.941104060292645,0.0],[77.61987724509072,8.94104975466297,0.0],[77.619631826264936,8.939336354260693,0.0],[77.619127243975541,8.937166320302525,0.0],[77.619231812373997,8.93642940353288,0.0],[77.618295240321729,8.936442987188279,0.0],[77.6183362425041,8.934092184402527,0.0],[77.617054186982671,8.933947430513811,0.0],[77.617108661591502,8.934788335233709,0.0],[77.61640859563677,8.934630006407778,0.0],[77.616312972664147,8.936130979278252,0.0],[77.616235680514066,8.936971813328318,0.0],[77.615467350409446,8.937007923494056,0.0],[77.615403736398548,8.936103798069128,0.0],[77.614834432600773,8.93613048761706,0.0],[77.614344385005822,8.936153460418081,0.0],[77.614107597490943,8.942365046281671,0.0],[77.604878084771585,8.943092234550472,0.0],[77.601163593176707,8.94326371707681,0.0],[77.597508147140289,8.942842969707506,0.0],[77.597007911662402,8.943760659009413,0.0],[77.596744063292689,8.945193714023789,0.0],[77.593888929265731,8.944818212854312,0.0],[77.593234237882712,8.944732245798876,0.0],[77.592875108011228,8.943828046698524,0.0],[77.59221591737446,8.943326179444009,0.0],[77.592479889828482,8.941106466484051,0.0],[77.591779763286937,8.941029532826166,0.0],[77.591857159569599,8.940034928680243,0.0],[77.591961908664317,8.938050323334901,0.0],[77.591893991972327,8.935930081529335,0.0],[77.592012478672828,8.93367871158782,0.0],[77.592026308188352,8.931400164601971,0.0],[77.591826673242338,8.927860373009647,0.0],[77.592904242321666,8.92749430953803,0.0],[77.593413624113012,8.925568512033726,0.0],[77.593691296063852,8.922544126164421,0.0],[77.593246199504165,8.918371376341989,0.0],[77.593237237181313,8.917489823366491,0.0],[77.593173858034859,8.914881219349535,0.0],[77.592937748695022,8.912883006970574,0.0],[77.592933356837548,8.910740179250748,0.0],[77.5925833608689,8.910613563626404,0.0],[77.591333224193036,8.909998524662246,0.0],[77.589883091336006,8.909650286171482,0.0],[77.589437533092507,8.909501078545707,0.0],[77.588446526022253,8.909170901953122,0.0],[77.58682368849162,8.908234937990546,0.0],[77.5862054971264,8.907977097782043,0.0],[77.584218904160352,8.907579075355985,0.0],[77.582027749211036,8.906927738561205,0.0],[77.579500076313479,8.907026852510654,0.0],[77.573030731489482,8.908721126102117,0.0],[77.569034697608288,8.908562191903794,0.0],[77.567716296861704,8.908512246176642,0.0],[77.566347861598004,8.908941485474667,0.0],[77.564606500644814,8.909764000896558,0.0],[77.562574219524777,8.910966124510452,0.0],[77.561642161077202,8.911445111330419,0.0],[77.561501208126245,8.911232660528308,0.0],[77.561237676210837,8.910839289395479,0.0],[77.560933198685447,8.910088756792334,0.0],[77.561810789853425,8.909338443324977,0.0],[77.565334420717264,8.907038075440878,0.0],[77.56766672108462,8.906034877472662,0.0],[77.570835558740143,8.905167381741892,0.0],[77.570499252702916,8.90447109746178,0.0],[77.57007218438234,8.902680826529599,0.0],[77.568867990000285,8.900298102519502,0.0],[77.566045519422346,8.896884426242529,0.0],[77.564559271131543,8.895283750194061,0.0],[77.565005015515354,8.894212407123963,0.0],[77.565923356600607,8.893896122847234,0.0],[77.567082591889005,8.893525654476253,0.0],[77.567805570192036,8.892784294952882,0.0],[77.568819333238821,8.892662428400513,0.0],[77.569778616973352,8.891975415947746,0.0],[77.571010783766425,8.890614922203483,0.0],[77.570924549641504,8.889792070032442,0.0],[77.569988124244404,8.889850717536497,0.0],[77.569488116724742,8.889258405517225,0.0],[77.568633457364498,8.889457111786143,0.0],[77.568301741028208,8.88867498650988,0.0],[77.568442850442125,8.887788900261665,0.0],[77.56765194798156,8.887183026784955,0.0],[77.565588119169149,8.887327303322351,0.0],[77.564665359523858,8.8871733863063,0.0],[77.565683872282918,8.885668130915288,0.0],[77.566402296672493,8.885021782711608,0.0],[77.566729701684991,8.88408603827575,0.0],[77.566252598468054,8.883312928996116,0.0],[77.564438905120468,8.882575670865812,0.0],[77.563711771418539,8.881883856630154,0.0],[77.56334828016405,8.88095701074719,0.0],[77.563284844813595,8.879826769066902,0.0],[77.56375794368364,8.877887474906725,0.0],[77.564335300810342,8.877756440119505,0.0],[77.565039808939574,8.878222254059525,0.0],[77.565753364472911,8.879013507907487,0.0],[77.566953351086397,8.879370848532977,0.0],[77.568117083678246,8.8793485007408,0.0],[77.569171688237248,8.879430022327801,0.0],[77.569771592497318,8.880262018302595,0.0],[77.570198693407193,8.881405815556107,0.0],[77.571416821765695,8.881944001713507,0.0],[77.572525993382882,8.881894464234307,0.0],[77.574394511647085,8.880877609914602,0.0],[77.575513047094418,8.879381354983487,0.0],[77.575844954713048,8.878590321688581,0.0],[77.57596334349887,8.877640926196637,0.0],[77.576040798131899,8.876637332210201,0.0],[77.576390921023687,8.875855269035181,0.0],[77.576500259780701,8.873947455277449,0.0],[77.577250408291249,8.873197126903456,0.0],[77.578345949844561,8.873210889766865,0.0],[77.579382295391383,8.873780652136709,0.0],[77.58010952873137,8.874463445916705,0.0],[77.581500246535811,8.875923793694209,0.0],[77.582441140062102,8.876389633271442,0.0],[77.583350286817378,8.876534368388693,0.0],[77.584700413443315,8.876032762378046,0.0],[77.585209558927772,8.875815860214216,0.0],[77.586627977330579,8.875169525820489,0.0],[77.587528000000816,8.875255584023494,0.0],[77.588605295239233,8.875486254833746,0.0],[77.589864443527702,8.875382429866324,0.0],[77.590673611466286,8.875043467548309,0.0],[77.59176023162469,8.873461251185741,0.0],[77.59270598962793,8.871508387303537,0.0],[77.592759536987714,8.870848728587447,0.0],[77.592819751063359,8.870106953387463,0.0],[77.594079006804122,8.869112520453303,0.0],[77.594347347537152,8.868131551101515,0.0],[77.593915795448495,8.865324033332849,0.0],[77.593120597965026,8.862362799377003,0.0],[77.592538890835158,8.861553478827148,0.0],[77.591888876076226,8.861598677872173,0.0],[77.591170749733749,8.86113743620939,0.0],[77.590720865826469,8.860097557190576,0.0],[77.590053131421897,8.856372305107328,0.0],[77.589480623942435,8.854157024484547,0.0],[77.589021861047954,8.851896625668463,0.0],[77.588899384006609,8.849749145087182,0.0],[77.588899630719823,8.847637923710181,0.0],[77.588727018413337,8.846616197821726,0.0],[77.588163830536118,8.843270772309113,0.0],[77.588023438458322,8.839079855603202,0.0],[77.587796543938623,8.836439666203937,0.0],[77.58744663185395,8.835544501349615,0.0],[77.586837915412218,8.832759567830779,0.0],[77.585311525982377,8.826633672897341,0.0],[77.582834472826463,8.826402734201416,0.0],[77.58249823907498,8.825647791394825,0.0],[77.582075759044656,8.824598884511477,0.0],[77.58178497941293,8.823599747276209,0.0],[77.581076071256916,8.823043565213403,0.0],[77.579317276757834,8.821691530506012,0.0],[77.577690429579221,8.820122620988791,0.0],[77.575422878613026,8.817283110157007,0.0],[77.574909486837171,8.816116684696468,0.0],[77.574641507468471,8.81514015670232,0.0],[77.574569049155528,8.813074091929574,0.0],[77.572637452629522,8.813299831657684,0.0],[77.572410547453785,8.811315192524569,0.0],[77.569983516323362,8.811373539533673,0.0],[77.569402449615055,8.807729619051878,0.0],[77.569616395504212,8.805848958413298,0.0],[77.569139253787512,8.805175330774389,0.0],[77.569416598000188,8.80447910338161,0.0],[77.568249054612338,8.801666940786941,0.0],[77.567313139806529,8.800116159615463,0.0],[77.566336089234156,8.799731661292682,0.0],[77.568318092285679,8.79688840358137,0.0],[77.568640941399607,8.795862289403985,0.0],[77.568691115959794,8.794799851018835,0.0],[77.56823685818911,8.793647009170611,0.0],[77.570409485000653,8.792105763912033,0.0],[77.569387399642139,8.789673385074884,0.0],[77.568365004670383,8.788710197276606,0.0],[77.564938171400556,8.789708725891838,0.0],[77.563656978195709,8.787497820405111,0.0],[77.556321540964348,8.789264031230303,0.0],[77.555590200267019,8.787627298008069,0.0],[77.554672694761607,8.785497751346059,0.0],[77.553781976078085,8.785267006724769,0.0],[77.552673007286771,8.785655604051005,0.0],[77.551431994094514,8.787251170054805,0.0],[77.549482393342359,8.786762475005059,0.0],[77.544864770422521,8.787887125927769,0.0],[77.543823931320176,8.788388703631099,0.0],[77.54249239783735,8.788447134951323,0.0],[77.541347157846189,8.788152970231661,0.0],[77.540069787074344,8.789427566352629,0.0],[77.539440586053061,8.789679221553065,0.0],[77.538906261213768,8.789892929113915,0.0],[77.537665551039211,8.790023667730406,0.0],[77.536270441051556,8.789584814182065,0.0],[77.534416729160966,8.787834732989142,0.0],[77.532503671134336,8.786704058111535,0.0],[77.531567732133468,8.78581770442433,0.0],[77.530649834667997,8.785433121298226,0.0],[77.529927263844584,8.785500813870692,0.0],[77.52981352774249,8.786020609727888,0.0],[77.529994993648472,8.786897725047584,0.0],[77.529576652490675,8.787932921000783,0.0],[77.52857218481455,8.788208357250351,0.0],[77.527426900014646,8.788212586420126,0.0],[77.526172745949438,8.787714954581428,0.0],[77.525436760320318,8.787004970596266,0.0],[77.52441015918474,8.785223428450578,0.0],[77.523360912694443,8.783356018845909,0.0],[77.522211673131167,8.781728141716133,0.0],[77.521148229826437,8.781556025972318,0.0],[77.520143863592011,8.781781838586804,0.0],[77.518903052962969,8.782224453214113,0.0],[77.519116004672114,8.784136852884576,0.0],[77.520019641531178,8.786790841595934,0.0],[77.51959213586575,8.787636173016477,0.0],[77.518410622554768,8.787409730601059,0.0],[77.517228540241163,8.788887679960716,0.0],[77.516455847003371,8.789294293679571,0.0],[77.515319895378283,8.788661014039443,0.0],[77.514656085686156,8.789338982502773,0.0],[77.514487648350993,8.790301881859302,0.0],[77.514101090453664,8.791210412217767,0.0],[77.513469107771002,8.791992338553687,0.0],[77.51406872091593,8.792851445418496,0.0],[77.514823077168273,8.79314102059805,0.0],[77.515741097738797,8.793191016827887,0.0],[77.516745369061425,8.793394854682401,0.0],[77.517813246026591,8.79384724208502,0.0],[77.518712847435168,8.794597950780187,0.0],[77.51862156625559,8.795809495186667,0.0],[77.518162343565947,8.796672839316372,0.0],[77.518302914202124,8.7976042032629,0.0],[77.518743417905952,8.798711976153797,0.0],[77.519883620667088,8.800339753974251,0.0],[77.519974288043372,8.801225864597928,0.0],[77.519115122901894,8.801876666703453,0.0],[77.518451472011222,8.802093399882697,0.0],[77.517587884332329,8.802391572189343,0.0],[77.516392520474554,8.802630788218169,0.0],[77.515047232244584,8.802784104021022,0.0],[77.514060889619998,8.802919381258674,0.0],[77.51364735704226,8.80288759997519,0.0],[77.513279009631447,8.803520434252249,0.0],[77.513110242721396,8.80533770635305,0.0],[77.513023558125056,8.80654475076919,0.0],[77.512328044650403,8.806797715691278,0.0],[77.51174624538892,8.806960238603367,0.0],[77.511690813588245,8.806975183406603,0.0],[77.511159952534456,8.807118312418684,0.0],[77.511400565620065,8.807819094698051,0.0],[77.511441444778725,8.807914036515459,0.0],[77.511432229604509,8.808316437209104,0.0],[77.51129124204823,8.808524330682342,0.0],[77.511013998657987,8.808799981973735,0.0],[77.510750327876977,8.80887672937321,0.0],[77.509959429899268,8.809120608539512,0.0],[77.509493905690775,8.809155020259665,0.0],[77.509045846061852,8.809188140212205,0.0],[77.507891542765705,8.808939071606705,0.0],[77.506864653411711,8.808233517130382,0.0],[77.506587800681814,8.807058033567255,0.0],[77.506551761467918,8.806158323056081,0.0],[77.506783819830559,8.805335633621665,0.0],[77.507647602309589,8.804580950502267,0.0],[77.508043713427696,8.802505981496251,0.0],[77.508652929309676,8.801904949711389,0.0],[77.510212148330652,8.800974158313192,0.0],[77.511158151382787,8.798903899433546,0.0],[77.511381143388562,8.797873291189561,0.0],[77.511163207256459,8.797122753872703,0.0],[77.510713669982863,8.796123462145019,0.0],[77.509668650967583,8.795363630475993,0.0],[77.508518739659209,8.795458190395649,0.0],[77.507673517090794,8.795299701958115,0.0],[77.506364706712915,8.795113873621236,0.0],[77.502546090926771,8.797951661536132,0.0],[77.501009764779269,8.798457394869583,0.0],[77.49902175624193,8.801311100040392,0.0],[77.49802011604163,8.800764237001818,0.0],[77.497957662868387,8.799099097452615,0.0],[77.497116963875285,8.799379641657641,0.0],[77.496648682438661,8.798819197887688,0.0],[77.495303466967812,8.798946179726332,0.0],[77.495276017012657,8.79833587488335,0.0],[77.494312533821031,8.798363281887216,0.0],[77.493471806563093,8.798548880799654,0.0],[77.493107869950563,8.797332880001921,0.0],[77.492426203900891,8.797495827061965,0.0],[77.491385269913835,8.796854164596644,0.0],[77.490835361904104,8.796876924831579,0.0],[77.490203658451037,8.796935873166074,0.0],[77.490358762355356,8.798983771231201,0.0],[77.486259989798327,8.801236281405824,0.0],[77.486273735671361,8.801643153760551,0.0],[77.486915086637495,8.803577899019315,0.0],[77.486887897102079,8.803867239857123,0.0],[77.486865265409151,8.804201788835924,0.0],[77.486652145435642,8.805978536543364,0.0],[77.485711331628181,8.805874811791696,0.0],[77.485043278701085,8.806028699625372,0.0],[77.484516093125251,8.806096653014649,0.0],[77.483588931017721,8.80606073205672,0.0],[77.482130018364202,8.806015906102171,0.0],[77.481143762719725,8.805934786073038,0.0],[77.481052661389683,8.8051481824739,0.0],[77.480502465805714,8.804108530717896,0.0],[77.480125244237897,8.804108626282453,0.0],[77.47771671778321,8.805058608678999,0.0],[77.476507986885409,8.805863615753999,0.0],[77.475921909600856,8.806718198520951,0.0],[77.476108856006249,8.809177490092299,0.0],[77.475981662571868,8.809435208683807,0.0],[77.476145538443859,8.810488525101295,0.0],[77.473914117840124,8.811040605297173,0.0],[77.471928135363854,8.811673990967407,0.0],[77.471028076536996,8.810977990255502,0.0],[77.470900841279743,8.81107295658898,0.0],[77.470364577630292,8.811235830026236,0.0],[77.469796478398962,8.81130829318495,0.0],[77.468464894306692,8.811656698169612,0.0],[77.466510734070411,8.812384985861925,0.0],[77.464711112903615,8.813194605375077,0.0],[77.462843294804543,8.813931896902027,0.0],[77.461902028897285,8.811730442793021,0.0],[77.463683477655437,8.810957006974789,0.0],[77.463469641885709,8.809903695715535,0.0],[77.46351954396529,8.809469684455685,0.0],[77.463769390792962,8.808895485174443,0.0],[77.463996566240652,8.808569936051942,0.0],[77.463178190159269,8.807173167717268,0.0],[77.46378234842085,8.805721850456777,0.0],[77.463368666972713,8.805251769609569,0.0],[77.462805137657014,8.805405596292601,0.0],[77.462250643234725,8.805301731889683,0.0],[77.461973115867082,8.803904849235735,0.0],[77.46200009040696,8.802489819558424,0.0],[77.463595151297042,8.801689297649782,0.0],[77.463767804681595,8.801458698009919,0.0],[77.463353919589522,8.800007594502404,0.0],[77.463758173999068,8.7989179855738,0.0],[77.461721623493034,8.796554007400307,0.0],[77.461835135691786,8.79603860743452,0.0],[77.461898620431541,8.795360467916979,0.0],[77.461898551761905,8.795030445723246,0.0],[77.461834765213425,8.794257394646134,0.0],[77.461670994839835,8.793484363621062,0.0],[77.462211695168151,8.792910104507081,0.0],[77.4626523052208,8.791829531028545,0.0],[77.462829247344587,8.790400907142955,0.0],[77.462815542167831,8.790061845878729,0.0],[77.462674539480062,8.789501290713764,0.0],[77.462160848178527,8.788809707216574,0.0],[77.461506273130922,8.788104589776179,0.0],[77.460429255403199,8.78841222622877,0.0],[77.458334386372044,8.789488604104122,0.0],[77.457816174846585,8.788878391733448,0.0],[77.457216144066933,8.788177776021522,0.0],[77.456875188591312,8.787626298444199,0.0],[77.456647885377379,8.787260153346796,0.0],[77.455897830313361,8.786265710212637,0.0],[77.455970526807548,8.786175278810031,0.0],[77.456411118039412,8.784945524274587,0.0],[77.45716521301587,8.783358561549917,0.0],[77.457955963021263,8.783322241337398,0.0],[77.45864667770303,8.783005646800333,0.0],[77.458996516457319,8.782535409544039,0.0],[77.45908278308309,8.782137557324869,0.0],[77.459073605639162,8.781694516088333,0.0],[77.459823347801191,8.781142823309271,0.0],[77.460000490024925,8.780672619228721,0.0],[77.459336801731794,8.779759539985225,0.0],[77.460540967218847,8.779081171302918,0.0],[77.460604542898878,8.778846075030188,0.0],[77.460527205876701,8.778452776330102,0.0],[77.461331470624259,8.777887506692403,0.0],[77.460976736134839,8.776612699330212,0.0],[77.461894375774946,8.774926234365093,0.0],[77.461503124902052,8.77286480702994,0.0],[77.460953202440407,8.772652439105414,0.0],[77.460989532133098,8.772525847655412,0.0],[77.460852931962677,8.771223869923187,0.0],[77.458916201758029,8.767209740467035,0.0],[77.457902821414507,8.767304876680541,0.0],[77.457489034198133,8.766039117548354,0.0],[77.457161847987649,8.766084389876202,0.0],[77.456007720516425,8.766835071976683,0.0],[77.455580332694652,8.765700418225247,0.0],[77.454426149845361,8.766166281676941,0.0],[77.45422612488052,8.765782045850226,0.0],[77.452831050471204,8.766039990042591,0.0],[77.452772052913176,8.766474002629341,0.0],[77.450386277954337,8.766614573136376,0.0],[77.449931679657098,8.765701439592437,0.0],[77.450785871291075,8.764855891121318,0.0],[77.450108588401193,8.763870463166921,0.0],[77.44595990303327,8.7657201914047,0.0],[77.44438313215268,8.766507073653621,0.0],[77.443783329417158,8.766855274230592,0.0],[77.441847565343082,8.767795910893152,0.0],[77.441247789395618,8.76834754591937,0.0],[77.440638941040888,8.769025764998549,0.0],[77.439843796707109,8.769884844901883,0.0],[77.439153098128614,8.770251135162246,0.0],[77.438512432443915,8.770929355082032,0.0],[77.438162632113418,8.771770284312241,0.0],[77.437790132940265,8.772787529495369,0.0],[77.437167642112385,8.773497390766853,0.0],[77.436177066535024,8.774342927196086,0.0],[77.43492290231022,8.775165892270254,0.0],[77.43432307586032,8.775509557701886,0.0],[77.434177656179216,8.77554122251194,0.0],[77.432841694907367,8.776454609110814,0.0],[77.432028339898622,8.777322715856183,0.0],[77.431564850213832,8.777725129910024,0.0],[77.430324377007196,8.779185518864869,0.0],[77.429215637087921,8.780239010915306,0.0],[77.428720329417771,8.780641424688888,0.0],[77.427402518408087,8.781595477382336,0.0],[77.426389157486028,8.782278240642665,0.0],[77.425866580521415,8.782716820705891,0.0],[77.425203143430508,8.783363374956149,0.0],[77.424048956147203,8.784660983093371,0.0],[77.423049243970922,8.785624028341758,0.0],[77.422885662507511,8.785868170389817,0.0],[77.422572161228814,8.7866186636173,0.0],[77.422444926215917,8.786758823261751,0.0],[77.422249515916505,8.786849259592774,0.0],[77.421999566406328,8.786899014407243,0.0],[77.421449663593009,8.786871943833621,0.0],[77.421054286388596,8.786926232307376,0.0],[77.420358986567749,8.787220154683656,0.0],[77.420059184459092,8.788716585460907,0.0],[77.41945964541253,8.792487030899533,0.0],[77.419287069750681,8.793798093132633,0.0],[77.418555570403115,8.79597721030434,0.0],[77.417765047080948,8.798888708025094,0.0],[77.417410743924052,8.801027100105262,0.0],[77.41673374406632,8.803043457921538,0.0],[77.416488467378954,8.804711671020197,0.0],[77.416288545376446,8.805308439963619,0.0],[77.414389273152793,8.811203780843208,0.0],[77.415462064173326,8.81346863699623,0.0],[77.415930230071453,8.81388903682442,0.0],[77.41453957599704,8.815154987405185,0.0],[77.41448508519737,8.815751743306359,0.0],[77.41427610087932,8.816814158154935,0.0],[77.414426138482426,8.817465147897728,0.0],[77.414612558030214,8.818378344120529,0.0],[77.414558050289898,8.818780703657696,0.0],[77.413917278630493,8.819725610830043,0.0],[77.412713075340207,8.822727543885339,0.0],[77.412490399501834,8.823161561424246,0.0],[77.41322231046955,8.825141635071411,0.0],[77.415217567588229,8.824666788095993,0.0],[77.415199412034937,8.824965164709129,0.0],[77.415008570444527,8.825598098744791,0.0],[77.414876770650281,8.825702088702037,0.0],[77.414426835448708,8.826068313542649,0.0],[77.41401325923799,8.826420971456681,0.0],[77.413695114851109,8.826597309229465,0.0],[77.413749696770779,8.827103639618361,0.0],[77.413017947551637,8.827298092245002,0.0],[77.412527094239877,8.827560338339481,0.0],[77.41239984246549,8.827714056568388,0.0],[77.412177150013164,8.827962719231648,0.0],[77.411668117942796,8.828274694917333,0.0],[77.410990933994242,8.828839849375525,0.0],[77.410277408918645,8.829730504965205,0.0],[77.408982035024621,8.829644696688401,0.0],[77.40873659955831,8.82968087882109,0.0],[77.40811392408817,8.829839148641341,0.0],[77.407136648568382,8.828749686544523,0.0],[77.406836661580883,8.828609558296439,0.0],[77.406632126091537,8.828541758193747,0.0],[77.406536682908026,8.82862765933147,0.0],[77.40650033912452,8.828907953960377,0.0],[77.406327639889653,8.829188256252953,0.0],[77.40600949862268,8.829504733443088,0.0],[77.40539138373488,8.829961374179231,0.0],[77.4046005429812,8.830241709469092,0.0],[77.403545969482877,8.828383698924434,0.0],[77.402232430775825,8.828487743136119,0.0],[77.402177865130909,8.827994974278322,0.0],[77.400937050747871,8.828135177224734,0.0],[77.401046163787115,8.828786173957575,0.0],[77.401537210464184,8.832497762951004,0.0],[77.401891788160114,8.833605352434933,0.0],[77.402928072424388,8.833198426911334,0.0],[77.40298262226672,8.83334309096767,0.0],[77.403305370609573,8.834111617980698,0.0],[77.403868975068875,8.834093505580999,0.0],[77.404937098225318,8.834093448225119,0.0],[77.40570976897186,8.83384927912406,0.0],[77.406800588602437,8.833374527134259,0.0],[77.406855159666108,8.833849212191399,0.0],[77.406896099670135,8.834391711074376,0.0],[77.406855228977065,8.834988464085702,0.0],[77.406855269386497,8.835653027496843,0.0],[77.406932565943137,8.836109627826989,0.0],[77.407100771074042,8.83662047311546,0.0],[77.40728715068127,8.837022816283522,0.0],[77.407346286316738,8.837795876011274,0.0],[77.407419044758569,8.838338372735016,0.0],[77.40726906909704,8.838636757258707,0.0],[77.406873656639462,8.839039135973774,0.0],[77.406178265898632,8.839635927496733,0.0],[77.405032893573932,8.840282472607143,0.0],[77.403851152987144,8.840897370591513,0.0],[77.404469378355756,8.842127006296053,0.0],[77.402405859236055,8.843108133244737,0.0],[77.4018058150819,8.841792598004755,0.0],[77.401278569571687,8.841987018003454,0.0],[77.40076950642009,8.842231166458706,0.0],[77.400469526964017,8.842475304659484,0.0],[77.400242273973035,8.842755606034114,0.0],[77.399924115827844,8.843090161669389,0.0],[77.399378700513253,8.843632685082103,0.0],[77.399060538207436,8.843894905918548,0.0],[77.398533290181589,8.844143572774094,0.0],[77.398215124899352,8.844351543357568,0.0],[77.397915136777286,8.844455533532201,0.0],[77.397610612952974,8.844826252908078,0.0],[77.397687901588981,8.845332584488421,0.0],[77.396928836514704,8.845527006566138,0.0],[77.396742533822348,8.847208765031107,0.0],[77.396065286161672,8.847579495627329,0.0],[77.395915249016525,8.84631818609491,0.0],[77.395351644130969,8.846964682750279,0.0],[77.394765314746806,8.84775584645495,0.0],[77.394351701125217,8.848316441699495,0.0],[77.393919897913463,8.848614828337853,0.0],[77.393547178982189,8.848700733825737,0.0],[77.392606294442103,8.849139277258544,0.0],[77.392024487554679,8.849297519231708,0.0],[77.391515407977309,8.849523571222555,0.0],[77.391233592263745,8.849455763365587,0.0],[77.390651780438702,8.849383440729547,0.0],[77.389579065979717,8.849243311479341,0.0],[77.388638168267377,8.84905344771739,0.0],[77.387588180681419,8.848755083369561,0.0],[77.38694728115513,8.848700838222268,0.0],[77.386347290417405,8.848700842596649,0.0],[77.386138201360367,8.848438634446456,0.0],[77.386120017871576,8.847963946545029,0.0],[77.385933656002635,8.847665572437968,0.0],[77.385501846741533,8.848036282575475,0.0],[77.385047309861477,8.848262325501612,0.0],[77.384674589262332,8.848366305750623,0.0],[77.384410961349602,8.848280424412822,0.0],[77.384370048094965,8.84859686829596,0.0],[77.384183687329354,8.84935184889212,0.0],[77.38412914259051,8.849944078358828,0.0],[77.384088233165812,8.850888933377053,0.0],[77.384070051422341,8.851960371722258,0.0],[77.384088232524888,8.853289498103333,0.0],[77.384051868161805,8.854586977741503,0.0],[77.384033685590524,8.855464020011192,0.0],[77.383883684366992,8.856182832758478,0.0],[77.383883683308241,8.856675604305204,0.0],[77.38397913865056,8.857096041376241,0.0],[77.383979137954427,8.857412500505584,0.0],[77.383938228364002,8.857869105015945,0.0],[77.383956409998675,8.858569834134155,0.0],[77.383788225306944,8.859062604768173,0.0],[77.383488219970332,8.859799500517553,0.0],[77.383056391739515,8.860938749673926,0.0],[77.382829111648093,8.861851958012315,0.0],[77.382679106133082,8.862358290719117,0.0],[77.382720015176119,8.862692832246877,0.0],[77.383074566624956,8.863167521060333,0.0],[77.383829129105251,8.863868252753363,0.0],[77.384542784402228,8.864641315155058,0.0],[77.385065527254753,8.865409856246824,0.0],[77.385570090296582,8.866047292148727,0.0],[77.385961021877407,8.868416207191853,0.0],[77.386488325714879,8.870296871388907,0.0],[77.386497424430459,8.871440641683822,0.0],[77.385170087949419,8.870536481119085,0.0],[77.382638162223898,8.869980415923155,0.0],[77.381719941455799,8.870102473230897,0.0],[77.380860809948373,8.870563591036596,0.0],[77.379947129557308,8.870911686037219,0.0],[77.379369835454114,8.870572616294975,0.0],[77.378737993738525,8.87028779539615,0.0],[77.378219790097447,8.870292307706835,0.0],[77.377647028159814,8.870870965069383,0.0],[77.377187914496645,8.870983977140924,0.0],[77.376610625143314,8.870531882452756,0.0],[77.376210604218372,8.870708186569143,0.0],[77.375119644445689,8.870825702802968,0.0],[77.374828734047483,8.870373612769317,0.0],[77.374369625642387,8.870260579670077,0.0],[77.373278670134937,8.870269591484373,0.0],[77.370873994245926,8.871024491173172,0.0],[77.368805698880351,8.871526223812047,0.0],[77.367201058752698,8.871964675288972,0.0],[77.365541863798384,8.872484491276346,0.0],[77.364050855874666,8.872950059144484,0.0],[77.363391720472805,8.873153460709995,0.0],[77.362068946981537,8.872818842199015,0.0],[77.360864344249578,8.87277356040614,0.0],[77.36000066128328,8.872832276501125,0.0],[77.359482484413107,8.872380158752247,0.0],[77.358850615108338,8.8726694501532,0.0],[77.35827785169532,8.87279147282301,0.0],[77.357018680557374,8.873021945513582,0.0],[77.356786859008608,8.872913428977105,0.0],[77.35672324962637,8.872515591274324,0.0],[77.356036851710257,8.87252006015375,0.0],[77.354718587198832,8.872755041888301,0.0],[77.354314058727596,8.8722984057468,0.0],[77.353736748123197,8.872415900469633,0.0],[77.353104908411197,8.872307348388668,0.0],[77.352704922621626,8.87190948162905,0.0],[77.352127627579094,8.871855182229634,0.0],[77.351209407293297,8.8718053726907,0.0],[77.350686676017389,8.871579284622593,0.0],[77.349827539812452,8.871642497796968,0.0],[77.34925025057548,8.871529423637412,0.0],[77.34793205156717,8.871081735226628,0.0],[77.346263805399076,8.870977590322649,0.0],[77.344772835023321,8.870932226988998,0.0],[77.343968240566184,8.871049682882092,0.0],[77.343109066425825,8.871456463955397,0.0],[77.34250447009822,8.871659834520905,0.0],[77.341359000448051,8.871325163030104,0.0],[77.341231848575376,8.870240149129817,0.0],[77.34128646298997,8.869670530586845,0.0],[77.341741133058363,8.868748333105945,0.0],[77.341677580031558,8.868006909057629,0.0],[77.340250137539002,8.868987764209448,0.0],[77.339331877291158,8.869340280086337,0.0],[77.337217922369362,8.87117547719078,0.0],[77.336199455076141,8.873015325701644,0.0],[77.335794813545263,8.873589418794907,0.0],[77.335167423936241,8.874222253678642,0.0],[77.334426436236313,8.87451148845817,0.0],[77.333449071166797,8.874800690396007,0.0],[77.332362614198018,8.875040144910065,0.0],[77.331389758122512,8.875559903888961,0.0],[77.330126032158205,8.875681784614834,0.0],[77.328975956532631,8.87574490790151,0.0],[77.327025842866632,8.875753655575934,0.0],[77.325016624989402,8.875825675412031,0.0],[77.324152965667736,8.875658266716604,0.0],[77.32363478995677,8.875436662683359,0.0],[77.322943841575054,8.875441071065939,0.0],[77.322430155950897,8.875558527469064,0.0],[77.319993655614567,8.875544553830498,0.0],[77.318978700830556,8.875414129454997,0.0],[77.318989047592041,8.875540218197324,0.0],[77.318892803586706,8.875527851418683,0.0],[77.318639537422072,8.87549530714313,0.0],[77.318594082966754,8.875481738302717,0.0],[77.317716817623136,8.875214865895384,0.0],[77.316448723409394,8.874364746765654,0.0],[77.315007920384062,8.87340157542325,0.0],[77.314026154583289,8.872895076280102,0.0],[77.313148918732963,8.87250161228312,0.0],[77.310853221067603,8.873427943597614,0.0],[77.308680231602352,8.874413054076285,0.0],[77.306793498849515,8.87596782370129,0.0],[77.304911262270522,8.877694373406694,0.0],[77.303706554856262,8.878214012033583,0.0],[77.302101673077019,8.879484008216,0.0],[77.299713232994478,8.880744996520775,0.0],[77.299473969281635,8.880871314466718,0.0],[77.297523696809947,8.88162584954074,0.0],[77.294887010441514,8.882384737407687,0.0],[77.293450610983655,8.882162887376662,0.0],[77.293133730616262,8.882090985916156,0.0],[77.291496051804543,8.881719389538247,0.0],[77.289819150816314,8.879729855020596,0.0],[77.289237492988818,8.878934060232169,0.0],[77.286719699518585,8.87910909787475,0.0],[77.285673611483233,8.879181809301468,0.0],[77.280623388776164,8.879040343408269,0.0],[77.278891720782326,8.878140244836352,0.0],[77.276214649516419,8.876927943126693,0.0],[77.273914732509539,8.876253699251283,0.0],[77.273282933538312,8.876086249938627,0.0],[77.271791761945749,8.876782013133404,0.0],[77.268363652954108,8.879091097319982,0.0],[77.267685999229613,8.879325057837661,0.0],[77.26600874082861,8.879904115484534,0.0],[77.264290290319366,8.880482238215063,0.0],[77.262685475739616,8.881064907967149,0.0],[77.261653507818224,8.881358430054664,0.0],[77.260389849789604,8.881195276369183,0.0],[77.259471705517385,8.880914691795528,0.0],[77.257681060679104,8.879783919860959,0.0],[77.257160506238634,8.879471258375538,0.0],[77.256131618049508,8.878853265582318,0.0],[77.256066914451822,8.878817373584944,0.0],[77.255417389854472,8.879224957738492,0.0],[77.254563983595133,8.87959391391982,0.0],[77.253396207838804,8.879724344870059,0.0],[77.251977944105349,8.879733632384097,0.0],[77.2499994162647,8.87959896785385,0.0],[77.247268222028012,8.879663334680039,0.0],[77.246018358452616,8.879717229416073,0.0],[77.244987634493995,8.880073224198606,0.0],[77.243259176911451,8.881113921811533,0.0],[77.242066460474518,8.881958601671229,0.0],[77.240646817456977,8.882925939014417,0.0],[77.238996750849708,8.884323535018224,0.0],[77.237655763290036,8.885674802228269,0.0],[77.237878847866241,8.887165633977162,0.0],[77.23823000930669,8.888868463288437,0.0],[77.23826795871571,8.889377058759615,0.0],[77.238387125319647,8.890974129910422,0.0],[77.238395463750066,8.892122153709607,0.0],[77.238779215202968,8.892694968212837,0.0],[77.239286085213976,8.893366738345719,0.0],[77.240239844503876,8.894470932426209,0.0],[77.239577834491627,8.89579288704426,0.0],[77.2391425224953,8.896662141839684,0.0],[77.238546032435067,8.897739776123492,0.0],[77.238282886331561,8.89788534196915,0.0],[77.236150080263258,8.89904939769368,0.0],[77.234856756446732,8.899727101021897,0.0],[77.234179127745051,8.900118925202838,0.0],[77.234062719040296,8.900186236001453,0.0],[77.233383348919219,8.900649757155833,0.0],[77.232624894346273,8.901167230852804,0.0],[77.231640169927104,8.901717349032094,0.0],[77.230319679996384,8.902444916251806,0.0],[77.228953665062775,8.903145365729426,0.0],[77.227945912988829,8.903587151658066,0.0],[77.226410912637121,8.904075746410722,0.0],[77.225783689961091,8.904122974822744,0.0],[77.225110748364401,8.904080000164472,0.0],[77.224432632189391,8.903842633361499,0.0],[77.22305716745791,8.903087814935496,0.0],[77.22209906546685,8.903429955671079,0.0],[77.222097048891783,8.903431161100954,0.0],[77.222051832040165,8.903458190011984,0.0],[77.221232459410899,8.903947981250951,0.0],[77.220981225757569,8.90446498229149,0.0],[77.220975072735158,8.904477644919794,0.0],[77.220474740982652,8.905776499497126,0.0],[77.220097125029312,8.907047776661546,0.0],[77.220084784305939,8.907132453586858,0.0],[77.21995477705957,8.908024526748118,0.0],[77.219881993857186,8.909591544481529,0.0],[77.219852942646199,8.910217002512738,0.0],[77.219767012842681,8.911731395461979,0.0],[77.219726903030406,8.911952202146797,0.0],[77.21962406390675,8.912518338245397,0.0],[77.219257982257432,8.913454637279621,0.0],[77.219105616774769,8.913844328385764,0.0],[77.219076768619459,8.913888864136691,0.0],[77.218888496616714,8.914179511175249,0.0],[77.218648379680019,8.914424355831439,0.0],[77.218293642535528,8.915767897039007,0.0],[77.218229268815847,8.916938785151714,0.0],[77.218239649210275,8.91868787978912,0.0],[77.218234695255589,8.918686410811659,0.0],[77.217998436906782,8.918616378384442,0.0],[77.216696321907435,8.918051100250981,0.0],[77.21527622267935,8.917545000948754,0.0],[77.214234464520288,8.91733139138104,0.0],[77.213712093900085,8.917482286589689,0.0],[77.212122235405232,8.917871561844599,0.0],[77.211213818593862,8.918141170352758,0.0],[77.209982999813761,8.918502268423163,0.0],[77.208834958448151,8.919161328726016,0.0],[77.207274263603026,8.92015618565901,0.0],[77.205523519905782,8.92142739625168,0.0],[77.203849357825575,8.922481397415428,0.0],[77.202574603767331,8.923326218050157,0.0],[77.201046484043744,8.92456048082674,0.0],[77.200128256881229,8.924608677073973,0.0],[77.199213801515327,8.924421751555069,0.0],[77.19738505415954,8.924075007195245,0.0],[77.195311775312447,8.924013878206413,0.0],[77.194734728180734,8.924115180127306,0.0],[77.193756031000319,8.925148763722937,0.0],[77.192795590480287,8.92619597705071,0.0],[77.192466342681769,8.927015118363091,0.0],[77.192396213502434,8.927828932447092,0.0],[77.192436376630056,8.928191693002328,0.0],[77.192475769904902,8.928547316908531,0.0],[77.192937456644984,8.929309721100109,0.0],[77.193402893048642,8.92983248409648,0.0],[77.194348614287392,8.931262338521421,0.0],[77.195725320106177,8.932392352996814,0.0],[77.196282129125507,8.933068590488338,0.0],[77.196817140372332,8.934020547036766,0.0],[77.197010352015539,8.934711499432666,0.0],[77.197139979551011,8.935425245132489,0.0],[77.197047759309839,8.936433431652958,0.0],[77.19612339425926,8.93880028273796,0.0],[77.195554567428857,8.940049645425145,0.0],[77.19500370909536,8.941249098303325,0.0],[77.194148655691279,8.942549055837944,0.0],[77.193887465788166,8.943318264376089,0.0],[77.193889151372005,8.943842593219031,0.0],[77.1943577530742,8.94535977652434,0.0],[77.194922275271196,8.946985125235759,0.0],[77.195777824354607,8.948632157485985,0.0],[77.196381916202355,8.949850522406578,0.0],[77.196776252851123,8.950879865452816,0.0],[77.196969912975462,8.951688225715584,0.0],[77.196810133886871,8.952904614247643,0.0],[77.196522865571936,8.95405360759343,0.0],[77.19628814636458,8.954583135098076,0.0],[77.19569461012226,8.955231391932328,0.0],[77.195455157084425,8.955684207888259,0.0],[77.194854642484742,8.956987814963146,0.0],[77.194692202839647,8.957368044685335,0.0],[77.194070794324361,8.957826471212753,0.0],[77.192677046232305,8.958481821026009,0.0],[77.191501597958222,8.959159012430082,0.0],[77.191094985942854,8.959964878437287,0.0],[77.19081708387229,8.961208723730291,0.0],[77.190701762771383,8.962095026467853,0.0],[77.190687236097688,8.963220530961138,0.0],[77.190742246164987,8.964784183873649,0.0],[77.190704078446402,8.965620496735491,0.0],[77.190073535132555,8.966074455694795,0.0],[77.188953483869696,8.967004674007612,0.0],[77.187584900504348,8.968423734423148,0.0],[77.186487257015884,8.969272467164636,0.0],[77.185553528983874,8.970183860610428,0.0],[77.184899751510557,8.970479772171283,0.0],[77.183860533999905,8.969714725965696,0.0],[77.182558082004405,8.969077050791912,0.0],[77.180988498137253,8.968797258230392,0.0],[77.179278871114221,8.968784569063754,0.0],[77.178202292546402,8.969099865748955,0.0],[77.177823526953674,8.970099896669307,0.0],[77.177257702072609,8.972325523691227,0.0],[77.176880142571108,8.973696231806759,0.0],[77.176502484076707,8.975035304296611,0.0],[77.17593416943896,8.976478995916262,0.0],[77.175677643598704,8.977306930553951,0.0],[77.175535922425865,8.978482546227561,0.0],[77.175443408717172,8.97941843256179,0.0],[77.17552464090511,8.980661157875724,0.0],[77.175605379088495,8.981714069653052,0.0],[77.175607416331431,8.982360336002646,0.0],[77.175445520298567,8.982912299902592,0.0],[77.174731477690202,8.984297647368056,0.0],[77.174141115433528,8.98594927433065,0.0],[77.173807841938881,8.986958258497149,0.0],[77.173619440789722,8.987776934245781,0.0],[77.173577150343135,8.988780497727657,0.0],[77.173703710687064,8.989955255401076,0.0],[77.173566827118066,8.991225842571753,0.0],[77.173376529084138,8.991452393945973,0.0],[77.171019690144803,8.992422597533881,0.0],[77.169652477992983,8.992892446198578,0.0],[77.167966303961023,8.993159887700362,0.0],[77.165494980295605,8.993917959879631,0.0],[77.163400486297277,8.994475942777637,0.0],[77.161674333834753,8.995041788059428,0.0],[77.161171998154984,8.995789181931979,0.0],[77.160384390090371,8.996939667173894,0.0],[77.15961883980593,8.997855100923498,0.0],[77.158590116686241,8.998961171442152,0.0],[77.158626739051257,9.000000616123041,0.0],[77.158650018535681,9.000660502748943,0.0],[77.158326573783384,9.001388407588786,0.0],[77.1561541516852,9.003826559730088,0.0],[77.156517955338813,9.00522799727678,0.0],[77.156754518354504,9.006728885601763,0.0],[77.156854660452041,9.007501941904653,0.0],[77.154971992038668,9.006968557609483,0.0],[77.153539585116562,9.007068146869761,0.0],[77.152752909798153,9.00718573724328,0.0],[77.151479663912468,9.007832240868714,0.0],[77.150274683914958,9.008799768024867,0.0],[77.149347002493201,9.009581909799733,0.0],[77.150061022206998,9.010983299731192,0.0],[77.150383976355059,9.011751804712404,0.0],[77.150620401622348,9.012448051033601,0.0],[77.150711410118888,9.013107997900317,0.0],[77.150765977309092,9.013939897709196,0.0],[77.150769567636203,9.014392910813584,0.0],[77.150725161506386,9.014893749217174,0.0],[77.150552405408931,9.015553792211835,0.0],[77.150375033675743,9.016186745159768,0.0],[77.150029427462982,9.016968831870841,0.0],[77.149579328067901,9.018008598020021,0.0],[77.149192834757301,9.018596313337074,0.0],[77.148892670154055,9.019053001232455,0.0],[77.148383358338933,9.019767257404343,0.0],[77.147378459977162,9.020888454291756,0.0],[77.147019190647043,9.021345124734776,0.0],[77.146555345791839,9.021815242918599,0.0],[77.147810515585334,9.021792630641428,0.0],[77.149670434125881,9.021833183419204,0.0],[77.152740030887927,9.022077248071213,0.0],[77.153867828813304,9.022425235944368,0.0],[77.154459042183916,9.022827528506753,0.0],[77.154777410263705,9.023049104063134,0.0],[77.15540019820844,9.023807252556718,0.0],[77.156493679599592,9.025050649514714,0.0],[77.158474814460547,9.026773943410937,0.0],[77.159384375269738,9.027650975574989,0.0],[77.160630504076167,9.028948322424061,0.0],[77.161098978646905,9.029441077989571,0.0],[77.161258074218935,9.029635472262969,0.0],[77.161444630049075,9.030196051803635,0.0],[77.161512861666154,9.030919306226469,0.0],[77.161585649183607,9.031262898329677,0.0],[77.161708470498368,9.031656181539836,0.0],[77.161917713692219,9.032239404571225,0.0],[77.162099678362708,9.032822517025188,0.0],[77.162117862251662,9.0332339520958,0.0],[77.162040609364055,9.033514251675108,0.0],[77.161963345259267,9.033685994306824,0.0],[77.161090262846585,9.034875055511682,0.0],[77.160690124347084,9.035444694697263,0.0],[77.160385407165521,9.035838055608668,0.0],[77.161795318478937,9.036705890481432,0.0],[77.163109667417018,9.03749699979349,0.0],[77.163414353900706,9.037677789076595,0.0],[77.16411932412359,9.038410119117204,0.0],[77.164255764897817,9.038631580326735,0.0],[77.164474107645901,9.038970606119774,0.0],[77.16479246208371,9.039779876569227,0.0],[77.165042649008456,9.040426306919915,0.0],[77.165429287242205,9.041493143387044,0.0],[77.166184374244565,9.043183834975853,0.0],[77.166689297177626,9.044155783781612,0.0],[77.166857556933564,9.044436078848088,0.0],[77.16726695157503,9.045064390815224,0.0],[77.167467039570155,9.045299483948064,0.0],[77.168508595629717,9.045733424284048,0.0],[77.169049769768094,9.045954836816676,0.0],[77.170168547512631,9.04636164989698,0.0],[77.171346515024041,9.046691549616561,0.0],[77.171896831738039,9.04684520229778,0.0],[77.173038315352429,9.047080132435244,0.0],[77.174334470132465,9.047269850042667,0.0],[77.174903032270421,9.047296936548705,0.0],[77.177290657477371,9.047463892232264,0.0],[77.177558943945215,9.047486521877023,0.0],[77.17985560417209,9.047526915418294,0.0],[77.180142175505793,9.047535875833784,0.0],[77.181761185480482,9.047463418215397,0.0],[77.182320579751703,9.047418056407647,0.0],[77.183343739790402,9.047151190784849,0.0],[77.183671265589922,9.047105942997211,0.0],[77.184453388876022,9.04681203980379,0.0],[77.184949058639134,9.046513606674381,0.0],[77.185585747585733,9.045957450049107,0.0],[77.185863013052767,9.045419435245318,0.0],[77.186176712732831,9.044605611612834,0.0],[77.186504078360713,9.044022375301868,0.0],[77.187036084045062,9.043402938449375,0.0],[77.187299828577792,9.043185970822591,0.0],[77.187586313539555,9.043136174814954,0.0],[77.188664187759514,9.043380113539374,0.0],[77.189296409496592,9.043651296097064,0.0],[77.189569291815772,9.043637644395455,0.0],[77.190087683951106,9.043384444982298,0.0],[77.190442355192332,9.043348249024268,0.0],[77.190792579498279,9.043343625011456,0.0],[77.191711276496235,9.043533369816043,0.0],[77.192320685972604,9.043790944163735,0.0],[77.192875621718997,9.044107323670847,0.0],[77.193635163258463,9.044771734320026,0.0],[77.194403825110314,9.045350310483485,0.0],[77.194981443006341,9.045657602191843,0.0],[77.197455747960063,9.046972727280194,0.0],[77.197105612809352,9.047262167670889,0.0],[77.196259821402563,9.047895158090409,0.0],[77.195605040047667,9.048808467908863,0.0],[77.195282270720398,9.049337539573941,0.0],[77.195277860124634,9.050214502092384,0.0],[77.195646500734426,9.052000149528258,0.0],[77.195892376230958,9.053378976159049,0.0],[77.196511231931481,9.055458414455204,0.0],[77.196747905463212,9.056398736890561,0.0],[77.196898084055931,9.056796532500492,0.0],[77.197075504596626,9.057158190083175,0.0],[77.197348435492202,9.057465494119512,0.0],[77.197521265021408,9.057610160591114,0.0],[77.198581126998192,9.05847340719815,0.0],[77.199240682698516,9.05919669674077,0.0],[77.199668299017517,9.059833974321275,0.0],[77.200082339142341,9.060959603054259,0.0],[77.200227978248151,9.061208194336139,0.0],[77.20046909821211,9.061502037662489,0.0],[77.20213850889381,9.063083972273954,0.0],[77.203184754021223,9.064155260402803,0.0],[77.204340167249953,9.065203831856188,0.0],[77.20551373100777,9.066171031189452,0.0],[77.205672945325091,9.066437704896808,0.0],[77.206178255973654,9.068774851883031,0.0],[77.206565123751318,9.070135543143575,0.0],[77.206692616440833,9.070537896449808,0.0],[77.206824538371691,9.070831759384316,0.0],[77.206929183045148,9.071170799810488,0.0],[77.20740234654636,9.07197988212987,0.0],[77.207620717259715,9.072120017688627,0.0],[77.207961940243379,9.072617159164974,0.0],[77.20814232353996,9.072879997210862,0.0],[77.208303164750632,9.073114391009071,0.0],[77.208648937335397,9.073611594818276,0.0],[77.20887189886372,9.074041027756646,0.0],[77.20899023426648,9.074610649504095,0.0],[77.209044846463357,9.074886449023998,0.0],[77.209058596656618,9.075112421980304,0.0],[77.208658496939549,9.075768062535911,0.0],[77.208276456315687,9.076120709875841,0.0],[77.207444295552591,9.076979891456642,0.0],[77.206671697914203,9.079891385476078,0.0],[77.20638091984523,9.081175363495904,0.0],[77.205762745245309,9.083481059849268,0.0],[77.205685554133765,9.083765882597454,0.0],[77.205767509946668,9.084245067628789,0.0],[77.205703934818345,9.084986529704967,0.0],[77.206149680131361,9.084981937104985,0.0],[77.206408961034711,9.085207871547141,0.0],[77.206600082728542,9.085515294662665,0.0],[77.20660476353261,9.086220460548788,0.0],[77.207551032498188,9.087463512733493,0.0],[77.208825053679632,9.089434354993644,0.0],[77.209152581100852,9.089963208541437,0.0],[77.209958193694447,9.092259558169768,0.0],[77.210117468611259,9.092933144596964,0.0],[77.210299660889248,9.093873410960892,0.0],[77.210331569748519,9.094479166040269,0.0],[77.210190875042954,9.095677273095436,0.0],[77.210190887798106,9.095975636852378,0.0],[77.210291055915945,9.096486434206593,0.0],[77.211751811779536,9.099415568709382,0.0],[77.212406956407008,9.100482392372831,0.0],[77.213416717596559,9.100283194609467,0.0],[77.214462846596021,9.100097601441313,0.0],[77.214872183535121,9.100070437585828,0.0],[77.215586326151126,9.100201403014289,0.0],[77.216914644404156,9.100784263210517,0.0],[77.21877056448993,9.101434766769657,0.0],[77.219161882376511,9.101715018629694,0.0],[77.219853702363238,9.103798888799277,0.0],[77.22042258526271,9.105132401727838,0.0],[77.22076841936267,9.105674865096542,0.0],[77.221059595433999,9.105936923732054,0.0],[77.221514530738986,9.106135797967614,0.0],[77.221801099774055,9.106226151316775,0.0],[77.223165777342317,9.106492501348086,0.0],[77.224398465553591,9.10670921740023,0.0],[77.224912486297839,9.106903477388325,0.0],[77.225253684567988,9.107048087249012,0.0],[77.22595890722539,9.107689848918859,0.0],[77.226463920014339,9.108191470604247,0.0],[77.226718775168635,9.10865259204356,0.0],[77.226941787667784,9.109317004221754,0.0],[77.227046492401669,9.109674197708264,0.0],[77.227083111507895,9.11050596782137,0.0],[77.227124278416809,9.111279050046207,0.0],[77.227028982604338,9.112088218425267,0.0],[77.226769907277458,9.112884017479601,0.0],[77.227284306820422,9.11444353465324,0.0],[77.227571050702338,9.115162237463746,0.0],[77.227907787341678,9.115876475370165,0.0],[77.228444877578156,9.116884411433617,0.0],[77.230551034335789,9.117263588517869,0.0],[77.23103319906086,9.117362946207063,0.0],[77.23134255527367,9.117430644598276,0.0],[77.232275212472743,9.118049749669645,0.0],[77.234358826941261,9.119292393612071,0.0],[77.235632732193707,9.12019166031989,0.0],[77.23688854975785,9.12120853319767,0.0],[77.23717518436969,9.121380216667831,0.0],[77.239013143110412,9.122338089861636,0.0],[77.239763865065299,9.122844226004831,0.0],[77.240073204639771,9.123024985099285,0.0],[77.241665755377412,9.124688084793725,0.0],[77.241856891240545,9.124887016269456,0.0],[77.242148085218005,9.12504510872758,0.0],[77.242571189738626,9.125180604168687,0.0],[77.24294868983209,9.125207649137511,0.0],[77.243717503461809,9.125216459747394,0.0],[77.244595375735358,9.125053407560362,0.0],[77.247279974411001,9.124602352331475,0.0],[77.247283969360367,9.124601680963353,0.0],[77.249033924216079,9.128707468346953,0.0],[77.249039176765351,9.128896878863785,0.0],[77.249042502711475,9.129016798664274,0.0],[77.249442639690415,9.129491545499118,0.0],[77.249644837781929,9.129702685273422,0.0],[77.24980644055529,9.129871433667361,0.0],[77.249999915826535,9.130188541043719,0.0],[77.250240869110385,9.131017076809274,0.0],[77.250366828711336,9.131450195850746,0.0],[77.250771481643696,9.132727759769041,0.0],[77.251512773793593,9.134119937327236,0.0],[77.251803508588637,9.13530159539671,0.0],[77.252144127527046,9.136692262562613,0.0],[77.252631753280582,9.138947422406719,0.0],[77.252691530806359,9.139106482865124,0.0],[77.252722310937159,9.139188383169063,0.0],[77.253030962192398,9.139355532225499,0.0],[77.253947353912864,9.1396235647697,0.0],[77.254929210929632,9.140003898267235,0.0],[77.255529921569178,9.140273888756481,0.0],[77.256122031876089,9.140554946363149,0.0],[77.256157707766206,9.140571880076141,0.0],[77.256207889333197,9.140595699835785,0.0],[77.256242262462251,9.140694509811267,0.0],[77.256372769393522,9.141069667699941,0.0],[77.25675064228993,9.141944846147014,0.0],[77.257234253335341,9.142536788442396,0.0],[77.257346155346681,9.142673756456965,0.0],[77.258068906687129,9.14325440132691,0.0],[77.258151619343664,9.143320850484727,0.0],[77.258283874594767,9.143369463003456,0.0],[77.259336207183765,9.143756261394614,0.0],[77.26021653468149,9.144092993307327,0.0],[77.260654958601421,9.144299578583333,0.0],[77.260714201598375,9.144378876609839,0.0],[77.260744760248386,9.144419779732726,0.0],[77.260326590291001,9.144857124399369,0.0],[77.260355853975042,9.145645912019429,0.0],[77.260547584404137,9.148442356312639,0.0],[77.260719909614878,9.148811614212256,0.0],[77.260720776010189,9.148812375514197,0.0],[77.260801853372371,9.148883616599189,0.0],[77.26133855740602,9.149355202561068,0.0],[77.26259490307325,9.150237041722322,0.0],[77.262675891344216,9.150274150955568,0.0],[77.263877621044045,9.15082478058582,0.0],[77.264981087904175,9.151228470003353,0.0],[77.265074841251305,9.151275201902983,0.0],[77.265874351812499,9.151673722374767,0.0],[77.266470946835639,9.15191549311983,0.0],[77.266580473293388,9.152089391769952,0.0],[77.266814389984162,9.152460789597523,0.0],[77.267127138914475,9.153271950300169,0.0],[77.267226775698575,9.153665810095948,0.0],[77.267189822189849,9.154221537124743,0.0],[77.266684023143156,9.155516871332519,0.0],[77.266501314293194,9.156065460506927,0.0],[77.266325066538116,9.156356387593267,0.0],[77.265931332168932,9.156817740048107,0.0],[77.265553735425783,9.157270939997556,0.0],[77.265643625939333,9.158039160340014,0.0],[77.266013605905513,9.158938520191287,0.0],[77.266082037728879,9.159517740568109,0.0],[77.265974068428704,9.160363736423918,0.0],[77.265783620389797,9.16096872918089,0.0],[77.265417038582413,9.162528841369486,0.0],[77.265323319311065,9.163068822666123,0.0],[77.265407279888635,9.163543287705341,0.0],[77.265833025353402,9.164945409546412,0.0],[77.265952073860049,9.165846339775792,0.0],[77.266079421551481,9.166779419798958,0.0],[77.266300249481631,9.167772378348422,0.0],[77.266545347239116,9.168125071733918,0.0],[77.266912892742312,9.168638010897423,0.0],[77.267117363227612,9.168966805818751,0.0],[77.26710531244872,9.169618985668798,0.0],[77.26697153051667,9.170223624238689,0.0],[77.267009328778499,9.171724886076333,0.0],[77.267057626641019,9.172956335194971,0.0],[77.267102806331806,9.173696712926812,0.0],[77.267143255161287,9.174320402023302,0.0],[77.267000815406334,9.174836537770044,0.0],[77.266598766976912,9.175265744274022,0.0],[77.266100240782748,9.175800214587948,0.0],[77.265959640094138,9.176606162507671,0.0],[77.265798506910741,9.177359947795098,0.0],[77.26577185193355,9.1782617900168,0.0],[77.265657428489632,9.179365448669387,0.0],[77.265396982594098,9.180421719926528,0.0],[77.265159441981595,9.181260479468509,0.0],[77.264389144538896,9.182968002865387,0.0],[77.264078282664414,9.183734765826511,0.0],[77.263949425211422,9.183974134999273,0.0],[77.263878250118637,9.184106350661212,0.0],[77.263155197178079,9.183472737502951,0.0],[77.263121137681892,9.183442890523184,0.0],[77.262934129244513,9.183386226552788,0.0],[77.26241286595986,9.183228280889759,0.0],[77.262249146967704,9.183178673143487,0.0],[77.261398367425002,9.183063241555081,0.0],[77.260945332540715,9.183114382994443,0.0],[77.260590309815541,9.183301770913026,0.0],[77.260187990733016,9.183690723325185,0.0],[77.259591330209261,9.184072840249527,0.0],[77.258796448096405,9.184476311475436,0.0],[77.258182828343479,9.184737772854263,0.0],[77.257787325557516,9.184925412578462,0.0],[77.257159500302222,9.185500938491508,0.0],[77.256636507651436,9.186011402660125,0.0],[77.255688773097191,9.186568757817311,0.0],[77.255084057211874,9.186958970657431,0.0],[77.25429304032771,9.187334244571455,0.0],[77.25340508030736,9.187742325328841,0.0],[77.252350193423638,9.187994502055181,0.0],[77.252169986312367,9.18806112075278,0.0],[77.251750043060156,9.188216364805793,0.0],[77.251576602527379,9.188280481689116,0.0],[77.251426081264967,9.188635884453973,0.0],[77.251488154364026,9.18905747645848,0.0],[77.251617481545381,9.189377374318681,0.0],[77.252786195333059,9.191003201786456,0.0],[77.25321384215745,9.19152378624036,0.0],[77.254043678375751,9.192565110677799,0.0],[77.255407886443905,9.194215015725945,0.0],[77.255845417990813,9.194954961278775,0.0],[77.256412071473108,9.195981043973585,0.0],[77.256456966141968,9.19636898348382,0.0],[77.256365429049467,9.196656501035747,0.0],[77.25567852279427,9.197424550189982,0.0],[77.255511833397023,9.197906648634348,0.0],[77.255692839086137,9.198344373961692,0.0],[77.256105772428143,9.199219504538219,0.0],[77.25629722499086,9.199126360960728,0.0],[77.256562674966062,9.198997216519146,0.0],[77.257342025578112,9.198764469684582,0.0],[77.257884490722191,9.198651358392848,0.0],[77.258672860854134,9.198502947543478,0.0],[77.260178337266225,9.198345784186269,0.0],[77.261096016946865,9.19848201163823,0.0],[77.261214754227922,9.198499637258632,0.0],[77.261262600953259,9.198491682920524,0.0],[77.262164317124473,9.198341768683459,0.0],[77.263139822618015,9.198259690654966,0.0],[77.26374303066433,9.198349121568521,0.0],[77.263879109515869,9.198369295916233,0.0],[77.263904390651859,9.19837304394604,0.0],[77.263905593434814,9.198374359252504,0.0],[77.264430002893789,9.198947820858944,0.0],[77.265147733023682,9.19970286829296,0.0],[77.266357652149011,9.200446380312313,0.0],[77.266606237822771,9.200469038331732,0.0],[77.267873478721228,9.200584536132057,0.0],[77.269196570060316,9.200441176923434,0.0],[77.2700877981638,9.200452444405659,0.0],[77.270343372801008,9.20060274529899,0.0],[77.270382431386452,9.200710603704199,0.0],[77.270550719420484,9.201175324352203,0.0],[77.270606433919099,9.201926087647694,0.0],[77.270653918257153,9.20339008691435,0.0],[77.270616007857384,9.204099242858756,0.0],[77.270315379463923,9.204869130222658,0.0],[77.270384298711392,9.205029046193802,0.0],[77.270683228468101,9.205322544345265,0.0],[77.271337915393815,9.206166567493636,0.0],[77.271885934975288,9.206922664780297,0.0],[77.272433741121532,9.207645004348976,0.0],[77.273356328166173,9.208575962728203,0.0],[77.274793675150605,9.209710374255756,0.0],[77.275085691938912,9.210248655525834,0.0],[77.27533824528966,9.211251354128184,0.0],[77.275502309522906,9.211689169100499,0.0],[77.276256012994736,9.212093725542845,0.0],[77.277483455785386,9.212913028551281,0.0],[77.278228542966858,9.2139548042113,0.0],[77.279340586698837,9.21530651224948,0.0],[77.279874538396101,9.215855915077311,0.0],[77.280394693508597,9.216232393568653,0.0],[77.28152505926947,9.216469971615929,0.0],[77.281712428110509,9.216570056776806,0.0],[77.281775361647533,9.217118219444146,0.0],[77.281901122094311,9.218197667484379,0.0],[77.281740815168732,9.220329657522409,0.0],[77.281658436417715,9.220718393026957,0.0],[77.281278135775665,9.220973987625442,0.0],[77.280786903137297,9.22113745163497,0.0],[77.280346973195023,9.221359666644084,0.0],[77.279822819968714,9.221683687087321,0.0],[77.279410788374832,9.222285498496108,0.0],[77.278998658586616,9.223545544512074,0.0],[77.278387075232331,9.225112788680958,0.0],[77.278174059226345,9.225645823171064,0.0],[77.277291144430464,9.227269720523893,0.0],[77.276883266812106,9.227858844930029,0.0],[77.275750967188003,9.228977908428577,0.0],[77.275549946899915,9.22939693413619,0.0],[77.275345900064806,9.230005866356317,0.0],[77.275460924221193,9.2305948195642,0.0],[77.275273183191644,9.231098136497412,0.0],[77.274992949356786,9.231737065402314,0.0],[77.274921274144461,9.232471723685203,0.0],[77.274804642682327,9.233153877044561,0.0],[77.274225714377636,9.235193483781824,0.0],[77.274106681291286,9.23582295260621,0.0],[77.274508996527402,9.2360164898496,0.0],[77.275232774917185,9.236379007024119,0.0],[77.276929861232588,9.237298591266434,0.0],[77.277543715621633,9.237725092537254,0.0],[77.278337622658697,9.23843316044584,0.0],[77.278770357339468,9.239407162735622,0.0],[77.279133478013122,9.240769939112287,0.0],[77.279451195989807,9.242000030556511,0.0],[77.27954434277477,9.242955097967469,0.0],[77.279549991022122,9.243832728128293,0.0],[77.279451830848686,9.244080298530273,0.0],[77.27898446781154,9.244657126515609,0.0],[77.278648280281004,9.245174047029042,0.0],[77.278248680563536,9.246069075251619,0.0],[77.277785774169516,9.246679630582353,0.0],[77.277402439499269,9.247125117926526,0.0],[77.277452502595494,9.247321105282072,0.0],[77.277898553285524,9.248048255663459,0.0],[77.278355159256151,9.248785901922574,0.0],[77.278329526561023,9.249418997612526,0.0],[77.278925682465115,9.249981164902765,0.0],[77.278953681518587,9.250002185512777,0.0],[77.279019976702841,9.251471175172693,0.0],[77.279065331674303,9.251888448510094,0.0],[77.281098950631062,9.253575224946061,0.0],[77.281922285086225,9.254619761607348,0.0],[77.282540721856023,9.255998745068567,0.0],[77.282699708626652,9.256993371348784,0.0],[77.282612798065941,9.258539442210761,0.0],[77.282234836471687,9.25954742998249,0.0],[77.281647357406044,9.261134108166651,0.0],[77.281501316166668,9.262413389424577,0.0],[77.28167855595143,9.263317608014061,0.0],[77.282465304901507,9.2652707907612,0.0],[77.283520439529852,9.267278294793769,0.0],[77.282987646802795,9.268711159699974,0.0],[77.282094901764466,9.271391772450425,0.0],[77.28175334553616,9.272318368719619,0.0],[77.282008058912751,9.272806699870655,0.0],[77.283154669032683,9.27340828039577,0.0],[77.284724552324121,9.273747760463348,0.0],[77.287600555978671,9.273961025327434,0.0],[77.288528843603444,9.27417371834907,0.0],[77.287690896469485,9.27651523961487,0.0],[77.287649516888436,9.277921195884197,0.0],[77.288044802009196,9.280231417755363,0.0],[77.287880725255619,9.281347946730918,0.0],[77.287384328900714,9.282414724557512,0.0],[77.286933676940919,9.283015838412165,0.0],[77.285886598097974,9.284159347323367,0.0],[77.285367510383125,9.285348102687191,0.0],[77.285189739004423,9.28637433963881,0.0],[77.285635431409489,9.287350854533676,0.0],[77.285689920949608,9.28793861420413,0.0],[77.284775019529135,9.288575777552373,0.0],[77.283632227496341,9.290410859401931,0.0],[77.283222374641809,9.291314940316301,0.0],[77.283203862814375,9.292431534036707,0.0],[77.283863264404545,9.293923571704603,0.0],[77.28273840689296,9.296576849861186,0.0],[77.282200865169912,9.298543272718733,0.0],[77.282614680090489,9.299470103233309,0.0],[77.282987344426672,9.301332728796257,0.0],[77.284311877964726,9.300817754283583,0.0],[77.284812478301788,9.30074558732905,0.0],[77.285563374255844,9.300867851912029,0.0],[77.286619049526408,9.301559818982032,0.0],[77.287156022683575,9.30173623350662,0.0],[77.288102697462151,9.301560246659486,0.0],[77.288494077786936,9.301650737105343,0.0],[77.288853613565607,9.301881340888931,0.0],[77.289208233980403,9.303174398514145,0.0],[77.289440213433082,9.30367171907308,0.0],[77.289763180217847,9.304028998621746,0.0],[77.291674688735711,9.304047538331353,0.0],[77.292798776020092,9.304260298412505,0.0],[77.293681539346849,9.304762377149851,0.0],[77.294304877726404,9.305526508107921,0.0],[77.295287557428765,9.30682418774035,0.0],[77.296056371020882,9.308225821688936,0.0],[77.297289680164809,9.308316479126013,0.0],[77.297503565130583,9.308660172065162,0.0],[77.297771784945553,9.309618639170445,0.0],[77.298304238359705,9.310061773356711,0.0],[77.299537425015743,9.310911975006313,0.0],[77.29937765782698,9.312652366699915,0.0],[77.299482011108793,9.314180378333138,0.0],[77.299782224498742,9.314700383002901,0.0],[77.300637592102888,9.316029678413207,0.0],[77.302048014402075,9.317928660746588,0.0],[77.302334603373239,9.318534520046438,0.0],[77.302516401810621,9.31953366643722,0.0],[77.302138417442009,9.32054619455549,0.0],[77.301905983849565,9.321789333912225,0.0],[77.302051397329421,9.322928622855731,0.0],[77.301800754878983,9.324239574969756,0.0],[77.301085919692738,9.325392201115523,0.0],[77.299656526479353,9.326616960660026,0.0],[77.29799490696621,9.327841680954965,0.0],[77.297189059398249,9.328799851771654,0.0],[77.297029581528534,9.329514069910765,0.0],[77.297439173497324,9.329921116340007,0.0],[77.298636059827686,9.330273998334114,0.0],[77.299582849592312,9.329939707493665,0.0],[77.300529654106143,9.329691276369672,0.0],[77.300993782082685,9.330116311725023,0.0],[77.30099369608287,9.330685885105442,0.0],[77.300260524559903,9.332069100262895,0.0],[77.300401315832346,9.333334951838177,0.0],[77.299973041126805,9.335075273146959,0.0],[77.299972744618188,9.336653034140333,0.0],[77.301451779088481,9.337399303736692,0.0],[77.302275580575824,9.337526102847544,0.0],[77.303140548760666,9.336952100383185,0.0],[77.304460238725369,9.337806849631924,0.0],[77.305802950685589,9.337789101256035,0.0],[77.30912578821308,9.337061933214375,0.0],[77.31001793025996,9.336637138042736,0.0],[77.310109070707824,9.336189620538242,0.0],[77.310823838860131,9.335430308223538,0.0],[77.312635435794789,9.335109700497771,0.0],[77.315616697030237,9.334861631597068,0.0],[77.317205104666982,9.335110577064949,0.0],[77.318402043761452,9.335784407206834,0.0],[77.320099512482201,9.337525226954707,0.0],[77.320750302876533,9.337593098909522,0.0],[77.32410945791618,9.337042160531123,0.0],[77.325288319720642,9.337114704227654,0.0],[77.32515572551938,9.340514244040587,0.0],[77.325050559161241,9.343479789116532,0.0],[77.325373465246912,9.344899413749861,0.0],[77.326033230323276,9.346549553514173,0.0],[77.32676135047781,9.347598500477181,0.0],[77.329027704058603,9.349606024052278,0.0],[77.330270120198222,9.351441666837253,0.0],[77.331771769642444,9.354036759699653,0.0],[77.333328178392648,9.356324466747811,0.0],[77.334342868942159,9.358282055142638,0.0],[77.335785432808393,9.361039912766946,0.0],[77.335821770222751,9.362161076605515,0.0],[77.335443890399759,9.362658292944097,0.0],[77.335425584000845,9.363173655411279,0.0],[77.335730416484139,9.36391961094734,0.0],[77.336695444727255,9.364186459713263,0.0],[77.33732348580871,9.364982157092928,0.0],[77.337409684864213,9.366849236208243,0.0],[77.337819297124952,9.367681077019437,0.0],[77.337769078842825,9.368499322828225,0.0],[77.337054157955663,9.370470290261167,0.0],[77.336088915768073,9.372228714466173,0.0],[77.336630210409353,9.375126526939352,0.0],[77.336643589384437,9.376921242017664,0.0],[77.33642960186593,9.377310012138441,0.0],[77.334572240804178,9.378213933981936,0.0],[77.334358177692934,9.379136111785694,0.0],[77.334553646803002,9.381215672097847,0.0],[77.335140805490752,9.381785331360808,0.0],[77.335463727803926,9.383543932222263,0.0],[77.336005061371409,9.386238391257233,0.0],[77.336596686909289,9.387323437750368,0.0],[77.338972910653069,9.387233343919172,0.0],[77.339487371597542,9.387409699510943,0.0],[77.34139895513573,9.389805862569713,0.0],[77.340488282960578,9.391478446280006,0.0],[77.339828114846327,9.392509049819754,0.0],[77.33977336429875,9.393747759032998,0.0],[77.340451417369195,9.394972937680212,0.0],[77.342094530398398,9.397834767925954,0.0],[77.34359645816248,9.400836610624367,0.0],[77.34366456941423,9.402437003130007,0.0],[77.342385081764249,9.404037213509531,0.0],[77.339903756549631,9.406487074269467,0.0],[77.338296473809805,9.408258999239457,0.0],[77.33685300290368,9.410519136690532,0.0],[77.33638848266996,9.411902454767658,0.0],[77.336493009109461,9.413358100112998,0.0],[77.337298594200377,9.414985694796068,0.0],[77.338135935928378,9.41750383097764,0.0],[77.338850436966069,9.419226285684985,0.0],[77.339373886388998,9.420134985647781,0.0]]]]}}
]
}
